#! elementShape quadrilateral
#! elementNumPoints 16
7749 7200 
-0.25000	-0.25000
0.00000	-0.25000
0.25000	-0.25000
0.50000	-0.25000
0.75000	-0.25000
1.00000	-0.25000
1.25000	-0.25000
1.50000	-0.25000
1.75000	-0.25000
2.00000	-0.25000
2.25000	-0.25000
2.50000	-0.25000
2.75000	-0.25000
3.00000	-0.25000
3.25000	-0.25000
3.50000	-0.25000
3.75000	-0.25000
4.00000	-0.25000
4.25000	-0.25000
4.50000	-0.25000
4.75000	-0.25000
5.00000	-0.25000
5.25000	-0.25000
5.50000	-0.25000
5.75000	-0.25000
6.00000	-0.25000
6.25000	-0.25000
6.50000	-0.25000
6.75000	-0.25000
7.00000	-0.25000
7.25000	-0.25000
7.50000	-0.25000
7.75000	-0.25000
8.00000	-0.25000
8.25000	-0.25000
8.50000	-0.25000
8.75000	-0.25000
9.00000	-0.25000
9.25000	-0.25000
9.50000	-0.25000
9.75000	-0.25000
10.00000	-0.25000
10.25000	-0.25000
10.50000	-0.25000
10.75000	-0.25000
11.00000	-0.25000
11.25000	-0.25000
11.50000	-0.25000
11.75000	-0.25000
12.00000	-0.25000
12.25000	-0.25000
12.50000	-0.25000
12.75000	-0.25000
13.00000	-0.25000
13.25000	-0.25000
13.50000	-0.25000
13.75000	-0.25000
14.00000	-0.25000
14.25000	-0.25000
14.50000	-0.25000
14.75000	-0.25000
15.00000	-0.25000
15.25000	-0.25000
15.50000	-0.25000
15.75000	-0.25000
16.00000	-0.25000
16.25000	-0.25000
16.50000	-0.25000
16.75000	-0.25000
17.00000	-0.25000
17.25000	-0.25000
17.50000	-0.25000
17.75000	-0.25000
18.00000	-0.25000
18.25000	-0.25000
18.50000	-0.25000
18.75000	-0.25000
19.00000	-0.25000
19.25000	-0.25000
19.50000	-0.25000
19.75000	-0.25000
20.00000	-0.25000
20.25000	-0.25000
20.50000	-0.25000
20.75000	-0.25000
21.00000	-0.25000
21.25000	-0.25000
21.50000	-0.25000
21.75000	-0.25000
22.00000	-0.25000
22.25000	-0.25000
22.50000	-0.25000
22.75000	-0.25000
23.00000	-0.25000
23.25000	-0.25000
23.50000	-0.25000
23.75000	-0.25000
24.00000	-0.25000
24.25000	-0.25000
24.50000	-0.25000
24.75000	-0.25000
25.00000	-0.25000
25.25000	-0.25000
25.50000	-0.25000
25.75000	-0.25000
26.00000	-0.25000
26.25000	-0.25000
26.50000	-0.25000
26.75000	-0.25000
27.00000	-0.25000
27.25000	-0.25000
27.50000	-0.25000
27.75000	-0.25000
28.00000	-0.25000
28.25000	-0.25000
28.50000	-0.25000
28.75000	-0.25000
29.00000	-0.25000
29.25000	-0.25000
29.50000	-0.25000
29.75000	-0.25000
30.00000	-0.25000
30.25000	-0.25000
-0.25000	0.00000
0.00000	0.00000
0.25000	0.00000
0.50000	0.00000
0.75000	0.00000
1.00000	0.00000
1.25000	0.00000
1.50000	0.00000
1.75000	0.00000
2.00000	0.00000
2.25000	0.00000
2.50000	0.00000
2.75000	0.00000
3.00000	0.00000
3.25000	0.00000
3.50000	0.00000
3.75000	0.00000
4.00000	0.00000
4.25000	0.00000
4.50000	0.00000
4.75000	0.00000
5.00000	0.00000
5.25000	0.00000
5.50000	0.00000
5.75000	0.00000
6.00000	0.00000
6.25000	0.00000
6.50000	0.00000
6.75000	0.00000
7.00000	0.00000
7.25000	0.00000
7.50000	0.00000
7.75000	0.00000
8.00000	0.00000
8.25000	0.00000
8.50000	0.00000
8.75000	0.00000
9.00000	0.00000
9.25000	0.00000
9.50000	0.00000
9.75000	0.00000
10.00000	0.00000
10.25000	0.00000
10.50000	0.00000
10.75000	0.00000
11.00000	0.00000
11.25000	0.00000
11.50000	0.00000
11.75000	0.00000
12.00000	0.00000
12.25000	0.00000
12.50000	0.00000
12.75000	0.00000
13.00000	0.00000
13.25000	0.00000
13.50000	0.00000
13.75000	0.00000
14.00000	0.00000
14.25000	0.00000
14.50000	0.00000
14.75000	0.00000
15.00000	0.00000
15.25000	0.00000
15.50000	0.00000
15.75000	0.00000
16.00000	0.00000
16.25000	0.00000
16.50000	0.00000
16.75000	0.00000
17.00000	0.00000
17.25000	0.00000
17.50000	0.00000
17.75000	0.00000
18.00000	0.00000
18.25000	0.00000
18.50000	0.00000
18.75000	0.00000
19.00000	0.00000
19.25000	0.00000
19.50000	0.00000
19.75000	0.00000
20.00000	0.00000
20.25000	0.00000
20.50000	0.00000
20.75000	0.00000
21.00000	0.00000
21.25000	0.00000
21.50000	0.00000
21.75000	0.00000
22.00000	0.00000
22.25000	0.00000
22.50000	0.00000
22.75000	0.00000
23.00000	0.00000
23.25000	0.00000
23.50000	0.00000
23.75000	0.00000
24.00000	0.00000
24.25000	0.00000
24.50000	0.00000
24.75000	0.00000
25.00000	0.00000
25.25000	0.00000
25.50000	0.00000
25.75000	0.00000
26.00000	0.00000
26.25000	0.00000
26.50000	0.00000
26.75000	0.00000
27.00000	0.00000
27.25000	0.00000
27.50000	0.00000
27.75000	0.00000
28.00000	0.00000
28.25000	0.00000
28.50000	0.00000
28.75000	0.00000
29.00000	0.00000
29.25000	0.00000
29.50000	0.00000
29.75000	0.00000
30.00000	0.00000
30.25000	0.00000
-0.25000	0.25000
0.00000	0.25000
0.25000	0.25000
0.50000	0.25000
0.75000	0.25000
1.00000	0.25000
1.25000	0.25000
1.50000	0.25000
1.75000	0.25000
2.00000	0.25000
2.25000	0.25000
2.50000	0.25000
2.75000	0.25000
3.00000	0.25000
3.25000	0.25000
3.50000	0.25000
3.75000	0.25000
4.00000	0.25000
4.25000	0.25000
4.50000	0.25000
4.75000	0.25000
5.00000	0.25000
5.25000	0.25000
5.50000	0.25000
5.75000	0.25000
6.00000	0.25000
6.25000	0.25000
6.50000	0.25000
6.75000	0.25000
7.00000	0.25000
7.25000	0.25000
7.50000	0.25000
7.75000	0.25000
8.00000	0.25000
8.25000	0.25000
8.50000	0.25000
8.75000	0.25000
9.00000	0.25000
9.25000	0.25000
9.50000	0.25000
9.75000	0.25000
10.00000	0.25000
10.25000	0.25000
10.50000	0.25000
10.75000	0.25000
11.00000	0.25000
11.25000	0.25000
11.50000	0.25000
11.75000	0.25000
12.00000	0.25000
12.25000	0.25000
12.50000	0.25000
12.75000	0.25000
13.00000	0.25000
13.25000	0.25000
13.50000	0.25000
13.75000	0.25000
14.00000	0.25000
14.25000	0.25000
14.50000	0.25000
14.75000	0.25000
15.00000	0.25000
15.25000	0.25000
15.50000	0.25000
15.75000	0.25000
16.00000	0.25000
16.25000	0.25000
16.50000	0.25000
16.75000	0.25000
17.00000	0.25000
17.25000	0.25000
17.50000	0.25000
17.75000	0.25000
18.00000	0.25000
18.25000	0.25000
18.50000	0.25000
18.75000	0.25000
19.00000	0.25000
19.25000	0.25000
19.50000	0.25000
19.75000	0.25000
20.00000	0.25000
20.25000	0.25000
20.50000	0.25000
20.75000	0.25000
21.00000	0.25000
21.25000	0.25000
21.50000	0.25000
21.75000	0.25000
22.00000	0.25000
22.25000	0.25000
22.50000	0.25000
22.75000	0.25000
23.00000	0.25000
23.25000	0.25000
23.50000	0.25000
23.75000	0.25000
24.00000	0.25000
24.25000	0.25000
24.50000	0.25000
24.75000	0.25000
25.00000	0.25000
25.25000	0.25000
25.50000	0.25000
25.75000	0.25000
26.00000	0.25000
26.25000	0.25000
26.50000	0.25000
26.75000	0.25000
27.00000	0.25000
27.25000	0.25000
27.50000	0.25000
27.75000	0.25000
28.00000	0.25000
28.25000	0.25000
28.50000	0.25000
28.75000	0.25000
29.00000	0.25000
29.25000	0.25000
29.50000	0.25000
29.75000	0.25000
30.00000	0.25000
30.25000	0.25000
-0.25000	0.50000
0.00000	0.50000
0.25000	0.50000
0.50000	0.50000
0.75000	0.50000
1.00000	0.50000
1.25000	0.50000
1.50000	0.50000
1.75000	0.50000
2.00000	0.50000
2.25000	0.50000
2.50000	0.50000
2.75000	0.50000
3.00000	0.50000
3.25000	0.50000
3.50000	0.50000
3.75000	0.50000
4.00000	0.50000
4.25000	0.50000
4.50000	0.50000
4.75000	0.50000
5.00000	0.50000
5.25000	0.50000
5.50000	0.50000
5.75000	0.50000
6.00000	0.50000
6.25000	0.50000
6.50000	0.50000
6.75000	0.50000
7.00000	0.50000
7.25000	0.50000
7.50000	0.50000
7.75000	0.50000
8.00000	0.50000
8.25000	0.50000
8.50000	0.50000
8.75000	0.50000
9.00000	0.50000
9.25000	0.50000
9.50000	0.50000
9.75000	0.50000
10.00000	0.50000
10.25000	0.50000
10.50000	0.50000
10.75000	0.50000
11.00000	0.50000
11.25000	0.50000
11.50000	0.50000
11.75000	0.50000
12.00000	0.50000
12.25000	0.50000
12.50000	0.50000
12.75000	0.50000
13.00000	0.50000
13.25000	0.50000
13.50000	0.50000
13.75000	0.50000
14.00000	0.50000
14.25000	0.50000
14.50000	0.50000
14.75000	0.50000
15.00000	0.50000
15.25000	0.50000
15.50000	0.50000
15.75000	0.50000
16.00000	0.50000
16.25000	0.50000
16.50000	0.50000
16.75000	0.50000
17.00000	0.50000
17.25000	0.50000
17.50000	0.50000
17.75000	0.50000
18.00000	0.50000
18.25000	0.50000
18.50000	0.50000
18.75000	0.50000
19.00000	0.50000
19.25000	0.50000
19.50000	0.50000
19.75000	0.50000
20.00000	0.50000
20.25000	0.50000
20.50000	0.50000
20.75000	0.50000
21.00000	0.50000
21.25000	0.50000
21.50000	0.50000
21.75000	0.50000
22.00000	0.50000
22.25000	0.50000
22.50000	0.50000
22.75000	0.50000
23.00000	0.50000
23.25000	0.50000
23.50000	0.50000
23.75000	0.50000
24.00000	0.50000
24.25000	0.50000
24.50000	0.50000
24.75000	0.50000
25.00000	0.50000
25.25000	0.50000
25.50000	0.50000
25.75000	0.50000
26.00000	0.50000
26.25000	0.50000
26.50000	0.50000
26.75000	0.50000
27.00000	0.50000
27.25000	0.50000
27.50000	0.50000
27.75000	0.50000
28.00000	0.50000
28.25000	0.50000
28.50000	0.50000
28.75000	0.50000
29.00000	0.50000
29.25000	0.50000
29.50000	0.50000
29.75000	0.50000
30.00000	0.50000
30.25000	0.50000
-0.25000	0.75000
0.00000	0.75000
0.25000	0.75000
0.50000	0.75000
0.75000	0.75000
1.00000	0.75000
1.25000	0.75000
1.50000	0.75000
1.75000	0.75000
2.00000	0.75000
2.25000	0.75000
2.50000	0.75000
2.75000	0.75000
3.00000	0.75000
3.25000	0.75000
3.50000	0.75000
3.75000	0.75000
4.00000	0.75000
4.25000	0.75000
4.50000	0.75000
4.75000	0.75000
5.00000	0.75000
5.25000	0.75000
5.50000	0.75000
5.75000	0.75000
6.00000	0.75000
6.25000	0.75000
6.50000	0.75000
6.75000	0.75000
7.00000	0.75000
7.25000	0.75000
7.50000	0.75000
7.75000	0.75000
8.00000	0.75000
8.25000	0.75000
8.50000	0.75000
8.75000	0.75000
9.00000	0.75000
9.25000	0.75000
9.50000	0.75000
9.75000	0.75000
10.00000	0.75000
10.25000	0.75000
10.50000	0.75000
10.75000	0.75000
11.00000	0.75000
11.25000	0.75000
11.50000	0.75000
11.75000	0.75000
12.00000	0.75000
12.25000	0.75000
12.50000	0.75000
12.75000	0.75000
13.00000	0.75000
13.25000	0.75000
13.50000	0.75000
13.75000	0.75000
14.00000	0.75000
14.25000	0.75000
14.50000	0.75000
14.75000	0.75000
15.00000	0.75000
15.25000	0.75000
15.50000	0.75000
15.75000	0.75000
16.00000	0.75000
16.25000	0.75000
16.50000	0.75000
16.75000	0.75000
17.00000	0.75000
17.25000	0.75000
17.50000	0.75000
17.75000	0.75000
18.00000	0.75000
18.25000	0.75000
18.50000	0.75000
18.75000	0.75000
19.00000	0.75000
19.25000	0.75000
19.50000	0.75000
19.75000	0.75000
20.00000	0.75000
20.25000	0.75000
20.50000	0.75000
20.75000	0.75000
21.00000	0.75000
21.25000	0.75000
21.50000	0.75000
21.75000	0.75000
22.00000	0.75000
22.25000	0.75000
22.50000	0.75000
22.75000	0.75000
23.00000	0.75000
23.25000	0.75000
23.50000	0.75000
23.75000	0.75000
24.00000	0.75000
24.25000	0.75000
24.50000	0.75000
24.75000	0.75000
25.00000	0.75000
25.25000	0.75000
25.50000	0.75000
25.75000	0.75000
26.00000	0.75000
26.25000	0.75000
26.50000	0.75000
26.75000	0.75000
27.00000	0.75000
27.25000	0.75000
27.50000	0.75000
27.75000	0.75000
28.00000	0.75000
28.25000	0.75000
28.50000	0.75000
28.75000	0.75000
29.00000	0.75000
29.25000	0.75000
29.50000	0.75000
29.75000	0.75000
30.00000	0.75000
30.25000	0.75000
-0.25000	1.00000
0.00000	1.00000
0.25000	1.00000
0.50000	1.00000
0.75000	1.00000
1.00000	1.00000
1.25000	1.00000
1.50000	1.00000
1.75000	1.00000
2.00000	1.00000
2.25000	1.00000
2.50000	1.00000
2.75000	1.00000
3.00000	1.00000
3.25000	1.00000
3.50000	1.00000
3.75000	1.00000
4.00000	1.00000
4.25000	1.00000
4.50000	1.00000
4.75000	1.00000
5.00000	1.00000
5.25000	1.00000
5.50000	1.00000
5.75000	1.00000
6.00000	1.00000
6.25000	1.00000
6.50000	1.00000
6.75000	1.00000
7.00000	1.00000
7.25000	1.00000
7.50000	1.00000
7.75000	1.00000
8.00000	1.00000
8.25000	1.00000
8.50000	1.00000
8.75000	1.00000
9.00000	1.00000
9.25000	1.00000
9.50000	1.00000
9.75000	1.00000
10.00000	1.00000
10.25000	1.00000
10.50000	1.00000
10.75000	1.00000
11.00000	1.00000
11.25000	1.00000
11.50000	1.00000
11.75000	1.00000
12.00000	1.00000
12.25000	1.00000
12.50000	1.00000
12.75000	1.00000
13.00000	1.00000
13.25000	1.00000
13.50000	1.00000
13.75000	1.00000
14.00000	1.00000
14.25000	1.00000
14.50000	1.00000
14.75000	1.00000
15.00000	1.00000
15.25000	1.00000
15.50000	1.00000
15.75000	1.00000
16.00000	1.00000
16.25000	1.00000
16.50000	1.00000
16.75000	1.00000
17.00000	1.00000
17.25000	1.00000
17.50000	1.00000
17.75000	1.00000
18.00000	1.00000
18.25000	1.00000
18.50000	1.00000
18.75000	1.00000
19.00000	1.00000
19.25000	1.00000
19.50000	1.00000
19.75000	1.00000
20.00000	1.00000
20.25000	1.00000
20.50000	1.00000
20.75000	1.00000
21.00000	1.00000
21.25000	1.00000
21.50000	1.00000
21.75000	1.00000
22.00000	1.00000
22.25000	1.00000
22.50000	1.00000
22.75000	1.00000
23.00000	1.00000
23.25000	1.00000
23.50000	1.00000
23.75000	1.00000
24.00000	1.00000
24.25000	1.00000
24.50000	1.00000
24.75000	1.00000
25.00000	1.00000
25.25000	1.00000
25.50000	1.00000
25.75000	1.00000
26.00000	1.00000
26.25000	1.00000
26.50000	1.00000
26.75000	1.00000
27.00000	1.00000
27.25000	1.00000
27.50000	1.00000
27.75000	1.00000
28.00000	1.00000
28.25000	1.00000
28.50000	1.00000
28.75000	1.00000
29.00000	1.00000
29.25000	1.00000
29.50000	1.00000
29.75000	1.00000
30.00000	1.00000
30.25000	1.00000
-0.25000	1.25000
0.00000	1.25000
0.25000	1.25000
0.50000	1.25000
0.75000	1.25000
1.00000	1.25000
1.25000	1.25000
1.50000	1.25000
1.75000	1.25000
2.00000	1.25000
2.25000	1.25000
2.50000	1.25000
2.75000	1.25000
3.00000	1.25000
3.25000	1.25000
3.50000	1.25000
3.75000	1.25000
4.00000	1.25000
4.25000	1.25000
4.50000	1.25000
4.75000	1.25000
5.00000	1.25000
5.25000	1.25000
5.50000	1.25000
5.75000	1.25000
6.00000	1.25000
6.25000	1.25000
6.50000	1.25000
6.75000	1.25000
7.00000	1.25000
7.25000	1.25000
7.50000	1.25000
7.75000	1.25000
8.00000	1.25000
8.25000	1.25000
8.50000	1.25000
8.75000	1.25000
9.00000	1.25000
9.25000	1.25000
9.50000	1.25000
9.75000	1.25000
10.00000	1.25000
10.25000	1.25000
10.50000	1.25000
10.75000	1.25000
11.00000	1.25000
11.25000	1.25000
11.50000	1.25000
11.75000	1.25000
12.00000	1.25000
12.25000	1.25000
12.50000	1.25000
12.75000	1.25000
13.00000	1.25000
13.25000	1.25000
13.50000	1.25000
13.75000	1.25000
14.00000	1.25000
14.25000	1.25000
14.50000	1.25000
14.75000	1.25000
15.00000	1.25000
15.25000	1.25000
15.50000	1.25000
15.75000	1.25000
16.00000	1.25000
16.25000	1.25000
16.50000	1.25000
16.75000	1.25000
17.00000	1.25000
17.25000	1.25000
17.50000	1.25000
17.75000	1.25000
18.00000	1.25000
18.25000	1.25000
18.50000	1.25000
18.75000	1.25000
19.00000	1.25000
19.25000	1.25000
19.50000	1.25000
19.75000	1.25000
20.00000	1.25000
20.25000	1.25000
20.50000	1.25000
20.75000	1.25000
21.00000	1.25000
21.25000	1.25000
21.50000	1.25000
21.75000	1.25000
22.00000	1.25000
22.25000	1.25000
22.50000	1.25000
22.75000	1.25000
23.00000	1.25000
23.25000	1.25000
23.50000	1.25000
23.75000	1.25000
24.00000	1.25000
24.25000	1.25000
24.50000	1.25000
24.75000	1.25000
25.00000	1.25000
25.25000	1.25000
25.50000	1.25000
25.75000	1.25000
26.00000	1.25000
26.25000	1.25000
26.50000	1.25000
26.75000	1.25000
27.00000	1.25000
27.25000	1.25000
27.50000	1.25000
27.75000	1.25000
28.00000	1.25000
28.25000	1.25000
28.50000	1.25000
28.75000	1.25000
29.00000	1.25000
29.25000	1.25000
29.50000	1.25000
29.75000	1.25000
30.00000	1.25000
30.25000	1.25000
-0.25000	1.50000
0.00000	1.50000
0.25000	1.50000
0.50000	1.50000
0.75000	1.50000
1.00000	1.50000
1.25000	1.50000
1.50000	1.50000
1.75000	1.50000
2.00000	1.50000
2.25000	1.50000
2.50000	1.50000
2.75000	1.50000
3.00000	1.50000
3.25000	1.50000
3.50000	1.50000
3.75000	1.50000
4.00000	1.50000
4.25000	1.50000
4.50000	1.50000
4.75000	1.50000
5.00000	1.50000
5.25000	1.50000
5.50000	1.50000
5.75000	1.50000
6.00000	1.50000
6.25000	1.50000
6.50000	1.50000
6.75000	1.50000
7.00000	1.50000
7.25000	1.50000
7.50000	1.50000
7.75000	1.50000
8.00000	1.50000
8.25000	1.50000
8.50000	1.50000
8.75000	1.50000
9.00000	1.50000
9.25000	1.50000
9.50000	1.50000
9.75000	1.50000
10.00000	1.50000
10.25000	1.50000
10.50000	1.50000
10.75000	1.50000
11.00000	1.50000
11.25000	1.50000
11.50000	1.50000
11.75000	1.50000
12.00000	1.50000
12.25000	1.50000
12.50000	1.50000
12.75000	1.50000
13.00000	1.50000
13.25000	1.50000
13.50000	1.50000
13.75000	1.50000
14.00000	1.50000
14.25000	1.50000
14.50000	1.50000
14.75000	1.50000
15.00000	1.50000
15.25000	1.50000
15.50000	1.50000
15.75000	1.50000
16.00000	1.50000
16.25000	1.50000
16.50000	1.50000
16.75000	1.50000
17.00000	1.50000
17.25000	1.50000
17.50000	1.50000
17.75000	1.50000
18.00000	1.50000
18.25000	1.50000
18.50000	1.50000
18.75000	1.50000
19.00000	1.50000
19.25000	1.50000
19.50000	1.50000
19.75000	1.50000
20.00000	1.50000
20.25000	1.50000
20.50000	1.50000
20.75000	1.50000
21.00000	1.50000
21.25000	1.50000
21.50000	1.50000
21.75000	1.50000
22.00000	1.50000
22.25000	1.50000
22.50000	1.50000
22.75000	1.50000
23.00000	1.50000
23.25000	1.50000
23.50000	1.50000
23.75000	1.50000
24.00000	1.50000
24.25000	1.50000
24.50000	1.50000
24.75000	1.50000
25.00000	1.50000
25.25000	1.50000
25.50000	1.50000
25.75000	1.50000
26.00000	1.50000
26.25000	1.50000
26.50000	1.50000
26.75000	1.50000
27.00000	1.50000
27.25000	1.50000
27.50000	1.50000
27.75000	1.50000
28.00000	1.50000
28.25000	1.50000
28.50000	1.50000
28.75000	1.50000
29.00000	1.50000
29.25000	1.50000
29.50000	1.50000
29.75000	1.50000
30.00000	1.50000
30.25000	1.50000
-0.25000	1.75000
0.00000	1.75000
0.25000	1.75000
0.50000	1.75000
0.75000	1.75000
1.00000	1.75000
1.25000	1.75000
1.50000	1.75000
1.75000	1.75000
2.00000	1.75000
2.25000	1.75000
2.50000	1.75000
2.75000	1.75000
3.00000	1.75000
3.25000	1.75000
3.50000	1.75000
3.75000	1.75000
4.00000	1.75000
4.25000	1.75000
4.50000	1.75000
4.75000	1.75000
5.00000	1.75000
5.25000	1.75000
5.50000	1.75000
5.75000	1.75000
6.00000	1.75000
6.25000	1.75000
6.50000	1.75000
6.75000	1.75000
7.00000	1.75000
7.25000	1.75000
7.50000	1.75000
7.75000	1.75000
8.00000	1.75000
8.25000	1.75000
8.50000	1.75000
8.75000	1.75000
9.00000	1.75000
9.25000	1.75000
9.50000	1.75000
9.75000	1.75000
10.00000	1.75000
10.25000	1.75000
10.50000	1.75000
10.75000	1.75000
11.00000	1.75000
11.25000	1.75000
11.50000	1.75000
11.75000	1.75000
12.00000	1.75000
12.25000	1.75000
12.50000	1.75000
12.75000	1.75000
13.00000	1.75000
13.25000	1.75000
13.50000	1.75000
13.75000	1.75000
14.00000	1.75000
14.25000	1.75000
14.50000	1.75000
14.75000	1.75000
15.00000	1.75000
15.25000	1.75000
15.50000	1.75000
15.75000	1.75000
16.00000	1.75000
16.25000	1.75000
16.50000	1.75000
16.75000	1.75000
17.00000	1.75000
17.25000	1.75000
17.50000	1.75000
17.75000	1.75000
18.00000	1.75000
18.25000	1.75000
18.50000	1.75000
18.75000	1.75000
19.00000	1.75000
19.25000	1.75000
19.50000	1.75000
19.75000	1.75000
20.00000	1.75000
20.25000	1.75000
20.50000	1.75000
20.75000	1.75000
21.00000	1.75000
21.25000	1.75000
21.50000	1.75000
21.75000	1.75000
22.00000	1.75000
22.25000	1.75000
22.50000	1.75000
22.75000	1.75000
23.00000	1.75000
23.25000	1.75000
23.50000	1.75000
23.75000	1.75000
24.00000	1.75000
24.25000	1.75000
24.50000	1.75000
24.75000	1.75000
25.00000	1.75000
25.25000	1.75000
25.50000	1.75000
25.75000	1.75000
26.00000	1.75000
26.25000	1.75000
26.50000	1.75000
26.75000	1.75000
27.00000	1.75000
27.25000	1.75000
27.50000	1.75000
27.75000	1.75000
28.00000	1.75000
28.25000	1.75000
28.50000	1.75000
28.75000	1.75000
29.00000	1.75000
29.25000	1.75000
29.50000	1.75000
29.75000	1.75000
30.00000	1.75000
30.25000	1.75000
-0.25000	2.00000
0.00000	2.00000
0.25000	2.00000
0.50000	2.00000
0.75000	2.00000
1.00000	2.00000
1.25000	2.00000
1.50000	2.00000
1.75000	2.00000
2.00000	2.00000
2.25000	2.00000
2.50000	2.00000
2.75000	2.00000
3.00000	2.00000
3.25000	2.00000
3.50000	2.00000
3.75000	2.00000
4.00000	2.00000
4.25000	2.00000
4.50000	2.00000
4.75000	2.00000
5.00000	2.00000
5.25000	2.00000
5.50000	2.00000
5.75000	2.00000
6.00000	2.00000
6.25000	2.00000
6.50000	2.00000
6.75000	2.00000
7.00000	2.00000
7.25000	2.00000
7.50000	2.00000
7.75000	2.00000
8.00000	2.00000
8.25000	2.00000
8.50000	2.00000
8.75000	2.00000
9.00000	2.00000
9.25000	2.00000
9.50000	2.00000
9.75000	2.00000
10.00000	2.00000
10.25000	2.00000
10.50000	2.00000
10.75000	2.00000
11.00000	2.00000
11.25000	2.00000
11.50000	2.00000
11.75000	2.00000
12.00000	2.00000
12.25000	2.00000
12.50000	2.00000
12.75000	2.00000
13.00000	2.00000
13.25000	2.00000
13.50000	2.00000
13.75000	2.00000
14.00000	2.00000
14.25000	2.00000
14.50000	2.00000
14.75000	2.00000
15.00000	2.00000
15.25000	2.00000
15.50000	2.00000
15.75000	2.00000
16.00000	2.00000
16.25000	2.00000
16.50000	2.00000
16.75000	2.00000
17.00000	2.00000
17.25000	2.00000
17.50000	2.00000
17.75000	2.00000
18.00000	2.00000
18.25000	2.00000
18.50000	2.00000
18.75000	2.00000
19.00000	2.00000
19.25000	2.00000
19.50000	2.00000
19.75000	2.00000
20.00000	2.00000
20.25000	2.00000
20.50000	2.00000
20.75000	2.00000
21.00000	2.00000
21.25000	2.00000
21.50000	2.00000
21.75000	2.00000
22.00000	2.00000
22.25000	2.00000
22.50000	2.00000
22.75000	2.00000
23.00000	2.00000
23.25000	2.00000
23.50000	2.00000
23.75000	2.00000
24.00000	2.00000
24.25000	2.00000
24.50000	2.00000
24.75000	2.00000
25.00000	2.00000
25.25000	2.00000
25.50000	2.00000
25.75000	2.00000
26.00000	2.00000
26.25000	2.00000
26.50000	2.00000
26.75000	2.00000
27.00000	2.00000
27.25000	2.00000
27.50000	2.00000
27.75000	2.00000
28.00000	2.00000
28.25000	2.00000
28.50000	2.00000
28.75000	2.00000
29.00000	2.00000
29.25000	2.00000
29.50000	2.00000
29.75000	2.00000
30.00000	2.00000
30.25000	2.00000
-0.25000	2.25000
0.00000	2.25000
0.25000	2.25000
0.50000	2.25000
0.75000	2.25000
1.00000	2.25000
1.25000	2.25000
1.50000	2.25000
1.75000	2.25000
2.00000	2.25000
2.25000	2.25000
2.50000	2.25000
2.75000	2.25000
3.00000	2.25000
3.25000	2.25000
3.50000	2.25000
3.75000	2.25000
4.00000	2.25000
4.25000	2.25000
4.50000	2.25000
4.75000	2.25000
5.00000	2.25000
5.25000	2.25000
5.50000	2.25000
5.75000	2.25000
6.00000	2.25000
6.25000	2.25000
6.50000	2.25000
6.75000	2.25000
7.00000	2.25000
7.25000	2.25000
7.50000	2.25000
7.75000	2.25000
8.00000	2.25000
8.25000	2.25000
8.50000	2.25000
8.75000	2.25000
9.00000	2.25000
9.25000	2.25000
9.50000	2.25000
9.75000	2.25000
10.00000	2.25000
10.25000	2.25000
10.50000	2.25000
10.75000	2.25000
11.00000	2.25000
11.25000	2.25000
11.50000	2.25000
11.75000	2.25000
12.00000	2.25000
12.25000	2.25000
12.50000	2.25000
12.75000	2.25000
13.00000	2.25000
13.25000	2.25000
13.50000	2.25000
13.75000	2.25000
14.00000	2.25000
14.25000	2.25000
14.50000	2.25000
14.75000	2.25000
15.00000	2.25000
15.25000	2.25000
15.50000	2.25000
15.75000	2.25000
16.00000	2.25000
16.25000	2.25000
16.50000	2.25000
16.75000	2.25000
17.00000	2.25000
17.25000	2.25000
17.50000	2.25000
17.75000	2.25000
18.00000	2.25000
18.25000	2.25000
18.50000	2.25000
18.75000	2.25000
19.00000	2.25000
19.25000	2.25000
19.50000	2.25000
19.75000	2.25000
20.00000	2.25000
20.25000	2.25000
20.50000	2.25000
20.75000	2.25000
21.00000	2.25000
21.25000	2.25000
21.50000	2.25000
21.75000	2.25000
22.00000	2.25000
22.25000	2.25000
22.50000	2.25000
22.75000	2.25000
23.00000	2.25000
23.25000	2.25000
23.50000	2.25000
23.75000	2.25000
24.00000	2.25000
24.25000	2.25000
24.50000	2.25000
24.75000	2.25000
25.00000	2.25000
25.25000	2.25000
25.50000	2.25000
25.75000	2.25000
26.00000	2.25000
26.25000	2.25000
26.50000	2.25000
26.75000	2.25000
27.00000	2.25000
27.25000	2.25000
27.50000	2.25000
27.75000	2.25000
28.00000	2.25000
28.25000	2.25000
28.50000	2.25000
28.75000	2.25000
29.00000	2.25000
29.25000	2.25000
29.50000	2.25000
29.75000	2.25000
30.00000	2.25000
30.25000	2.25000
-0.25000	2.50000
0.00000	2.50000
0.25000	2.50000
0.50000	2.50000
0.75000	2.50000
1.00000	2.50000
1.25000	2.50000
1.50000	2.50000
1.75000	2.50000
2.00000	2.50000
2.25000	2.50000
2.50000	2.50000
2.75000	2.50000
3.00000	2.50000
3.25000	2.50000
3.50000	2.50000
3.75000	2.50000
4.00000	2.50000
4.25000	2.50000
4.50000	2.50000
4.75000	2.50000
5.00000	2.50000
5.25000	2.50000
5.50000	2.50000
5.75000	2.50000
6.00000	2.50000
6.25000	2.50000
6.50000	2.50000
6.75000	2.50000
7.00000	2.50000
7.25000	2.50000
7.50000	2.50000
7.75000	2.50000
8.00000	2.50000
8.25000	2.50000
8.50000	2.50000
8.75000	2.50000
9.00000	2.50000
9.25000	2.50000
9.50000	2.50000
9.75000	2.50000
10.00000	2.50000
10.25000	2.50000
10.50000	2.50000
10.75000	2.50000
11.00000	2.50000
11.25000	2.50000
11.50000	2.50000
11.75000	2.50000
12.00000	2.50000
12.25000	2.50000
12.50000	2.50000
12.75000	2.50000
13.00000	2.50000
13.25000	2.50000
13.50000	2.50000
13.75000	2.50000
14.00000	2.50000
14.25000	2.50000
14.50000	2.50000
14.75000	2.50000
15.00000	2.50000
15.25000	2.50000
15.50000	2.50000
15.75000	2.50000
16.00000	2.50000
16.25000	2.50000
16.50000	2.50000
16.75000	2.50000
17.00000	2.50000
17.25000	2.50000
17.50000	2.50000
17.75000	2.50000
18.00000	2.50000
18.25000	2.50000
18.50000	2.50000
18.75000	2.50000
19.00000	2.50000
19.25000	2.50000
19.50000	2.50000
19.75000	2.50000
20.00000	2.50000
20.25000	2.50000
20.50000	2.50000
20.75000	2.50000
21.00000	2.50000
21.25000	2.50000
21.50000	2.50000
21.75000	2.50000
22.00000	2.50000
22.25000	2.50000
22.50000	2.50000
22.75000	2.50000
23.00000	2.50000
23.25000	2.50000
23.50000	2.50000
23.75000	2.50000
24.00000	2.50000
24.25000	2.50000
24.50000	2.50000
24.75000	2.50000
25.00000	2.50000
25.25000	2.50000
25.50000	2.50000
25.75000	2.50000
26.00000	2.50000
26.25000	2.50000
26.50000	2.50000
26.75000	2.50000
27.00000	2.50000
27.25000	2.50000
27.50000	2.50000
27.75000	2.50000
28.00000	2.50000
28.25000	2.50000
28.50000	2.50000
28.75000	2.50000
29.00000	2.50000
29.25000	2.50000
29.50000	2.50000
29.75000	2.50000
30.00000	2.50000
30.25000	2.50000
-0.25000	2.75000
0.00000	2.75000
0.25000	2.75000
0.50000	2.75000
0.75000	2.75000
1.00000	2.75000
1.25000	2.75000
1.50000	2.75000
1.75000	2.75000
2.00000	2.75000
2.25000	2.75000
2.50000	2.75000
2.75000	2.75000
3.00000	2.75000
3.25000	2.75000
3.50000	2.75000
3.75000	2.75000
4.00000	2.75000
4.25000	2.75000
4.50000	2.75000
4.75000	2.75000
5.00000	2.75000
5.25000	2.75000
5.50000	2.75000
5.75000	2.75000
6.00000	2.75000
6.25000	2.75000
6.50000	2.75000
6.75000	2.75000
7.00000	2.75000
7.25000	2.75000
7.50000	2.75000
7.75000	2.75000
8.00000	2.75000
8.25000	2.75000
8.50000	2.75000
8.75000	2.75000
9.00000	2.75000
9.25000	2.75000
9.50000	2.75000
9.75000	2.75000
10.00000	2.75000
10.25000	2.75000
10.50000	2.75000
10.75000	2.75000
11.00000	2.75000
11.25000	2.75000
11.50000	2.75000
11.75000	2.75000
12.00000	2.75000
12.25000	2.75000
12.50000	2.75000
12.75000	2.75000
13.00000	2.75000
13.25000	2.75000
13.50000	2.75000
13.75000	2.75000
14.00000	2.75000
14.25000	2.75000
14.50000	2.75000
14.75000	2.75000
15.00000	2.75000
15.25000	2.75000
15.50000	2.75000
15.75000	2.75000
16.00000	2.75000
16.25000	2.75000
16.50000	2.75000
16.75000	2.75000
17.00000	2.75000
17.25000	2.75000
17.50000	2.75000
17.75000	2.75000
18.00000	2.75000
18.25000	2.75000
18.50000	2.75000
18.75000	2.75000
19.00000	2.75000
19.25000	2.75000
19.50000	2.75000
19.75000	2.75000
20.00000	2.75000
20.25000	2.75000
20.50000	2.75000
20.75000	2.75000
21.00000	2.75000
21.25000	2.75000
21.50000	2.75000
21.75000	2.75000
22.00000	2.75000
22.25000	2.75000
22.50000	2.75000
22.75000	2.75000
23.00000	2.75000
23.25000	2.75000
23.50000	2.75000
23.75000	2.75000
24.00000	2.75000
24.25000	2.75000
24.50000	2.75000
24.75000	2.75000
25.00000	2.75000
25.25000	2.75000
25.50000	2.75000
25.75000	2.75000
26.00000	2.75000
26.25000	2.75000
26.50000	2.75000
26.75000	2.75000
27.00000	2.75000
27.25000	2.75000
27.50000	2.75000
27.75000	2.75000
28.00000	2.75000
28.25000	2.75000
28.50000	2.75000
28.75000	2.75000
29.00000	2.75000
29.25000	2.75000
29.50000	2.75000
29.75000	2.75000
30.00000	2.75000
30.25000	2.75000
-0.25000	3.00000
0.00000	3.00000
0.25000	3.00000
0.50000	3.00000
0.75000	3.00000
1.00000	3.00000
1.25000	3.00000
1.50000	3.00000
1.75000	3.00000
2.00000	3.00000
2.25000	3.00000
2.50000	3.00000
2.75000	3.00000
3.00000	3.00000
3.25000	3.00000
3.50000	3.00000
3.75000	3.00000
4.00000	3.00000
4.25000	3.00000
4.50000	3.00000
4.75000	3.00000
5.00000	3.00000
5.25000	3.00000
5.50000	3.00000
5.75000	3.00000
6.00000	3.00000
6.25000	3.00000
6.50000	3.00000
6.75000	3.00000
7.00000	3.00000
7.25000	3.00000
7.50000	3.00000
7.75000	3.00000
8.00000	3.00000
8.25000	3.00000
8.50000	3.00000
8.75000	3.00000
9.00000	3.00000
9.25000	3.00000
9.50000	3.00000
9.75000	3.00000
10.00000	3.00000
10.25000	3.00000
10.50000	3.00000
10.75000	3.00000
11.00000	3.00000
11.25000	3.00000
11.50000	3.00000
11.75000	3.00000
12.00000	3.00000
12.25000	3.00000
12.50000	3.00000
12.75000	3.00000
13.00000	3.00000
13.25000	3.00000
13.50000	3.00000
13.75000	3.00000
14.00000	3.00000
14.25000	3.00000
14.50000	3.00000
14.75000	3.00000
15.00000	3.00000
15.25000	3.00000
15.50000	3.00000
15.75000	3.00000
16.00000	3.00000
16.25000	3.00000
16.50000	3.00000
16.75000	3.00000
17.00000	3.00000
17.25000	3.00000
17.50000	3.00000
17.75000	3.00000
18.00000	3.00000
18.25000	3.00000
18.50000	3.00000
18.75000	3.00000
19.00000	3.00000
19.25000	3.00000
19.50000	3.00000
19.75000	3.00000
20.00000	3.00000
20.25000	3.00000
20.50000	3.00000
20.75000	3.00000
21.00000	3.00000
21.25000	3.00000
21.50000	3.00000
21.75000	3.00000
22.00000	3.00000
22.25000	3.00000
22.50000	3.00000
22.75000	3.00000
23.00000	3.00000
23.25000	3.00000
23.50000	3.00000
23.75000	3.00000
24.00000	3.00000
24.25000	3.00000
24.50000	3.00000
24.75000	3.00000
25.00000	3.00000
25.25000	3.00000
25.50000	3.00000
25.75000	3.00000
26.00000	3.00000
26.25000	3.00000
26.50000	3.00000
26.75000	3.00000
27.00000	3.00000
27.25000	3.00000
27.50000	3.00000
27.75000	3.00000
28.00000	3.00000
28.25000	3.00000
28.50000	3.00000
28.75000	3.00000
29.00000	3.00000
29.25000	3.00000
29.50000	3.00000
29.75000	3.00000
30.00000	3.00000
30.25000	3.00000
-0.25000	3.25000
0.00000	3.25000
0.25000	3.25000
0.50000	3.25000
0.75000	3.25000
1.00000	3.25000
1.25000	3.25000
1.50000	3.25000
1.75000	3.25000
2.00000	3.25000
2.25000	3.25000
2.50000	3.25000
2.75000	3.25000
3.00000	3.25000
3.25000	3.25000
3.50000	3.25000
3.75000	3.25000
4.00000	3.25000
4.25000	3.25000
4.50000	3.25000
4.75000	3.25000
5.00000	3.25000
5.25000	3.25000
5.50000	3.25000
5.75000	3.25000
6.00000	3.25000
6.25000	3.25000
6.50000	3.25000
6.75000	3.25000
7.00000	3.25000
7.25000	3.25000
7.50000	3.25000
7.75000	3.25000
8.00000	3.25000
8.25000	3.25000
8.50000	3.25000
8.75000	3.25000
9.00000	3.25000
9.25000	3.25000
9.50000	3.25000
9.75000	3.25000
10.00000	3.25000
10.25000	3.25000
10.50000	3.25000
10.75000	3.25000
11.00000	3.25000
11.25000	3.25000
11.50000	3.25000
11.75000	3.25000
12.00000	3.25000
12.25000	3.25000
12.50000	3.25000
12.75000	3.25000
13.00000	3.25000
13.25000	3.25000
13.50000	3.25000
13.75000	3.25000
14.00000	3.25000
14.25000	3.25000
14.50000	3.25000
14.75000	3.25000
15.00000	3.25000
15.25000	3.25000
15.50000	3.25000
15.75000	3.25000
16.00000	3.25000
16.25000	3.25000
16.50000	3.25000
16.75000	3.25000
17.00000	3.25000
17.25000	3.25000
17.50000	3.25000
17.75000	3.25000
18.00000	3.25000
18.25000	3.25000
18.50000	3.25000
18.75000	3.25000
19.00000	3.25000
19.25000	3.25000
19.50000	3.25000
19.75000	3.25000
20.00000	3.25000
20.25000	3.25000
20.50000	3.25000
20.75000	3.25000
21.00000	3.25000
21.25000	3.25000
21.50000	3.25000
21.75000	3.25000
22.00000	3.25000
22.25000	3.25000
22.50000	3.25000
22.75000	3.25000
23.00000	3.25000
23.25000	3.25000
23.50000	3.25000
23.75000	3.25000
24.00000	3.25000
24.25000	3.25000
24.50000	3.25000
24.75000	3.25000
25.00000	3.25000
25.25000	3.25000
25.50000	3.25000
25.75000	3.25000
26.00000	3.25000
26.25000	3.25000
26.50000	3.25000
26.75000	3.25000
27.00000	3.25000
27.25000	3.25000
27.50000	3.25000
27.75000	3.25000
28.00000	3.25000
28.25000	3.25000
28.50000	3.25000
28.75000	3.25000
29.00000	3.25000
29.25000	3.25000
29.50000	3.25000
29.75000	3.25000
30.00000	3.25000
30.25000	3.25000
-0.25000	3.50000
0.00000	3.50000
0.25000	3.50000
0.50000	3.50000
0.75000	3.50000
1.00000	3.50000
1.25000	3.50000
1.50000	3.50000
1.75000	3.50000
2.00000	3.50000
2.25000	3.50000
2.50000	3.50000
2.75000	3.50000
3.00000	3.50000
3.25000	3.50000
3.50000	3.50000
3.75000	3.50000
4.00000	3.50000
4.25000	3.50000
4.50000	3.50000
4.75000	3.50000
5.00000	3.50000
5.25000	3.50000
5.50000	3.50000
5.75000	3.50000
6.00000	3.50000
6.25000	3.50000
6.50000	3.50000
6.75000	3.50000
7.00000	3.50000
7.25000	3.50000
7.50000	3.50000
7.75000	3.50000
8.00000	3.50000
8.25000	3.50000
8.50000	3.50000
8.75000	3.50000
9.00000	3.50000
9.25000	3.50000
9.50000	3.50000
9.75000	3.50000
10.00000	3.50000
10.25000	3.50000
10.50000	3.50000
10.75000	3.50000
11.00000	3.50000
11.25000	3.50000
11.50000	3.50000
11.75000	3.50000
12.00000	3.50000
12.25000	3.50000
12.50000	3.50000
12.75000	3.50000
13.00000	3.50000
13.25000	3.50000
13.50000	3.50000
13.75000	3.50000
14.00000	3.50000
14.25000	3.50000
14.50000	3.50000
14.75000	3.50000
15.00000	3.50000
15.25000	3.50000
15.50000	3.50000
15.75000	3.50000
16.00000	3.50000
16.25000	3.50000
16.50000	3.50000
16.75000	3.50000
17.00000	3.50000
17.25000	3.50000
17.50000	3.50000
17.75000	3.50000
18.00000	3.50000
18.25000	3.50000
18.50000	3.50000
18.75000	3.50000
19.00000	3.50000
19.25000	3.50000
19.50000	3.50000
19.75000	3.50000
20.00000	3.50000
20.25000	3.50000
20.50000	3.50000
20.75000	3.50000
21.00000	3.50000
21.25000	3.50000
21.50000	3.50000
21.75000	3.50000
22.00000	3.50000
22.25000	3.50000
22.50000	3.50000
22.75000	3.50000
23.00000	3.50000
23.25000	3.50000
23.50000	3.50000
23.75000	3.50000
24.00000	3.50000
24.25000	3.50000
24.50000	3.50000
24.75000	3.50000
25.00000	3.50000
25.25000	3.50000
25.50000	3.50000
25.75000	3.50000
26.00000	3.50000
26.25000	3.50000
26.50000	3.50000
26.75000	3.50000
27.00000	3.50000
27.25000	3.50000
27.50000	3.50000
27.75000	3.50000
28.00000	3.50000
28.25000	3.50000
28.50000	3.50000
28.75000	3.50000
29.00000	3.50000
29.25000	3.50000
29.50000	3.50000
29.75000	3.50000
30.00000	3.50000
30.25000	3.50000
-0.25000	3.75000
0.00000	3.75000
0.25000	3.75000
0.50000	3.75000
0.75000	3.75000
1.00000	3.75000
1.25000	3.75000
1.50000	3.75000
1.75000	3.75000
2.00000	3.75000
2.25000	3.75000
2.50000	3.75000
2.75000	3.75000
3.00000	3.75000
3.25000	3.75000
3.50000	3.75000
3.75000	3.75000
4.00000	3.75000
4.25000	3.75000
4.50000	3.75000
4.75000	3.75000
5.00000	3.75000
5.25000	3.75000
5.50000	3.75000
5.75000	3.75000
6.00000	3.75000
6.25000	3.75000
6.50000	3.75000
6.75000	3.75000
7.00000	3.75000
7.25000	3.75000
7.50000	3.75000
7.75000	3.75000
8.00000	3.75000
8.25000	3.75000
8.50000	3.75000
8.75000	3.75000
9.00000	3.75000
9.25000	3.75000
9.50000	3.75000
9.75000	3.75000
10.00000	3.75000
10.25000	3.75000
10.50000	3.75000
10.75000	3.75000
11.00000	3.75000
11.25000	3.75000
11.50000	3.75000
11.75000	3.75000
12.00000	3.75000
12.25000	3.75000
12.50000	3.75000
12.75000	3.75000
13.00000	3.75000
13.25000	3.75000
13.50000	3.75000
13.75000	3.75000
14.00000	3.75000
14.25000	3.75000
14.50000	3.75000
14.75000	3.75000
15.00000	3.75000
15.25000	3.75000
15.50000	3.75000
15.75000	3.75000
16.00000	3.75000
16.25000	3.75000
16.50000	3.75000
16.75000	3.75000
17.00000	3.75000
17.25000	3.75000
17.50000	3.75000
17.75000	3.75000
18.00000	3.75000
18.25000	3.75000
18.50000	3.75000
18.75000	3.75000
19.00000	3.75000
19.25000	3.75000
19.50000	3.75000
19.75000	3.75000
20.00000	3.75000
20.25000	3.75000
20.50000	3.75000
20.75000	3.75000
21.00000	3.75000
21.25000	3.75000
21.50000	3.75000
21.75000	3.75000
22.00000	3.75000
22.25000	3.75000
22.50000	3.75000
22.75000	3.75000
23.00000	3.75000
23.25000	3.75000
23.50000	3.75000
23.75000	3.75000
24.00000	3.75000
24.25000	3.75000
24.50000	3.75000
24.75000	3.75000
25.00000	3.75000
25.25000	3.75000
25.50000	3.75000
25.75000	3.75000
26.00000	3.75000
26.25000	3.75000
26.50000	3.75000
26.75000	3.75000
27.00000	3.75000
27.25000	3.75000
27.50000	3.75000
27.75000	3.75000
28.00000	3.75000
28.25000	3.75000
28.50000	3.75000
28.75000	3.75000
29.00000	3.75000
29.25000	3.75000
29.50000	3.75000
29.75000	3.75000
30.00000	3.75000
30.25000	3.75000
-0.25000	4.00000
0.00000	4.00000
0.25000	4.00000
0.50000	4.00000
0.75000	4.00000
1.00000	4.00000
1.25000	4.00000
1.50000	4.00000
1.75000	4.00000
2.00000	4.00000
2.25000	4.00000
2.50000	4.00000
2.75000	4.00000
3.00000	4.00000
3.25000	4.00000
3.50000	4.00000
3.75000	4.00000
4.00000	4.00000
4.25000	4.00000
4.50000	4.00000
4.75000	4.00000
5.00000	4.00000
5.25000	4.00000
5.50000	4.00000
5.75000	4.00000
6.00000	4.00000
6.25000	4.00000
6.50000	4.00000
6.75000	4.00000
7.00000	4.00000
7.25000	4.00000
7.50000	4.00000
7.75000	4.00000
8.00000	4.00000
8.25000	4.00000
8.50000	4.00000
8.75000	4.00000
9.00000	4.00000
9.25000	4.00000
9.50000	4.00000
9.75000	4.00000
10.00000	4.00000
10.25000	4.00000
10.50000	4.00000
10.75000	4.00000
11.00000	4.00000
11.25000	4.00000
11.50000	4.00000
11.75000	4.00000
12.00000	4.00000
12.25000	4.00000
12.50000	4.00000
12.75000	4.00000
13.00000	4.00000
13.25000	4.00000
13.50000	4.00000
13.75000	4.00000
14.00000	4.00000
14.25000	4.00000
14.50000	4.00000
14.75000	4.00000
15.00000	4.00000
15.25000	4.00000
15.50000	4.00000
15.75000	4.00000
16.00000	4.00000
16.25000	4.00000
16.50000	4.00000
16.75000	4.00000
17.00000	4.00000
17.25000	4.00000
17.50000	4.00000
17.75000	4.00000
18.00000	4.00000
18.25000	4.00000
18.50000	4.00000
18.75000	4.00000
19.00000	4.00000
19.25000	4.00000
19.50000	4.00000
19.75000	4.00000
20.00000	4.00000
20.25000	4.00000
20.50000	4.00000
20.75000	4.00000
21.00000	4.00000
21.25000	4.00000
21.50000	4.00000
21.75000	4.00000
22.00000	4.00000
22.25000	4.00000
22.50000	4.00000
22.75000	4.00000
23.00000	4.00000
23.25000	4.00000
23.50000	4.00000
23.75000	4.00000
24.00000	4.00000
24.25000	4.00000
24.50000	4.00000
24.75000	4.00000
25.00000	4.00000
25.25000	4.00000
25.50000	4.00000
25.75000	4.00000
26.00000	4.00000
26.25000	4.00000
26.50000	4.00000
26.75000	4.00000
27.00000	4.00000
27.25000	4.00000
27.50000	4.00000
27.75000	4.00000
28.00000	4.00000
28.25000	4.00000
28.50000	4.00000
28.75000	4.00000
29.00000	4.00000
29.25000	4.00000
29.50000	4.00000
29.75000	4.00000
30.00000	4.00000
30.25000	4.00000
-0.25000	4.25000
0.00000	4.25000
0.25000	4.25000
0.50000	4.25000
0.75000	4.25000
1.00000	4.25000
1.25000	4.25000
1.50000	4.25000
1.75000	4.25000
2.00000	4.25000
2.25000	4.25000
2.50000	4.25000
2.75000	4.25000
3.00000	4.25000
3.25000	4.25000
3.50000	4.25000
3.75000	4.25000
4.00000	4.25000
4.25000	4.25000
4.50000	4.25000
4.75000	4.25000
5.00000	4.25000
5.25000	4.25000
5.50000	4.25000
5.75000	4.25000
6.00000	4.25000
6.25000	4.25000
6.50000	4.25000
6.75000	4.25000
7.00000	4.25000
7.25000	4.25000
7.50000	4.25000
7.75000	4.25000
8.00000	4.25000
8.25000	4.25000
8.50000	4.25000
8.75000	4.25000
9.00000	4.25000
9.25000	4.25000
9.50000	4.25000
9.75000	4.25000
10.00000	4.25000
10.25000	4.25000
10.50000	4.25000
10.75000	4.25000
11.00000	4.25000
11.25000	4.25000
11.50000	4.25000
11.75000	4.25000
12.00000	4.25000
12.25000	4.25000
12.50000	4.25000
12.75000	4.25000
13.00000	4.25000
13.25000	4.25000
13.50000	4.25000
13.75000	4.25000
14.00000	4.25000
14.25000	4.25000
14.50000	4.25000
14.75000	4.25000
15.00000	4.25000
15.25000	4.25000
15.50000	4.25000
15.75000	4.25000
16.00000	4.25000
16.25000	4.25000
16.50000	4.25000
16.75000	4.25000
17.00000	4.25000
17.25000	4.25000
17.50000	4.25000
17.75000	4.25000
18.00000	4.25000
18.25000	4.25000
18.50000	4.25000
18.75000	4.25000
19.00000	4.25000
19.25000	4.25000
19.50000	4.25000
19.75000	4.25000
20.00000	4.25000
20.25000	4.25000
20.50000	4.25000
20.75000	4.25000
21.00000	4.25000
21.25000	4.25000
21.50000	4.25000
21.75000	4.25000
22.00000	4.25000
22.25000	4.25000
22.50000	4.25000
22.75000	4.25000
23.00000	4.25000
23.25000	4.25000
23.50000	4.25000
23.75000	4.25000
24.00000	4.25000
24.25000	4.25000
24.50000	4.25000
24.75000	4.25000
25.00000	4.25000
25.25000	4.25000
25.50000	4.25000
25.75000	4.25000
26.00000	4.25000
26.25000	4.25000
26.50000	4.25000
26.75000	4.25000
27.00000	4.25000
27.25000	4.25000
27.50000	4.25000
27.75000	4.25000
28.00000	4.25000
28.25000	4.25000
28.50000	4.25000
28.75000	4.25000
29.00000	4.25000
29.25000	4.25000
29.50000	4.25000
29.75000	4.25000
30.00000	4.25000
30.25000	4.25000
-0.25000	4.50000
0.00000	4.50000
0.25000	4.50000
0.50000	4.50000
0.75000	4.50000
1.00000	4.50000
1.25000	4.50000
1.50000	4.50000
1.75000	4.50000
2.00000	4.50000
2.25000	4.50000
2.50000	4.50000
2.75000	4.50000
3.00000	4.50000
3.25000	4.50000
3.50000	4.50000
3.75000	4.50000
4.00000	4.50000
4.25000	4.50000
4.50000	4.50000
4.75000	4.50000
5.00000	4.50000
5.25000	4.50000
5.50000	4.50000
5.75000	4.50000
6.00000	4.50000
6.25000	4.50000
6.50000	4.50000
6.75000	4.50000
7.00000	4.50000
7.25000	4.50000
7.50000	4.50000
7.75000	4.50000
8.00000	4.50000
8.25000	4.50000
8.50000	4.50000
8.75000	4.50000
9.00000	4.50000
9.25000	4.50000
9.50000	4.50000
9.75000	4.50000
10.00000	4.50000
10.25000	4.50000
10.50000	4.50000
10.75000	4.50000
11.00000	4.50000
11.25000	4.50000
11.50000	4.50000
11.75000	4.50000
12.00000	4.50000
12.25000	4.50000
12.50000	4.50000
12.75000	4.50000
13.00000	4.50000
13.25000	4.50000
13.50000	4.50000
13.75000	4.50000
14.00000	4.50000
14.25000	4.50000
14.50000	4.50000
14.75000	4.50000
15.00000	4.50000
15.25000	4.50000
15.50000	4.50000
15.75000	4.50000
16.00000	4.50000
16.25000	4.50000
16.50000	4.50000
16.75000	4.50000
17.00000	4.50000
17.25000	4.50000
17.50000	4.50000
17.75000	4.50000
18.00000	4.50000
18.25000	4.50000
18.50000	4.50000
18.75000	4.50000
19.00000	4.50000
19.25000	4.50000
19.50000	4.50000
19.75000	4.50000
20.00000	4.50000
20.25000	4.50000
20.50000	4.50000
20.75000	4.50000
21.00000	4.50000
21.25000	4.50000
21.50000	4.50000
21.75000	4.50000
22.00000	4.50000
22.25000	4.50000
22.50000	4.50000
22.75000	4.50000
23.00000	4.50000
23.25000	4.50000
23.50000	4.50000
23.75000	4.50000
24.00000	4.50000
24.25000	4.50000
24.50000	4.50000
24.75000	4.50000
25.00000	4.50000
25.25000	4.50000
25.50000	4.50000
25.75000	4.50000
26.00000	4.50000
26.25000	4.50000
26.50000	4.50000
26.75000	4.50000
27.00000	4.50000
27.25000	4.50000
27.50000	4.50000
27.75000	4.50000
28.00000	4.50000
28.25000	4.50000
28.50000	4.50000
28.75000	4.50000
29.00000	4.50000
29.25000	4.50000
29.50000	4.50000
29.75000	4.50000
30.00000	4.50000
30.25000	4.50000
-0.25000	4.75000
0.00000	4.75000
0.25000	4.75000
0.50000	4.75000
0.75000	4.75000
1.00000	4.75000
1.25000	4.75000
1.50000	4.75000
1.75000	4.75000
2.00000	4.75000
2.25000	4.75000
2.50000	4.75000
2.75000	4.75000
3.00000	4.75000
3.25000	4.75000
3.50000	4.75000
3.75000	4.75000
4.00000	4.75000
4.25000	4.75000
4.50000	4.75000
4.75000	4.75000
5.00000	4.75000
5.25000	4.75000
5.50000	4.75000
5.75000	4.75000
6.00000	4.75000
6.25000	4.75000
6.50000	4.75000
6.75000	4.75000
7.00000	4.75000
7.25000	4.75000
7.50000	4.75000
7.75000	4.75000
8.00000	4.75000
8.25000	4.75000
8.50000	4.75000
8.75000	4.75000
9.00000	4.75000
9.25000	4.75000
9.50000	4.75000
9.75000	4.75000
10.00000	4.75000
10.25000	4.75000
10.50000	4.75000
10.75000	4.75000
11.00000	4.75000
11.25000	4.75000
11.50000	4.75000
11.75000	4.75000
12.00000	4.75000
12.25000	4.75000
12.50000	4.75000
12.75000	4.75000
13.00000	4.75000
13.25000	4.75000
13.50000	4.75000
13.75000	4.75000
14.00000	4.75000
14.25000	4.75000
14.50000	4.75000
14.75000	4.75000
15.00000	4.75000
15.25000	4.75000
15.50000	4.75000
15.75000	4.75000
16.00000	4.75000
16.25000	4.75000
16.50000	4.75000
16.75000	4.75000
17.00000	4.75000
17.25000	4.75000
17.50000	4.75000
17.75000	4.75000
18.00000	4.75000
18.25000	4.75000
18.50000	4.75000
18.75000	4.75000
19.00000	4.75000
19.25000	4.75000
19.50000	4.75000
19.75000	4.75000
20.00000	4.75000
20.25000	4.75000
20.50000	4.75000
20.75000	4.75000
21.00000	4.75000
21.25000	4.75000
21.50000	4.75000
21.75000	4.75000
22.00000	4.75000
22.25000	4.75000
22.50000	4.75000
22.75000	4.75000
23.00000	4.75000
23.25000	4.75000
23.50000	4.75000
23.75000	4.75000
24.00000	4.75000
24.25000	4.75000
24.50000	4.75000
24.75000	4.75000
25.00000	4.75000
25.25000	4.75000
25.50000	4.75000
25.75000	4.75000
26.00000	4.75000
26.25000	4.75000
26.50000	4.75000
26.75000	4.75000
27.00000	4.75000
27.25000	4.75000
27.50000	4.75000
27.75000	4.75000
28.00000	4.75000
28.25000	4.75000
28.50000	4.75000
28.75000	4.75000
29.00000	4.75000
29.25000	4.75000
29.50000	4.75000
29.75000	4.75000
30.00000	4.75000
30.25000	4.75000
-0.25000	5.00000
0.00000	5.00000
0.25000	5.00000
0.50000	5.00000
0.75000	5.00000
1.00000	5.00000
1.25000	5.00000
1.50000	5.00000
1.75000	5.00000
2.00000	5.00000
2.25000	5.00000
2.50000	5.00000
2.75000	5.00000
3.00000	5.00000
3.25000	5.00000
3.50000	5.00000
3.75000	5.00000
4.00000	5.00000
4.25000	5.00000
4.50000	5.00000
4.75000	5.00000
5.00000	5.00000
5.25000	5.00000
5.50000	5.00000
5.75000	5.00000
6.00000	5.00000
6.25000	5.00000
6.50000	5.00000
6.75000	5.00000
7.00000	5.00000
7.25000	5.00000
7.50000	5.00000
7.75000	5.00000
8.00000	5.00000
8.25000	5.00000
8.50000	5.00000
8.75000	5.00000
9.00000	5.00000
9.25000	5.00000
9.50000	5.00000
9.75000	5.00000
10.00000	5.00000
10.25000	5.00000
10.50000	5.00000
10.75000	5.00000
11.00000	5.00000
11.25000	5.00000
11.50000	5.00000
11.75000	5.00000
12.00000	5.00000
12.25000	5.00000
12.50000	5.00000
12.75000	5.00000
13.00000	5.00000
13.25000	5.00000
13.50000	5.00000
13.75000	5.00000
14.00000	5.00000
14.25000	5.00000
14.50000	5.00000
14.75000	5.00000
15.00000	5.00000
15.25000	5.00000
15.50000	5.00000
15.75000	5.00000
16.00000	5.00000
16.25000	5.00000
16.50000	5.00000
16.75000	5.00000
17.00000	5.00000
17.25000	5.00000
17.50000	5.00000
17.75000	5.00000
18.00000	5.00000
18.25000	5.00000
18.50000	5.00000
18.75000	5.00000
19.00000	5.00000
19.25000	5.00000
19.50000	5.00000
19.75000	5.00000
20.00000	5.00000
20.25000	5.00000
20.50000	5.00000
20.75000	5.00000
21.00000	5.00000
21.25000	5.00000
21.50000	5.00000
21.75000	5.00000
22.00000	5.00000
22.25000	5.00000
22.50000	5.00000
22.75000	5.00000
23.00000	5.00000
23.25000	5.00000
23.50000	5.00000
23.75000	5.00000
24.00000	5.00000
24.25000	5.00000
24.50000	5.00000
24.75000	5.00000
25.00000	5.00000
25.25000	5.00000
25.50000	5.00000
25.75000	5.00000
26.00000	5.00000
26.25000	5.00000
26.50000	5.00000
26.75000	5.00000
27.00000	5.00000
27.25000	5.00000
27.50000	5.00000
27.75000	5.00000
28.00000	5.00000
28.25000	5.00000
28.50000	5.00000
28.75000	5.00000
29.00000	5.00000
29.25000	5.00000
29.50000	5.00000
29.75000	5.00000
30.00000	5.00000
30.25000	5.00000
-0.25000	5.25000
0.00000	5.25000
0.25000	5.25000
0.50000	5.25000
0.75000	5.25000
1.00000	5.25000
1.25000	5.25000
1.50000	5.25000
1.75000	5.25000
2.00000	5.25000
2.25000	5.25000
2.50000	5.25000
2.75000	5.25000
3.00000	5.25000
3.25000	5.25000
3.50000	5.25000
3.75000	5.25000
4.00000	5.25000
4.25000	5.25000
4.50000	5.25000
4.75000	5.25000
5.00000	5.25000
5.25000	5.25000
5.50000	5.25000
5.75000	5.25000
6.00000	5.25000
6.25000	5.25000
6.50000	5.25000
6.75000	5.25000
7.00000	5.25000
7.25000	5.25000
7.50000	5.25000
7.75000	5.25000
8.00000	5.25000
8.25000	5.25000
8.50000	5.25000
8.75000	5.25000
9.00000	5.25000
9.25000	5.25000
9.50000	5.25000
9.75000	5.25000
10.00000	5.25000
10.25000	5.25000
10.50000	5.25000
10.75000	5.25000
11.00000	5.25000
11.25000	5.25000
11.50000	5.25000
11.75000	5.25000
12.00000	5.25000
12.25000	5.25000
12.50000	5.25000
12.75000	5.25000
13.00000	5.25000
13.25000	5.25000
13.50000	5.25000
13.75000	5.25000
14.00000	5.25000
14.25000	5.25000
14.50000	5.25000
14.75000	5.25000
15.00000	5.25000
15.25000	5.25000
15.50000	5.25000
15.75000	5.25000
16.00000	5.25000
16.25000	5.25000
16.50000	5.25000
16.75000	5.25000
17.00000	5.25000
17.25000	5.25000
17.50000	5.25000
17.75000	5.25000
18.00000	5.25000
18.25000	5.25000
18.50000	5.25000
18.75000	5.25000
19.00000	5.25000
19.25000	5.25000
19.50000	5.25000
19.75000	5.25000
20.00000	5.25000
20.25000	5.25000
20.50000	5.25000
20.75000	5.25000
21.00000	5.25000
21.25000	5.25000
21.50000	5.25000
21.75000	5.25000
22.00000	5.25000
22.25000	5.25000
22.50000	5.25000
22.75000	5.25000
23.00000	5.25000
23.25000	5.25000
23.50000	5.25000
23.75000	5.25000
24.00000	5.25000
24.25000	5.25000
24.50000	5.25000
24.75000	5.25000
25.00000	5.25000
25.25000	5.25000
25.50000	5.25000
25.75000	5.25000
26.00000	5.25000
26.25000	5.25000
26.50000	5.25000
26.75000	5.25000
27.00000	5.25000
27.25000	5.25000
27.50000	5.25000
27.75000	5.25000
28.00000	5.25000
28.25000	5.25000
28.50000	5.25000
28.75000	5.25000
29.00000	5.25000
29.25000	5.25000
29.50000	5.25000
29.75000	5.25000
30.00000	5.25000
30.25000	5.25000
-0.25000	5.50000
0.00000	5.50000
0.25000	5.50000
0.50000	5.50000
0.75000	5.50000
1.00000	5.50000
1.25000	5.50000
1.50000	5.50000
1.75000	5.50000
2.00000	5.50000
2.25000	5.50000
2.50000	5.50000
2.75000	5.50000
3.00000	5.50000
3.25000	5.50000
3.50000	5.50000
3.75000	5.50000
4.00000	5.50000
4.25000	5.50000
4.50000	5.50000
4.75000	5.50000
5.00000	5.50000
5.25000	5.50000
5.50000	5.50000
5.75000	5.50000
6.00000	5.50000
6.25000	5.50000
6.50000	5.50000
6.75000	5.50000
7.00000	5.50000
7.25000	5.50000
7.50000	5.50000
7.75000	5.50000
8.00000	5.50000
8.25000	5.50000
8.50000	5.50000
8.75000	5.50000
9.00000	5.50000
9.25000	5.50000
9.50000	5.50000
9.75000	5.50000
10.00000	5.50000
10.25000	5.50000
10.50000	5.50000
10.75000	5.50000
11.00000	5.50000
11.25000	5.50000
11.50000	5.50000
11.75000	5.50000
12.00000	5.50000
12.25000	5.50000
12.50000	5.50000
12.75000	5.50000
13.00000	5.50000
13.25000	5.50000
13.50000	5.50000
13.75000	5.50000
14.00000	5.50000
14.25000	5.50000
14.50000	5.50000
14.75000	5.50000
15.00000	5.50000
15.25000	5.50000
15.50000	5.50000
15.75000	5.50000
16.00000	5.50000
16.25000	5.50000
16.50000	5.50000
16.75000	5.50000
17.00000	5.50000
17.25000	5.50000
17.50000	5.50000
17.75000	5.50000
18.00000	5.50000
18.25000	5.50000
18.50000	5.50000
18.75000	5.50000
19.00000	5.50000
19.25000	5.50000
19.50000	5.50000
19.75000	5.50000
20.00000	5.50000
20.25000	5.50000
20.50000	5.50000
20.75000	5.50000
21.00000	5.50000
21.25000	5.50000
21.50000	5.50000
21.75000	5.50000
22.00000	5.50000
22.25000	5.50000
22.50000	5.50000
22.75000	5.50000
23.00000	5.50000
23.25000	5.50000
23.50000	5.50000
23.75000	5.50000
24.00000	5.50000
24.25000	5.50000
24.50000	5.50000
24.75000	5.50000
25.00000	5.50000
25.25000	5.50000
25.50000	5.50000
25.75000	5.50000
26.00000	5.50000
26.25000	5.50000
26.50000	5.50000
26.75000	5.50000
27.00000	5.50000
27.25000	5.50000
27.50000	5.50000
27.75000	5.50000
28.00000	5.50000
28.25000	5.50000
28.50000	5.50000
28.75000	5.50000
29.00000	5.50000
29.25000	5.50000
29.50000	5.50000
29.75000	5.50000
30.00000	5.50000
30.25000	5.50000
-0.25000	5.75000
0.00000	5.75000
0.25000	5.75000
0.50000	5.75000
0.75000	5.75000
1.00000	5.75000
1.25000	5.75000
1.50000	5.75000
1.75000	5.75000
2.00000	5.75000
2.25000	5.75000
2.50000	5.75000
2.75000	5.75000
3.00000	5.75000
3.25000	5.75000
3.50000	5.75000
3.75000	5.75000
4.00000	5.75000
4.25000	5.75000
4.50000	5.75000
4.75000	5.75000
5.00000	5.75000
5.25000	5.75000
5.50000	5.75000
5.75000	5.75000
6.00000	5.75000
6.25000	5.75000
6.50000	5.75000
6.75000	5.75000
7.00000	5.75000
7.25000	5.75000
7.50000	5.75000
7.75000	5.75000
8.00000	5.75000
8.25000	5.75000
8.50000	5.75000
8.75000	5.75000
9.00000	5.75000
9.25000	5.75000
9.50000	5.75000
9.75000	5.75000
10.00000	5.75000
10.25000	5.75000
10.50000	5.75000
10.75000	5.75000
11.00000	5.75000
11.25000	5.75000
11.50000	5.75000
11.75000	5.75000
12.00000	5.75000
12.25000	5.75000
12.50000	5.75000
12.75000	5.75000
13.00000	5.75000
13.25000	5.75000
13.50000	5.75000
13.75000	5.75000
14.00000	5.75000
14.25000	5.75000
14.50000	5.75000
14.75000	5.75000
15.00000	5.75000
15.25000	5.75000
15.50000	5.75000
15.75000	5.75000
16.00000	5.75000
16.25000	5.75000
16.50000	5.75000
16.75000	5.75000
17.00000	5.75000
17.25000	5.75000
17.50000	5.75000
17.75000	5.75000
18.00000	5.75000
18.25000	5.75000
18.50000	5.75000
18.75000	5.75000
19.00000	5.75000
19.25000	5.75000
19.50000	5.75000
19.75000	5.75000
20.00000	5.75000
20.25000	5.75000
20.50000	5.75000
20.75000	5.75000
21.00000	5.75000
21.25000	5.75000
21.50000	5.75000
21.75000	5.75000
22.00000	5.75000
22.25000	5.75000
22.50000	5.75000
22.75000	5.75000
23.00000	5.75000
23.25000	5.75000
23.50000	5.75000
23.75000	5.75000
24.00000	5.75000
24.25000	5.75000
24.50000	5.75000
24.75000	5.75000
25.00000	5.75000
25.25000	5.75000
25.50000	5.75000
25.75000	5.75000
26.00000	5.75000
26.25000	5.75000
26.50000	5.75000
26.75000	5.75000
27.00000	5.75000
27.25000	5.75000
27.50000	5.75000
27.75000	5.75000
28.00000	5.75000
28.25000	5.75000
28.50000	5.75000
28.75000	5.75000
29.00000	5.75000
29.25000	5.75000
29.50000	5.75000
29.75000	5.75000
30.00000	5.75000
30.25000	5.75000
-0.25000	6.00000
0.00000	6.00000
0.25000	6.00000
0.50000	6.00000
0.75000	6.00000
1.00000	6.00000
1.25000	6.00000
1.50000	6.00000
1.75000	6.00000
2.00000	6.00000
2.25000	6.00000
2.50000	6.00000
2.75000	6.00000
3.00000	6.00000
3.25000	6.00000
3.50000	6.00000
3.75000	6.00000
4.00000	6.00000
4.25000	6.00000
4.50000	6.00000
4.75000	6.00000
5.00000	6.00000
5.25000	6.00000
5.50000	6.00000
5.75000	6.00000
6.00000	6.00000
6.25000	6.00000
6.50000	6.00000
6.75000	6.00000
7.00000	6.00000
7.25000	6.00000
7.50000	6.00000
7.75000	6.00000
8.00000	6.00000
8.25000	6.00000
8.50000	6.00000
8.75000	6.00000
9.00000	6.00000
9.25000	6.00000
9.50000	6.00000
9.75000	6.00000
10.00000	6.00000
10.25000	6.00000
10.50000	6.00000
10.75000	6.00000
11.00000	6.00000
11.25000	6.00000
11.50000	6.00000
11.75000	6.00000
12.00000	6.00000
12.25000	6.00000
12.50000	6.00000
12.75000	6.00000
13.00000	6.00000
13.25000	6.00000
13.50000	6.00000
13.75000	6.00000
14.00000	6.00000
14.25000	6.00000
14.50000	6.00000
14.75000	6.00000
15.00000	6.00000
15.25000	6.00000
15.50000	6.00000
15.75000	6.00000
16.00000	6.00000
16.25000	6.00000
16.50000	6.00000
16.75000	6.00000
17.00000	6.00000
17.25000	6.00000
17.50000	6.00000
17.75000	6.00000
18.00000	6.00000
18.25000	6.00000
18.50000	6.00000
18.75000	6.00000
19.00000	6.00000
19.25000	6.00000
19.50000	6.00000
19.75000	6.00000
20.00000	6.00000
20.25000	6.00000
20.50000	6.00000
20.75000	6.00000
21.00000	6.00000
21.25000	6.00000
21.50000	6.00000
21.75000	6.00000
22.00000	6.00000
22.25000	6.00000
22.50000	6.00000
22.75000	6.00000
23.00000	6.00000
23.25000	6.00000
23.50000	6.00000
23.75000	6.00000
24.00000	6.00000
24.25000	6.00000
24.50000	6.00000
24.75000	6.00000
25.00000	6.00000
25.25000	6.00000
25.50000	6.00000
25.75000	6.00000
26.00000	6.00000
26.25000	6.00000
26.50000	6.00000
26.75000	6.00000
27.00000	6.00000
27.25000	6.00000
27.50000	6.00000
27.75000	6.00000
28.00000	6.00000
28.25000	6.00000
28.50000	6.00000
28.75000	6.00000
29.00000	6.00000
29.25000	6.00000
29.50000	6.00000
29.75000	6.00000
30.00000	6.00000
30.25000	6.00000
-0.25000	6.25000
0.00000	6.25000
0.25000	6.25000
0.50000	6.25000
0.75000	6.25000
1.00000	6.25000
1.25000	6.25000
1.50000	6.25000
1.75000	6.25000
2.00000	6.25000
2.25000	6.25000
2.50000	6.25000
2.75000	6.25000
3.00000	6.25000
3.25000	6.25000
3.50000	6.25000
3.75000	6.25000
4.00000	6.25000
4.25000	6.25000
4.50000	6.25000
4.75000	6.25000
5.00000	6.25000
5.25000	6.25000
5.50000	6.25000
5.75000	6.25000
6.00000	6.25000
6.25000	6.25000
6.50000	6.25000
6.75000	6.25000
7.00000	6.25000
7.25000	6.25000
7.50000	6.25000
7.75000	6.25000
8.00000	6.25000
8.25000	6.25000
8.50000	6.25000
8.75000	6.25000
9.00000	6.25000
9.25000	6.25000
9.50000	6.25000
9.75000	6.25000
10.00000	6.25000
10.25000	6.25000
10.50000	6.25000
10.75000	6.25000
11.00000	6.25000
11.25000	6.25000
11.50000	6.25000
11.75000	6.25000
12.00000	6.25000
12.25000	6.25000
12.50000	6.25000
12.75000	6.25000
13.00000	6.25000
13.25000	6.25000
13.50000	6.25000
13.75000	6.25000
14.00000	6.25000
14.25000	6.25000
14.50000	6.25000
14.75000	6.25000
15.00000	6.25000
15.25000	6.25000
15.50000	6.25000
15.75000	6.25000
16.00000	6.25000
16.25000	6.25000
16.50000	6.25000
16.75000	6.25000
17.00000	6.25000
17.25000	6.25000
17.50000	6.25000
17.75000	6.25000
18.00000	6.25000
18.25000	6.25000
18.50000	6.25000
18.75000	6.25000
19.00000	6.25000
19.25000	6.25000
19.50000	6.25000
19.75000	6.25000
20.00000	6.25000
20.25000	6.25000
20.50000	6.25000
20.75000	6.25000
21.00000	6.25000
21.25000	6.25000
21.50000	6.25000
21.75000	6.25000
22.00000	6.25000
22.25000	6.25000
22.50000	6.25000
22.75000	6.25000
23.00000	6.25000
23.25000	6.25000
23.50000	6.25000
23.75000	6.25000
24.00000	6.25000
24.25000	6.25000
24.50000	6.25000
24.75000	6.25000
25.00000	6.25000
25.25000	6.25000
25.50000	6.25000
25.75000	6.25000
26.00000	6.25000
26.25000	6.25000
26.50000	6.25000
26.75000	6.25000
27.00000	6.25000
27.25000	6.25000
27.50000	6.25000
27.75000	6.25000
28.00000	6.25000
28.25000	6.25000
28.50000	6.25000
28.75000	6.25000
29.00000	6.25000
29.25000	6.25000
29.50000	6.25000
29.75000	6.25000
30.00000	6.25000
30.25000	6.25000
-0.25000	6.50000
0.00000	6.50000
0.25000	6.50000
0.50000	6.50000
0.75000	6.50000
1.00000	6.50000
1.25000	6.50000
1.50000	6.50000
1.75000	6.50000
2.00000	6.50000
2.25000	6.50000
2.50000	6.50000
2.75000	6.50000
3.00000	6.50000
3.25000	6.50000
3.50000	6.50000
3.75000	6.50000
4.00000	6.50000
4.25000	6.50000
4.50000	6.50000
4.75000	6.50000
5.00000	6.50000
5.25000	6.50000
5.50000	6.50000
5.75000	6.50000
6.00000	6.50000
6.25000	6.50000
6.50000	6.50000
6.75000	6.50000
7.00000	6.50000
7.25000	6.50000
7.50000	6.50000
7.75000	6.50000
8.00000	6.50000
8.25000	6.50000
8.50000	6.50000
8.75000	6.50000
9.00000	6.50000
9.25000	6.50000
9.50000	6.50000
9.75000	6.50000
10.00000	6.50000
10.25000	6.50000
10.50000	6.50000
10.75000	6.50000
11.00000	6.50000
11.25000	6.50000
11.50000	6.50000
11.75000	6.50000
12.00000	6.50000
12.25000	6.50000
12.50000	6.50000
12.75000	6.50000
13.00000	6.50000
13.25000	6.50000
13.50000	6.50000
13.75000	6.50000
14.00000	6.50000
14.25000	6.50000
14.50000	6.50000
14.75000	6.50000
15.00000	6.50000
15.25000	6.50000
15.50000	6.50000
15.75000	6.50000
16.00000	6.50000
16.25000	6.50000
16.50000	6.50000
16.75000	6.50000
17.00000	6.50000
17.25000	6.50000
17.50000	6.50000
17.75000	6.50000
18.00000	6.50000
18.25000	6.50000
18.50000	6.50000
18.75000	6.50000
19.00000	6.50000
19.25000	6.50000
19.50000	6.50000
19.75000	6.50000
20.00000	6.50000
20.25000	6.50000
20.50000	6.50000
20.75000	6.50000
21.00000	6.50000
21.25000	6.50000
21.50000	6.50000
21.75000	6.50000
22.00000	6.50000
22.25000	6.50000
22.50000	6.50000
22.75000	6.50000
23.00000	6.50000
23.25000	6.50000
23.50000	6.50000
23.75000	6.50000
24.00000	6.50000
24.25000	6.50000
24.50000	6.50000
24.75000	6.50000
25.00000	6.50000
25.25000	6.50000
25.50000	6.50000
25.75000	6.50000
26.00000	6.50000
26.25000	6.50000
26.50000	6.50000
26.75000	6.50000
27.00000	6.50000
27.25000	6.50000
27.50000	6.50000
27.75000	6.50000
28.00000	6.50000
28.25000	6.50000
28.50000	6.50000
28.75000	6.50000
29.00000	6.50000
29.25000	6.50000
29.50000	6.50000
29.75000	6.50000
30.00000	6.50000
30.25000	6.50000
-0.25000	6.75000
0.00000	6.75000
0.25000	6.75000
0.50000	6.75000
0.75000	6.75000
1.00000	6.75000
1.25000	6.75000
1.50000	6.75000
1.75000	6.75000
2.00000	6.75000
2.25000	6.75000
2.50000	6.75000
2.75000	6.75000
3.00000	6.75000
3.25000	6.75000
3.50000	6.75000
3.75000	6.75000
4.00000	6.75000
4.25000	6.75000
4.50000	6.75000
4.75000	6.75000
5.00000	6.75000
5.25000	6.75000
5.50000	6.75000
5.75000	6.75000
6.00000	6.75000
6.25000	6.75000
6.50000	6.75000
6.75000	6.75000
7.00000	6.75000
7.25000	6.75000
7.50000	6.75000
7.75000	6.75000
8.00000	6.75000
8.25000	6.75000
8.50000	6.75000
8.75000	6.75000
9.00000	6.75000
9.25000	6.75000
9.50000	6.75000
9.75000	6.75000
10.00000	6.75000
10.25000	6.75000
10.50000	6.75000
10.75000	6.75000
11.00000	6.75000
11.25000	6.75000
11.50000	6.75000
11.75000	6.75000
12.00000	6.75000
12.25000	6.75000
12.50000	6.75000
12.75000	6.75000
13.00000	6.75000
13.25000	6.75000
13.50000	6.75000
13.75000	6.75000
14.00000	6.75000
14.25000	6.75000
14.50000	6.75000
14.75000	6.75000
15.00000	6.75000
15.25000	6.75000
15.50000	6.75000
15.75000	6.75000
16.00000	6.75000
16.25000	6.75000
16.50000	6.75000
16.75000	6.75000
17.00000	6.75000
17.25000	6.75000
17.50000	6.75000
17.75000	6.75000
18.00000	6.75000
18.25000	6.75000
18.50000	6.75000
18.75000	6.75000
19.00000	6.75000
19.25000	6.75000
19.50000	6.75000
19.75000	6.75000
20.00000	6.75000
20.25000	6.75000
20.50000	6.75000
20.75000	6.75000
21.00000	6.75000
21.25000	6.75000
21.50000	6.75000
21.75000	6.75000
22.00000	6.75000
22.25000	6.75000
22.50000	6.75000
22.75000	6.75000
23.00000	6.75000
23.25000	6.75000
23.50000	6.75000
23.75000	6.75000
24.00000	6.75000
24.25000	6.75000
24.50000	6.75000
24.75000	6.75000
25.00000	6.75000
25.25000	6.75000
25.50000	6.75000
25.75000	6.75000
26.00000	6.75000
26.25000	6.75000
26.50000	6.75000
26.75000	6.75000
27.00000	6.75000
27.25000	6.75000
27.50000	6.75000
27.75000	6.75000
28.00000	6.75000
28.25000	6.75000
28.50000	6.75000
28.75000	6.75000
29.00000	6.75000
29.25000	6.75000
29.50000	6.75000
29.75000	6.75000
30.00000	6.75000
30.25000	6.75000
-0.25000	7.00000
0.00000	7.00000
0.25000	7.00000
0.50000	7.00000
0.75000	7.00000
1.00000	7.00000
1.25000	7.00000
1.50000	7.00000
1.75000	7.00000
2.00000	7.00000
2.25000	7.00000
2.50000	7.00000
2.75000	7.00000
3.00000	7.00000
3.25000	7.00000
3.50000	7.00000
3.75000	7.00000
4.00000	7.00000
4.25000	7.00000
4.50000	7.00000
4.75000	7.00000
5.00000	7.00000
5.25000	7.00000
5.50000	7.00000
5.75000	7.00000
6.00000	7.00000
6.25000	7.00000
6.50000	7.00000
6.75000	7.00000
7.00000	7.00000
7.25000	7.00000
7.50000	7.00000
7.75000	7.00000
8.00000	7.00000
8.25000	7.00000
8.50000	7.00000
8.75000	7.00000
9.00000	7.00000
9.25000	7.00000
9.50000	7.00000
9.75000	7.00000
10.00000	7.00000
10.25000	7.00000
10.50000	7.00000
10.75000	7.00000
11.00000	7.00000
11.25000	7.00000
11.50000	7.00000
11.75000	7.00000
12.00000	7.00000
12.25000	7.00000
12.50000	7.00000
12.75000	7.00000
13.00000	7.00000
13.25000	7.00000
13.50000	7.00000
13.75000	7.00000
14.00000	7.00000
14.25000	7.00000
14.50000	7.00000
14.75000	7.00000
15.00000	7.00000
15.25000	7.00000
15.50000	7.00000
15.75000	7.00000
16.00000	7.00000
16.25000	7.00000
16.50000	7.00000
16.75000	7.00000
17.00000	7.00000
17.25000	7.00000
17.50000	7.00000
17.75000	7.00000
18.00000	7.00000
18.25000	7.00000
18.50000	7.00000
18.75000	7.00000
19.00000	7.00000
19.25000	7.00000
19.50000	7.00000
19.75000	7.00000
20.00000	7.00000
20.25000	7.00000
20.50000	7.00000
20.75000	7.00000
21.00000	7.00000
21.25000	7.00000
21.50000	7.00000
21.75000	7.00000
22.00000	7.00000
22.25000	7.00000
22.50000	7.00000
22.75000	7.00000
23.00000	7.00000
23.25000	7.00000
23.50000	7.00000
23.75000	7.00000
24.00000	7.00000
24.25000	7.00000
24.50000	7.00000
24.75000	7.00000
25.00000	7.00000
25.25000	7.00000
25.50000	7.00000
25.75000	7.00000
26.00000	7.00000
26.25000	7.00000
26.50000	7.00000
26.75000	7.00000
27.00000	7.00000
27.25000	7.00000
27.50000	7.00000
27.75000	7.00000
28.00000	7.00000
28.25000	7.00000
28.50000	7.00000
28.75000	7.00000
29.00000	7.00000
29.25000	7.00000
29.50000	7.00000
29.75000	7.00000
30.00000	7.00000
30.25000	7.00000
-0.25000	7.25000
0.00000	7.25000
0.25000	7.25000
0.50000	7.25000
0.75000	7.25000
1.00000	7.25000
1.25000	7.25000
1.50000	7.25000
1.75000	7.25000
2.00000	7.25000
2.25000	7.25000
2.50000	7.25000
2.75000	7.25000
3.00000	7.25000
3.25000	7.25000
3.50000	7.25000
3.75000	7.25000
4.00000	7.25000
4.25000	7.25000
4.50000	7.25000
4.75000	7.25000
5.00000	7.25000
5.25000	7.25000
5.50000	7.25000
5.75000	7.25000
6.00000	7.25000
6.25000	7.25000
6.50000	7.25000
6.75000	7.25000
7.00000	7.25000
7.25000	7.25000
7.50000	7.25000
7.75000	7.25000
8.00000	7.25000
8.25000	7.25000
8.50000	7.25000
8.75000	7.25000
9.00000	7.25000
9.25000	7.25000
9.50000	7.25000
9.75000	7.25000
10.00000	7.25000
10.25000	7.25000
10.50000	7.25000
10.75000	7.25000
11.00000	7.25000
11.25000	7.25000
11.50000	7.25000
11.75000	7.25000
12.00000	7.25000
12.25000	7.25000
12.50000	7.25000
12.75000	7.25000
13.00000	7.25000
13.25000	7.25000
13.50000	7.25000
13.75000	7.25000
14.00000	7.25000
14.25000	7.25000
14.50000	7.25000
14.75000	7.25000
15.00000	7.25000
15.25000	7.25000
15.50000	7.25000
15.75000	7.25000
16.00000	7.25000
16.25000	7.25000
16.50000	7.25000
16.75000	7.25000
17.00000	7.25000
17.25000	7.25000
17.50000	7.25000
17.75000	7.25000
18.00000	7.25000
18.25000	7.25000
18.50000	7.25000
18.75000	7.25000
19.00000	7.25000
19.25000	7.25000
19.50000	7.25000
19.75000	7.25000
20.00000	7.25000
20.25000	7.25000
20.50000	7.25000
20.75000	7.25000
21.00000	7.25000
21.25000	7.25000
21.50000	7.25000
21.75000	7.25000
22.00000	7.25000
22.25000	7.25000
22.50000	7.25000
22.75000	7.25000
23.00000	7.25000
23.25000	7.25000
23.50000	7.25000
23.75000	7.25000
24.00000	7.25000
24.25000	7.25000
24.50000	7.25000
24.75000	7.25000
25.00000	7.25000
25.25000	7.25000
25.50000	7.25000
25.75000	7.25000
26.00000	7.25000
26.25000	7.25000
26.50000	7.25000
26.75000	7.25000
27.00000	7.25000
27.25000	7.25000
27.50000	7.25000
27.75000	7.25000
28.00000	7.25000
28.25000	7.25000
28.50000	7.25000
28.75000	7.25000
29.00000	7.25000
29.25000	7.25000
29.50000	7.25000
29.75000	7.25000
30.00000	7.25000
30.25000	7.25000
-0.25000	7.50000
0.00000	7.50000
0.25000	7.50000
0.50000	7.50000
0.75000	7.50000
1.00000	7.50000
1.25000	7.50000
1.50000	7.50000
1.75000	7.50000
2.00000	7.50000
2.25000	7.50000
2.50000	7.50000
2.75000	7.50000
3.00000	7.50000
3.25000	7.50000
3.50000	7.50000
3.75000	7.50000
4.00000	7.50000
4.25000	7.50000
4.50000	7.50000
4.75000	7.50000
5.00000	7.50000
5.25000	7.50000
5.50000	7.50000
5.75000	7.50000
6.00000	7.50000
6.25000	7.50000
6.50000	7.50000
6.75000	7.50000
7.00000	7.50000
7.25000	7.50000
7.50000	7.50000
7.75000	7.50000
8.00000	7.50000
8.25000	7.50000
8.50000	7.50000
8.75000	7.50000
9.00000	7.50000
9.25000	7.50000
9.50000	7.50000
9.75000	7.50000
10.00000	7.50000
10.25000	7.50000
10.50000	7.50000
10.75000	7.50000
11.00000	7.50000
11.25000	7.50000
11.50000	7.50000
11.75000	7.50000
12.00000	7.50000
12.25000	7.50000
12.50000	7.50000
12.75000	7.50000
13.00000	7.50000
13.25000	7.50000
13.50000	7.50000
13.75000	7.50000
14.00000	7.50000
14.25000	7.50000
14.50000	7.50000
14.75000	7.50000
15.00000	7.50000
15.25000	7.50000
15.50000	7.50000
15.75000	7.50000
16.00000	7.50000
16.25000	7.50000
16.50000	7.50000
16.75000	7.50000
17.00000	7.50000
17.25000	7.50000
17.50000	7.50000
17.75000	7.50000
18.00000	7.50000
18.25000	7.50000
18.50000	7.50000
18.75000	7.50000
19.00000	7.50000
19.25000	7.50000
19.50000	7.50000
19.75000	7.50000
20.00000	7.50000
20.25000	7.50000
20.50000	7.50000
20.75000	7.50000
21.00000	7.50000
21.25000	7.50000
21.50000	7.50000
21.75000	7.50000
22.00000	7.50000
22.25000	7.50000
22.50000	7.50000
22.75000	7.50000
23.00000	7.50000
23.25000	7.50000
23.50000	7.50000
23.75000	7.50000
24.00000	7.50000
24.25000	7.50000
24.50000	7.50000
24.75000	7.50000
25.00000	7.50000
25.25000	7.50000
25.50000	7.50000
25.75000	7.50000
26.00000	7.50000
26.25000	7.50000
26.50000	7.50000
26.75000	7.50000
27.00000	7.50000
27.25000	7.50000
27.50000	7.50000
27.75000	7.50000
28.00000	7.50000
28.25000	7.50000
28.50000	7.50000
28.75000	7.50000
29.00000	7.50000
29.25000	7.50000
29.50000	7.50000
29.75000	7.50000
30.00000	7.50000
30.25000	7.50000
-0.25000	7.75000
0.00000	7.75000
0.25000	7.75000
0.50000	7.75000
0.75000	7.75000
1.00000	7.75000
1.25000	7.75000
1.50000	7.75000
1.75000	7.75000
2.00000	7.75000
2.25000	7.75000
2.50000	7.75000
2.75000	7.75000
3.00000	7.75000
3.25000	7.75000
3.50000	7.75000
3.75000	7.75000
4.00000	7.75000
4.25000	7.75000
4.50000	7.75000
4.75000	7.75000
5.00000	7.75000
5.25000	7.75000
5.50000	7.75000
5.75000	7.75000
6.00000	7.75000
6.25000	7.75000
6.50000	7.75000
6.75000	7.75000
7.00000	7.75000
7.25000	7.75000
7.50000	7.75000
7.75000	7.75000
8.00000	7.75000
8.25000	7.75000
8.50000	7.75000
8.75000	7.75000
9.00000	7.75000
9.25000	7.75000
9.50000	7.75000
9.75000	7.75000
10.00000	7.75000
10.25000	7.75000
10.50000	7.75000
10.75000	7.75000
11.00000	7.75000
11.25000	7.75000
11.50000	7.75000
11.75000	7.75000
12.00000	7.75000
12.25000	7.75000
12.50000	7.75000
12.75000	7.75000
13.00000	7.75000
13.25000	7.75000
13.50000	7.75000
13.75000	7.75000
14.00000	7.75000
14.25000	7.75000
14.50000	7.75000
14.75000	7.75000
15.00000	7.75000
15.25000	7.75000
15.50000	7.75000
15.75000	7.75000
16.00000	7.75000
16.25000	7.75000
16.50000	7.75000
16.75000	7.75000
17.00000	7.75000
17.25000	7.75000
17.50000	7.75000
17.75000	7.75000
18.00000	7.75000
18.25000	7.75000
18.50000	7.75000
18.75000	7.75000
19.00000	7.75000
19.25000	7.75000
19.50000	7.75000
19.75000	7.75000
20.00000	7.75000
20.25000	7.75000
20.50000	7.75000
20.75000	7.75000
21.00000	7.75000
21.25000	7.75000
21.50000	7.75000
21.75000	7.75000
22.00000	7.75000
22.25000	7.75000
22.50000	7.75000
22.75000	7.75000
23.00000	7.75000
23.25000	7.75000
23.50000	7.75000
23.75000	7.75000
24.00000	7.75000
24.25000	7.75000
24.50000	7.75000
24.75000	7.75000
25.00000	7.75000
25.25000	7.75000
25.50000	7.75000
25.75000	7.75000
26.00000	7.75000
26.25000	7.75000
26.50000	7.75000
26.75000	7.75000
27.00000	7.75000
27.25000	7.75000
27.50000	7.75000
27.75000	7.75000
28.00000	7.75000
28.25000	7.75000
28.50000	7.75000
28.75000	7.75000
29.00000	7.75000
29.25000	7.75000
29.50000	7.75000
29.75000	7.75000
30.00000	7.75000
30.25000	7.75000
-0.25000	8.00000
0.00000	8.00000
0.25000	8.00000
0.50000	8.00000
0.75000	8.00000
1.00000	8.00000
1.25000	8.00000
1.50000	8.00000
1.75000	8.00000
2.00000	8.00000
2.25000	8.00000
2.50000	8.00000
2.75000	8.00000
3.00000	8.00000
3.25000	8.00000
3.50000	8.00000
3.75000	8.00000
4.00000	8.00000
4.25000	8.00000
4.50000	8.00000
4.75000	8.00000
5.00000	8.00000
5.25000	8.00000
5.50000	8.00000
5.75000	8.00000
6.00000	8.00000
6.25000	8.00000
6.50000	8.00000
6.75000	8.00000
7.00000	8.00000
7.25000	8.00000
7.50000	8.00000
7.75000	8.00000
8.00000	8.00000
8.25000	8.00000
8.50000	8.00000
8.75000	8.00000
9.00000	8.00000
9.25000	8.00000
9.50000	8.00000
9.75000	8.00000
10.00000	8.00000
10.25000	8.00000
10.50000	8.00000
10.75000	8.00000
11.00000	8.00000
11.25000	8.00000
11.50000	8.00000
11.75000	8.00000
12.00000	8.00000
12.25000	8.00000
12.50000	8.00000
12.75000	8.00000
13.00000	8.00000
13.25000	8.00000
13.50000	8.00000
13.75000	8.00000
14.00000	8.00000
14.25000	8.00000
14.50000	8.00000
14.75000	8.00000
15.00000	8.00000
15.25000	8.00000
15.50000	8.00000
15.75000	8.00000
16.00000	8.00000
16.25000	8.00000
16.50000	8.00000
16.75000	8.00000
17.00000	8.00000
17.25000	8.00000
17.50000	8.00000
17.75000	8.00000
18.00000	8.00000
18.25000	8.00000
18.50000	8.00000
18.75000	8.00000
19.00000	8.00000
19.25000	8.00000
19.50000	8.00000
19.75000	8.00000
20.00000	8.00000
20.25000	8.00000
20.50000	8.00000
20.75000	8.00000
21.00000	8.00000
21.25000	8.00000
21.50000	8.00000
21.75000	8.00000
22.00000	8.00000
22.25000	8.00000
22.50000	8.00000
22.75000	8.00000
23.00000	8.00000
23.25000	8.00000
23.50000	8.00000
23.75000	8.00000
24.00000	8.00000
24.25000	8.00000
24.50000	8.00000
24.75000	8.00000
25.00000	8.00000
25.25000	8.00000
25.50000	8.00000
25.75000	8.00000
26.00000	8.00000
26.25000	8.00000
26.50000	8.00000
26.75000	8.00000
27.00000	8.00000
27.25000	8.00000
27.50000	8.00000
27.75000	8.00000
28.00000	8.00000
28.25000	8.00000
28.50000	8.00000
28.75000	8.00000
29.00000	8.00000
29.25000	8.00000
29.50000	8.00000
29.75000	8.00000
30.00000	8.00000
30.25000	8.00000
-0.25000	8.25000
0.00000	8.25000
0.25000	8.25000
0.50000	8.25000
0.75000	8.25000
1.00000	8.25000
1.25000	8.25000
1.50000	8.25000
1.75000	8.25000
2.00000	8.25000
2.25000	8.25000
2.50000	8.25000
2.75000	8.25000
3.00000	8.25000
3.25000	8.25000
3.50000	8.25000
3.75000	8.25000
4.00000	8.25000
4.25000	8.25000
4.50000	8.25000
4.75000	8.25000
5.00000	8.25000
5.25000	8.25000
5.50000	8.25000
5.75000	8.25000
6.00000	8.25000
6.25000	8.25000
6.50000	8.25000
6.75000	8.25000
7.00000	8.25000
7.25000	8.25000
7.50000	8.25000
7.75000	8.25000
8.00000	8.25000
8.25000	8.25000
8.50000	8.25000
8.75000	8.25000
9.00000	8.25000
9.25000	8.25000
9.50000	8.25000
9.75000	8.25000
10.00000	8.25000
10.25000	8.25000
10.50000	8.25000
10.75000	8.25000
11.00000	8.25000
11.25000	8.25000
11.50000	8.25000
11.75000	8.25000
12.00000	8.25000
12.25000	8.25000
12.50000	8.25000
12.75000	8.25000
13.00000	8.25000
13.25000	8.25000
13.50000	8.25000
13.75000	8.25000
14.00000	8.25000
14.25000	8.25000
14.50000	8.25000
14.75000	8.25000
15.00000	8.25000
15.25000	8.25000
15.50000	8.25000
15.75000	8.25000
16.00000	8.25000
16.25000	8.25000
16.50000	8.25000
16.75000	8.25000
17.00000	8.25000
17.25000	8.25000
17.50000	8.25000
17.75000	8.25000
18.00000	8.25000
18.25000	8.25000
18.50000	8.25000
18.75000	8.25000
19.00000	8.25000
19.25000	8.25000
19.50000	8.25000
19.75000	8.25000
20.00000	8.25000
20.25000	8.25000
20.50000	8.25000
20.75000	8.25000
21.00000	8.25000
21.25000	8.25000
21.50000	8.25000
21.75000	8.25000
22.00000	8.25000
22.25000	8.25000
22.50000	8.25000
22.75000	8.25000
23.00000	8.25000
23.25000	8.25000
23.50000	8.25000
23.75000	8.25000
24.00000	8.25000
24.25000	8.25000
24.50000	8.25000
24.75000	8.25000
25.00000	8.25000
25.25000	8.25000
25.50000	8.25000
25.75000	8.25000
26.00000	8.25000
26.25000	8.25000
26.50000	8.25000
26.75000	8.25000
27.00000	8.25000
27.25000	8.25000
27.50000	8.25000
27.75000	8.25000
28.00000	8.25000
28.25000	8.25000
28.50000	8.25000
28.75000	8.25000
29.00000	8.25000
29.25000	8.25000
29.50000	8.25000
29.75000	8.25000
30.00000	8.25000
30.25000	8.25000
-0.25000	8.50000
0.00000	8.50000
0.25000	8.50000
0.50000	8.50000
0.75000	8.50000
1.00000	8.50000
1.25000	8.50000
1.50000	8.50000
1.75000	8.50000
2.00000	8.50000
2.25000	8.50000
2.50000	8.50000
2.75000	8.50000
3.00000	8.50000
3.25000	8.50000
3.50000	8.50000
3.75000	8.50000
4.00000	8.50000
4.25000	8.50000
4.50000	8.50000
4.75000	8.50000
5.00000	8.50000
5.25000	8.50000
5.50000	8.50000
5.75000	8.50000
6.00000	8.50000
6.25000	8.50000
6.50000	8.50000
6.75000	8.50000
7.00000	8.50000
7.25000	8.50000
7.50000	8.50000
7.75000	8.50000
8.00000	8.50000
8.25000	8.50000
8.50000	8.50000
8.75000	8.50000
9.00000	8.50000
9.25000	8.50000
9.50000	8.50000
9.75000	8.50000
10.00000	8.50000
10.25000	8.50000
10.50000	8.50000
10.75000	8.50000
11.00000	8.50000
11.25000	8.50000
11.50000	8.50000
11.75000	8.50000
12.00000	8.50000
12.25000	8.50000
12.50000	8.50000
12.75000	8.50000
13.00000	8.50000
13.25000	8.50000
13.50000	8.50000
13.75000	8.50000
14.00000	8.50000
14.25000	8.50000
14.50000	8.50000
14.75000	8.50000
15.00000	8.50000
15.25000	8.50000
15.50000	8.50000
15.75000	8.50000
16.00000	8.50000
16.25000	8.50000
16.50000	8.50000
16.75000	8.50000
17.00000	8.50000
17.25000	8.50000
17.50000	8.50000
17.75000	8.50000
18.00000	8.50000
18.25000	8.50000
18.50000	8.50000
18.75000	8.50000
19.00000	8.50000
19.25000	8.50000
19.50000	8.50000
19.75000	8.50000
20.00000	8.50000
20.25000	8.50000
20.50000	8.50000
20.75000	8.50000
21.00000	8.50000
21.25000	8.50000
21.50000	8.50000
21.75000	8.50000
22.00000	8.50000
22.25000	8.50000
22.50000	8.50000
22.75000	8.50000
23.00000	8.50000
23.25000	8.50000
23.50000	8.50000
23.75000	8.50000
24.00000	8.50000
24.25000	8.50000
24.50000	8.50000
24.75000	8.50000
25.00000	8.50000
25.25000	8.50000
25.50000	8.50000
25.75000	8.50000
26.00000	8.50000
26.25000	8.50000
26.50000	8.50000
26.75000	8.50000
27.00000	8.50000
27.25000	8.50000
27.50000	8.50000
27.75000	8.50000
28.00000	8.50000
28.25000	8.50000
28.50000	8.50000
28.75000	8.50000
29.00000	8.50000
29.25000	8.50000
29.50000	8.50000
29.75000	8.50000
30.00000	8.50000
30.25000	8.50000
-0.25000	8.75000
0.00000	8.75000
0.25000	8.75000
0.50000	8.75000
0.75000	8.75000
1.00000	8.75000
1.25000	8.75000
1.50000	8.75000
1.75000	8.75000
2.00000	8.75000
2.25000	8.75000
2.50000	8.75000
2.75000	8.75000
3.00000	8.75000
3.25000	8.75000
3.50000	8.75000
3.75000	8.75000
4.00000	8.75000
4.25000	8.75000
4.50000	8.75000
4.75000	8.75000
5.00000	8.75000
5.25000	8.75000
5.50000	8.75000
5.75000	8.75000
6.00000	8.75000
6.25000	8.75000
6.50000	8.75000
6.75000	8.75000
7.00000	8.75000
7.25000	8.75000
7.50000	8.75000
7.75000	8.75000
8.00000	8.75000
8.25000	8.75000
8.50000	8.75000
8.75000	8.75000
9.00000	8.75000
9.25000	8.75000
9.50000	8.75000
9.75000	8.75000
10.00000	8.75000
10.25000	8.75000
10.50000	8.75000
10.75000	8.75000
11.00000	8.75000
11.25000	8.75000
11.50000	8.75000
11.75000	8.75000
12.00000	8.75000
12.25000	8.75000
12.50000	8.75000
12.75000	8.75000
13.00000	8.75000
13.25000	8.75000
13.50000	8.75000
13.75000	8.75000
14.00000	8.75000
14.25000	8.75000
14.50000	8.75000
14.75000	8.75000
15.00000	8.75000
15.25000	8.75000
15.50000	8.75000
15.75000	8.75000
16.00000	8.75000
16.25000	8.75000
16.50000	8.75000
16.75000	8.75000
17.00000	8.75000
17.25000	8.75000
17.50000	8.75000
17.75000	8.75000
18.00000	8.75000
18.25000	8.75000
18.50000	8.75000
18.75000	8.75000
19.00000	8.75000
19.25000	8.75000
19.50000	8.75000
19.75000	8.75000
20.00000	8.75000
20.25000	8.75000
20.50000	8.75000
20.75000	8.75000
21.00000	8.75000
21.25000	8.75000
21.50000	8.75000
21.75000	8.75000
22.00000	8.75000
22.25000	8.75000
22.50000	8.75000
22.75000	8.75000
23.00000	8.75000
23.25000	8.75000
23.50000	8.75000
23.75000	8.75000
24.00000	8.75000
24.25000	8.75000
24.50000	8.75000
24.75000	8.75000
25.00000	8.75000
25.25000	8.75000
25.50000	8.75000
25.75000	8.75000
26.00000	8.75000
26.25000	8.75000
26.50000	8.75000
26.75000	8.75000
27.00000	8.75000
27.25000	8.75000
27.50000	8.75000
27.75000	8.75000
28.00000	8.75000
28.25000	8.75000
28.50000	8.75000
28.75000	8.75000
29.00000	8.75000
29.25000	8.75000
29.50000	8.75000
29.75000	8.75000
30.00000	8.75000
30.25000	8.75000
-0.25000	9.00000
0.00000	9.00000
0.25000	9.00000
0.50000	9.00000
0.75000	9.00000
1.00000	9.00000
1.25000	9.00000
1.50000	9.00000
1.75000	9.00000
2.00000	9.00000
2.25000	9.00000
2.50000	9.00000
2.75000	9.00000
3.00000	9.00000
3.25000	9.00000
3.50000	9.00000
3.75000	9.00000
4.00000	9.00000
4.25000	9.00000
4.50000	9.00000
4.75000	9.00000
5.00000	9.00000
5.25000	9.00000
5.50000	9.00000
5.75000	9.00000
6.00000	9.00000
6.25000	9.00000
6.50000	9.00000
6.75000	9.00000
7.00000	9.00000
7.25000	9.00000
7.50000	9.00000
7.75000	9.00000
8.00000	9.00000
8.25000	9.00000
8.50000	9.00000
8.75000	9.00000
9.00000	9.00000
9.25000	9.00000
9.50000	9.00000
9.75000	9.00000
10.00000	9.00000
10.25000	9.00000
10.50000	9.00000
10.75000	9.00000
11.00000	9.00000
11.25000	9.00000
11.50000	9.00000
11.75000	9.00000
12.00000	9.00000
12.25000	9.00000
12.50000	9.00000
12.75000	9.00000
13.00000	9.00000
13.25000	9.00000
13.50000	9.00000
13.75000	9.00000
14.00000	9.00000
14.25000	9.00000
14.50000	9.00000
14.75000	9.00000
15.00000	9.00000
15.25000	9.00000
15.50000	9.00000
15.75000	9.00000
16.00000	9.00000
16.25000	9.00000
16.50000	9.00000
16.75000	9.00000
17.00000	9.00000
17.25000	9.00000
17.50000	9.00000
17.75000	9.00000
18.00000	9.00000
18.25000	9.00000
18.50000	9.00000
18.75000	9.00000
19.00000	9.00000
19.25000	9.00000
19.50000	9.00000
19.75000	9.00000
20.00000	9.00000
20.25000	9.00000
20.50000	9.00000
20.75000	9.00000
21.00000	9.00000
21.25000	9.00000
21.50000	9.00000
21.75000	9.00000
22.00000	9.00000
22.25000	9.00000
22.50000	9.00000
22.75000	9.00000
23.00000	9.00000
23.25000	9.00000
23.50000	9.00000
23.75000	9.00000
24.00000	9.00000
24.25000	9.00000
24.50000	9.00000
24.75000	9.00000
25.00000	9.00000
25.25000	9.00000
25.50000	9.00000
25.75000	9.00000
26.00000	9.00000
26.25000	9.00000
26.50000	9.00000
26.75000	9.00000
27.00000	9.00000
27.25000	9.00000
27.50000	9.00000
27.75000	9.00000
28.00000	9.00000
28.25000	9.00000
28.50000	9.00000
28.75000	9.00000
29.00000	9.00000
29.25000	9.00000
29.50000	9.00000
29.75000	9.00000
30.00000	9.00000
30.25000	9.00000
-0.25000	9.25000
0.00000	9.25000
0.25000	9.25000
0.50000	9.25000
0.75000	9.25000
1.00000	9.25000
1.25000	9.25000
1.50000	9.25000
1.75000	9.25000
2.00000	9.25000
2.25000	9.25000
2.50000	9.25000
2.75000	9.25000
3.00000	9.25000
3.25000	9.25000
3.50000	9.25000
3.75000	9.25000
4.00000	9.25000
4.25000	9.25000
4.50000	9.25000
4.75000	9.25000
5.00000	9.25000
5.25000	9.25000
5.50000	9.25000
5.75000	9.25000
6.00000	9.25000
6.25000	9.25000
6.50000	9.25000
6.75000	9.25000
7.00000	9.25000
7.25000	9.25000
7.50000	9.25000
7.75000	9.25000
8.00000	9.25000
8.25000	9.25000
8.50000	9.25000
8.75000	9.25000
9.00000	9.25000
9.25000	9.25000
9.50000	9.25000
9.75000	9.25000
10.00000	9.25000
10.25000	9.25000
10.50000	9.25000
10.75000	9.25000
11.00000	9.25000
11.25000	9.25000
11.50000	9.25000
11.75000	9.25000
12.00000	9.25000
12.25000	9.25000
12.50000	9.25000
12.75000	9.25000
13.00000	9.25000
13.25000	9.25000
13.50000	9.25000
13.75000	9.25000
14.00000	9.25000
14.25000	9.25000
14.50000	9.25000
14.75000	9.25000
15.00000	9.25000
15.25000	9.25000
15.50000	9.25000
15.75000	9.25000
16.00000	9.25000
16.25000	9.25000
16.50000	9.25000
16.75000	9.25000
17.00000	9.25000
17.25000	9.25000
17.50000	9.25000
17.75000	9.25000
18.00000	9.25000
18.25000	9.25000
18.50000	9.25000
18.75000	9.25000
19.00000	9.25000
19.25000	9.25000
19.50000	9.25000
19.75000	9.25000
20.00000	9.25000
20.25000	9.25000
20.50000	9.25000
20.75000	9.25000
21.00000	9.25000
21.25000	9.25000
21.50000	9.25000
21.75000	9.25000
22.00000	9.25000
22.25000	9.25000
22.50000	9.25000
22.75000	9.25000
23.00000	9.25000
23.25000	9.25000
23.50000	9.25000
23.75000	9.25000
24.00000	9.25000
24.25000	9.25000
24.50000	9.25000
24.75000	9.25000
25.00000	9.25000
25.25000	9.25000
25.50000	9.25000
25.75000	9.25000
26.00000	9.25000
26.25000	9.25000
26.50000	9.25000
26.75000	9.25000
27.00000	9.25000
27.25000	9.25000
27.50000	9.25000
27.75000	9.25000
28.00000	9.25000
28.25000	9.25000
28.50000	9.25000
28.75000	9.25000
29.00000	9.25000
29.25000	9.25000
29.50000	9.25000
29.75000	9.25000
30.00000	9.25000
30.25000	9.25000
-0.25000	9.50000
0.00000	9.50000
0.25000	9.50000
0.50000	9.50000
0.75000	9.50000
1.00000	9.50000
1.25000	9.50000
1.50000	9.50000
1.75000	9.50000
2.00000	9.50000
2.25000	9.50000
2.50000	9.50000
2.75000	9.50000
3.00000	9.50000
3.25000	9.50000
3.50000	9.50000
3.75000	9.50000
4.00000	9.50000
4.25000	9.50000
4.50000	9.50000
4.75000	9.50000
5.00000	9.50000
5.25000	9.50000
5.50000	9.50000
5.75000	9.50000
6.00000	9.50000
6.25000	9.50000
6.50000	9.50000
6.75000	9.50000
7.00000	9.50000
7.25000	9.50000
7.50000	9.50000
7.75000	9.50000
8.00000	9.50000
8.25000	9.50000
8.50000	9.50000
8.75000	9.50000
9.00000	9.50000
9.25000	9.50000
9.50000	9.50000
9.75000	9.50000
10.00000	9.50000
10.25000	9.50000
10.50000	9.50000
10.75000	9.50000
11.00000	9.50000
11.25000	9.50000
11.50000	9.50000
11.75000	9.50000
12.00000	9.50000
12.25000	9.50000
12.50000	9.50000
12.75000	9.50000
13.00000	9.50000
13.25000	9.50000
13.50000	9.50000
13.75000	9.50000
14.00000	9.50000
14.25000	9.50000
14.50000	9.50000
14.75000	9.50000
15.00000	9.50000
15.25000	9.50000
15.50000	9.50000
15.75000	9.50000
16.00000	9.50000
16.25000	9.50000
16.50000	9.50000
16.75000	9.50000
17.00000	9.50000
17.25000	9.50000
17.50000	9.50000
17.75000	9.50000
18.00000	9.50000
18.25000	9.50000
18.50000	9.50000
18.75000	9.50000
19.00000	9.50000
19.25000	9.50000
19.50000	9.50000
19.75000	9.50000
20.00000	9.50000
20.25000	9.50000
20.50000	9.50000
20.75000	9.50000
21.00000	9.50000
21.25000	9.50000
21.50000	9.50000
21.75000	9.50000
22.00000	9.50000
22.25000	9.50000
22.50000	9.50000
22.75000	9.50000
23.00000	9.50000
23.25000	9.50000
23.50000	9.50000
23.75000	9.50000
24.00000	9.50000
24.25000	9.50000
24.50000	9.50000
24.75000	9.50000
25.00000	9.50000
25.25000	9.50000
25.50000	9.50000
25.75000	9.50000
26.00000	9.50000
26.25000	9.50000
26.50000	9.50000
26.75000	9.50000
27.00000	9.50000
27.25000	9.50000
27.50000	9.50000
27.75000	9.50000
28.00000	9.50000
28.25000	9.50000
28.50000	9.50000
28.75000	9.50000
29.00000	9.50000
29.25000	9.50000
29.50000	9.50000
29.75000	9.50000
30.00000	9.50000
30.25000	9.50000
-0.25000	9.75000
0.00000	9.75000
0.25000	9.75000
0.50000	9.75000
0.75000	9.75000
1.00000	9.75000
1.25000	9.75000
1.50000	9.75000
1.75000	9.75000
2.00000	9.75000
2.25000	9.75000
2.50000	9.75000
2.75000	9.75000
3.00000	9.75000
3.25000	9.75000
3.50000	9.75000
3.75000	9.75000
4.00000	9.75000
4.25000	9.75000
4.50000	9.75000
4.75000	9.75000
5.00000	9.75000
5.25000	9.75000
5.50000	9.75000
5.75000	9.75000
6.00000	9.75000
6.25000	9.75000
6.50000	9.75000
6.75000	9.75000
7.00000	9.75000
7.25000	9.75000
7.50000	9.75000
7.75000	9.75000
8.00000	9.75000
8.25000	9.75000
8.50000	9.75000
8.75000	9.75000
9.00000	9.75000
9.25000	9.75000
9.50000	9.75000
9.75000	9.75000
10.00000	9.75000
10.25000	9.75000
10.50000	9.75000
10.75000	9.75000
11.00000	9.75000
11.25000	9.75000
11.50000	9.75000
11.75000	9.75000
12.00000	9.75000
12.25000	9.75000
12.50000	9.75000
12.75000	9.75000
13.00000	9.75000
13.25000	9.75000
13.50000	9.75000
13.75000	9.75000
14.00000	9.75000
14.25000	9.75000
14.50000	9.75000
14.75000	9.75000
15.00000	9.75000
15.25000	9.75000
15.50000	9.75000
15.75000	9.75000
16.00000	9.75000
16.25000	9.75000
16.50000	9.75000
16.75000	9.75000
17.00000	9.75000
17.25000	9.75000
17.50000	9.75000
17.75000	9.75000
18.00000	9.75000
18.25000	9.75000
18.50000	9.75000
18.75000	9.75000
19.00000	9.75000
19.25000	9.75000
19.50000	9.75000
19.75000	9.75000
20.00000	9.75000
20.25000	9.75000
20.50000	9.75000
20.75000	9.75000
21.00000	9.75000
21.25000	9.75000
21.50000	9.75000
21.75000	9.75000
22.00000	9.75000
22.25000	9.75000
22.50000	9.75000
22.75000	9.75000
23.00000	9.75000
23.25000	9.75000
23.50000	9.75000
23.75000	9.75000
24.00000	9.75000
24.25000	9.75000
24.50000	9.75000
24.75000	9.75000
25.00000	9.75000
25.25000	9.75000
25.50000	9.75000
25.75000	9.75000
26.00000	9.75000
26.25000	9.75000
26.50000	9.75000
26.75000	9.75000
27.00000	9.75000
27.25000	9.75000
27.50000	9.75000
27.75000	9.75000
28.00000	9.75000
28.25000	9.75000
28.50000	9.75000
28.75000	9.75000
29.00000	9.75000
29.25000	9.75000
29.50000	9.75000
29.75000	9.75000
30.00000	9.75000
30.25000	9.75000
-0.25000	10.00000
0.00000	10.00000
0.25000	10.00000
0.50000	10.00000
0.75000	10.00000
1.00000	10.00000
1.25000	10.00000
1.50000	10.00000
1.75000	10.00000
2.00000	10.00000
2.25000	10.00000
2.50000	10.00000
2.75000	10.00000
3.00000	10.00000
3.25000	10.00000
3.50000	10.00000
3.75000	10.00000
4.00000	10.00000
4.25000	10.00000
4.50000	10.00000
4.75000	10.00000
5.00000	10.00000
5.25000	10.00000
5.50000	10.00000
5.75000	10.00000
6.00000	10.00000
6.25000	10.00000
6.50000	10.00000
6.75000	10.00000
7.00000	10.00000
7.25000	10.00000
7.50000	10.00000
7.75000	10.00000
8.00000	10.00000
8.25000	10.00000
8.50000	10.00000
8.75000	10.00000
9.00000	10.00000
9.25000	10.00000
9.50000	10.00000
9.75000	10.00000
10.00000	10.00000
10.25000	10.00000
10.50000	10.00000
10.75000	10.00000
11.00000	10.00000
11.25000	10.00000
11.50000	10.00000
11.75000	10.00000
12.00000	10.00000
12.25000	10.00000
12.50000	10.00000
12.75000	10.00000
13.00000	10.00000
13.25000	10.00000
13.50000	10.00000
13.75000	10.00000
14.00000	10.00000
14.25000	10.00000
14.50000	10.00000
14.75000	10.00000
15.00000	10.00000
15.25000	10.00000
15.50000	10.00000
15.75000	10.00000
16.00000	10.00000
16.25000	10.00000
16.50000	10.00000
16.75000	10.00000
17.00000	10.00000
17.25000	10.00000
17.50000	10.00000
17.75000	10.00000
18.00000	10.00000
18.25000	10.00000
18.50000	10.00000
18.75000	10.00000
19.00000	10.00000
19.25000	10.00000
19.50000	10.00000
19.75000	10.00000
20.00000	10.00000
20.25000	10.00000
20.50000	10.00000
20.75000	10.00000
21.00000	10.00000
21.25000	10.00000
21.50000	10.00000
21.75000	10.00000
22.00000	10.00000
22.25000	10.00000
22.50000	10.00000
22.75000	10.00000
23.00000	10.00000
23.25000	10.00000
23.50000	10.00000
23.75000	10.00000
24.00000	10.00000
24.25000	10.00000
24.50000	10.00000
24.75000	10.00000
25.00000	10.00000
25.25000	10.00000
25.50000	10.00000
25.75000	10.00000
26.00000	10.00000
26.25000	10.00000
26.50000	10.00000
26.75000	10.00000
27.00000	10.00000
27.25000	10.00000
27.50000	10.00000
27.75000	10.00000
28.00000	10.00000
28.25000	10.00000
28.50000	10.00000
28.75000	10.00000
29.00000	10.00000
29.25000	10.00000
29.50000	10.00000
29.75000	10.00000
30.00000	10.00000
30.25000	10.00000
-0.25000	10.25000
0.00000	10.25000
0.25000	10.25000
0.50000	10.25000
0.75000	10.25000
1.00000	10.25000
1.25000	10.25000
1.50000	10.25000
1.75000	10.25000
2.00000	10.25000
2.25000	10.25000
2.50000	10.25000
2.75000	10.25000
3.00000	10.25000
3.25000	10.25000
3.50000	10.25000
3.75000	10.25000
4.00000	10.25000
4.25000	10.25000
4.50000	10.25000
4.75000	10.25000
5.00000	10.25000
5.25000	10.25000
5.50000	10.25000
5.75000	10.25000
6.00000	10.25000
6.25000	10.25000
6.50000	10.25000
6.75000	10.25000
7.00000	10.25000
7.25000	10.25000
7.50000	10.25000
7.75000	10.25000
8.00000	10.25000
8.25000	10.25000
8.50000	10.25000
8.75000	10.25000
9.00000	10.25000
9.25000	10.25000
9.50000	10.25000
9.75000	10.25000
10.00000	10.25000
10.25000	10.25000
10.50000	10.25000
10.75000	10.25000
11.00000	10.25000
11.25000	10.25000
11.50000	10.25000
11.75000	10.25000
12.00000	10.25000
12.25000	10.25000
12.50000	10.25000
12.75000	10.25000
13.00000	10.25000
13.25000	10.25000
13.50000	10.25000
13.75000	10.25000
14.00000	10.25000
14.25000	10.25000
14.50000	10.25000
14.75000	10.25000
15.00000	10.25000
15.25000	10.25000
15.50000	10.25000
15.75000	10.25000
16.00000	10.25000
16.25000	10.25000
16.50000	10.25000
16.75000	10.25000
17.00000	10.25000
17.25000	10.25000
17.50000	10.25000
17.75000	10.25000
18.00000	10.25000
18.25000	10.25000
18.50000	10.25000
18.75000	10.25000
19.00000	10.25000
19.25000	10.25000
19.50000	10.25000
19.75000	10.25000
20.00000	10.25000
20.25000	10.25000
20.50000	10.25000
20.75000	10.25000
21.00000	10.25000
21.25000	10.25000
21.50000	10.25000
21.75000	10.25000
22.00000	10.25000
22.25000	10.25000
22.50000	10.25000
22.75000	10.25000
23.00000	10.25000
23.25000	10.25000
23.50000	10.25000
23.75000	10.25000
24.00000	10.25000
24.25000	10.25000
24.50000	10.25000
24.75000	10.25000
25.00000	10.25000
25.25000	10.25000
25.50000	10.25000
25.75000	10.25000
26.00000	10.25000
26.25000	10.25000
26.50000	10.25000
26.75000	10.25000
27.00000	10.25000
27.25000	10.25000
27.50000	10.25000
27.75000	10.25000
28.00000	10.25000
28.25000	10.25000
28.50000	10.25000
28.75000	10.25000
29.00000	10.25000
29.25000	10.25000
29.50000	10.25000
29.75000	10.25000
30.00000	10.25000
30.25000	10.25000
-0.25000	10.50000
0.00000	10.50000
0.25000	10.50000
0.50000	10.50000
0.75000	10.50000
1.00000	10.50000
1.25000	10.50000
1.50000	10.50000
1.75000	10.50000
2.00000	10.50000
2.25000	10.50000
2.50000	10.50000
2.75000	10.50000
3.00000	10.50000
3.25000	10.50000
3.50000	10.50000
3.75000	10.50000
4.00000	10.50000
4.25000	10.50000
4.50000	10.50000
4.75000	10.50000
5.00000	10.50000
5.25000	10.50000
5.50000	10.50000
5.75000	10.50000
6.00000	10.50000
6.25000	10.50000
6.50000	10.50000
6.75000	10.50000
7.00000	10.50000
7.25000	10.50000
7.50000	10.50000
7.75000	10.50000
8.00000	10.50000
8.25000	10.50000
8.50000	10.50000
8.75000	10.50000
9.00000	10.50000
9.25000	10.50000
9.50000	10.50000
9.75000	10.50000
10.00000	10.50000
10.25000	10.50000
10.50000	10.50000
10.75000	10.50000
11.00000	10.50000
11.25000	10.50000
11.50000	10.50000
11.75000	10.50000
12.00000	10.50000
12.25000	10.50000
12.50000	10.50000
12.75000	10.50000
13.00000	10.50000
13.25000	10.50000
13.50000	10.50000
13.75000	10.50000
14.00000	10.50000
14.25000	10.50000
14.50000	10.50000
14.75000	10.50000
15.00000	10.50000
15.25000	10.50000
15.50000	10.50000
15.75000	10.50000
16.00000	10.50000
16.25000	10.50000
16.50000	10.50000
16.75000	10.50000
17.00000	10.50000
17.25000	10.50000
17.50000	10.50000
17.75000	10.50000
18.00000	10.50000
18.25000	10.50000
18.50000	10.50000
18.75000	10.50000
19.00000	10.50000
19.25000	10.50000
19.50000	10.50000
19.75000	10.50000
20.00000	10.50000
20.25000	10.50000
20.50000	10.50000
20.75000	10.50000
21.00000	10.50000
21.25000	10.50000
21.50000	10.50000
21.75000	10.50000
22.00000	10.50000
22.25000	10.50000
22.50000	10.50000
22.75000	10.50000
23.00000	10.50000
23.25000	10.50000
23.50000	10.50000
23.75000	10.50000
24.00000	10.50000
24.25000	10.50000
24.50000	10.50000
24.75000	10.50000
25.00000	10.50000
25.25000	10.50000
25.50000	10.50000
25.75000	10.50000
26.00000	10.50000
26.25000	10.50000
26.50000	10.50000
26.75000	10.50000
27.00000	10.50000
27.25000	10.50000
27.50000	10.50000
27.75000	10.50000
28.00000	10.50000
28.25000	10.50000
28.50000	10.50000
28.75000	10.50000
29.00000	10.50000
29.25000	10.50000
29.50000	10.50000
29.75000	10.50000
30.00000	10.50000
30.25000	10.50000
-0.25000	10.75000
0.00000	10.75000
0.25000	10.75000
0.50000	10.75000
0.75000	10.75000
1.00000	10.75000
1.25000	10.75000
1.50000	10.75000
1.75000	10.75000
2.00000	10.75000
2.25000	10.75000
2.50000	10.75000
2.75000	10.75000
3.00000	10.75000
3.25000	10.75000
3.50000	10.75000
3.75000	10.75000
4.00000	10.75000
4.25000	10.75000
4.50000	10.75000
4.75000	10.75000
5.00000	10.75000
5.25000	10.75000
5.50000	10.75000
5.75000	10.75000
6.00000	10.75000
6.25000	10.75000
6.50000	10.75000
6.75000	10.75000
7.00000	10.75000
7.25000	10.75000
7.50000	10.75000
7.75000	10.75000
8.00000	10.75000
8.25000	10.75000
8.50000	10.75000
8.75000	10.75000
9.00000	10.75000
9.25000	10.75000
9.50000	10.75000
9.75000	10.75000
10.00000	10.75000
10.25000	10.75000
10.50000	10.75000
10.75000	10.75000
11.00000	10.75000
11.25000	10.75000
11.50000	10.75000
11.75000	10.75000
12.00000	10.75000
12.25000	10.75000
12.50000	10.75000
12.75000	10.75000
13.00000	10.75000
13.25000	10.75000
13.50000	10.75000
13.75000	10.75000
14.00000	10.75000
14.25000	10.75000
14.50000	10.75000
14.75000	10.75000
15.00000	10.75000
15.25000	10.75000
15.50000	10.75000
15.75000	10.75000
16.00000	10.75000
16.25000	10.75000
16.50000	10.75000
16.75000	10.75000
17.00000	10.75000
17.25000	10.75000
17.50000	10.75000
17.75000	10.75000
18.00000	10.75000
18.25000	10.75000
18.50000	10.75000
18.75000	10.75000
19.00000	10.75000
19.25000	10.75000
19.50000	10.75000
19.75000	10.75000
20.00000	10.75000
20.25000	10.75000
20.50000	10.75000
20.75000	10.75000
21.00000	10.75000
21.25000	10.75000
21.50000	10.75000
21.75000	10.75000
22.00000	10.75000
22.25000	10.75000
22.50000	10.75000
22.75000	10.75000
23.00000	10.75000
23.25000	10.75000
23.50000	10.75000
23.75000	10.75000
24.00000	10.75000
24.25000	10.75000
24.50000	10.75000
24.75000	10.75000
25.00000	10.75000
25.25000	10.75000
25.50000	10.75000
25.75000	10.75000
26.00000	10.75000
26.25000	10.75000
26.50000	10.75000
26.75000	10.75000
27.00000	10.75000
27.25000	10.75000
27.50000	10.75000
27.75000	10.75000
28.00000	10.75000
28.25000	10.75000
28.50000	10.75000
28.75000	10.75000
29.00000	10.75000
29.25000	10.75000
29.50000	10.75000
29.75000	10.75000
30.00000	10.75000
30.25000	10.75000
-0.25000	11.00000
0.00000	11.00000
0.25000	11.00000
0.50000	11.00000
0.75000	11.00000
1.00000	11.00000
1.25000	11.00000
1.50000	11.00000
1.75000	11.00000
2.00000	11.00000
2.25000	11.00000
2.50000	11.00000
2.75000	11.00000
3.00000	11.00000
3.25000	11.00000
3.50000	11.00000
3.75000	11.00000
4.00000	11.00000
4.25000	11.00000
4.50000	11.00000
4.75000	11.00000
5.00000	11.00000
5.25000	11.00000
5.50000	11.00000
5.75000	11.00000
6.00000	11.00000
6.25000	11.00000
6.50000	11.00000
6.75000	11.00000
7.00000	11.00000
7.25000	11.00000
7.50000	11.00000
7.75000	11.00000
8.00000	11.00000
8.25000	11.00000
8.50000	11.00000
8.75000	11.00000
9.00000	11.00000
9.25000	11.00000
9.50000	11.00000
9.75000	11.00000
10.00000	11.00000
10.25000	11.00000
10.50000	11.00000
10.75000	11.00000
11.00000	11.00000
11.25000	11.00000
11.50000	11.00000
11.75000	11.00000
12.00000	11.00000
12.25000	11.00000
12.50000	11.00000
12.75000	11.00000
13.00000	11.00000
13.25000	11.00000
13.50000	11.00000
13.75000	11.00000
14.00000	11.00000
14.25000	11.00000
14.50000	11.00000
14.75000	11.00000
15.00000	11.00000
15.25000	11.00000
15.50000	11.00000
15.75000	11.00000
16.00000	11.00000
16.25000	11.00000
16.50000	11.00000
16.75000	11.00000
17.00000	11.00000
17.25000	11.00000
17.50000	11.00000
17.75000	11.00000
18.00000	11.00000
18.25000	11.00000
18.50000	11.00000
18.75000	11.00000
19.00000	11.00000
19.25000	11.00000
19.50000	11.00000
19.75000	11.00000
20.00000	11.00000
20.25000	11.00000
20.50000	11.00000
20.75000	11.00000
21.00000	11.00000
21.25000	11.00000
21.50000	11.00000
21.75000	11.00000
22.00000	11.00000
22.25000	11.00000
22.50000	11.00000
22.75000	11.00000
23.00000	11.00000
23.25000	11.00000
23.50000	11.00000
23.75000	11.00000
24.00000	11.00000
24.25000	11.00000
24.50000	11.00000
24.75000	11.00000
25.00000	11.00000
25.25000	11.00000
25.50000	11.00000
25.75000	11.00000
26.00000	11.00000
26.25000	11.00000
26.50000	11.00000
26.75000	11.00000
27.00000	11.00000
27.25000	11.00000
27.50000	11.00000
27.75000	11.00000
28.00000	11.00000
28.25000	11.00000
28.50000	11.00000
28.75000	11.00000
29.00000	11.00000
29.25000	11.00000
29.50000	11.00000
29.75000	11.00000
30.00000	11.00000
30.25000	11.00000
-0.25000	11.25000
0.00000	11.25000
0.25000	11.25000
0.50000	11.25000
0.75000	11.25000
1.00000	11.25000
1.25000	11.25000
1.50000	11.25000
1.75000	11.25000
2.00000	11.25000
2.25000	11.25000
2.50000	11.25000
2.75000	11.25000
3.00000	11.25000
3.25000	11.25000
3.50000	11.25000
3.75000	11.25000
4.00000	11.25000
4.25000	11.25000
4.50000	11.25000
4.75000	11.25000
5.00000	11.25000
5.25000	11.25000
5.50000	11.25000
5.75000	11.25000
6.00000	11.25000
6.25000	11.25000
6.50000	11.25000
6.75000	11.25000
7.00000	11.25000
7.25000	11.25000
7.50000	11.25000
7.75000	11.25000
8.00000	11.25000
8.25000	11.25000
8.50000	11.25000
8.75000	11.25000
9.00000	11.25000
9.25000	11.25000
9.50000	11.25000
9.75000	11.25000
10.00000	11.25000
10.25000	11.25000
10.50000	11.25000
10.75000	11.25000
11.00000	11.25000
11.25000	11.25000
11.50000	11.25000
11.75000	11.25000
12.00000	11.25000
12.25000	11.25000
12.50000	11.25000
12.75000	11.25000
13.00000	11.25000
13.25000	11.25000
13.50000	11.25000
13.75000	11.25000
14.00000	11.25000
14.25000	11.25000
14.50000	11.25000
14.75000	11.25000
15.00000	11.25000
15.25000	11.25000
15.50000	11.25000
15.75000	11.25000
16.00000	11.25000
16.25000	11.25000
16.50000	11.25000
16.75000	11.25000
17.00000	11.25000
17.25000	11.25000
17.50000	11.25000
17.75000	11.25000
18.00000	11.25000
18.25000	11.25000
18.50000	11.25000
18.75000	11.25000
19.00000	11.25000
19.25000	11.25000
19.50000	11.25000
19.75000	11.25000
20.00000	11.25000
20.25000	11.25000
20.50000	11.25000
20.75000	11.25000
21.00000	11.25000
21.25000	11.25000
21.50000	11.25000
21.75000	11.25000
22.00000	11.25000
22.25000	11.25000
22.50000	11.25000
22.75000	11.25000
23.00000	11.25000
23.25000	11.25000
23.50000	11.25000
23.75000	11.25000
24.00000	11.25000
24.25000	11.25000
24.50000	11.25000
24.75000	11.25000
25.00000	11.25000
25.25000	11.25000
25.50000	11.25000
25.75000	11.25000
26.00000	11.25000
26.25000	11.25000
26.50000	11.25000
26.75000	11.25000
27.00000	11.25000
27.25000	11.25000
27.50000	11.25000
27.75000	11.25000
28.00000	11.25000
28.25000	11.25000
28.50000	11.25000
28.75000	11.25000
29.00000	11.25000
29.25000	11.25000
29.50000	11.25000
29.75000	11.25000
30.00000	11.25000
30.25000	11.25000
-0.25000	11.50000
0.00000	11.50000
0.25000	11.50000
0.50000	11.50000
0.75000	11.50000
1.00000	11.50000
1.25000	11.50000
1.50000	11.50000
1.75000	11.50000
2.00000	11.50000
2.25000	11.50000
2.50000	11.50000
2.75000	11.50000
3.00000	11.50000
3.25000	11.50000
3.50000	11.50000
3.75000	11.50000
4.00000	11.50000
4.25000	11.50000
4.50000	11.50000
4.75000	11.50000
5.00000	11.50000
5.25000	11.50000
5.50000	11.50000
5.75000	11.50000
6.00000	11.50000
6.25000	11.50000
6.50000	11.50000
6.75000	11.50000
7.00000	11.50000
7.25000	11.50000
7.50000	11.50000
7.75000	11.50000
8.00000	11.50000
8.25000	11.50000
8.50000	11.50000
8.75000	11.50000
9.00000	11.50000
9.25000	11.50000
9.50000	11.50000
9.75000	11.50000
10.00000	11.50000
10.25000	11.50000
10.50000	11.50000
10.75000	11.50000
11.00000	11.50000
11.25000	11.50000
11.50000	11.50000
11.75000	11.50000
12.00000	11.50000
12.25000	11.50000
12.50000	11.50000
12.75000	11.50000
13.00000	11.50000
13.25000	11.50000
13.50000	11.50000
13.75000	11.50000
14.00000	11.50000
14.25000	11.50000
14.50000	11.50000
14.75000	11.50000
15.00000	11.50000
15.25000	11.50000
15.50000	11.50000
15.75000	11.50000
16.00000	11.50000
16.25000	11.50000
16.50000	11.50000
16.75000	11.50000
17.00000	11.50000
17.25000	11.50000
17.50000	11.50000
17.75000	11.50000
18.00000	11.50000
18.25000	11.50000
18.50000	11.50000
18.75000	11.50000
19.00000	11.50000
19.25000	11.50000
19.50000	11.50000
19.75000	11.50000
20.00000	11.50000
20.25000	11.50000
20.50000	11.50000
20.75000	11.50000
21.00000	11.50000
21.25000	11.50000
21.50000	11.50000
21.75000	11.50000
22.00000	11.50000
22.25000	11.50000
22.50000	11.50000
22.75000	11.50000
23.00000	11.50000
23.25000	11.50000
23.50000	11.50000
23.75000	11.50000
24.00000	11.50000
24.25000	11.50000
24.50000	11.50000
24.75000	11.50000
25.00000	11.50000
25.25000	11.50000
25.50000	11.50000
25.75000	11.50000
26.00000	11.50000
26.25000	11.50000
26.50000	11.50000
26.75000	11.50000
27.00000	11.50000
27.25000	11.50000
27.50000	11.50000
27.75000	11.50000
28.00000	11.50000
28.25000	11.50000
28.50000	11.50000
28.75000	11.50000
29.00000	11.50000
29.25000	11.50000
29.50000	11.50000
29.75000	11.50000
30.00000	11.50000
30.25000	11.50000
-0.25000	11.75000
0.00000	11.75000
0.25000	11.75000
0.50000	11.75000
0.75000	11.75000
1.00000	11.75000
1.25000	11.75000
1.50000	11.75000
1.75000	11.75000
2.00000	11.75000
2.25000	11.75000
2.50000	11.75000
2.75000	11.75000
3.00000	11.75000
3.25000	11.75000
3.50000	11.75000
3.75000	11.75000
4.00000	11.75000
4.25000	11.75000
4.50000	11.75000
4.75000	11.75000
5.00000	11.75000
5.25000	11.75000
5.50000	11.75000
5.75000	11.75000
6.00000	11.75000
6.25000	11.75000
6.50000	11.75000
6.75000	11.75000
7.00000	11.75000
7.25000	11.75000
7.50000	11.75000
7.75000	11.75000
8.00000	11.75000
8.25000	11.75000
8.50000	11.75000
8.75000	11.75000
9.00000	11.75000
9.25000	11.75000
9.50000	11.75000
9.75000	11.75000
10.00000	11.75000
10.25000	11.75000
10.50000	11.75000
10.75000	11.75000
11.00000	11.75000
11.25000	11.75000
11.50000	11.75000
11.75000	11.75000
12.00000	11.75000
12.25000	11.75000
12.50000	11.75000
12.75000	11.75000
13.00000	11.75000
13.25000	11.75000
13.50000	11.75000
13.75000	11.75000
14.00000	11.75000
14.25000	11.75000
14.50000	11.75000
14.75000	11.75000
15.00000	11.75000
15.25000	11.75000
15.50000	11.75000
15.75000	11.75000
16.00000	11.75000
16.25000	11.75000
16.50000	11.75000
16.75000	11.75000
17.00000	11.75000
17.25000	11.75000
17.50000	11.75000
17.75000	11.75000
18.00000	11.75000
18.25000	11.75000
18.50000	11.75000
18.75000	11.75000
19.00000	11.75000
19.25000	11.75000
19.50000	11.75000
19.75000	11.75000
20.00000	11.75000
20.25000	11.75000
20.50000	11.75000
20.75000	11.75000
21.00000	11.75000
21.25000	11.75000
21.50000	11.75000
21.75000	11.75000
22.00000	11.75000
22.25000	11.75000
22.50000	11.75000
22.75000	11.75000
23.00000	11.75000
23.25000	11.75000
23.50000	11.75000
23.75000	11.75000
24.00000	11.75000
24.25000	11.75000
24.50000	11.75000
24.75000	11.75000
25.00000	11.75000
25.25000	11.75000
25.50000	11.75000
25.75000	11.75000
26.00000	11.75000
26.25000	11.75000
26.50000	11.75000
26.75000	11.75000
27.00000	11.75000
27.25000	11.75000
27.50000	11.75000
27.75000	11.75000
28.00000	11.75000
28.25000	11.75000
28.50000	11.75000
28.75000	11.75000
29.00000	11.75000
29.25000	11.75000
29.50000	11.75000
29.75000	11.75000
30.00000	11.75000
30.25000	11.75000
-0.25000	12.00000
0.00000	12.00000
0.25000	12.00000
0.50000	12.00000
0.75000	12.00000
1.00000	12.00000
1.25000	12.00000
1.50000	12.00000
1.75000	12.00000
2.00000	12.00000
2.25000	12.00000
2.50000	12.00000
2.75000	12.00000
3.00000	12.00000
3.25000	12.00000
3.50000	12.00000
3.75000	12.00000
4.00000	12.00000
4.25000	12.00000
4.50000	12.00000
4.75000	12.00000
5.00000	12.00000
5.25000	12.00000
5.50000	12.00000
5.75000	12.00000
6.00000	12.00000
6.25000	12.00000
6.50000	12.00000
6.75000	12.00000
7.00000	12.00000
7.25000	12.00000
7.50000	12.00000
7.75000	12.00000
8.00000	12.00000
8.25000	12.00000
8.50000	12.00000
8.75000	12.00000
9.00000	12.00000
9.25000	12.00000
9.50000	12.00000
9.75000	12.00000
10.00000	12.00000
10.25000	12.00000
10.50000	12.00000
10.75000	12.00000
11.00000	12.00000
11.25000	12.00000
11.50000	12.00000
11.75000	12.00000
12.00000	12.00000
12.25000	12.00000
12.50000	12.00000
12.75000	12.00000
13.00000	12.00000
13.25000	12.00000
13.50000	12.00000
13.75000	12.00000
14.00000	12.00000
14.25000	12.00000
14.50000	12.00000
14.75000	12.00000
15.00000	12.00000
15.25000	12.00000
15.50000	12.00000
15.75000	12.00000
16.00000	12.00000
16.25000	12.00000
16.50000	12.00000
16.75000	12.00000
17.00000	12.00000
17.25000	12.00000
17.50000	12.00000
17.75000	12.00000
18.00000	12.00000
18.25000	12.00000
18.50000	12.00000
18.75000	12.00000
19.00000	12.00000
19.25000	12.00000
19.50000	12.00000
19.75000	12.00000
20.00000	12.00000
20.25000	12.00000
20.50000	12.00000
20.75000	12.00000
21.00000	12.00000
21.25000	12.00000
21.50000	12.00000
21.75000	12.00000
22.00000	12.00000
22.25000	12.00000
22.50000	12.00000
22.75000	12.00000
23.00000	12.00000
23.25000	12.00000
23.50000	12.00000
23.75000	12.00000
24.00000	12.00000
24.25000	12.00000
24.50000	12.00000
24.75000	12.00000
25.00000	12.00000
25.25000	12.00000
25.50000	12.00000
25.75000	12.00000
26.00000	12.00000
26.25000	12.00000
26.50000	12.00000
26.75000	12.00000
27.00000	12.00000
27.25000	12.00000
27.50000	12.00000
27.75000	12.00000
28.00000	12.00000
28.25000	12.00000
28.50000	12.00000
28.75000	12.00000
29.00000	12.00000
29.25000	12.00000
29.50000	12.00000
29.75000	12.00000
30.00000	12.00000
30.25000	12.00000
-0.25000	12.25000
0.00000	12.25000
0.25000	12.25000
0.50000	12.25000
0.75000	12.25000
1.00000	12.25000
1.25000	12.25000
1.50000	12.25000
1.75000	12.25000
2.00000	12.25000
2.25000	12.25000
2.50000	12.25000
2.75000	12.25000
3.00000	12.25000
3.25000	12.25000
3.50000	12.25000
3.75000	12.25000
4.00000	12.25000
4.25000	12.25000
4.50000	12.25000
4.75000	12.25000
5.00000	12.25000
5.25000	12.25000
5.50000	12.25000
5.75000	12.25000
6.00000	12.25000
6.25000	12.25000
6.50000	12.25000
6.75000	12.25000
7.00000	12.25000
7.25000	12.25000
7.50000	12.25000
7.75000	12.25000
8.00000	12.25000
8.25000	12.25000
8.50000	12.25000
8.75000	12.25000
9.00000	12.25000
9.25000	12.25000
9.50000	12.25000
9.75000	12.25000
10.00000	12.25000
10.25000	12.25000
10.50000	12.25000
10.75000	12.25000
11.00000	12.25000
11.25000	12.25000
11.50000	12.25000
11.75000	12.25000
12.00000	12.25000
12.25000	12.25000
12.50000	12.25000
12.75000	12.25000
13.00000	12.25000
13.25000	12.25000
13.50000	12.25000
13.75000	12.25000
14.00000	12.25000
14.25000	12.25000
14.50000	12.25000
14.75000	12.25000
15.00000	12.25000
15.25000	12.25000
15.50000	12.25000
15.75000	12.25000
16.00000	12.25000
16.25000	12.25000
16.50000	12.25000
16.75000	12.25000
17.00000	12.25000
17.25000	12.25000
17.50000	12.25000
17.75000	12.25000
18.00000	12.25000
18.25000	12.25000
18.50000	12.25000
18.75000	12.25000
19.00000	12.25000
19.25000	12.25000
19.50000	12.25000
19.75000	12.25000
20.00000	12.25000
20.25000	12.25000
20.50000	12.25000
20.75000	12.25000
21.00000	12.25000
21.25000	12.25000
21.50000	12.25000
21.75000	12.25000
22.00000	12.25000
22.25000	12.25000
22.50000	12.25000
22.75000	12.25000
23.00000	12.25000
23.25000	12.25000
23.50000	12.25000
23.75000	12.25000
24.00000	12.25000
24.25000	12.25000
24.50000	12.25000
24.75000	12.25000
25.00000	12.25000
25.25000	12.25000
25.50000	12.25000
25.75000	12.25000
26.00000	12.25000
26.25000	12.25000
26.50000	12.25000
26.75000	12.25000
27.00000	12.25000
27.25000	12.25000
27.50000	12.25000
27.75000	12.25000
28.00000	12.25000
28.25000	12.25000
28.50000	12.25000
28.75000	12.25000
29.00000	12.25000
29.25000	12.25000
29.50000	12.25000
29.75000	12.25000
30.00000	12.25000
30.25000	12.25000
-0.25000	12.50000
0.00000	12.50000
0.25000	12.50000
0.50000	12.50000
0.75000	12.50000
1.00000	12.50000
1.25000	12.50000
1.50000	12.50000
1.75000	12.50000
2.00000	12.50000
2.25000	12.50000
2.50000	12.50000
2.75000	12.50000
3.00000	12.50000
3.25000	12.50000
3.50000	12.50000
3.75000	12.50000
4.00000	12.50000
4.25000	12.50000
4.50000	12.50000
4.75000	12.50000
5.00000	12.50000
5.25000	12.50000
5.50000	12.50000
5.75000	12.50000
6.00000	12.50000
6.25000	12.50000
6.50000	12.50000
6.75000	12.50000
7.00000	12.50000
7.25000	12.50000
7.50000	12.50000
7.75000	12.50000
8.00000	12.50000
8.25000	12.50000
8.50000	12.50000
8.75000	12.50000
9.00000	12.50000
9.25000	12.50000
9.50000	12.50000
9.75000	12.50000
10.00000	12.50000
10.25000	12.50000
10.50000	12.50000
10.75000	12.50000
11.00000	12.50000
11.25000	12.50000
11.50000	12.50000
11.75000	12.50000
12.00000	12.50000
12.25000	12.50000
12.50000	12.50000
12.75000	12.50000
13.00000	12.50000
13.25000	12.50000
13.50000	12.50000
13.75000	12.50000
14.00000	12.50000
14.25000	12.50000
14.50000	12.50000
14.75000	12.50000
15.00000	12.50000
15.25000	12.50000
15.50000	12.50000
15.75000	12.50000
16.00000	12.50000
16.25000	12.50000
16.50000	12.50000
16.75000	12.50000
17.00000	12.50000
17.25000	12.50000
17.50000	12.50000
17.75000	12.50000
18.00000	12.50000
18.25000	12.50000
18.50000	12.50000
18.75000	12.50000
19.00000	12.50000
19.25000	12.50000
19.50000	12.50000
19.75000	12.50000
20.00000	12.50000
20.25000	12.50000
20.50000	12.50000
20.75000	12.50000
21.00000	12.50000
21.25000	12.50000
21.50000	12.50000
21.75000	12.50000
22.00000	12.50000
22.25000	12.50000
22.50000	12.50000
22.75000	12.50000
23.00000	12.50000
23.25000	12.50000
23.50000	12.50000
23.75000	12.50000
24.00000	12.50000
24.25000	12.50000
24.50000	12.50000
24.75000	12.50000
25.00000	12.50000
25.25000	12.50000
25.50000	12.50000
25.75000	12.50000
26.00000	12.50000
26.25000	12.50000
26.50000	12.50000
26.75000	12.50000
27.00000	12.50000
27.25000	12.50000
27.50000	12.50000
27.75000	12.50000
28.00000	12.50000
28.25000	12.50000
28.50000	12.50000
28.75000	12.50000
29.00000	12.50000
29.25000	12.50000
29.50000	12.50000
29.75000	12.50000
30.00000	12.50000
30.25000	12.50000
-0.25000	12.75000
0.00000	12.75000
0.25000	12.75000
0.50000	12.75000
0.75000	12.75000
1.00000	12.75000
1.25000	12.75000
1.50000	12.75000
1.75000	12.75000
2.00000	12.75000
2.25000	12.75000
2.50000	12.75000
2.75000	12.75000
3.00000	12.75000
3.25000	12.75000
3.50000	12.75000
3.75000	12.75000
4.00000	12.75000
4.25000	12.75000
4.50000	12.75000
4.75000	12.75000
5.00000	12.75000
5.25000	12.75000
5.50000	12.75000
5.75000	12.75000
6.00000	12.75000
6.25000	12.75000
6.50000	12.75000
6.75000	12.75000
7.00000	12.75000
7.25000	12.75000
7.50000	12.75000
7.75000	12.75000
8.00000	12.75000
8.25000	12.75000
8.50000	12.75000
8.75000	12.75000
9.00000	12.75000
9.25000	12.75000
9.50000	12.75000
9.75000	12.75000
10.00000	12.75000
10.25000	12.75000
10.50000	12.75000
10.75000	12.75000
11.00000	12.75000
11.25000	12.75000
11.50000	12.75000
11.75000	12.75000
12.00000	12.75000
12.25000	12.75000
12.50000	12.75000
12.75000	12.75000
13.00000	12.75000
13.25000	12.75000
13.50000	12.75000
13.75000	12.75000
14.00000	12.75000
14.25000	12.75000
14.50000	12.75000
14.75000	12.75000
15.00000	12.75000
15.25000	12.75000
15.50000	12.75000
15.75000	12.75000
16.00000	12.75000
16.25000	12.75000
16.50000	12.75000
16.75000	12.75000
17.00000	12.75000
17.25000	12.75000
17.50000	12.75000
17.75000	12.75000
18.00000	12.75000
18.25000	12.75000
18.50000	12.75000
18.75000	12.75000
19.00000	12.75000
19.25000	12.75000
19.50000	12.75000
19.75000	12.75000
20.00000	12.75000
20.25000	12.75000
20.50000	12.75000
20.75000	12.75000
21.00000	12.75000
21.25000	12.75000
21.50000	12.75000
21.75000	12.75000
22.00000	12.75000
22.25000	12.75000
22.50000	12.75000
22.75000	12.75000
23.00000	12.75000
23.25000	12.75000
23.50000	12.75000
23.75000	12.75000
24.00000	12.75000
24.25000	12.75000
24.50000	12.75000
24.75000	12.75000
25.00000	12.75000
25.25000	12.75000
25.50000	12.75000
25.75000	12.75000
26.00000	12.75000
26.25000	12.75000
26.50000	12.75000
26.75000	12.75000
27.00000	12.75000
27.25000	12.75000
27.50000	12.75000
27.75000	12.75000
28.00000	12.75000
28.25000	12.75000
28.50000	12.75000
28.75000	12.75000
29.00000	12.75000
29.25000	12.75000
29.50000	12.75000
29.75000	12.75000
30.00000	12.75000
30.25000	12.75000
-0.25000	13.00000
0.00000	13.00000
0.25000	13.00000
0.50000	13.00000
0.75000	13.00000
1.00000	13.00000
1.25000	13.00000
1.50000	13.00000
1.75000	13.00000
2.00000	13.00000
2.25000	13.00000
2.50000	13.00000
2.75000	13.00000
3.00000	13.00000
3.25000	13.00000
3.50000	13.00000
3.75000	13.00000
4.00000	13.00000
4.25000	13.00000
4.50000	13.00000
4.75000	13.00000
5.00000	13.00000
5.25000	13.00000
5.50000	13.00000
5.75000	13.00000
6.00000	13.00000
6.25000	13.00000
6.50000	13.00000
6.75000	13.00000
7.00000	13.00000
7.25000	13.00000
7.50000	13.00000
7.75000	13.00000
8.00000	13.00000
8.25000	13.00000
8.50000	13.00000
8.75000	13.00000
9.00000	13.00000
9.25000	13.00000
9.50000	13.00000
9.75000	13.00000
10.00000	13.00000
10.25000	13.00000
10.50000	13.00000
10.75000	13.00000
11.00000	13.00000
11.25000	13.00000
11.50000	13.00000
11.75000	13.00000
12.00000	13.00000
12.25000	13.00000
12.50000	13.00000
12.75000	13.00000
13.00000	13.00000
13.25000	13.00000
13.50000	13.00000
13.75000	13.00000
14.00000	13.00000
14.25000	13.00000
14.50000	13.00000
14.75000	13.00000
15.00000	13.00000
15.25000	13.00000
15.50000	13.00000
15.75000	13.00000
16.00000	13.00000
16.25000	13.00000
16.50000	13.00000
16.75000	13.00000
17.00000	13.00000
17.25000	13.00000
17.50000	13.00000
17.75000	13.00000
18.00000	13.00000
18.25000	13.00000
18.50000	13.00000
18.75000	13.00000
19.00000	13.00000
19.25000	13.00000
19.50000	13.00000
19.75000	13.00000
20.00000	13.00000
20.25000	13.00000
20.50000	13.00000
20.75000	13.00000
21.00000	13.00000
21.25000	13.00000
21.50000	13.00000
21.75000	13.00000
22.00000	13.00000
22.25000	13.00000
22.50000	13.00000
22.75000	13.00000
23.00000	13.00000
23.25000	13.00000
23.50000	13.00000
23.75000	13.00000
24.00000	13.00000
24.25000	13.00000
24.50000	13.00000
24.75000	13.00000
25.00000	13.00000
25.25000	13.00000
25.50000	13.00000
25.75000	13.00000
26.00000	13.00000
26.25000	13.00000
26.50000	13.00000
26.75000	13.00000
27.00000	13.00000
27.25000	13.00000
27.50000	13.00000
27.75000	13.00000
28.00000	13.00000
28.25000	13.00000
28.50000	13.00000
28.75000	13.00000
29.00000	13.00000
29.25000	13.00000
29.50000	13.00000
29.75000	13.00000
30.00000	13.00000
30.25000	13.00000
-0.25000	13.25000
0.00000	13.25000
0.25000	13.25000
0.50000	13.25000
0.75000	13.25000
1.00000	13.25000
1.25000	13.25000
1.50000	13.25000
1.75000	13.25000
2.00000	13.25000
2.25000	13.25000
2.50000	13.25000
2.75000	13.25000
3.00000	13.25000
3.25000	13.25000
3.50000	13.25000
3.75000	13.25000
4.00000	13.25000
4.25000	13.25000
4.50000	13.25000
4.75000	13.25000
5.00000	13.25000
5.25000	13.25000
5.50000	13.25000
5.75000	13.25000
6.00000	13.25000
6.25000	13.25000
6.50000	13.25000
6.75000	13.25000
7.00000	13.25000
7.25000	13.25000
7.50000	13.25000
7.75000	13.25000
8.00000	13.25000
8.25000	13.25000
8.50000	13.25000
8.75000	13.25000
9.00000	13.25000
9.25000	13.25000
9.50000	13.25000
9.75000	13.25000
10.00000	13.25000
10.25000	13.25000
10.50000	13.25000
10.75000	13.25000
11.00000	13.25000
11.25000	13.25000
11.50000	13.25000
11.75000	13.25000
12.00000	13.25000
12.25000	13.25000
12.50000	13.25000
12.75000	13.25000
13.00000	13.25000
13.25000	13.25000
13.50000	13.25000
13.75000	13.25000
14.00000	13.25000
14.25000	13.25000
14.50000	13.25000
14.75000	13.25000
15.00000	13.25000
15.25000	13.25000
15.50000	13.25000
15.75000	13.25000
16.00000	13.25000
16.25000	13.25000
16.50000	13.25000
16.75000	13.25000
17.00000	13.25000
17.25000	13.25000
17.50000	13.25000
17.75000	13.25000
18.00000	13.25000
18.25000	13.25000
18.50000	13.25000
18.75000	13.25000
19.00000	13.25000
19.25000	13.25000
19.50000	13.25000
19.75000	13.25000
20.00000	13.25000
20.25000	13.25000
20.50000	13.25000
20.75000	13.25000
21.00000	13.25000
21.25000	13.25000
21.50000	13.25000
21.75000	13.25000
22.00000	13.25000
22.25000	13.25000
22.50000	13.25000
22.75000	13.25000
23.00000	13.25000
23.25000	13.25000
23.50000	13.25000
23.75000	13.25000
24.00000	13.25000
24.25000	13.25000
24.50000	13.25000
24.75000	13.25000
25.00000	13.25000
25.25000	13.25000
25.50000	13.25000
25.75000	13.25000
26.00000	13.25000
26.25000	13.25000
26.50000	13.25000
26.75000	13.25000
27.00000	13.25000
27.25000	13.25000
27.50000	13.25000
27.75000	13.25000
28.00000	13.25000
28.25000	13.25000
28.50000	13.25000
28.75000	13.25000
29.00000	13.25000
29.25000	13.25000
29.50000	13.25000
29.75000	13.25000
30.00000	13.25000
30.25000	13.25000
-0.25000	13.50000
0.00000	13.50000
0.25000	13.50000
0.50000	13.50000
0.75000	13.50000
1.00000	13.50000
1.25000	13.50000
1.50000	13.50000
1.75000	13.50000
2.00000	13.50000
2.25000	13.50000
2.50000	13.50000
2.75000	13.50000
3.00000	13.50000
3.25000	13.50000
3.50000	13.50000
3.75000	13.50000
4.00000	13.50000
4.25000	13.50000
4.50000	13.50000
4.75000	13.50000
5.00000	13.50000
5.25000	13.50000
5.50000	13.50000
5.75000	13.50000
6.00000	13.50000
6.25000	13.50000
6.50000	13.50000
6.75000	13.50000
7.00000	13.50000
7.25000	13.50000
7.50000	13.50000
7.75000	13.50000
8.00000	13.50000
8.25000	13.50000
8.50000	13.50000
8.75000	13.50000
9.00000	13.50000
9.25000	13.50000
9.50000	13.50000
9.75000	13.50000
10.00000	13.50000
10.25000	13.50000
10.50000	13.50000
10.75000	13.50000
11.00000	13.50000
11.25000	13.50000
11.50000	13.50000
11.75000	13.50000
12.00000	13.50000
12.25000	13.50000
12.50000	13.50000
12.75000	13.50000
13.00000	13.50000
13.25000	13.50000
13.50000	13.50000
13.75000	13.50000
14.00000	13.50000
14.25000	13.50000
14.50000	13.50000
14.75000	13.50000
15.00000	13.50000
15.25000	13.50000
15.50000	13.50000
15.75000	13.50000
16.00000	13.50000
16.25000	13.50000
16.50000	13.50000
16.75000	13.50000
17.00000	13.50000
17.25000	13.50000
17.50000	13.50000
17.75000	13.50000
18.00000	13.50000
18.25000	13.50000
18.50000	13.50000
18.75000	13.50000
19.00000	13.50000
19.25000	13.50000
19.50000	13.50000
19.75000	13.50000
20.00000	13.50000
20.25000	13.50000
20.50000	13.50000
20.75000	13.50000
21.00000	13.50000
21.25000	13.50000
21.50000	13.50000
21.75000	13.50000
22.00000	13.50000
22.25000	13.50000
22.50000	13.50000
22.75000	13.50000
23.00000	13.50000
23.25000	13.50000
23.50000	13.50000
23.75000	13.50000
24.00000	13.50000
24.25000	13.50000
24.50000	13.50000
24.75000	13.50000
25.00000	13.50000
25.25000	13.50000
25.50000	13.50000
25.75000	13.50000
26.00000	13.50000
26.25000	13.50000
26.50000	13.50000
26.75000	13.50000
27.00000	13.50000
27.25000	13.50000
27.50000	13.50000
27.75000	13.50000
28.00000	13.50000
28.25000	13.50000
28.50000	13.50000
28.75000	13.50000
29.00000	13.50000
29.25000	13.50000
29.50000	13.50000
29.75000	13.50000
30.00000	13.50000
30.25000	13.50000
-0.25000	13.75000
0.00000	13.75000
0.25000	13.75000
0.50000	13.75000
0.75000	13.75000
1.00000	13.75000
1.25000	13.75000
1.50000	13.75000
1.75000	13.75000
2.00000	13.75000
2.25000	13.75000
2.50000	13.75000
2.75000	13.75000
3.00000	13.75000
3.25000	13.75000
3.50000	13.75000
3.75000	13.75000
4.00000	13.75000
4.25000	13.75000
4.50000	13.75000
4.75000	13.75000
5.00000	13.75000
5.25000	13.75000
5.50000	13.75000
5.75000	13.75000
6.00000	13.75000
6.25000	13.75000
6.50000	13.75000
6.75000	13.75000
7.00000	13.75000
7.25000	13.75000
7.50000	13.75000
7.75000	13.75000
8.00000	13.75000
8.25000	13.75000
8.50000	13.75000
8.75000	13.75000
9.00000	13.75000
9.25000	13.75000
9.50000	13.75000
9.75000	13.75000
10.00000	13.75000
10.25000	13.75000
10.50000	13.75000
10.75000	13.75000
11.00000	13.75000
11.25000	13.75000
11.50000	13.75000
11.75000	13.75000
12.00000	13.75000
12.25000	13.75000
12.50000	13.75000
12.75000	13.75000
13.00000	13.75000
13.25000	13.75000
13.50000	13.75000
13.75000	13.75000
14.00000	13.75000
14.25000	13.75000
14.50000	13.75000
14.75000	13.75000
15.00000	13.75000
15.25000	13.75000
15.50000	13.75000
15.75000	13.75000
16.00000	13.75000
16.25000	13.75000
16.50000	13.75000
16.75000	13.75000
17.00000	13.75000
17.25000	13.75000
17.50000	13.75000
17.75000	13.75000
18.00000	13.75000
18.25000	13.75000
18.50000	13.75000
18.75000	13.75000
19.00000	13.75000
19.25000	13.75000
19.50000	13.75000
19.75000	13.75000
20.00000	13.75000
20.25000	13.75000
20.50000	13.75000
20.75000	13.75000
21.00000	13.75000
21.25000	13.75000
21.50000	13.75000
21.75000	13.75000
22.00000	13.75000
22.25000	13.75000
22.50000	13.75000
22.75000	13.75000
23.00000	13.75000
23.25000	13.75000
23.50000	13.75000
23.75000	13.75000
24.00000	13.75000
24.25000	13.75000
24.50000	13.75000
24.75000	13.75000
25.00000	13.75000
25.25000	13.75000
25.50000	13.75000
25.75000	13.75000
26.00000	13.75000
26.25000	13.75000
26.50000	13.75000
26.75000	13.75000
27.00000	13.75000
27.25000	13.75000
27.50000	13.75000
27.75000	13.75000
28.00000	13.75000
28.25000	13.75000
28.50000	13.75000
28.75000	13.75000
29.00000	13.75000
29.25000	13.75000
29.50000	13.75000
29.75000	13.75000
30.00000	13.75000
30.25000	13.75000
-0.25000	14.00000
0.00000	14.00000
0.25000	14.00000
0.50000	14.00000
0.75000	14.00000
1.00000	14.00000
1.25000	14.00000
1.50000	14.00000
1.75000	14.00000
2.00000	14.00000
2.25000	14.00000
2.50000	14.00000
2.75000	14.00000
3.00000	14.00000
3.25000	14.00000
3.50000	14.00000
3.75000	14.00000
4.00000	14.00000
4.25000	14.00000
4.50000	14.00000
4.75000	14.00000
5.00000	14.00000
5.25000	14.00000
5.50000	14.00000
5.75000	14.00000
6.00000	14.00000
6.25000	14.00000
6.50000	14.00000
6.75000	14.00000
7.00000	14.00000
7.25000	14.00000
7.50000	14.00000
7.75000	14.00000
8.00000	14.00000
8.25000	14.00000
8.50000	14.00000
8.75000	14.00000
9.00000	14.00000
9.25000	14.00000
9.50000	14.00000
9.75000	14.00000
10.00000	14.00000
10.25000	14.00000
10.50000	14.00000
10.75000	14.00000
11.00000	14.00000
11.25000	14.00000
11.50000	14.00000
11.75000	14.00000
12.00000	14.00000
12.25000	14.00000
12.50000	14.00000
12.75000	14.00000
13.00000	14.00000
13.25000	14.00000
13.50000	14.00000
13.75000	14.00000
14.00000	14.00000
14.25000	14.00000
14.50000	14.00000
14.75000	14.00000
15.00000	14.00000
15.25000	14.00000
15.50000	14.00000
15.75000	14.00000
16.00000	14.00000
16.25000	14.00000
16.50000	14.00000
16.75000	14.00000
17.00000	14.00000
17.25000	14.00000
17.50000	14.00000
17.75000	14.00000
18.00000	14.00000
18.25000	14.00000
18.50000	14.00000
18.75000	14.00000
19.00000	14.00000
19.25000	14.00000
19.50000	14.00000
19.75000	14.00000
20.00000	14.00000
20.25000	14.00000
20.50000	14.00000
20.75000	14.00000
21.00000	14.00000
21.25000	14.00000
21.50000	14.00000
21.75000	14.00000
22.00000	14.00000
22.25000	14.00000
22.50000	14.00000
22.75000	14.00000
23.00000	14.00000
23.25000	14.00000
23.50000	14.00000
23.75000	14.00000
24.00000	14.00000
24.25000	14.00000
24.50000	14.00000
24.75000	14.00000
25.00000	14.00000
25.25000	14.00000
25.50000	14.00000
25.75000	14.00000
26.00000	14.00000
26.25000	14.00000
26.50000	14.00000
26.75000	14.00000
27.00000	14.00000
27.25000	14.00000
27.50000	14.00000
27.75000	14.00000
28.00000	14.00000
28.25000	14.00000
28.50000	14.00000
28.75000	14.00000
29.00000	14.00000
29.25000	14.00000
29.50000	14.00000
29.75000	14.00000
30.00000	14.00000
30.25000	14.00000
-0.25000	14.25000
0.00000	14.25000
0.25000	14.25000
0.50000	14.25000
0.75000	14.25000
1.00000	14.25000
1.25000	14.25000
1.50000	14.25000
1.75000	14.25000
2.00000	14.25000
2.25000	14.25000
2.50000	14.25000
2.75000	14.25000
3.00000	14.25000
3.25000	14.25000
3.50000	14.25000
3.75000	14.25000
4.00000	14.25000
4.25000	14.25000
4.50000	14.25000
4.75000	14.25000
5.00000	14.25000
5.25000	14.25000
5.50000	14.25000
5.75000	14.25000
6.00000	14.25000
6.25000	14.25000
6.50000	14.25000
6.75000	14.25000
7.00000	14.25000
7.25000	14.25000
7.50000	14.25000
7.75000	14.25000
8.00000	14.25000
8.25000	14.25000
8.50000	14.25000
8.75000	14.25000
9.00000	14.25000
9.25000	14.25000
9.50000	14.25000
9.75000	14.25000
10.00000	14.25000
10.25000	14.25000
10.50000	14.25000
10.75000	14.25000
11.00000	14.25000
11.25000	14.25000
11.50000	14.25000
11.75000	14.25000
12.00000	14.25000
12.25000	14.25000
12.50000	14.25000
12.75000	14.25000
13.00000	14.25000
13.25000	14.25000
13.50000	14.25000
13.75000	14.25000
14.00000	14.25000
14.25000	14.25000
14.50000	14.25000
14.75000	14.25000
15.00000	14.25000
15.25000	14.25000
15.50000	14.25000
15.75000	14.25000
16.00000	14.25000
16.25000	14.25000
16.50000	14.25000
16.75000	14.25000
17.00000	14.25000
17.25000	14.25000
17.50000	14.25000
17.75000	14.25000
18.00000	14.25000
18.25000	14.25000
18.50000	14.25000
18.75000	14.25000
19.00000	14.25000
19.25000	14.25000
19.50000	14.25000
19.75000	14.25000
20.00000	14.25000
20.25000	14.25000
20.50000	14.25000
20.75000	14.25000
21.00000	14.25000
21.25000	14.25000
21.50000	14.25000
21.75000	14.25000
22.00000	14.25000
22.25000	14.25000
22.50000	14.25000
22.75000	14.25000
23.00000	14.25000
23.25000	14.25000
23.50000	14.25000
23.75000	14.25000
24.00000	14.25000
24.25000	14.25000
24.50000	14.25000
24.75000	14.25000
25.00000	14.25000
25.25000	14.25000
25.50000	14.25000
25.75000	14.25000
26.00000	14.25000
26.25000	14.25000
26.50000	14.25000
26.75000	14.25000
27.00000	14.25000
27.25000	14.25000
27.50000	14.25000
27.75000	14.25000
28.00000	14.25000
28.25000	14.25000
28.50000	14.25000
28.75000	14.25000
29.00000	14.25000
29.25000	14.25000
29.50000	14.25000
29.75000	14.25000
30.00000	14.25000
30.25000	14.25000
-0.25000	14.50000
0.00000	14.50000
0.25000	14.50000
0.50000	14.50000
0.75000	14.50000
1.00000	14.50000
1.25000	14.50000
1.50000	14.50000
1.75000	14.50000
2.00000	14.50000
2.25000	14.50000
2.50000	14.50000
2.75000	14.50000
3.00000	14.50000
3.25000	14.50000
3.50000	14.50000
3.75000	14.50000
4.00000	14.50000
4.25000	14.50000
4.50000	14.50000
4.75000	14.50000
5.00000	14.50000
5.25000	14.50000
5.50000	14.50000
5.75000	14.50000
6.00000	14.50000
6.25000	14.50000
6.50000	14.50000
6.75000	14.50000
7.00000	14.50000
7.25000	14.50000
7.50000	14.50000
7.75000	14.50000
8.00000	14.50000
8.25000	14.50000
8.50000	14.50000
8.75000	14.50000
9.00000	14.50000
9.25000	14.50000
9.50000	14.50000
9.75000	14.50000
10.00000	14.50000
10.25000	14.50000
10.50000	14.50000
10.75000	14.50000
11.00000	14.50000
11.25000	14.50000
11.50000	14.50000
11.75000	14.50000
12.00000	14.50000
12.25000	14.50000
12.50000	14.50000
12.75000	14.50000
13.00000	14.50000
13.25000	14.50000
13.50000	14.50000
13.75000	14.50000
14.00000	14.50000
14.25000	14.50000
14.50000	14.50000
14.75000	14.50000
15.00000	14.50000
15.25000	14.50000
15.50000	14.50000
15.75000	14.50000
16.00000	14.50000
16.25000	14.50000
16.50000	14.50000
16.75000	14.50000
17.00000	14.50000
17.25000	14.50000
17.50000	14.50000
17.75000	14.50000
18.00000	14.50000
18.25000	14.50000
18.50000	14.50000
18.75000	14.50000
19.00000	14.50000
19.25000	14.50000
19.50000	14.50000
19.75000	14.50000
20.00000	14.50000
20.25000	14.50000
20.50000	14.50000
20.75000	14.50000
21.00000	14.50000
21.25000	14.50000
21.50000	14.50000
21.75000	14.50000
22.00000	14.50000
22.25000	14.50000
22.50000	14.50000
22.75000	14.50000
23.00000	14.50000
23.25000	14.50000
23.50000	14.50000
23.75000	14.50000
24.00000	14.50000
24.25000	14.50000
24.50000	14.50000
24.75000	14.50000
25.00000	14.50000
25.25000	14.50000
25.50000	14.50000
25.75000	14.50000
26.00000	14.50000
26.25000	14.50000
26.50000	14.50000
26.75000	14.50000
27.00000	14.50000
27.25000	14.50000
27.50000	14.50000
27.75000	14.50000
28.00000	14.50000
28.25000	14.50000
28.50000	14.50000
28.75000	14.50000
29.00000	14.50000
29.25000	14.50000
29.50000	14.50000
29.75000	14.50000
30.00000	14.50000
30.25000	14.50000
-0.25000	14.75000
0.00000	14.75000
0.25000	14.75000
0.50000	14.75000
0.75000	14.75000
1.00000	14.75000
1.25000	14.75000
1.50000	14.75000
1.75000	14.75000
2.00000	14.75000
2.25000	14.75000
2.50000	14.75000
2.75000	14.75000
3.00000	14.75000
3.25000	14.75000
3.50000	14.75000
3.75000	14.75000
4.00000	14.75000
4.25000	14.75000
4.50000	14.75000
4.75000	14.75000
5.00000	14.75000
5.25000	14.75000
5.50000	14.75000
5.75000	14.75000
6.00000	14.75000
6.25000	14.75000
6.50000	14.75000
6.75000	14.75000
7.00000	14.75000
7.25000	14.75000
7.50000	14.75000
7.75000	14.75000
8.00000	14.75000
8.25000	14.75000
8.50000	14.75000
8.75000	14.75000
9.00000	14.75000
9.25000	14.75000
9.50000	14.75000
9.75000	14.75000
10.00000	14.75000
10.25000	14.75000
10.50000	14.75000
10.75000	14.75000
11.00000	14.75000
11.25000	14.75000
11.50000	14.75000
11.75000	14.75000
12.00000	14.75000
12.25000	14.75000
12.50000	14.75000
12.75000	14.75000
13.00000	14.75000
13.25000	14.75000
13.50000	14.75000
13.75000	14.75000
14.00000	14.75000
14.25000	14.75000
14.50000	14.75000
14.75000	14.75000
15.00000	14.75000
15.25000	14.75000
15.50000	14.75000
15.75000	14.75000
16.00000	14.75000
16.25000	14.75000
16.50000	14.75000
16.75000	14.75000
17.00000	14.75000
17.25000	14.75000
17.50000	14.75000
17.75000	14.75000
18.00000	14.75000
18.25000	14.75000
18.50000	14.75000
18.75000	14.75000
19.00000	14.75000
19.25000	14.75000
19.50000	14.75000
19.75000	14.75000
20.00000	14.75000
20.25000	14.75000
20.50000	14.75000
20.75000	14.75000
21.00000	14.75000
21.25000	14.75000
21.50000	14.75000
21.75000	14.75000
22.00000	14.75000
22.25000	14.75000
22.50000	14.75000
22.75000	14.75000
23.00000	14.75000
23.25000	14.75000
23.50000	14.75000
23.75000	14.75000
24.00000	14.75000
24.25000	14.75000
24.50000	14.75000
24.75000	14.75000
25.00000	14.75000
25.25000	14.75000
25.50000	14.75000
25.75000	14.75000
26.00000	14.75000
26.25000	14.75000
26.50000	14.75000
26.75000	14.75000
27.00000	14.75000
27.25000	14.75000
27.50000	14.75000
27.75000	14.75000
28.00000	14.75000
28.25000	14.75000
28.50000	14.75000
28.75000	14.75000
29.00000	14.75000
29.25000	14.75000
29.50000	14.75000
29.75000	14.75000
30.00000	14.75000
30.25000	14.75000
-0.25000	15.00000
0.00000	15.00000
0.25000	15.00000
0.50000	15.00000
0.75000	15.00000
1.00000	15.00000
1.25000	15.00000
1.50000	15.00000
1.75000	15.00000
2.00000	15.00000
2.25000	15.00000
2.50000	15.00000
2.75000	15.00000
3.00000	15.00000
3.25000	15.00000
3.50000	15.00000
3.75000	15.00000
4.00000	15.00000
4.25000	15.00000
4.50000	15.00000
4.75000	15.00000
5.00000	15.00000
5.25000	15.00000
5.50000	15.00000
5.75000	15.00000
6.00000	15.00000
6.25000	15.00000
6.50000	15.00000
6.75000	15.00000
7.00000	15.00000
7.25000	15.00000
7.50000	15.00000
7.75000	15.00000
8.00000	15.00000
8.25000	15.00000
8.50000	15.00000
8.75000	15.00000
9.00000	15.00000
9.25000	15.00000
9.50000	15.00000
9.75000	15.00000
10.00000	15.00000
10.25000	15.00000
10.50000	15.00000
10.75000	15.00000
11.00000	15.00000
11.25000	15.00000
11.50000	15.00000
11.75000	15.00000
12.00000	15.00000
12.25000	15.00000
12.50000	15.00000
12.75000	15.00000
13.00000	15.00000
13.25000	15.00000
13.50000	15.00000
13.75000	15.00000
14.00000	15.00000
14.25000	15.00000
14.50000	15.00000
14.75000	15.00000
15.00000	15.00000
15.25000	15.00000
15.50000	15.00000
15.75000	15.00000
16.00000	15.00000
16.25000	15.00000
16.50000	15.00000
16.75000	15.00000
17.00000	15.00000
17.25000	15.00000
17.50000	15.00000
17.75000	15.00000
18.00000	15.00000
18.25000	15.00000
18.50000	15.00000
18.75000	15.00000
19.00000	15.00000
19.25000	15.00000
19.50000	15.00000
19.75000	15.00000
20.00000	15.00000
20.25000	15.00000
20.50000	15.00000
20.75000	15.00000
21.00000	15.00000
21.25000	15.00000
21.50000	15.00000
21.75000	15.00000
22.00000	15.00000
22.25000	15.00000
22.50000	15.00000
22.75000	15.00000
23.00000	15.00000
23.25000	15.00000
23.50000	15.00000
23.75000	15.00000
24.00000	15.00000
24.25000	15.00000
24.50000	15.00000
24.75000	15.00000
25.00000	15.00000
25.25000	15.00000
25.50000	15.00000
25.75000	15.00000
26.00000	15.00000
26.25000	15.00000
26.50000	15.00000
26.75000	15.00000
27.00000	15.00000
27.25000	15.00000
27.50000	15.00000
27.75000	15.00000
28.00000	15.00000
28.25000	15.00000
28.50000	15.00000
28.75000	15.00000
29.00000	15.00000
29.25000	15.00000
29.50000	15.00000
29.75000	15.00000
30.00000	15.00000
30.25000	15.00000
-0.25000	15.25000
0.00000	15.25000
0.25000	15.25000
0.50000	15.25000
0.75000	15.25000
1.00000	15.25000
1.25000	15.25000
1.50000	15.25000
1.75000	15.25000
2.00000	15.25000
2.25000	15.25000
2.50000	15.25000
2.75000	15.25000
3.00000	15.25000
3.25000	15.25000
3.50000	15.25000
3.75000	15.25000
4.00000	15.25000
4.25000	15.25000
4.50000	15.25000
4.75000	15.25000
5.00000	15.25000
5.25000	15.25000
5.50000	15.25000
5.75000	15.25000
6.00000	15.25000
6.25000	15.25000
6.50000	15.25000
6.75000	15.25000
7.00000	15.25000
7.25000	15.25000
7.50000	15.25000
7.75000	15.25000
8.00000	15.25000
8.25000	15.25000
8.50000	15.25000
8.75000	15.25000
9.00000	15.25000
9.25000	15.25000
9.50000	15.25000
9.75000	15.25000
10.00000	15.25000
10.25000	15.25000
10.50000	15.25000
10.75000	15.25000
11.00000	15.25000
11.25000	15.25000
11.50000	15.25000
11.75000	15.25000
12.00000	15.25000
12.25000	15.25000
12.50000	15.25000
12.75000	15.25000
13.00000	15.25000
13.25000	15.25000
13.50000	15.25000
13.75000	15.25000
14.00000	15.25000
14.25000	15.25000
14.50000	15.25000
14.75000	15.25000
15.00000	15.25000
15.25000	15.25000
15.50000	15.25000
15.75000	15.25000
16.00000	15.25000
16.25000	15.25000
16.50000	15.25000
16.75000	15.25000
17.00000	15.25000
17.25000	15.25000
17.50000	15.25000
17.75000	15.25000
18.00000	15.25000
18.25000	15.25000
18.50000	15.25000
18.75000	15.25000
19.00000	15.25000
19.25000	15.25000
19.50000	15.25000
19.75000	15.25000
20.00000	15.25000
20.25000	15.25000
20.50000	15.25000
20.75000	15.25000
21.00000	15.25000
21.25000	15.25000
21.50000	15.25000
21.75000	15.25000
22.00000	15.25000
22.25000	15.25000
22.50000	15.25000
22.75000	15.25000
23.00000	15.25000
23.25000	15.25000
23.50000	15.25000
23.75000	15.25000
24.00000	15.25000
24.25000	15.25000
24.50000	15.25000
24.75000	15.25000
25.00000	15.25000
25.25000	15.25000
25.50000	15.25000
25.75000	15.25000
26.00000	15.25000
26.25000	15.25000
26.50000	15.25000
26.75000	15.25000
27.00000	15.25000
27.25000	15.25000
27.50000	15.25000
27.75000	15.25000
28.00000	15.25000
28.25000	15.25000
28.50000	15.25000
28.75000	15.25000
29.00000	15.25000
29.25000	15.25000
29.50000	15.25000
29.75000	15.25000
30.00000	15.25000
30.25000	15.25000
124	125	248	247	0	1	2	3	126	249	372	371	370	369	246	123
125	126	249	248	1	2	3	4	127	250	373	372	371	370	247	124
126	127	250	249	2	3	4	5	128	251	374	373	372	371	248	125
127	128	251	250	3	4	5	6	129	252	375	374	373	372	249	126
128	129	252	251	4	5	6	7	130	253	376	375	374	373	250	127
129	130	253	252	5	6	7	8	131	254	377	376	375	374	251	128
130	131	254	253	6	7	8	9	132	255	378	377	376	375	252	129
131	132	255	254	7	8	9	10	133	256	379	378	377	376	253	130
132	133	256	255	8	9	10	11	134	257	380	379	378	377	254	131
133	134	257	256	9	10	11	12	135	258	381	380	379	378	255	132
134	135	258	257	10	11	12	13	136	259	382	381	380	379	256	133
135	136	259	258	11	12	13	14	137	260	383	382	381	380	257	134
136	137	260	259	12	13	14	15	138	261	384	383	382	381	258	135
137	138	261	260	13	14	15	16	139	262	385	384	383	382	259	136
138	139	262	261	14	15	16	17	140	263	386	385	384	383	260	137
139	140	263	262	15	16	17	18	141	264	387	386	385	384	261	138
140	141	264	263	16	17	18	19	142	265	388	387	386	385	262	139
141	142	265	264	17	18	19	20	143	266	389	388	387	386	263	140
142	143	266	265	18	19	20	21	144	267	390	389	388	387	264	141
143	144	267	266	19	20	21	22	145	268	391	390	389	388	265	142
144	145	268	267	20	21	22	23	146	269	392	391	390	389	266	143
145	146	269	268	21	22	23	24	147	270	393	392	391	390	267	144
146	147	270	269	22	23	24	25	148	271	394	393	392	391	268	145
147	148	271	270	23	24	25	26	149	272	395	394	393	392	269	146
148	149	272	271	24	25	26	27	150	273	396	395	394	393	270	147
149	150	273	272	25	26	27	28	151	274	397	396	395	394	271	148
150	151	274	273	26	27	28	29	152	275	398	397	396	395	272	149
151	152	275	274	27	28	29	30	153	276	399	398	397	396	273	150
152	153	276	275	28	29	30	31	154	277	400	399	398	397	274	151
153	154	277	276	29	30	31	32	155	278	401	400	399	398	275	152
154	155	278	277	30	31	32	33	156	279	402	401	400	399	276	153
155	156	279	278	31	32	33	34	157	280	403	402	401	400	277	154
156	157	280	279	32	33	34	35	158	281	404	403	402	401	278	155
157	158	281	280	33	34	35	36	159	282	405	404	403	402	279	156
158	159	282	281	34	35	36	37	160	283	406	405	404	403	280	157
159	160	283	282	35	36	37	38	161	284	407	406	405	404	281	158
160	161	284	283	36	37	38	39	162	285	408	407	406	405	282	159
161	162	285	284	37	38	39	40	163	286	409	408	407	406	283	160
162	163	286	285	38	39	40	41	164	287	410	409	408	407	284	161
163	164	287	286	39	40	41	42	165	288	411	410	409	408	285	162
164	165	288	287	40	41	42	43	166	289	412	411	410	409	286	163
165	166	289	288	41	42	43	44	167	290	413	412	411	410	287	164
166	167	290	289	42	43	44	45	168	291	414	413	412	411	288	165
167	168	291	290	43	44	45	46	169	292	415	414	413	412	289	166
168	169	292	291	44	45	46	47	170	293	416	415	414	413	290	167
169	170	293	292	45	46	47	48	171	294	417	416	415	414	291	168
170	171	294	293	46	47	48	49	172	295	418	417	416	415	292	169
171	172	295	294	47	48	49	50	173	296	419	418	417	416	293	170
172	173	296	295	48	49	50	51	174	297	420	419	418	417	294	171
173	174	297	296	49	50	51	52	175	298	421	420	419	418	295	172
174	175	298	297	50	51	52	53	176	299	422	421	420	419	296	173
175	176	299	298	51	52	53	54	177	300	423	422	421	420	297	174
176	177	300	299	52	53	54	55	178	301	424	423	422	421	298	175
177	178	301	300	53	54	55	56	179	302	425	424	423	422	299	176
178	179	302	301	54	55	56	57	180	303	426	425	424	423	300	177
179	180	303	302	55	56	57	58	181	304	427	426	425	424	301	178
180	181	304	303	56	57	58	59	182	305	428	427	426	425	302	179
181	182	305	304	57	58	59	60	183	306	429	428	427	426	303	180
182	183	306	305	58	59	60	61	184	307	430	429	428	427	304	181
183	184	307	306	59	60	61	62	185	308	431	430	429	428	305	182
184	185	308	307	60	61	62	63	186	309	432	431	430	429	306	183
185	186	309	308	61	62	63	64	187	310	433	432	431	430	307	184
186	187	310	309	62	63	64	65	188	311	434	433	432	431	308	185
187	188	311	310	63	64	65	66	189	312	435	434	433	432	309	186
188	189	312	311	64	65	66	67	190	313	436	435	434	433	310	187
189	190	313	312	65	66	67	68	191	314	437	436	435	434	311	188
190	191	314	313	66	67	68	69	192	315	438	437	436	435	312	189
191	192	315	314	67	68	69	70	193	316	439	438	437	436	313	190
192	193	316	315	68	69	70	71	194	317	440	439	438	437	314	191
193	194	317	316	69	70	71	72	195	318	441	440	439	438	315	192
194	195	318	317	70	71	72	73	196	319	442	441	440	439	316	193
195	196	319	318	71	72	73	74	197	320	443	442	441	440	317	194
196	197	320	319	72	73	74	75	198	321	444	443	442	441	318	195
197	198	321	320	73	74	75	76	199	322	445	444	443	442	319	196
198	199	322	321	74	75	76	77	200	323	446	445	444	443	320	197
199	200	323	322	75	76	77	78	201	324	447	446	445	444	321	198
200	201	324	323	76	77	78	79	202	325	448	447	446	445	322	199
201	202	325	324	77	78	79	80	203	326	449	448	447	446	323	200
202	203	326	325	78	79	80	81	204	327	450	449	448	447	324	201
203	204	327	326	79	80	81	82	205	328	451	450	449	448	325	202
204	205	328	327	80	81	82	83	206	329	452	451	450	449	326	203
205	206	329	328	81	82	83	84	207	330	453	452	451	450	327	204
206	207	330	329	82	83	84	85	208	331	454	453	452	451	328	205
207	208	331	330	83	84	85	86	209	332	455	454	453	452	329	206
208	209	332	331	84	85	86	87	210	333	456	455	454	453	330	207
209	210	333	332	85	86	87	88	211	334	457	456	455	454	331	208
210	211	334	333	86	87	88	89	212	335	458	457	456	455	332	209
211	212	335	334	87	88	89	90	213	336	459	458	457	456	333	210
212	213	336	335	88	89	90	91	214	337	460	459	458	457	334	211
213	214	337	336	89	90	91	92	215	338	461	460	459	458	335	212
214	215	338	337	90	91	92	93	216	339	462	461	460	459	336	213
215	216	339	338	91	92	93	94	217	340	463	462	461	460	337	214
216	217	340	339	92	93	94	95	218	341	464	463	462	461	338	215
217	218	341	340	93	94	95	96	219	342	465	464	463	462	339	216
218	219	342	341	94	95	96	97	220	343	466	465	464	463	340	217
219	220	343	342	95	96	97	98	221	344	467	466	465	464	341	218
220	221	344	343	96	97	98	99	222	345	468	467	466	465	342	219
221	222	345	344	97	98	99	100	223	346	469	468	467	466	343	220
222	223	346	345	98	99	100	101	224	347	470	469	468	467	344	221
223	224	347	346	99	100	101	102	225	348	471	470	469	468	345	222
224	225	348	347	100	101	102	103	226	349	472	471	470	469	346	223
225	226	349	348	101	102	103	104	227	350	473	472	471	470	347	224
226	227	350	349	102	103	104	105	228	351	474	473	472	471	348	225
227	228	351	350	103	104	105	106	229	352	475	474	473	472	349	226
228	229	352	351	104	105	106	107	230	353	476	475	474	473	350	227
229	230	353	352	105	106	107	108	231	354	477	476	475	474	351	228
230	231	354	353	106	107	108	109	232	355	478	477	476	475	352	229
231	232	355	354	107	108	109	110	233	356	479	478	477	476	353	230
232	233	356	355	108	109	110	111	234	357	480	479	478	477	354	231
233	234	357	356	109	110	111	112	235	358	481	480	479	478	355	232
234	235	358	357	110	111	112	113	236	359	482	481	480	479	356	233
235	236	359	358	111	112	113	114	237	360	483	482	481	480	357	234
236	237	360	359	112	113	114	115	238	361	484	483	482	481	358	235
237	238	361	360	113	114	115	116	239	362	485	484	483	482	359	236
238	239	362	361	114	115	116	117	240	363	486	485	484	483	360	237
239	240	363	362	115	116	117	118	241	364	487	486	485	484	361	238
240	241	364	363	116	117	118	119	242	365	488	487	486	485	362	239
241	242	365	364	117	118	119	120	243	366	489	488	487	486	363	240
242	243	366	365	118	119	120	121	244	367	490	489	488	487	364	241
243	244	367	366	119	120	121	122	245	368	491	490	489	488	365	242
247	248	371	370	123	124	125	126	249	372	495	494	493	492	369	246
248	249	372	371	124	125	126	127	250	373	496	495	494	493	370	247
249	250	373	372	125	126	127	128	251	374	497	496	495	494	371	248
250	251	374	373	126	127	128	129	252	375	498	497	496	495	372	249
251	252	375	374	127	128	129	130	253	376	499	498	497	496	373	250
252	253	376	375	128	129	130	131	254	377	500	499	498	497	374	251
253	254	377	376	129	130	131	132	255	378	501	500	499	498	375	252
254	255	378	377	130	131	132	133	256	379	502	501	500	499	376	253
255	256	379	378	131	132	133	134	257	380	503	502	501	500	377	254
256	257	380	379	132	133	134	135	258	381	504	503	502	501	378	255
257	258	381	380	133	134	135	136	259	382	505	504	503	502	379	256
258	259	382	381	134	135	136	137	260	383	506	505	504	503	380	257
259	260	383	382	135	136	137	138	261	384	507	506	505	504	381	258
260	261	384	383	136	137	138	139	262	385	508	507	506	505	382	259
261	262	385	384	137	138	139	140	263	386	509	508	507	506	383	260
262	263	386	385	138	139	140	141	264	387	510	509	508	507	384	261
263	264	387	386	139	140	141	142	265	388	511	510	509	508	385	262
264	265	388	387	140	141	142	143	266	389	512	511	510	509	386	263
265	266	389	388	141	142	143	144	267	390	513	512	511	510	387	264
266	267	390	389	142	143	144	145	268	391	514	513	512	511	388	265
267	268	391	390	143	144	145	146	269	392	515	514	513	512	389	266
268	269	392	391	144	145	146	147	270	393	516	515	514	513	390	267
269	270	393	392	145	146	147	148	271	394	517	516	515	514	391	268
270	271	394	393	146	147	148	149	272	395	518	517	516	515	392	269
271	272	395	394	147	148	149	150	273	396	519	518	517	516	393	270
272	273	396	395	148	149	150	151	274	397	520	519	518	517	394	271
273	274	397	396	149	150	151	152	275	398	521	520	519	518	395	272
274	275	398	397	150	151	152	153	276	399	522	521	520	519	396	273
275	276	399	398	151	152	153	154	277	400	523	522	521	520	397	274
276	277	400	399	152	153	154	155	278	401	524	523	522	521	398	275
277	278	401	400	153	154	155	156	279	402	525	524	523	522	399	276
278	279	402	401	154	155	156	157	280	403	526	525	524	523	400	277
279	280	403	402	155	156	157	158	281	404	527	526	525	524	401	278
280	281	404	403	156	157	158	159	282	405	528	527	526	525	402	279
281	282	405	404	157	158	159	160	283	406	529	528	527	526	403	280
282	283	406	405	158	159	160	161	284	407	530	529	528	527	404	281
283	284	407	406	159	160	161	162	285	408	531	530	529	528	405	282
284	285	408	407	160	161	162	163	286	409	532	531	530	529	406	283
285	286	409	408	161	162	163	164	287	410	533	532	531	530	407	284
286	287	410	409	162	163	164	165	288	411	534	533	532	531	408	285
287	288	411	410	163	164	165	166	289	412	535	534	533	532	409	286
288	289	412	411	164	165	166	167	290	413	536	535	534	533	410	287
289	290	413	412	165	166	167	168	291	414	537	536	535	534	411	288
290	291	414	413	166	167	168	169	292	415	538	537	536	535	412	289
291	292	415	414	167	168	169	170	293	416	539	538	537	536	413	290
292	293	416	415	168	169	170	171	294	417	540	539	538	537	414	291
293	294	417	416	169	170	171	172	295	418	541	540	539	538	415	292
294	295	418	417	170	171	172	173	296	419	542	541	540	539	416	293
295	296	419	418	171	172	173	174	297	420	543	542	541	540	417	294
296	297	420	419	172	173	174	175	298	421	544	543	542	541	418	295
297	298	421	420	173	174	175	176	299	422	545	544	543	542	419	296
298	299	422	421	174	175	176	177	300	423	546	545	544	543	420	297
299	300	423	422	175	176	177	178	301	424	547	546	545	544	421	298
300	301	424	423	176	177	178	179	302	425	548	547	546	545	422	299
301	302	425	424	177	178	179	180	303	426	549	548	547	546	423	300
302	303	426	425	178	179	180	181	304	427	550	549	548	547	424	301
303	304	427	426	179	180	181	182	305	428	551	550	549	548	425	302
304	305	428	427	180	181	182	183	306	429	552	551	550	549	426	303
305	306	429	428	181	182	183	184	307	430	553	552	551	550	427	304
306	307	430	429	182	183	184	185	308	431	554	553	552	551	428	305
307	308	431	430	183	184	185	186	309	432	555	554	553	552	429	306
308	309	432	431	184	185	186	187	310	433	556	555	554	553	430	307
309	310	433	432	185	186	187	188	311	434	557	556	555	554	431	308
310	311	434	433	186	187	188	189	312	435	558	557	556	555	432	309
311	312	435	434	187	188	189	190	313	436	559	558	557	556	433	310
312	313	436	435	188	189	190	191	314	437	560	559	558	557	434	311
313	314	437	436	189	190	191	192	315	438	561	560	559	558	435	312
314	315	438	437	190	191	192	193	316	439	562	561	560	559	436	313
315	316	439	438	191	192	193	194	317	440	563	562	561	560	437	314
316	317	440	439	192	193	194	195	318	441	564	563	562	561	438	315
317	318	441	440	193	194	195	196	319	442	565	564	563	562	439	316
318	319	442	441	194	195	196	197	320	443	566	565	564	563	440	317
319	320	443	442	195	196	197	198	321	444	567	566	565	564	441	318
320	321	444	443	196	197	198	199	322	445	568	567	566	565	442	319
321	322	445	444	197	198	199	200	323	446	569	568	567	566	443	320
322	323	446	445	198	199	200	201	324	447	570	569	568	567	444	321
323	324	447	446	199	200	201	202	325	448	571	570	569	568	445	322
324	325	448	447	200	201	202	203	326	449	572	571	570	569	446	323
325	326	449	448	201	202	203	204	327	450	573	572	571	570	447	324
326	327	450	449	202	203	204	205	328	451	574	573	572	571	448	325
327	328	451	450	203	204	205	206	329	452	575	574	573	572	449	326
328	329	452	451	204	205	206	207	330	453	576	575	574	573	450	327
329	330	453	452	205	206	207	208	331	454	577	576	575	574	451	328
330	331	454	453	206	207	208	209	332	455	578	577	576	575	452	329
331	332	455	454	207	208	209	210	333	456	579	578	577	576	453	330
332	333	456	455	208	209	210	211	334	457	580	579	578	577	454	331
333	334	457	456	209	210	211	212	335	458	581	580	579	578	455	332
334	335	458	457	210	211	212	213	336	459	582	581	580	579	456	333
335	336	459	458	211	212	213	214	337	460	583	582	581	580	457	334
336	337	460	459	212	213	214	215	338	461	584	583	582	581	458	335
337	338	461	460	213	214	215	216	339	462	585	584	583	582	459	336
338	339	462	461	214	215	216	217	340	463	586	585	584	583	460	337
339	340	463	462	215	216	217	218	341	464	587	586	585	584	461	338
340	341	464	463	216	217	218	219	342	465	588	587	586	585	462	339
341	342	465	464	217	218	219	220	343	466	589	588	587	586	463	340
342	343	466	465	218	219	220	221	344	467	590	589	588	587	464	341
343	344	467	466	219	220	221	222	345	468	591	590	589	588	465	342
344	345	468	467	220	221	222	223	346	469	592	591	590	589	466	343
345	346	469	468	221	222	223	224	347	470	593	592	591	590	467	344
346	347	470	469	222	223	224	225	348	471	594	593	592	591	468	345
347	348	471	470	223	224	225	226	349	472	595	594	593	592	469	346
348	349	472	471	224	225	226	227	350	473	596	595	594	593	470	347
349	350	473	472	225	226	227	228	351	474	597	596	595	594	471	348
350	351	474	473	226	227	228	229	352	475	598	597	596	595	472	349
351	352	475	474	227	228	229	230	353	476	599	598	597	596	473	350
352	353	476	475	228	229	230	231	354	477	600	599	598	597	474	351
353	354	477	476	229	230	231	232	355	478	601	600	599	598	475	352
354	355	478	477	230	231	232	233	356	479	602	601	600	599	476	353
355	356	479	478	231	232	233	234	357	480	603	602	601	600	477	354
356	357	480	479	232	233	234	235	358	481	604	603	602	601	478	355
357	358	481	480	233	234	235	236	359	482	605	604	603	602	479	356
358	359	482	481	234	235	236	237	360	483	606	605	604	603	480	357
359	360	483	482	235	236	237	238	361	484	607	606	605	604	481	358
360	361	484	483	236	237	238	239	362	485	608	607	606	605	482	359
361	362	485	484	237	238	239	240	363	486	609	608	607	606	483	360
362	363	486	485	238	239	240	241	364	487	610	609	608	607	484	361
363	364	487	486	239	240	241	242	365	488	611	610	609	608	485	362
364	365	488	487	240	241	242	243	366	489	612	611	610	609	486	363
365	366	489	488	241	242	243	244	367	490	613	612	611	610	487	364
366	367	490	489	242	243	244	245	368	491	614	613	612	611	488	365
370	371	494	493	246	247	248	249	372	495	618	617	616	615	492	369
371	372	495	494	247	248	249	250	373	496	619	618	617	616	493	370
372	373	496	495	248	249	250	251	374	497	620	619	618	617	494	371
373	374	497	496	249	250	251	252	375	498	621	620	619	618	495	372
374	375	498	497	250	251	252	253	376	499	622	621	620	619	496	373
375	376	499	498	251	252	253	254	377	500	623	622	621	620	497	374
376	377	500	499	252	253	254	255	378	501	624	623	622	621	498	375
377	378	501	500	253	254	255	256	379	502	625	624	623	622	499	376
378	379	502	501	254	255	256	257	380	503	626	625	624	623	500	377
379	380	503	502	255	256	257	258	381	504	627	626	625	624	501	378
380	381	504	503	256	257	258	259	382	505	628	627	626	625	502	379
381	382	505	504	257	258	259	260	383	506	629	628	627	626	503	380
382	383	506	505	258	259	260	261	384	507	630	629	628	627	504	381
383	384	507	506	259	260	261	262	385	508	631	630	629	628	505	382
384	385	508	507	260	261	262	263	386	509	632	631	630	629	506	383
385	386	509	508	261	262	263	264	387	510	633	632	631	630	507	384
386	387	510	509	262	263	264	265	388	511	634	633	632	631	508	385
387	388	511	510	263	264	265	266	389	512	635	634	633	632	509	386
388	389	512	511	264	265	266	267	390	513	636	635	634	633	510	387
389	390	513	512	265	266	267	268	391	514	637	636	635	634	511	388
390	391	514	513	266	267	268	269	392	515	638	637	636	635	512	389
391	392	515	514	267	268	269	270	393	516	639	638	637	636	513	390
392	393	516	515	268	269	270	271	394	517	640	639	638	637	514	391
393	394	517	516	269	270	271	272	395	518	641	640	639	638	515	392
394	395	518	517	270	271	272	273	396	519	642	641	640	639	516	393
395	396	519	518	271	272	273	274	397	520	643	642	641	640	517	394
396	397	520	519	272	273	274	275	398	521	644	643	642	641	518	395
397	398	521	520	273	274	275	276	399	522	645	644	643	642	519	396
398	399	522	521	274	275	276	277	400	523	646	645	644	643	520	397
399	400	523	522	275	276	277	278	401	524	647	646	645	644	521	398
400	401	524	523	276	277	278	279	402	525	648	647	646	645	522	399
401	402	525	524	277	278	279	280	403	526	649	648	647	646	523	400
402	403	526	525	278	279	280	281	404	527	650	649	648	647	524	401
403	404	527	526	279	280	281	282	405	528	651	650	649	648	525	402
404	405	528	527	280	281	282	283	406	529	652	651	650	649	526	403
405	406	529	528	281	282	283	284	407	530	653	652	651	650	527	404
406	407	530	529	282	283	284	285	408	531	654	653	652	651	528	405
407	408	531	530	283	284	285	286	409	532	655	654	653	652	529	406
408	409	532	531	284	285	286	287	410	533	656	655	654	653	530	407
409	410	533	532	285	286	287	288	411	534	657	656	655	654	531	408
410	411	534	533	286	287	288	289	412	535	658	657	656	655	532	409
411	412	535	534	287	288	289	290	413	536	659	658	657	656	533	410
412	413	536	535	288	289	290	291	414	537	660	659	658	657	534	411
413	414	537	536	289	290	291	292	415	538	661	660	659	658	535	412
414	415	538	537	290	291	292	293	416	539	662	661	660	659	536	413
415	416	539	538	291	292	293	294	417	540	663	662	661	660	537	414
416	417	540	539	292	293	294	295	418	541	664	663	662	661	538	415
417	418	541	540	293	294	295	296	419	542	665	664	663	662	539	416
418	419	542	541	294	295	296	297	420	543	666	665	664	663	540	417
419	420	543	542	295	296	297	298	421	544	667	666	665	664	541	418
420	421	544	543	296	297	298	299	422	545	668	667	666	665	542	419
421	422	545	544	297	298	299	300	423	546	669	668	667	666	543	420
422	423	546	545	298	299	300	301	424	547	670	669	668	667	544	421
423	424	547	546	299	300	301	302	425	548	671	670	669	668	545	422
424	425	548	547	300	301	302	303	426	549	672	671	670	669	546	423
425	426	549	548	301	302	303	304	427	550	673	672	671	670	547	424
426	427	550	549	302	303	304	305	428	551	674	673	672	671	548	425
427	428	551	550	303	304	305	306	429	552	675	674	673	672	549	426
428	429	552	551	304	305	306	307	430	553	676	675	674	673	550	427
429	430	553	552	305	306	307	308	431	554	677	676	675	674	551	428
430	431	554	553	306	307	308	309	432	555	678	677	676	675	552	429
431	432	555	554	307	308	309	310	433	556	679	678	677	676	553	430
432	433	556	555	308	309	310	311	434	557	680	679	678	677	554	431
433	434	557	556	309	310	311	312	435	558	681	680	679	678	555	432
434	435	558	557	310	311	312	313	436	559	682	681	680	679	556	433
435	436	559	558	311	312	313	314	437	560	683	682	681	680	557	434
436	437	560	559	312	313	314	315	438	561	684	683	682	681	558	435
437	438	561	560	313	314	315	316	439	562	685	684	683	682	559	436
438	439	562	561	314	315	316	317	440	563	686	685	684	683	560	437
439	440	563	562	315	316	317	318	441	564	687	686	685	684	561	438
440	441	564	563	316	317	318	319	442	565	688	687	686	685	562	439
441	442	565	564	317	318	319	320	443	566	689	688	687	686	563	440
442	443	566	565	318	319	320	321	444	567	690	689	688	687	564	441
443	444	567	566	319	320	321	322	445	568	691	690	689	688	565	442
444	445	568	567	320	321	322	323	446	569	692	691	690	689	566	443
445	446	569	568	321	322	323	324	447	570	693	692	691	690	567	444
446	447	570	569	322	323	324	325	448	571	694	693	692	691	568	445
447	448	571	570	323	324	325	326	449	572	695	694	693	692	569	446
448	449	572	571	324	325	326	327	450	573	696	695	694	693	570	447
449	450	573	572	325	326	327	328	451	574	697	696	695	694	571	448
450	451	574	573	326	327	328	329	452	575	698	697	696	695	572	449
451	452	575	574	327	328	329	330	453	576	699	698	697	696	573	450
452	453	576	575	328	329	330	331	454	577	700	699	698	697	574	451
453	454	577	576	329	330	331	332	455	578	701	700	699	698	575	452
454	455	578	577	330	331	332	333	456	579	702	701	700	699	576	453
455	456	579	578	331	332	333	334	457	580	703	702	701	700	577	454
456	457	580	579	332	333	334	335	458	581	704	703	702	701	578	455
457	458	581	580	333	334	335	336	459	582	705	704	703	702	579	456
458	459	582	581	334	335	336	337	460	583	706	705	704	703	580	457
459	460	583	582	335	336	337	338	461	584	707	706	705	704	581	458
460	461	584	583	336	337	338	339	462	585	708	707	706	705	582	459
461	462	585	584	337	338	339	340	463	586	709	708	707	706	583	460
462	463	586	585	338	339	340	341	464	587	710	709	708	707	584	461
463	464	587	586	339	340	341	342	465	588	711	710	709	708	585	462
464	465	588	587	340	341	342	343	466	589	712	711	710	709	586	463
465	466	589	588	341	342	343	344	467	590	713	712	711	710	587	464
466	467	590	589	342	343	344	345	468	591	714	713	712	711	588	465
467	468	591	590	343	344	345	346	469	592	715	714	713	712	589	466
468	469	592	591	344	345	346	347	470	593	716	715	714	713	590	467
469	470	593	592	345	346	347	348	471	594	717	716	715	714	591	468
470	471	594	593	346	347	348	349	472	595	718	717	716	715	592	469
471	472	595	594	347	348	349	350	473	596	719	718	717	716	593	470
472	473	596	595	348	349	350	351	474	597	720	719	718	717	594	471
473	474	597	596	349	350	351	352	475	598	721	720	719	718	595	472
474	475	598	597	350	351	352	353	476	599	722	721	720	719	596	473
475	476	599	598	351	352	353	354	477	600	723	722	721	720	597	474
476	477	600	599	352	353	354	355	478	601	724	723	722	721	598	475
477	478	601	600	353	354	355	356	479	602	725	724	723	722	599	476
478	479	602	601	354	355	356	357	480	603	726	725	724	723	600	477
479	480	603	602	355	356	357	358	481	604	727	726	725	724	601	478
480	481	604	603	356	357	358	359	482	605	728	727	726	725	602	479
481	482	605	604	357	358	359	360	483	606	729	728	727	726	603	480
482	483	606	605	358	359	360	361	484	607	730	729	728	727	604	481
483	484	607	606	359	360	361	362	485	608	731	730	729	728	605	482
484	485	608	607	360	361	362	363	486	609	732	731	730	729	606	483
485	486	609	608	361	362	363	364	487	610	733	732	731	730	607	484
486	487	610	609	362	363	364	365	488	611	734	733	732	731	608	485
487	488	611	610	363	364	365	366	489	612	735	734	733	732	609	486
488	489	612	611	364	365	366	367	490	613	736	735	734	733	610	487
489	490	613	612	365	366	367	368	491	614	737	736	735	734	611	488
493	494	617	616	369	370	371	372	495	618	741	740	739	738	615	492
494	495	618	617	370	371	372	373	496	619	742	741	740	739	616	493
495	496	619	618	371	372	373	374	497	620	743	742	741	740	617	494
496	497	620	619	372	373	374	375	498	621	744	743	742	741	618	495
497	498	621	620	373	374	375	376	499	622	745	744	743	742	619	496
498	499	622	621	374	375	376	377	500	623	746	745	744	743	620	497
499	500	623	622	375	376	377	378	501	624	747	746	745	744	621	498
500	501	624	623	376	377	378	379	502	625	748	747	746	745	622	499
501	502	625	624	377	378	379	380	503	626	749	748	747	746	623	500
502	503	626	625	378	379	380	381	504	627	750	749	748	747	624	501
503	504	627	626	379	380	381	382	505	628	751	750	749	748	625	502
504	505	628	627	380	381	382	383	506	629	752	751	750	749	626	503
505	506	629	628	381	382	383	384	507	630	753	752	751	750	627	504
506	507	630	629	382	383	384	385	508	631	754	753	752	751	628	505
507	508	631	630	383	384	385	386	509	632	755	754	753	752	629	506
508	509	632	631	384	385	386	387	510	633	756	755	754	753	630	507
509	510	633	632	385	386	387	388	511	634	757	756	755	754	631	508
510	511	634	633	386	387	388	389	512	635	758	757	756	755	632	509
511	512	635	634	387	388	389	390	513	636	759	758	757	756	633	510
512	513	636	635	388	389	390	391	514	637	760	759	758	757	634	511
513	514	637	636	389	390	391	392	515	638	761	760	759	758	635	512
514	515	638	637	390	391	392	393	516	639	762	761	760	759	636	513
515	516	639	638	391	392	393	394	517	640	763	762	761	760	637	514
516	517	640	639	392	393	394	395	518	641	764	763	762	761	638	515
517	518	641	640	393	394	395	396	519	642	765	764	763	762	639	516
518	519	642	641	394	395	396	397	520	643	766	765	764	763	640	517
519	520	643	642	395	396	397	398	521	644	767	766	765	764	641	518
520	521	644	643	396	397	398	399	522	645	768	767	766	765	642	519
521	522	645	644	397	398	399	400	523	646	769	768	767	766	643	520
522	523	646	645	398	399	400	401	524	647	770	769	768	767	644	521
523	524	647	646	399	400	401	402	525	648	771	770	769	768	645	522
524	525	648	647	400	401	402	403	526	649	772	771	770	769	646	523
525	526	649	648	401	402	403	404	527	650	773	772	771	770	647	524
526	527	650	649	402	403	404	405	528	651	774	773	772	771	648	525
527	528	651	650	403	404	405	406	529	652	775	774	773	772	649	526
528	529	652	651	404	405	406	407	530	653	776	775	774	773	650	527
529	530	653	652	405	406	407	408	531	654	777	776	775	774	651	528
530	531	654	653	406	407	408	409	532	655	778	777	776	775	652	529
531	532	655	654	407	408	409	410	533	656	779	778	777	776	653	530
532	533	656	655	408	409	410	411	534	657	780	779	778	777	654	531
533	534	657	656	409	410	411	412	535	658	781	780	779	778	655	532
534	535	658	657	410	411	412	413	536	659	782	781	780	779	656	533
535	536	659	658	411	412	413	414	537	660	783	782	781	780	657	534
536	537	660	659	412	413	414	415	538	661	784	783	782	781	658	535
537	538	661	660	413	414	415	416	539	662	785	784	783	782	659	536
538	539	662	661	414	415	416	417	540	663	786	785	784	783	660	537
539	540	663	662	415	416	417	418	541	664	787	786	785	784	661	538
540	541	664	663	416	417	418	419	542	665	788	787	786	785	662	539
541	542	665	664	417	418	419	420	543	666	789	788	787	786	663	540
542	543	666	665	418	419	420	421	544	667	790	789	788	787	664	541
543	544	667	666	419	420	421	422	545	668	791	790	789	788	665	542
544	545	668	667	420	421	422	423	546	669	792	791	790	789	666	543
545	546	669	668	421	422	423	424	547	670	793	792	791	790	667	544
546	547	670	669	422	423	424	425	548	671	794	793	792	791	668	545
547	548	671	670	423	424	425	426	549	672	795	794	793	792	669	546
548	549	672	671	424	425	426	427	550	673	796	795	794	793	670	547
549	550	673	672	425	426	427	428	551	674	797	796	795	794	671	548
550	551	674	673	426	427	428	429	552	675	798	797	796	795	672	549
551	552	675	674	427	428	429	430	553	676	799	798	797	796	673	550
552	553	676	675	428	429	430	431	554	677	800	799	798	797	674	551
553	554	677	676	429	430	431	432	555	678	801	800	799	798	675	552
554	555	678	677	430	431	432	433	556	679	802	801	800	799	676	553
555	556	679	678	431	432	433	434	557	680	803	802	801	800	677	554
556	557	680	679	432	433	434	435	558	681	804	803	802	801	678	555
557	558	681	680	433	434	435	436	559	682	805	804	803	802	679	556
558	559	682	681	434	435	436	437	560	683	806	805	804	803	680	557
559	560	683	682	435	436	437	438	561	684	807	806	805	804	681	558
560	561	684	683	436	437	438	439	562	685	808	807	806	805	682	559
561	562	685	684	437	438	439	440	563	686	809	808	807	806	683	560
562	563	686	685	438	439	440	441	564	687	810	809	808	807	684	561
563	564	687	686	439	440	441	442	565	688	811	810	809	808	685	562
564	565	688	687	440	441	442	443	566	689	812	811	810	809	686	563
565	566	689	688	441	442	443	444	567	690	813	812	811	810	687	564
566	567	690	689	442	443	444	445	568	691	814	813	812	811	688	565
567	568	691	690	443	444	445	446	569	692	815	814	813	812	689	566
568	569	692	691	444	445	446	447	570	693	816	815	814	813	690	567
569	570	693	692	445	446	447	448	571	694	817	816	815	814	691	568
570	571	694	693	446	447	448	449	572	695	818	817	816	815	692	569
571	572	695	694	447	448	449	450	573	696	819	818	817	816	693	570
572	573	696	695	448	449	450	451	574	697	820	819	818	817	694	571
573	574	697	696	449	450	451	452	575	698	821	820	819	818	695	572
574	575	698	697	450	451	452	453	576	699	822	821	820	819	696	573
575	576	699	698	451	452	453	454	577	700	823	822	821	820	697	574
576	577	700	699	452	453	454	455	578	701	824	823	822	821	698	575
577	578	701	700	453	454	455	456	579	702	825	824	823	822	699	576
578	579	702	701	454	455	456	457	580	703	826	825	824	823	700	577
579	580	703	702	455	456	457	458	581	704	827	826	825	824	701	578
580	581	704	703	456	457	458	459	582	705	828	827	826	825	702	579
581	582	705	704	457	458	459	460	583	706	829	828	827	826	703	580
582	583	706	705	458	459	460	461	584	707	830	829	828	827	704	581
583	584	707	706	459	460	461	462	585	708	831	830	829	828	705	582
584	585	708	707	460	461	462	463	586	709	832	831	830	829	706	583
585	586	709	708	461	462	463	464	587	710	833	832	831	830	707	584
586	587	710	709	462	463	464	465	588	711	834	833	832	831	708	585
587	588	711	710	463	464	465	466	589	712	835	834	833	832	709	586
588	589	712	711	464	465	466	467	590	713	836	835	834	833	710	587
589	590	713	712	465	466	467	468	591	714	837	836	835	834	711	588
590	591	714	713	466	467	468	469	592	715	838	837	836	835	712	589
591	592	715	714	467	468	469	470	593	716	839	838	837	836	713	590
592	593	716	715	468	469	470	471	594	717	840	839	838	837	714	591
593	594	717	716	469	470	471	472	595	718	841	840	839	838	715	592
594	595	718	717	470	471	472	473	596	719	842	841	840	839	716	593
595	596	719	718	471	472	473	474	597	720	843	842	841	840	717	594
596	597	720	719	472	473	474	475	598	721	844	843	842	841	718	595
597	598	721	720	473	474	475	476	599	722	845	844	843	842	719	596
598	599	722	721	474	475	476	477	600	723	846	845	844	843	720	597
599	600	723	722	475	476	477	478	601	724	847	846	845	844	721	598
600	601	724	723	476	477	478	479	602	725	848	847	846	845	722	599
601	602	725	724	477	478	479	480	603	726	849	848	847	846	723	600
602	603	726	725	478	479	480	481	604	727	850	849	848	847	724	601
603	604	727	726	479	480	481	482	605	728	851	850	849	848	725	602
604	605	728	727	480	481	482	483	606	729	852	851	850	849	726	603
605	606	729	728	481	482	483	484	607	730	853	852	851	850	727	604
606	607	730	729	482	483	484	485	608	731	854	853	852	851	728	605
607	608	731	730	483	484	485	486	609	732	855	854	853	852	729	606
608	609	732	731	484	485	486	487	610	733	856	855	854	853	730	607
609	610	733	732	485	486	487	488	611	734	857	856	855	854	731	608
610	611	734	733	486	487	488	489	612	735	858	857	856	855	732	609
611	612	735	734	487	488	489	490	613	736	859	858	857	856	733	610
612	613	736	735	488	489	490	491	614	737	860	859	858	857	734	611
616	617	740	739	492	493	494	495	618	741	864	863	862	861	738	615
617	618	741	740	493	494	495	496	619	742	865	864	863	862	739	616
618	619	742	741	494	495	496	497	620	743	866	865	864	863	740	617
619	620	743	742	495	496	497	498	621	744	867	866	865	864	741	618
620	621	744	743	496	497	498	499	622	745	868	867	866	865	742	619
621	622	745	744	497	498	499	500	623	746	869	868	867	866	743	620
622	623	746	745	498	499	500	501	624	747	870	869	868	867	744	621
623	624	747	746	499	500	501	502	625	748	871	870	869	868	745	622
624	625	748	747	500	501	502	503	626	749	872	871	870	869	746	623
625	626	749	748	501	502	503	504	627	750	873	872	871	870	747	624
626	627	750	749	502	503	504	505	628	751	874	873	872	871	748	625
627	628	751	750	503	504	505	506	629	752	875	874	873	872	749	626
628	629	752	751	504	505	506	507	630	753	876	875	874	873	750	627
629	630	753	752	505	506	507	508	631	754	877	876	875	874	751	628
630	631	754	753	506	507	508	509	632	755	878	877	876	875	752	629
631	632	755	754	507	508	509	510	633	756	879	878	877	876	753	630
632	633	756	755	508	509	510	511	634	757	880	879	878	877	754	631
633	634	757	756	509	510	511	512	635	758	881	880	879	878	755	632
634	635	758	757	510	511	512	513	636	759	882	881	880	879	756	633
635	636	759	758	511	512	513	514	637	760	883	882	881	880	757	634
636	637	760	759	512	513	514	515	638	761	884	883	882	881	758	635
637	638	761	760	513	514	515	516	639	762	885	884	883	882	759	636
638	639	762	761	514	515	516	517	640	763	886	885	884	883	760	637
639	640	763	762	515	516	517	518	641	764	887	886	885	884	761	638
640	641	764	763	516	517	518	519	642	765	888	887	886	885	762	639
641	642	765	764	517	518	519	520	643	766	889	888	887	886	763	640
642	643	766	765	518	519	520	521	644	767	890	889	888	887	764	641
643	644	767	766	519	520	521	522	645	768	891	890	889	888	765	642
644	645	768	767	520	521	522	523	646	769	892	891	890	889	766	643
645	646	769	768	521	522	523	524	647	770	893	892	891	890	767	644
646	647	770	769	522	523	524	525	648	771	894	893	892	891	768	645
647	648	771	770	523	524	525	526	649	772	895	894	893	892	769	646
648	649	772	771	524	525	526	527	650	773	896	895	894	893	770	647
649	650	773	772	525	526	527	528	651	774	897	896	895	894	771	648
650	651	774	773	526	527	528	529	652	775	898	897	896	895	772	649
651	652	775	774	527	528	529	530	653	776	899	898	897	896	773	650
652	653	776	775	528	529	530	531	654	777	900	899	898	897	774	651
653	654	777	776	529	530	531	532	655	778	901	900	899	898	775	652
654	655	778	777	530	531	532	533	656	779	902	901	900	899	776	653
655	656	779	778	531	532	533	534	657	780	903	902	901	900	777	654
656	657	780	779	532	533	534	535	658	781	904	903	902	901	778	655
657	658	781	780	533	534	535	536	659	782	905	904	903	902	779	656
658	659	782	781	534	535	536	537	660	783	906	905	904	903	780	657
659	660	783	782	535	536	537	538	661	784	907	906	905	904	781	658
660	661	784	783	536	537	538	539	662	785	908	907	906	905	782	659
661	662	785	784	537	538	539	540	663	786	909	908	907	906	783	660
662	663	786	785	538	539	540	541	664	787	910	909	908	907	784	661
663	664	787	786	539	540	541	542	665	788	911	910	909	908	785	662
664	665	788	787	540	541	542	543	666	789	912	911	910	909	786	663
665	666	789	788	541	542	543	544	667	790	913	912	911	910	787	664
666	667	790	789	542	543	544	545	668	791	914	913	912	911	788	665
667	668	791	790	543	544	545	546	669	792	915	914	913	912	789	666
668	669	792	791	544	545	546	547	670	793	916	915	914	913	790	667
669	670	793	792	545	546	547	548	671	794	917	916	915	914	791	668
670	671	794	793	546	547	548	549	672	795	918	917	916	915	792	669
671	672	795	794	547	548	549	550	673	796	919	918	917	916	793	670
672	673	796	795	548	549	550	551	674	797	920	919	918	917	794	671
673	674	797	796	549	550	551	552	675	798	921	920	919	918	795	672
674	675	798	797	550	551	552	553	676	799	922	921	920	919	796	673
675	676	799	798	551	552	553	554	677	800	923	922	921	920	797	674
676	677	800	799	552	553	554	555	678	801	924	923	922	921	798	675
677	678	801	800	553	554	555	556	679	802	925	924	923	922	799	676
678	679	802	801	554	555	556	557	680	803	926	925	924	923	800	677
679	680	803	802	555	556	557	558	681	804	927	926	925	924	801	678
680	681	804	803	556	557	558	559	682	805	928	927	926	925	802	679
681	682	805	804	557	558	559	560	683	806	929	928	927	926	803	680
682	683	806	805	558	559	560	561	684	807	930	929	928	927	804	681
683	684	807	806	559	560	561	562	685	808	931	930	929	928	805	682
684	685	808	807	560	561	562	563	686	809	932	931	930	929	806	683
685	686	809	808	561	562	563	564	687	810	933	932	931	930	807	684
686	687	810	809	562	563	564	565	688	811	934	933	932	931	808	685
687	688	811	810	563	564	565	566	689	812	935	934	933	932	809	686
688	689	812	811	564	565	566	567	690	813	936	935	934	933	810	687
689	690	813	812	565	566	567	568	691	814	937	936	935	934	811	688
690	691	814	813	566	567	568	569	692	815	938	937	936	935	812	689
691	692	815	814	567	568	569	570	693	816	939	938	937	936	813	690
692	693	816	815	568	569	570	571	694	817	940	939	938	937	814	691
693	694	817	816	569	570	571	572	695	818	941	940	939	938	815	692
694	695	818	817	570	571	572	573	696	819	942	941	940	939	816	693
695	696	819	818	571	572	573	574	697	820	943	942	941	940	817	694
696	697	820	819	572	573	574	575	698	821	944	943	942	941	818	695
697	698	821	820	573	574	575	576	699	822	945	944	943	942	819	696
698	699	822	821	574	575	576	577	700	823	946	945	944	943	820	697
699	700	823	822	575	576	577	578	701	824	947	946	945	944	821	698
700	701	824	823	576	577	578	579	702	825	948	947	946	945	822	699
701	702	825	824	577	578	579	580	703	826	949	948	947	946	823	700
702	703	826	825	578	579	580	581	704	827	950	949	948	947	824	701
703	704	827	826	579	580	581	582	705	828	951	950	949	948	825	702
704	705	828	827	580	581	582	583	706	829	952	951	950	949	826	703
705	706	829	828	581	582	583	584	707	830	953	952	951	950	827	704
706	707	830	829	582	583	584	585	708	831	954	953	952	951	828	705
707	708	831	830	583	584	585	586	709	832	955	954	953	952	829	706
708	709	832	831	584	585	586	587	710	833	956	955	954	953	830	707
709	710	833	832	585	586	587	588	711	834	957	956	955	954	831	708
710	711	834	833	586	587	588	589	712	835	958	957	956	955	832	709
711	712	835	834	587	588	589	590	713	836	959	958	957	956	833	710
712	713	836	835	588	589	590	591	714	837	960	959	958	957	834	711
713	714	837	836	589	590	591	592	715	838	961	960	959	958	835	712
714	715	838	837	590	591	592	593	716	839	962	961	960	959	836	713
715	716	839	838	591	592	593	594	717	840	963	962	961	960	837	714
716	717	840	839	592	593	594	595	718	841	964	963	962	961	838	715
717	718	841	840	593	594	595	596	719	842	965	964	963	962	839	716
718	719	842	841	594	595	596	597	720	843	966	965	964	963	840	717
719	720	843	842	595	596	597	598	721	844	967	966	965	964	841	718
720	721	844	843	596	597	598	599	722	845	968	967	966	965	842	719
721	722	845	844	597	598	599	600	723	846	969	968	967	966	843	720
722	723	846	845	598	599	600	601	724	847	970	969	968	967	844	721
723	724	847	846	599	600	601	602	725	848	971	970	969	968	845	722
724	725	848	847	600	601	602	603	726	849	972	971	970	969	846	723
725	726	849	848	601	602	603	604	727	850	973	972	971	970	847	724
726	727	850	849	602	603	604	605	728	851	974	973	972	971	848	725
727	728	851	850	603	604	605	606	729	852	975	974	973	972	849	726
728	729	852	851	604	605	606	607	730	853	976	975	974	973	850	727
729	730	853	852	605	606	607	608	731	854	977	976	975	974	851	728
730	731	854	853	606	607	608	609	732	855	978	977	976	975	852	729
731	732	855	854	607	608	609	610	733	856	979	978	977	976	853	730
732	733	856	855	608	609	610	611	734	857	980	979	978	977	854	731
733	734	857	856	609	610	611	612	735	858	981	980	979	978	855	732
734	735	858	857	610	611	612	613	736	859	982	981	980	979	856	733
735	736	859	858	611	612	613	614	737	860	983	982	981	980	857	734
739	740	863	862	615	616	617	618	741	864	987	986	985	984	861	738
740	741	864	863	616	617	618	619	742	865	988	987	986	985	862	739
741	742	865	864	617	618	619	620	743	866	989	988	987	986	863	740
742	743	866	865	618	619	620	621	744	867	990	989	988	987	864	741
743	744	867	866	619	620	621	622	745	868	991	990	989	988	865	742
744	745	868	867	620	621	622	623	746	869	992	991	990	989	866	743
745	746	869	868	621	622	623	624	747	870	993	992	991	990	867	744
746	747	870	869	622	623	624	625	748	871	994	993	992	991	868	745
747	748	871	870	623	624	625	626	749	872	995	994	993	992	869	746
748	749	872	871	624	625	626	627	750	873	996	995	994	993	870	747
749	750	873	872	625	626	627	628	751	874	997	996	995	994	871	748
750	751	874	873	626	627	628	629	752	875	998	997	996	995	872	749
751	752	875	874	627	628	629	630	753	876	999	998	997	996	873	750
752	753	876	875	628	629	630	631	754	877	1000	999	998	997	874	751
753	754	877	876	629	630	631	632	755	878	1001	1000	999	998	875	752
754	755	878	877	630	631	632	633	756	879	1002	1001	1000	999	876	753
755	756	879	878	631	632	633	634	757	880	1003	1002	1001	1000	877	754
756	757	880	879	632	633	634	635	758	881	1004	1003	1002	1001	878	755
757	758	881	880	633	634	635	636	759	882	1005	1004	1003	1002	879	756
758	759	882	881	634	635	636	637	760	883	1006	1005	1004	1003	880	757
759	760	883	882	635	636	637	638	761	884	1007	1006	1005	1004	881	758
760	761	884	883	636	637	638	639	762	885	1008	1007	1006	1005	882	759
761	762	885	884	637	638	639	640	763	886	1009	1008	1007	1006	883	760
762	763	886	885	638	639	640	641	764	887	1010	1009	1008	1007	884	761
763	764	887	886	639	640	641	642	765	888	1011	1010	1009	1008	885	762
764	765	888	887	640	641	642	643	766	889	1012	1011	1010	1009	886	763
765	766	889	888	641	642	643	644	767	890	1013	1012	1011	1010	887	764
766	767	890	889	642	643	644	645	768	891	1014	1013	1012	1011	888	765
767	768	891	890	643	644	645	646	769	892	1015	1014	1013	1012	889	766
768	769	892	891	644	645	646	647	770	893	1016	1015	1014	1013	890	767
769	770	893	892	645	646	647	648	771	894	1017	1016	1015	1014	891	768
770	771	894	893	646	647	648	649	772	895	1018	1017	1016	1015	892	769
771	772	895	894	647	648	649	650	773	896	1019	1018	1017	1016	893	770
772	773	896	895	648	649	650	651	774	897	1020	1019	1018	1017	894	771
773	774	897	896	649	650	651	652	775	898	1021	1020	1019	1018	895	772
774	775	898	897	650	651	652	653	776	899	1022	1021	1020	1019	896	773
775	776	899	898	651	652	653	654	777	900	1023	1022	1021	1020	897	774
776	777	900	899	652	653	654	655	778	901	1024	1023	1022	1021	898	775
777	778	901	900	653	654	655	656	779	902	1025	1024	1023	1022	899	776
778	779	902	901	654	655	656	657	780	903	1026	1025	1024	1023	900	777
779	780	903	902	655	656	657	658	781	904	1027	1026	1025	1024	901	778
780	781	904	903	656	657	658	659	782	905	1028	1027	1026	1025	902	779
781	782	905	904	657	658	659	660	783	906	1029	1028	1027	1026	903	780
782	783	906	905	658	659	660	661	784	907	1030	1029	1028	1027	904	781
783	784	907	906	659	660	661	662	785	908	1031	1030	1029	1028	905	782
784	785	908	907	660	661	662	663	786	909	1032	1031	1030	1029	906	783
785	786	909	908	661	662	663	664	787	910	1033	1032	1031	1030	907	784
786	787	910	909	662	663	664	665	788	911	1034	1033	1032	1031	908	785
787	788	911	910	663	664	665	666	789	912	1035	1034	1033	1032	909	786
788	789	912	911	664	665	666	667	790	913	1036	1035	1034	1033	910	787
789	790	913	912	665	666	667	668	791	914	1037	1036	1035	1034	911	788
790	791	914	913	666	667	668	669	792	915	1038	1037	1036	1035	912	789
791	792	915	914	667	668	669	670	793	916	1039	1038	1037	1036	913	790
792	793	916	915	668	669	670	671	794	917	1040	1039	1038	1037	914	791
793	794	917	916	669	670	671	672	795	918	1041	1040	1039	1038	915	792
794	795	918	917	670	671	672	673	796	919	1042	1041	1040	1039	916	793
795	796	919	918	671	672	673	674	797	920	1043	1042	1041	1040	917	794
796	797	920	919	672	673	674	675	798	921	1044	1043	1042	1041	918	795
797	798	921	920	673	674	675	676	799	922	1045	1044	1043	1042	919	796
798	799	922	921	674	675	676	677	800	923	1046	1045	1044	1043	920	797
799	800	923	922	675	676	677	678	801	924	1047	1046	1045	1044	921	798
800	801	924	923	676	677	678	679	802	925	1048	1047	1046	1045	922	799
801	802	925	924	677	678	679	680	803	926	1049	1048	1047	1046	923	800
802	803	926	925	678	679	680	681	804	927	1050	1049	1048	1047	924	801
803	804	927	926	679	680	681	682	805	928	1051	1050	1049	1048	925	802
804	805	928	927	680	681	682	683	806	929	1052	1051	1050	1049	926	803
805	806	929	928	681	682	683	684	807	930	1053	1052	1051	1050	927	804
806	807	930	929	682	683	684	685	808	931	1054	1053	1052	1051	928	805
807	808	931	930	683	684	685	686	809	932	1055	1054	1053	1052	929	806
808	809	932	931	684	685	686	687	810	933	1056	1055	1054	1053	930	807
809	810	933	932	685	686	687	688	811	934	1057	1056	1055	1054	931	808
810	811	934	933	686	687	688	689	812	935	1058	1057	1056	1055	932	809
811	812	935	934	687	688	689	690	813	936	1059	1058	1057	1056	933	810
812	813	936	935	688	689	690	691	814	937	1060	1059	1058	1057	934	811
813	814	937	936	689	690	691	692	815	938	1061	1060	1059	1058	935	812
814	815	938	937	690	691	692	693	816	939	1062	1061	1060	1059	936	813
815	816	939	938	691	692	693	694	817	940	1063	1062	1061	1060	937	814
816	817	940	939	692	693	694	695	818	941	1064	1063	1062	1061	938	815
817	818	941	940	693	694	695	696	819	942	1065	1064	1063	1062	939	816
818	819	942	941	694	695	696	697	820	943	1066	1065	1064	1063	940	817
819	820	943	942	695	696	697	698	821	944	1067	1066	1065	1064	941	818
820	821	944	943	696	697	698	699	822	945	1068	1067	1066	1065	942	819
821	822	945	944	697	698	699	700	823	946	1069	1068	1067	1066	943	820
822	823	946	945	698	699	700	701	824	947	1070	1069	1068	1067	944	821
823	824	947	946	699	700	701	702	825	948	1071	1070	1069	1068	945	822
824	825	948	947	700	701	702	703	826	949	1072	1071	1070	1069	946	823
825	826	949	948	701	702	703	704	827	950	1073	1072	1071	1070	947	824
826	827	950	949	702	703	704	705	828	951	1074	1073	1072	1071	948	825
827	828	951	950	703	704	705	706	829	952	1075	1074	1073	1072	949	826
828	829	952	951	704	705	706	707	830	953	1076	1075	1074	1073	950	827
829	830	953	952	705	706	707	708	831	954	1077	1076	1075	1074	951	828
830	831	954	953	706	707	708	709	832	955	1078	1077	1076	1075	952	829
831	832	955	954	707	708	709	710	833	956	1079	1078	1077	1076	953	830
832	833	956	955	708	709	710	711	834	957	1080	1079	1078	1077	954	831
833	834	957	956	709	710	711	712	835	958	1081	1080	1079	1078	955	832
834	835	958	957	710	711	712	713	836	959	1082	1081	1080	1079	956	833
835	836	959	958	711	712	713	714	837	960	1083	1082	1081	1080	957	834
836	837	960	959	712	713	714	715	838	961	1084	1083	1082	1081	958	835
837	838	961	960	713	714	715	716	839	962	1085	1084	1083	1082	959	836
838	839	962	961	714	715	716	717	840	963	1086	1085	1084	1083	960	837
839	840	963	962	715	716	717	718	841	964	1087	1086	1085	1084	961	838
840	841	964	963	716	717	718	719	842	965	1088	1087	1086	1085	962	839
841	842	965	964	717	718	719	720	843	966	1089	1088	1087	1086	963	840
842	843	966	965	718	719	720	721	844	967	1090	1089	1088	1087	964	841
843	844	967	966	719	720	721	722	845	968	1091	1090	1089	1088	965	842
844	845	968	967	720	721	722	723	846	969	1092	1091	1090	1089	966	843
845	846	969	968	721	722	723	724	847	970	1093	1092	1091	1090	967	844
846	847	970	969	722	723	724	725	848	971	1094	1093	1092	1091	968	845
847	848	971	970	723	724	725	726	849	972	1095	1094	1093	1092	969	846
848	849	972	971	724	725	726	727	850	973	1096	1095	1094	1093	970	847
849	850	973	972	725	726	727	728	851	974	1097	1096	1095	1094	971	848
850	851	974	973	726	727	728	729	852	975	1098	1097	1096	1095	972	849
851	852	975	974	727	728	729	730	853	976	1099	1098	1097	1096	973	850
852	853	976	975	728	729	730	731	854	977	1100	1099	1098	1097	974	851
853	854	977	976	729	730	731	732	855	978	1101	1100	1099	1098	975	852
854	855	978	977	730	731	732	733	856	979	1102	1101	1100	1099	976	853
855	856	979	978	731	732	733	734	857	980	1103	1102	1101	1100	977	854
856	857	980	979	732	733	734	735	858	981	1104	1103	1102	1101	978	855
857	858	981	980	733	734	735	736	859	982	1105	1104	1103	1102	979	856
858	859	982	981	734	735	736	737	860	983	1106	1105	1104	1103	980	857
862	863	986	985	738	739	740	741	864	987	1110	1109	1108	1107	984	861
863	864	987	986	739	740	741	742	865	988	1111	1110	1109	1108	985	862
864	865	988	987	740	741	742	743	866	989	1112	1111	1110	1109	986	863
865	866	989	988	741	742	743	744	867	990	1113	1112	1111	1110	987	864
866	867	990	989	742	743	744	745	868	991	1114	1113	1112	1111	988	865
867	868	991	990	743	744	745	746	869	992	1115	1114	1113	1112	989	866
868	869	992	991	744	745	746	747	870	993	1116	1115	1114	1113	990	867
869	870	993	992	745	746	747	748	871	994	1117	1116	1115	1114	991	868
870	871	994	993	746	747	748	749	872	995	1118	1117	1116	1115	992	869
871	872	995	994	747	748	749	750	873	996	1119	1118	1117	1116	993	870
872	873	996	995	748	749	750	751	874	997	1120	1119	1118	1117	994	871
873	874	997	996	749	750	751	752	875	998	1121	1120	1119	1118	995	872
874	875	998	997	750	751	752	753	876	999	1122	1121	1120	1119	996	873
875	876	999	998	751	752	753	754	877	1000	1123	1122	1121	1120	997	874
876	877	1000	999	752	753	754	755	878	1001	1124	1123	1122	1121	998	875
877	878	1001	1000	753	754	755	756	879	1002	1125	1124	1123	1122	999	876
878	879	1002	1001	754	755	756	757	880	1003	1126	1125	1124	1123	1000	877
879	880	1003	1002	755	756	757	758	881	1004	1127	1126	1125	1124	1001	878
880	881	1004	1003	756	757	758	759	882	1005	1128	1127	1126	1125	1002	879
881	882	1005	1004	757	758	759	760	883	1006	1129	1128	1127	1126	1003	880
882	883	1006	1005	758	759	760	761	884	1007	1130	1129	1128	1127	1004	881
883	884	1007	1006	759	760	761	762	885	1008	1131	1130	1129	1128	1005	882
884	885	1008	1007	760	761	762	763	886	1009	1132	1131	1130	1129	1006	883
885	886	1009	1008	761	762	763	764	887	1010	1133	1132	1131	1130	1007	884
886	887	1010	1009	762	763	764	765	888	1011	1134	1133	1132	1131	1008	885
887	888	1011	1010	763	764	765	766	889	1012	1135	1134	1133	1132	1009	886
888	889	1012	1011	764	765	766	767	890	1013	1136	1135	1134	1133	1010	887
889	890	1013	1012	765	766	767	768	891	1014	1137	1136	1135	1134	1011	888
890	891	1014	1013	766	767	768	769	892	1015	1138	1137	1136	1135	1012	889
891	892	1015	1014	767	768	769	770	893	1016	1139	1138	1137	1136	1013	890
892	893	1016	1015	768	769	770	771	894	1017	1140	1139	1138	1137	1014	891
893	894	1017	1016	769	770	771	772	895	1018	1141	1140	1139	1138	1015	892
894	895	1018	1017	770	771	772	773	896	1019	1142	1141	1140	1139	1016	893
895	896	1019	1018	771	772	773	774	897	1020	1143	1142	1141	1140	1017	894
896	897	1020	1019	772	773	774	775	898	1021	1144	1143	1142	1141	1018	895
897	898	1021	1020	773	774	775	776	899	1022	1145	1144	1143	1142	1019	896
898	899	1022	1021	774	775	776	777	900	1023	1146	1145	1144	1143	1020	897
899	900	1023	1022	775	776	777	778	901	1024	1147	1146	1145	1144	1021	898
900	901	1024	1023	776	777	778	779	902	1025	1148	1147	1146	1145	1022	899
901	902	1025	1024	777	778	779	780	903	1026	1149	1148	1147	1146	1023	900
902	903	1026	1025	778	779	780	781	904	1027	1150	1149	1148	1147	1024	901
903	904	1027	1026	779	780	781	782	905	1028	1151	1150	1149	1148	1025	902
904	905	1028	1027	780	781	782	783	906	1029	1152	1151	1150	1149	1026	903
905	906	1029	1028	781	782	783	784	907	1030	1153	1152	1151	1150	1027	904
906	907	1030	1029	782	783	784	785	908	1031	1154	1153	1152	1151	1028	905
907	908	1031	1030	783	784	785	786	909	1032	1155	1154	1153	1152	1029	906
908	909	1032	1031	784	785	786	787	910	1033	1156	1155	1154	1153	1030	907
909	910	1033	1032	785	786	787	788	911	1034	1157	1156	1155	1154	1031	908
910	911	1034	1033	786	787	788	789	912	1035	1158	1157	1156	1155	1032	909
911	912	1035	1034	787	788	789	790	913	1036	1159	1158	1157	1156	1033	910
912	913	1036	1035	788	789	790	791	914	1037	1160	1159	1158	1157	1034	911
913	914	1037	1036	789	790	791	792	915	1038	1161	1160	1159	1158	1035	912
914	915	1038	1037	790	791	792	793	916	1039	1162	1161	1160	1159	1036	913
915	916	1039	1038	791	792	793	794	917	1040	1163	1162	1161	1160	1037	914
916	917	1040	1039	792	793	794	795	918	1041	1164	1163	1162	1161	1038	915
917	918	1041	1040	793	794	795	796	919	1042	1165	1164	1163	1162	1039	916
918	919	1042	1041	794	795	796	797	920	1043	1166	1165	1164	1163	1040	917
919	920	1043	1042	795	796	797	798	921	1044	1167	1166	1165	1164	1041	918
920	921	1044	1043	796	797	798	799	922	1045	1168	1167	1166	1165	1042	919
921	922	1045	1044	797	798	799	800	923	1046	1169	1168	1167	1166	1043	920
922	923	1046	1045	798	799	800	801	924	1047	1170	1169	1168	1167	1044	921
923	924	1047	1046	799	800	801	802	925	1048	1171	1170	1169	1168	1045	922
924	925	1048	1047	800	801	802	803	926	1049	1172	1171	1170	1169	1046	923
925	926	1049	1048	801	802	803	804	927	1050	1173	1172	1171	1170	1047	924
926	927	1050	1049	802	803	804	805	928	1051	1174	1173	1172	1171	1048	925
927	928	1051	1050	803	804	805	806	929	1052	1175	1174	1173	1172	1049	926
928	929	1052	1051	804	805	806	807	930	1053	1176	1175	1174	1173	1050	927
929	930	1053	1052	805	806	807	808	931	1054	1177	1176	1175	1174	1051	928
930	931	1054	1053	806	807	808	809	932	1055	1178	1177	1176	1175	1052	929
931	932	1055	1054	807	808	809	810	933	1056	1179	1178	1177	1176	1053	930
932	933	1056	1055	808	809	810	811	934	1057	1180	1179	1178	1177	1054	931
933	934	1057	1056	809	810	811	812	935	1058	1181	1180	1179	1178	1055	932
934	935	1058	1057	810	811	812	813	936	1059	1182	1181	1180	1179	1056	933
935	936	1059	1058	811	812	813	814	937	1060	1183	1182	1181	1180	1057	934
936	937	1060	1059	812	813	814	815	938	1061	1184	1183	1182	1181	1058	935
937	938	1061	1060	813	814	815	816	939	1062	1185	1184	1183	1182	1059	936
938	939	1062	1061	814	815	816	817	940	1063	1186	1185	1184	1183	1060	937
939	940	1063	1062	815	816	817	818	941	1064	1187	1186	1185	1184	1061	938
940	941	1064	1063	816	817	818	819	942	1065	1188	1187	1186	1185	1062	939
941	942	1065	1064	817	818	819	820	943	1066	1189	1188	1187	1186	1063	940
942	943	1066	1065	818	819	820	821	944	1067	1190	1189	1188	1187	1064	941
943	944	1067	1066	819	820	821	822	945	1068	1191	1190	1189	1188	1065	942
944	945	1068	1067	820	821	822	823	946	1069	1192	1191	1190	1189	1066	943
945	946	1069	1068	821	822	823	824	947	1070	1193	1192	1191	1190	1067	944
946	947	1070	1069	822	823	824	825	948	1071	1194	1193	1192	1191	1068	945
947	948	1071	1070	823	824	825	826	949	1072	1195	1194	1193	1192	1069	946
948	949	1072	1071	824	825	826	827	950	1073	1196	1195	1194	1193	1070	947
949	950	1073	1072	825	826	827	828	951	1074	1197	1196	1195	1194	1071	948
950	951	1074	1073	826	827	828	829	952	1075	1198	1197	1196	1195	1072	949
951	952	1075	1074	827	828	829	830	953	1076	1199	1198	1197	1196	1073	950
952	953	1076	1075	828	829	830	831	954	1077	1200	1199	1198	1197	1074	951
953	954	1077	1076	829	830	831	832	955	1078	1201	1200	1199	1198	1075	952
954	955	1078	1077	830	831	832	833	956	1079	1202	1201	1200	1199	1076	953
955	956	1079	1078	831	832	833	834	957	1080	1203	1202	1201	1200	1077	954
956	957	1080	1079	832	833	834	835	958	1081	1204	1203	1202	1201	1078	955
957	958	1081	1080	833	834	835	836	959	1082	1205	1204	1203	1202	1079	956
958	959	1082	1081	834	835	836	837	960	1083	1206	1205	1204	1203	1080	957
959	960	1083	1082	835	836	837	838	961	1084	1207	1206	1205	1204	1081	958
960	961	1084	1083	836	837	838	839	962	1085	1208	1207	1206	1205	1082	959
961	962	1085	1084	837	838	839	840	963	1086	1209	1208	1207	1206	1083	960
962	963	1086	1085	838	839	840	841	964	1087	1210	1209	1208	1207	1084	961
963	964	1087	1086	839	840	841	842	965	1088	1211	1210	1209	1208	1085	962
964	965	1088	1087	840	841	842	843	966	1089	1212	1211	1210	1209	1086	963
965	966	1089	1088	841	842	843	844	967	1090	1213	1212	1211	1210	1087	964
966	967	1090	1089	842	843	844	845	968	1091	1214	1213	1212	1211	1088	965
967	968	1091	1090	843	844	845	846	969	1092	1215	1214	1213	1212	1089	966
968	969	1092	1091	844	845	846	847	970	1093	1216	1215	1214	1213	1090	967
969	970	1093	1092	845	846	847	848	971	1094	1217	1216	1215	1214	1091	968
970	971	1094	1093	846	847	848	849	972	1095	1218	1217	1216	1215	1092	969
971	972	1095	1094	847	848	849	850	973	1096	1219	1218	1217	1216	1093	970
972	973	1096	1095	848	849	850	851	974	1097	1220	1219	1218	1217	1094	971
973	974	1097	1096	849	850	851	852	975	1098	1221	1220	1219	1218	1095	972
974	975	1098	1097	850	851	852	853	976	1099	1222	1221	1220	1219	1096	973
975	976	1099	1098	851	852	853	854	977	1100	1223	1222	1221	1220	1097	974
976	977	1100	1099	852	853	854	855	978	1101	1224	1223	1222	1221	1098	975
977	978	1101	1100	853	854	855	856	979	1102	1225	1224	1223	1222	1099	976
978	979	1102	1101	854	855	856	857	980	1103	1226	1225	1224	1223	1100	977
979	980	1103	1102	855	856	857	858	981	1104	1227	1226	1225	1224	1101	978
980	981	1104	1103	856	857	858	859	982	1105	1228	1227	1226	1225	1102	979
981	982	1105	1104	857	858	859	860	983	1106	1229	1228	1227	1226	1103	980
985	986	1109	1108	861	862	863	864	987	1110	1233	1232	1231	1230	1107	984
986	987	1110	1109	862	863	864	865	988	1111	1234	1233	1232	1231	1108	985
987	988	1111	1110	863	864	865	866	989	1112	1235	1234	1233	1232	1109	986
988	989	1112	1111	864	865	866	867	990	1113	1236	1235	1234	1233	1110	987
989	990	1113	1112	865	866	867	868	991	1114	1237	1236	1235	1234	1111	988
990	991	1114	1113	866	867	868	869	992	1115	1238	1237	1236	1235	1112	989
991	992	1115	1114	867	868	869	870	993	1116	1239	1238	1237	1236	1113	990
992	993	1116	1115	868	869	870	871	994	1117	1240	1239	1238	1237	1114	991
993	994	1117	1116	869	870	871	872	995	1118	1241	1240	1239	1238	1115	992
994	995	1118	1117	870	871	872	873	996	1119	1242	1241	1240	1239	1116	993
995	996	1119	1118	871	872	873	874	997	1120	1243	1242	1241	1240	1117	994
996	997	1120	1119	872	873	874	875	998	1121	1244	1243	1242	1241	1118	995
997	998	1121	1120	873	874	875	876	999	1122	1245	1244	1243	1242	1119	996
998	999	1122	1121	874	875	876	877	1000	1123	1246	1245	1244	1243	1120	997
999	1000	1123	1122	875	876	877	878	1001	1124	1247	1246	1245	1244	1121	998
1000	1001	1124	1123	876	877	878	879	1002	1125	1248	1247	1246	1245	1122	999
1001	1002	1125	1124	877	878	879	880	1003	1126	1249	1248	1247	1246	1123	1000
1002	1003	1126	1125	878	879	880	881	1004	1127	1250	1249	1248	1247	1124	1001
1003	1004	1127	1126	879	880	881	882	1005	1128	1251	1250	1249	1248	1125	1002
1004	1005	1128	1127	880	881	882	883	1006	1129	1252	1251	1250	1249	1126	1003
1005	1006	1129	1128	881	882	883	884	1007	1130	1253	1252	1251	1250	1127	1004
1006	1007	1130	1129	882	883	884	885	1008	1131	1254	1253	1252	1251	1128	1005
1007	1008	1131	1130	883	884	885	886	1009	1132	1255	1254	1253	1252	1129	1006
1008	1009	1132	1131	884	885	886	887	1010	1133	1256	1255	1254	1253	1130	1007
1009	1010	1133	1132	885	886	887	888	1011	1134	1257	1256	1255	1254	1131	1008
1010	1011	1134	1133	886	887	888	889	1012	1135	1258	1257	1256	1255	1132	1009
1011	1012	1135	1134	887	888	889	890	1013	1136	1259	1258	1257	1256	1133	1010
1012	1013	1136	1135	888	889	890	891	1014	1137	1260	1259	1258	1257	1134	1011
1013	1014	1137	1136	889	890	891	892	1015	1138	1261	1260	1259	1258	1135	1012
1014	1015	1138	1137	890	891	892	893	1016	1139	1262	1261	1260	1259	1136	1013
1015	1016	1139	1138	891	892	893	894	1017	1140	1263	1262	1261	1260	1137	1014
1016	1017	1140	1139	892	893	894	895	1018	1141	1264	1263	1262	1261	1138	1015
1017	1018	1141	1140	893	894	895	896	1019	1142	1265	1264	1263	1262	1139	1016
1018	1019	1142	1141	894	895	896	897	1020	1143	1266	1265	1264	1263	1140	1017
1019	1020	1143	1142	895	896	897	898	1021	1144	1267	1266	1265	1264	1141	1018
1020	1021	1144	1143	896	897	898	899	1022	1145	1268	1267	1266	1265	1142	1019
1021	1022	1145	1144	897	898	899	900	1023	1146	1269	1268	1267	1266	1143	1020
1022	1023	1146	1145	898	899	900	901	1024	1147	1270	1269	1268	1267	1144	1021
1023	1024	1147	1146	899	900	901	902	1025	1148	1271	1270	1269	1268	1145	1022
1024	1025	1148	1147	900	901	902	903	1026	1149	1272	1271	1270	1269	1146	1023
1025	1026	1149	1148	901	902	903	904	1027	1150	1273	1272	1271	1270	1147	1024
1026	1027	1150	1149	902	903	904	905	1028	1151	1274	1273	1272	1271	1148	1025
1027	1028	1151	1150	903	904	905	906	1029	1152	1275	1274	1273	1272	1149	1026
1028	1029	1152	1151	904	905	906	907	1030	1153	1276	1275	1274	1273	1150	1027
1029	1030	1153	1152	905	906	907	908	1031	1154	1277	1276	1275	1274	1151	1028
1030	1031	1154	1153	906	907	908	909	1032	1155	1278	1277	1276	1275	1152	1029
1031	1032	1155	1154	907	908	909	910	1033	1156	1279	1278	1277	1276	1153	1030
1032	1033	1156	1155	908	909	910	911	1034	1157	1280	1279	1278	1277	1154	1031
1033	1034	1157	1156	909	910	911	912	1035	1158	1281	1280	1279	1278	1155	1032
1034	1035	1158	1157	910	911	912	913	1036	1159	1282	1281	1280	1279	1156	1033
1035	1036	1159	1158	911	912	913	914	1037	1160	1283	1282	1281	1280	1157	1034
1036	1037	1160	1159	912	913	914	915	1038	1161	1284	1283	1282	1281	1158	1035
1037	1038	1161	1160	913	914	915	916	1039	1162	1285	1284	1283	1282	1159	1036
1038	1039	1162	1161	914	915	916	917	1040	1163	1286	1285	1284	1283	1160	1037
1039	1040	1163	1162	915	916	917	918	1041	1164	1287	1286	1285	1284	1161	1038
1040	1041	1164	1163	916	917	918	919	1042	1165	1288	1287	1286	1285	1162	1039
1041	1042	1165	1164	917	918	919	920	1043	1166	1289	1288	1287	1286	1163	1040
1042	1043	1166	1165	918	919	920	921	1044	1167	1290	1289	1288	1287	1164	1041
1043	1044	1167	1166	919	920	921	922	1045	1168	1291	1290	1289	1288	1165	1042
1044	1045	1168	1167	920	921	922	923	1046	1169	1292	1291	1290	1289	1166	1043
1045	1046	1169	1168	921	922	923	924	1047	1170	1293	1292	1291	1290	1167	1044
1046	1047	1170	1169	922	923	924	925	1048	1171	1294	1293	1292	1291	1168	1045
1047	1048	1171	1170	923	924	925	926	1049	1172	1295	1294	1293	1292	1169	1046
1048	1049	1172	1171	924	925	926	927	1050	1173	1296	1295	1294	1293	1170	1047
1049	1050	1173	1172	925	926	927	928	1051	1174	1297	1296	1295	1294	1171	1048
1050	1051	1174	1173	926	927	928	929	1052	1175	1298	1297	1296	1295	1172	1049
1051	1052	1175	1174	927	928	929	930	1053	1176	1299	1298	1297	1296	1173	1050
1052	1053	1176	1175	928	929	930	931	1054	1177	1300	1299	1298	1297	1174	1051
1053	1054	1177	1176	929	930	931	932	1055	1178	1301	1300	1299	1298	1175	1052
1054	1055	1178	1177	930	931	932	933	1056	1179	1302	1301	1300	1299	1176	1053
1055	1056	1179	1178	931	932	933	934	1057	1180	1303	1302	1301	1300	1177	1054
1056	1057	1180	1179	932	933	934	935	1058	1181	1304	1303	1302	1301	1178	1055
1057	1058	1181	1180	933	934	935	936	1059	1182	1305	1304	1303	1302	1179	1056
1058	1059	1182	1181	934	935	936	937	1060	1183	1306	1305	1304	1303	1180	1057
1059	1060	1183	1182	935	936	937	938	1061	1184	1307	1306	1305	1304	1181	1058
1060	1061	1184	1183	936	937	938	939	1062	1185	1308	1307	1306	1305	1182	1059
1061	1062	1185	1184	937	938	939	940	1063	1186	1309	1308	1307	1306	1183	1060
1062	1063	1186	1185	938	939	940	941	1064	1187	1310	1309	1308	1307	1184	1061
1063	1064	1187	1186	939	940	941	942	1065	1188	1311	1310	1309	1308	1185	1062
1064	1065	1188	1187	940	941	942	943	1066	1189	1312	1311	1310	1309	1186	1063
1065	1066	1189	1188	941	942	943	944	1067	1190	1313	1312	1311	1310	1187	1064
1066	1067	1190	1189	942	943	944	945	1068	1191	1314	1313	1312	1311	1188	1065
1067	1068	1191	1190	943	944	945	946	1069	1192	1315	1314	1313	1312	1189	1066
1068	1069	1192	1191	944	945	946	947	1070	1193	1316	1315	1314	1313	1190	1067
1069	1070	1193	1192	945	946	947	948	1071	1194	1317	1316	1315	1314	1191	1068
1070	1071	1194	1193	946	947	948	949	1072	1195	1318	1317	1316	1315	1192	1069
1071	1072	1195	1194	947	948	949	950	1073	1196	1319	1318	1317	1316	1193	1070
1072	1073	1196	1195	948	949	950	951	1074	1197	1320	1319	1318	1317	1194	1071
1073	1074	1197	1196	949	950	951	952	1075	1198	1321	1320	1319	1318	1195	1072
1074	1075	1198	1197	950	951	952	953	1076	1199	1322	1321	1320	1319	1196	1073
1075	1076	1199	1198	951	952	953	954	1077	1200	1323	1322	1321	1320	1197	1074
1076	1077	1200	1199	952	953	954	955	1078	1201	1324	1323	1322	1321	1198	1075
1077	1078	1201	1200	953	954	955	956	1079	1202	1325	1324	1323	1322	1199	1076
1078	1079	1202	1201	954	955	956	957	1080	1203	1326	1325	1324	1323	1200	1077
1079	1080	1203	1202	955	956	957	958	1081	1204	1327	1326	1325	1324	1201	1078
1080	1081	1204	1203	956	957	958	959	1082	1205	1328	1327	1326	1325	1202	1079
1081	1082	1205	1204	957	958	959	960	1083	1206	1329	1328	1327	1326	1203	1080
1082	1083	1206	1205	958	959	960	961	1084	1207	1330	1329	1328	1327	1204	1081
1083	1084	1207	1206	959	960	961	962	1085	1208	1331	1330	1329	1328	1205	1082
1084	1085	1208	1207	960	961	962	963	1086	1209	1332	1331	1330	1329	1206	1083
1085	1086	1209	1208	961	962	963	964	1087	1210	1333	1332	1331	1330	1207	1084
1086	1087	1210	1209	962	963	964	965	1088	1211	1334	1333	1332	1331	1208	1085
1087	1088	1211	1210	963	964	965	966	1089	1212	1335	1334	1333	1332	1209	1086
1088	1089	1212	1211	964	965	966	967	1090	1213	1336	1335	1334	1333	1210	1087
1089	1090	1213	1212	965	966	967	968	1091	1214	1337	1336	1335	1334	1211	1088
1090	1091	1214	1213	966	967	968	969	1092	1215	1338	1337	1336	1335	1212	1089
1091	1092	1215	1214	967	968	969	970	1093	1216	1339	1338	1337	1336	1213	1090
1092	1093	1216	1215	968	969	970	971	1094	1217	1340	1339	1338	1337	1214	1091
1093	1094	1217	1216	969	970	971	972	1095	1218	1341	1340	1339	1338	1215	1092
1094	1095	1218	1217	970	971	972	973	1096	1219	1342	1341	1340	1339	1216	1093
1095	1096	1219	1218	971	972	973	974	1097	1220	1343	1342	1341	1340	1217	1094
1096	1097	1220	1219	972	973	974	975	1098	1221	1344	1343	1342	1341	1218	1095
1097	1098	1221	1220	973	974	975	976	1099	1222	1345	1344	1343	1342	1219	1096
1098	1099	1222	1221	974	975	976	977	1100	1223	1346	1345	1344	1343	1220	1097
1099	1100	1223	1222	975	976	977	978	1101	1224	1347	1346	1345	1344	1221	1098
1100	1101	1224	1223	976	977	978	979	1102	1225	1348	1347	1346	1345	1222	1099
1101	1102	1225	1224	977	978	979	980	1103	1226	1349	1348	1347	1346	1223	1100
1102	1103	1226	1225	978	979	980	981	1104	1227	1350	1349	1348	1347	1224	1101
1103	1104	1227	1226	979	980	981	982	1105	1228	1351	1350	1349	1348	1225	1102
1104	1105	1228	1227	980	981	982	983	1106	1229	1352	1351	1350	1349	1226	1103
1108	1109	1232	1231	984	985	986	987	1110	1233	1356	1355	1354	1353	1230	1107
1109	1110	1233	1232	985	986	987	988	1111	1234	1357	1356	1355	1354	1231	1108
1110	1111	1234	1233	986	987	988	989	1112	1235	1358	1357	1356	1355	1232	1109
1111	1112	1235	1234	987	988	989	990	1113	1236	1359	1358	1357	1356	1233	1110
1112	1113	1236	1235	988	989	990	991	1114	1237	1360	1359	1358	1357	1234	1111
1113	1114	1237	1236	989	990	991	992	1115	1238	1361	1360	1359	1358	1235	1112
1114	1115	1238	1237	990	991	992	993	1116	1239	1362	1361	1360	1359	1236	1113
1115	1116	1239	1238	991	992	993	994	1117	1240	1363	1362	1361	1360	1237	1114
1116	1117	1240	1239	992	993	994	995	1118	1241	1364	1363	1362	1361	1238	1115
1117	1118	1241	1240	993	994	995	996	1119	1242	1365	1364	1363	1362	1239	1116
1118	1119	1242	1241	994	995	996	997	1120	1243	1366	1365	1364	1363	1240	1117
1119	1120	1243	1242	995	996	997	998	1121	1244	1367	1366	1365	1364	1241	1118
1120	1121	1244	1243	996	997	998	999	1122	1245	1368	1367	1366	1365	1242	1119
1121	1122	1245	1244	997	998	999	1000	1123	1246	1369	1368	1367	1366	1243	1120
1122	1123	1246	1245	998	999	1000	1001	1124	1247	1370	1369	1368	1367	1244	1121
1123	1124	1247	1246	999	1000	1001	1002	1125	1248	1371	1370	1369	1368	1245	1122
1124	1125	1248	1247	1000	1001	1002	1003	1126	1249	1372	1371	1370	1369	1246	1123
1125	1126	1249	1248	1001	1002	1003	1004	1127	1250	1373	1372	1371	1370	1247	1124
1126	1127	1250	1249	1002	1003	1004	1005	1128	1251	1374	1373	1372	1371	1248	1125
1127	1128	1251	1250	1003	1004	1005	1006	1129	1252	1375	1374	1373	1372	1249	1126
1128	1129	1252	1251	1004	1005	1006	1007	1130	1253	1376	1375	1374	1373	1250	1127
1129	1130	1253	1252	1005	1006	1007	1008	1131	1254	1377	1376	1375	1374	1251	1128
1130	1131	1254	1253	1006	1007	1008	1009	1132	1255	1378	1377	1376	1375	1252	1129
1131	1132	1255	1254	1007	1008	1009	1010	1133	1256	1379	1378	1377	1376	1253	1130
1132	1133	1256	1255	1008	1009	1010	1011	1134	1257	1380	1379	1378	1377	1254	1131
1133	1134	1257	1256	1009	1010	1011	1012	1135	1258	1381	1380	1379	1378	1255	1132
1134	1135	1258	1257	1010	1011	1012	1013	1136	1259	1382	1381	1380	1379	1256	1133
1135	1136	1259	1258	1011	1012	1013	1014	1137	1260	1383	1382	1381	1380	1257	1134
1136	1137	1260	1259	1012	1013	1014	1015	1138	1261	1384	1383	1382	1381	1258	1135
1137	1138	1261	1260	1013	1014	1015	1016	1139	1262	1385	1384	1383	1382	1259	1136
1138	1139	1262	1261	1014	1015	1016	1017	1140	1263	1386	1385	1384	1383	1260	1137
1139	1140	1263	1262	1015	1016	1017	1018	1141	1264	1387	1386	1385	1384	1261	1138
1140	1141	1264	1263	1016	1017	1018	1019	1142	1265	1388	1387	1386	1385	1262	1139
1141	1142	1265	1264	1017	1018	1019	1020	1143	1266	1389	1388	1387	1386	1263	1140
1142	1143	1266	1265	1018	1019	1020	1021	1144	1267	1390	1389	1388	1387	1264	1141
1143	1144	1267	1266	1019	1020	1021	1022	1145	1268	1391	1390	1389	1388	1265	1142
1144	1145	1268	1267	1020	1021	1022	1023	1146	1269	1392	1391	1390	1389	1266	1143
1145	1146	1269	1268	1021	1022	1023	1024	1147	1270	1393	1392	1391	1390	1267	1144
1146	1147	1270	1269	1022	1023	1024	1025	1148	1271	1394	1393	1392	1391	1268	1145
1147	1148	1271	1270	1023	1024	1025	1026	1149	1272	1395	1394	1393	1392	1269	1146
1148	1149	1272	1271	1024	1025	1026	1027	1150	1273	1396	1395	1394	1393	1270	1147
1149	1150	1273	1272	1025	1026	1027	1028	1151	1274	1397	1396	1395	1394	1271	1148
1150	1151	1274	1273	1026	1027	1028	1029	1152	1275	1398	1397	1396	1395	1272	1149
1151	1152	1275	1274	1027	1028	1029	1030	1153	1276	1399	1398	1397	1396	1273	1150
1152	1153	1276	1275	1028	1029	1030	1031	1154	1277	1400	1399	1398	1397	1274	1151
1153	1154	1277	1276	1029	1030	1031	1032	1155	1278	1401	1400	1399	1398	1275	1152
1154	1155	1278	1277	1030	1031	1032	1033	1156	1279	1402	1401	1400	1399	1276	1153
1155	1156	1279	1278	1031	1032	1033	1034	1157	1280	1403	1402	1401	1400	1277	1154
1156	1157	1280	1279	1032	1033	1034	1035	1158	1281	1404	1403	1402	1401	1278	1155
1157	1158	1281	1280	1033	1034	1035	1036	1159	1282	1405	1404	1403	1402	1279	1156
1158	1159	1282	1281	1034	1035	1036	1037	1160	1283	1406	1405	1404	1403	1280	1157
1159	1160	1283	1282	1035	1036	1037	1038	1161	1284	1407	1406	1405	1404	1281	1158
1160	1161	1284	1283	1036	1037	1038	1039	1162	1285	1408	1407	1406	1405	1282	1159
1161	1162	1285	1284	1037	1038	1039	1040	1163	1286	1409	1408	1407	1406	1283	1160
1162	1163	1286	1285	1038	1039	1040	1041	1164	1287	1410	1409	1408	1407	1284	1161
1163	1164	1287	1286	1039	1040	1041	1042	1165	1288	1411	1410	1409	1408	1285	1162
1164	1165	1288	1287	1040	1041	1042	1043	1166	1289	1412	1411	1410	1409	1286	1163
1165	1166	1289	1288	1041	1042	1043	1044	1167	1290	1413	1412	1411	1410	1287	1164
1166	1167	1290	1289	1042	1043	1044	1045	1168	1291	1414	1413	1412	1411	1288	1165
1167	1168	1291	1290	1043	1044	1045	1046	1169	1292	1415	1414	1413	1412	1289	1166
1168	1169	1292	1291	1044	1045	1046	1047	1170	1293	1416	1415	1414	1413	1290	1167
1169	1170	1293	1292	1045	1046	1047	1048	1171	1294	1417	1416	1415	1414	1291	1168
1170	1171	1294	1293	1046	1047	1048	1049	1172	1295	1418	1417	1416	1415	1292	1169
1171	1172	1295	1294	1047	1048	1049	1050	1173	1296	1419	1418	1417	1416	1293	1170
1172	1173	1296	1295	1048	1049	1050	1051	1174	1297	1420	1419	1418	1417	1294	1171
1173	1174	1297	1296	1049	1050	1051	1052	1175	1298	1421	1420	1419	1418	1295	1172
1174	1175	1298	1297	1050	1051	1052	1053	1176	1299	1422	1421	1420	1419	1296	1173
1175	1176	1299	1298	1051	1052	1053	1054	1177	1300	1423	1422	1421	1420	1297	1174
1176	1177	1300	1299	1052	1053	1054	1055	1178	1301	1424	1423	1422	1421	1298	1175
1177	1178	1301	1300	1053	1054	1055	1056	1179	1302	1425	1424	1423	1422	1299	1176
1178	1179	1302	1301	1054	1055	1056	1057	1180	1303	1426	1425	1424	1423	1300	1177
1179	1180	1303	1302	1055	1056	1057	1058	1181	1304	1427	1426	1425	1424	1301	1178
1180	1181	1304	1303	1056	1057	1058	1059	1182	1305	1428	1427	1426	1425	1302	1179
1181	1182	1305	1304	1057	1058	1059	1060	1183	1306	1429	1428	1427	1426	1303	1180
1182	1183	1306	1305	1058	1059	1060	1061	1184	1307	1430	1429	1428	1427	1304	1181
1183	1184	1307	1306	1059	1060	1061	1062	1185	1308	1431	1430	1429	1428	1305	1182
1184	1185	1308	1307	1060	1061	1062	1063	1186	1309	1432	1431	1430	1429	1306	1183
1185	1186	1309	1308	1061	1062	1063	1064	1187	1310	1433	1432	1431	1430	1307	1184
1186	1187	1310	1309	1062	1063	1064	1065	1188	1311	1434	1433	1432	1431	1308	1185
1187	1188	1311	1310	1063	1064	1065	1066	1189	1312	1435	1434	1433	1432	1309	1186
1188	1189	1312	1311	1064	1065	1066	1067	1190	1313	1436	1435	1434	1433	1310	1187
1189	1190	1313	1312	1065	1066	1067	1068	1191	1314	1437	1436	1435	1434	1311	1188
1190	1191	1314	1313	1066	1067	1068	1069	1192	1315	1438	1437	1436	1435	1312	1189
1191	1192	1315	1314	1067	1068	1069	1070	1193	1316	1439	1438	1437	1436	1313	1190
1192	1193	1316	1315	1068	1069	1070	1071	1194	1317	1440	1439	1438	1437	1314	1191
1193	1194	1317	1316	1069	1070	1071	1072	1195	1318	1441	1440	1439	1438	1315	1192
1194	1195	1318	1317	1070	1071	1072	1073	1196	1319	1442	1441	1440	1439	1316	1193
1195	1196	1319	1318	1071	1072	1073	1074	1197	1320	1443	1442	1441	1440	1317	1194
1196	1197	1320	1319	1072	1073	1074	1075	1198	1321	1444	1443	1442	1441	1318	1195
1197	1198	1321	1320	1073	1074	1075	1076	1199	1322	1445	1444	1443	1442	1319	1196
1198	1199	1322	1321	1074	1075	1076	1077	1200	1323	1446	1445	1444	1443	1320	1197
1199	1200	1323	1322	1075	1076	1077	1078	1201	1324	1447	1446	1445	1444	1321	1198
1200	1201	1324	1323	1076	1077	1078	1079	1202	1325	1448	1447	1446	1445	1322	1199
1201	1202	1325	1324	1077	1078	1079	1080	1203	1326	1449	1448	1447	1446	1323	1200
1202	1203	1326	1325	1078	1079	1080	1081	1204	1327	1450	1449	1448	1447	1324	1201
1203	1204	1327	1326	1079	1080	1081	1082	1205	1328	1451	1450	1449	1448	1325	1202
1204	1205	1328	1327	1080	1081	1082	1083	1206	1329	1452	1451	1450	1449	1326	1203
1205	1206	1329	1328	1081	1082	1083	1084	1207	1330	1453	1452	1451	1450	1327	1204
1206	1207	1330	1329	1082	1083	1084	1085	1208	1331	1454	1453	1452	1451	1328	1205
1207	1208	1331	1330	1083	1084	1085	1086	1209	1332	1455	1454	1453	1452	1329	1206
1208	1209	1332	1331	1084	1085	1086	1087	1210	1333	1456	1455	1454	1453	1330	1207
1209	1210	1333	1332	1085	1086	1087	1088	1211	1334	1457	1456	1455	1454	1331	1208
1210	1211	1334	1333	1086	1087	1088	1089	1212	1335	1458	1457	1456	1455	1332	1209
1211	1212	1335	1334	1087	1088	1089	1090	1213	1336	1459	1458	1457	1456	1333	1210
1212	1213	1336	1335	1088	1089	1090	1091	1214	1337	1460	1459	1458	1457	1334	1211
1213	1214	1337	1336	1089	1090	1091	1092	1215	1338	1461	1460	1459	1458	1335	1212
1214	1215	1338	1337	1090	1091	1092	1093	1216	1339	1462	1461	1460	1459	1336	1213
1215	1216	1339	1338	1091	1092	1093	1094	1217	1340	1463	1462	1461	1460	1337	1214
1216	1217	1340	1339	1092	1093	1094	1095	1218	1341	1464	1463	1462	1461	1338	1215
1217	1218	1341	1340	1093	1094	1095	1096	1219	1342	1465	1464	1463	1462	1339	1216
1218	1219	1342	1341	1094	1095	1096	1097	1220	1343	1466	1465	1464	1463	1340	1217
1219	1220	1343	1342	1095	1096	1097	1098	1221	1344	1467	1466	1465	1464	1341	1218
1220	1221	1344	1343	1096	1097	1098	1099	1222	1345	1468	1467	1466	1465	1342	1219
1221	1222	1345	1344	1097	1098	1099	1100	1223	1346	1469	1468	1467	1466	1343	1220
1222	1223	1346	1345	1098	1099	1100	1101	1224	1347	1470	1469	1468	1467	1344	1221
1223	1224	1347	1346	1099	1100	1101	1102	1225	1348	1471	1470	1469	1468	1345	1222
1224	1225	1348	1347	1100	1101	1102	1103	1226	1349	1472	1471	1470	1469	1346	1223
1225	1226	1349	1348	1101	1102	1103	1104	1227	1350	1473	1472	1471	1470	1347	1224
1226	1227	1350	1349	1102	1103	1104	1105	1228	1351	1474	1473	1472	1471	1348	1225
1227	1228	1351	1350	1103	1104	1105	1106	1229	1352	1475	1474	1473	1472	1349	1226
1231	1232	1355	1354	1107	1108	1109	1110	1233	1356	1479	1478	1477	1476	1353	1230
1232	1233	1356	1355	1108	1109	1110	1111	1234	1357	1480	1479	1478	1477	1354	1231
1233	1234	1357	1356	1109	1110	1111	1112	1235	1358	1481	1480	1479	1478	1355	1232
1234	1235	1358	1357	1110	1111	1112	1113	1236	1359	1482	1481	1480	1479	1356	1233
1235	1236	1359	1358	1111	1112	1113	1114	1237	1360	1483	1482	1481	1480	1357	1234
1236	1237	1360	1359	1112	1113	1114	1115	1238	1361	1484	1483	1482	1481	1358	1235
1237	1238	1361	1360	1113	1114	1115	1116	1239	1362	1485	1484	1483	1482	1359	1236
1238	1239	1362	1361	1114	1115	1116	1117	1240	1363	1486	1485	1484	1483	1360	1237
1239	1240	1363	1362	1115	1116	1117	1118	1241	1364	1487	1486	1485	1484	1361	1238
1240	1241	1364	1363	1116	1117	1118	1119	1242	1365	1488	1487	1486	1485	1362	1239
1241	1242	1365	1364	1117	1118	1119	1120	1243	1366	1489	1488	1487	1486	1363	1240
1242	1243	1366	1365	1118	1119	1120	1121	1244	1367	1490	1489	1488	1487	1364	1241
1243	1244	1367	1366	1119	1120	1121	1122	1245	1368	1491	1490	1489	1488	1365	1242
1244	1245	1368	1367	1120	1121	1122	1123	1246	1369	1492	1491	1490	1489	1366	1243
1245	1246	1369	1368	1121	1122	1123	1124	1247	1370	1493	1492	1491	1490	1367	1244
1246	1247	1370	1369	1122	1123	1124	1125	1248	1371	1494	1493	1492	1491	1368	1245
1247	1248	1371	1370	1123	1124	1125	1126	1249	1372	1495	1494	1493	1492	1369	1246
1248	1249	1372	1371	1124	1125	1126	1127	1250	1373	1496	1495	1494	1493	1370	1247
1249	1250	1373	1372	1125	1126	1127	1128	1251	1374	1497	1496	1495	1494	1371	1248
1250	1251	1374	1373	1126	1127	1128	1129	1252	1375	1498	1497	1496	1495	1372	1249
1251	1252	1375	1374	1127	1128	1129	1130	1253	1376	1499	1498	1497	1496	1373	1250
1252	1253	1376	1375	1128	1129	1130	1131	1254	1377	1500	1499	1498	1497	1374	1251
1253	1254	1377	1376	1129	1130	1131	1132	1255	1378	1501	1500	1499	1498	1375	1252
1254	1255	1378	1377	1130	1131	1132	1133	1256	1379	1502	1501	1500	1499	1376	1253
1255	1256	1379	1378	1131	1132	1133	1134	1257	1380	1503	1502	1501	1500	1377	1254
1256	1257	1380	1379	1132	1133	1134	1135	1258	1381	1504	1503	1502	1501	1378	1255
1257	1258	1381	1380	1133	1134	1135	1136	1259	1382	1505	1504	1503	1502	1379	1256
1258	1259	1382	1381	1134	1135	1136	1137	1260	1383	1506	1505	1504	1503	1380	1257
1259	1260	1383	1382	1135	1136	1137	1138	1261	1384	1507	1506	1505	1504	1381	1258
1260	1261	1384	1383	1136	1137	1138	1139	1262	1385	1508	1507	1506	1505	1382	1259
1261	1262	1385	1384	1137	1138	1139	1140	1263	1386	1509	1508	1507	1506	1383	1260
1262	1263	1386	1385	1138	1139	1140	1141	1264	1387	1510	1509	1508	1507	1384	1261
1263	1264	1387	1386	1139	1140	1141	1142	1265	1388	1511	1510	1509	1508	1385	1262
1264	1265	1388	1387	1140	1141	1142	1143	1266	1389	1512	1511	1510	1509	1386	1263
1265	1266	1389	1388	1141	1142	1143	1144	1267	1390	1513	1512	1511	1510	1387	1264
1266	1267	1390	1389	1142	1143	1144	1145	1268	1391	1514	1513	1512	1511	1388	1265
1267	1268	1391	1390	1143	1144	1145	1146	1269	1392	1515	1514	1513	1512	1389	1266
1268	1269	1392	1391	1144	1145	1146	1147	1270	1393	1516	1515	1514	1513	1390	1267
1269	1270	1393	1392	1145	1146	1147	1148	1271	1394	1517	1516	1515	1514	1391	1268
1270	1271	1394	1393	1146	1147	1148	1149	1272	1395	1518	1517	1516	1515	1392	1269
1271	1272	1395	1394	1147	1148	1149	1150	1273	1396	1519	1518	1517	1516	1393	1270
1272	1273	1396	1395	1148	1149	1150	1151	1274	1397	1520	1519	1518	1517	1394	1271
1273	1274	1397	1396	1149	1150	1151	1152	1275	1398	1521	1520	1519	1518	1395	1272
1274	1275	1398	1397	1150	1151	1152	1153	1276	1399	1522	1521	1520	1519	1396	1273
1275	1276	1399	1398	1151	1152	1153	1154	1277	1400	1523	1522	1521	1520	1397	1274
1276	1277	1400	1399	1152	1153	1154	1155	1278	1401	1524	1523	1522	1521	1398	1275
1277	1278	1401	1400	1153	1154	1155	1156	1279	1402	1525	1524	1523	1522	1399	1276
1278	1279	1402	1401	1154	1155	1156	1157	1280	1403	1526	1525	1524	1523	1400	1277
1279	1280	1403	1402	1155	1156	1157	1158	1281	1404	1527	1526	1525	1524	1401	1278
1280	1281	1404	1403	1156	1157	1158	1159	1282	1405	1528	1527	1526	1525	1402	1279
1281	1282	1405	1404	1157	1158	1159	1160	1283	1406	1529	1528	1527	1526	1403	1280
1282	1283	1406	1405	1158	1159	1160	1161	1284	1407	1530	1529	1528	1527	1404	1281
1283	1284	1407	1406	1159	1160	1161	1162	1285	1408	1531	1530	1529	1528	1405	1282
1284	1285	1408	1407	1160	1161	1162	1163	1286	1409	1532	1531	1530	1529	1406	1283
1285	1286	1409	1408	1161	1162	1163	1164	1287	1410	1533	1532	1531	1530	1407	1284
1286	1287	1410	1409	1162	1163	1164	1165	1288	1411	1534	1533	1532	1531	1408	1285
1287	1288	1411	1410	1163	1164	1165	1166	1289	1412	1535	1534	1533	1532	1409	1286
1288	1289	1412	1411	1164	1165	1166	1167	1290	1413	1536	1535	1534	1533	1410	1287
1289	1290	1413	1412	1165	1166	1167	1168	1291	1414	1537	1536	1535	1534	1411	1288
1290	1291	1414	1413	1166	1167	1168	1169	1292	1415	1538	1537	1536	1535	1412	1289
1291	1292	1415	1414	1167	1168	1169	1170	1293	1416	1539	1538	1537	1536	1413	1290
1292	1293	1416	1415	1168	1169	1170	1171	1294	1417	1540	1539	1538	1537	1414	1291
1293	1294	1417	1416	1169	1170	1171	1172	1295	1418	1541	1540	1539	1538	1415	1292
1294	1295	1418	1417	1170	1171	1172	1173	1296	1419	1542	1541	1540	1539	1416	1293
1295	1296	1419	1418	1171	1172	1173	1174	1297	1420	1543	1542	1541	1540	1417	1294
1296	1297	1420	1419	1172	1173	1174	1175	1298	1421	1544	1543	1542	1541	1418	1295
1297	1298	1421	1420	1173	1174	1175	1176	1299	1422	1545	1544	1543	1542	1419	1296
1298	1299	1422	1421	1174	1175	1176	1177	1300	1423	1546	1545	1544	1543	1420	1297
1299	1300	1423	1422	1175	1176	1177	1178	1301	1424	1547	1546	1545	1544	1421	1298
1300	1301	1424	1423	1176	1177	1178	1179	1302	1425	1548	1547	1546	1545	1422	1299
1301	1302	1425	1424	1177	1178	1179	1180	1303	1426	1549	1548	1547	1546	1423	1300
1302	1303	1426	1425	1178	1179	1180	1181	1304	1427	1550	1549	1548	1547	1424	1301
1303	1304	1427	1426	1179	1180	1181	1182	1305	1428	1551	1550	1549	1548	1425	1302
1304	1305	1428	1427	1180	1181	1182	1183	1306	1429	1552	1551	1550	1549	1426	1303
1305	1306	1429	1428	1181	1182	1183	1184	1307	1430	1553	1552	1551	1550	1427	1304
1306	1307	1430	1429	1182	1183	1184	1185	1308	1431	1554	1553	1552	1551	1428	1305
1307	1308	1431	1430	1183	1184	1185	1186	1309	1432	1555	1554	1553	1552	1429	1306
1308	1309	1432	1431	1184	1185	1186	1187	1310	1433	1556	1555	1554	1553	1430	1307
1309	1310	1433	1432	1185	1186	1187	1188	1311	1434	1557	1556	1555	1554	1431	1308
1310	1311	1434	1433	1186	1187	1188	1189	1312	1435	1558	1557	1556	1555	1432	1309
1311	1312	1435	1434	1187	1188	1189	1190	1313	1436	1559	1558	1557	1556	1433	1310
1312	1313	1436	1435	1188	1189	1190	1191	1314	1437	1560	1559	1558	1557	1434	1311
1313	1314	1437	1436	1189	1190	1191	1192	1315	1438	1561	1560	1559	1558	1435	1312
1314	1315	1438	1437	1190	1191	1192	1193	1316	1439	1562	1561	1560	1559	1436	1313
1315	1316	1439	1438	1191	1192	1193	1194	1317	1440	1563	1562	1561	1560	1437	1314
1316	1317	1440	1439	1192	1193	1194	1195	1318	1441	1564	1563	1562	1561	1438	1315
1317	1318	1441	1440	1193	1194	1195	1196	1319	1442	1565	1564	1563	1562	1439	1316
1318	1319	1442	1441	1194	1195	1196	1197	1320	1443	1566	1565	1564	1563	1440	1317
1319	1320	1443	1442	1195	1196	1197	1198	1321	1444	1567	1566	1565	1564	1441	1318
1320	1321	1444	1443	1196	1197	1198	1199	1322	1445	1568	1567	1566	1565	1442	1319
1321	1322	1445	1444	1197	1198	1199	1200	1323	1446	1569	1568	1567	1566	1443	1320
1322	1323	1446	1445	1198	1199	1200	1201	1324	1447	1570	1569	1568	1567	1444	1321
1323	1324	1447	1446	1199	1200	1201	1202	1325	1448	1571	1570	1569	1568	1445	1322
1324	1325	1448	1447	1200	1201	1202	1203	1326	1449	1572	1571	1570	1569	1446	1323
1325	1326	1449	1448	1201	1202	1203	1204	1327	1450	1573	1572	1571	1570	1447	1324
1326	1327	1450	1449	1202	1203	1204	1205	1328	1451	1574	1573	1572	1571	1448	1325
1327	1328	1451	1450	1203	1204	1205	1206	1329	1452	1575	1574	1573	1572	1449	1326
1328	1329	1452	1451	1204	1205	1206	1207	1330	1453	1576	1575	1574	1573	1450	1327
1329	1330	1453	1452	1205	1206	1207	1208	1331	1454	1577	1576	1575	1574	1451	1328
1330	1331	1454	1453	1206	1207	1208	1209	1332	1455	1578	1577	1576	1575	1452	1329
1331	1332	1455	1454	1207	1208	1209	1210	1333	1456	1579	1578	1577	1576	1453	1330
1332	1333	1456	1455	1208	1209	1210	1211	1334	1457	1580	1579	1578	1577	1454	1331
1333	1334	1457	1456	1209	1210	1211	1212	1335	1458	1581	1580	1579	1578	1455	1332
1334	1335	1458	1457	1210	1211	1212	1213	1336	1459	1582	1581	1580	1579	1456	1333
1335	1336	1459	1458	1211	1212	1213	1214	1337	1460	1583	1582	1581	1580	1457	1334
1336	1337	1460	1459	1212	1213	1214	1215	1338	1461	1584	1583	1582	1581	1458	1335
1337	1338	1461	1460	1213	1214	1215	1216	1339	1462	1585	1584	1583	1582	1459	1336
1338	1339	1462	1461	1214	1215	1216	1217	1340	1463	1586	1585	1584	1583	1460	1337
1339	1340	1463	1462	1215	1216	1217	1218	1341	1464	1587	1586	1585	1584	1461	1338
1340	1341	1464	1463	1216	1217	1218	1219	1342	1465	1588	1587	1586	1585	1462	1339
1341	1342	1465	1464	1217	1218	1219	1220	1343	1466	1589	1588	1587	1586	1463	1340
1342	1343	1466	1465	1218	1219	1220	1221	1344	1467	1590	1589	1588	1587	1464	1341
1343	1344	1467	1466	1219	1220	1221	1222	1345	1468	1591	1590	1589	1588	1465	1342
1344	1345	1468	1467	1220	1221	1222	1223	1346	1469	1592	1591	1590	1589	1466	1343
1345	1346	1469	1468	1221	1222	1223	1224	1347	1470	1593	1592	1591	1590	1467	1344
1346	1347	1470	1469	1222	1223	1224	1225	1348	1471	1594	1593	1592	1591	1468	1345
1347	1348	1471	1470	1223	1224	1225	1226	1349	1472	1595	1594	1593	1592	1469	1346
1348	1349	1472	1471	1224	1225	1226	1227	1350	1473	1596	1595	1594	1593	1470	1347
1349	1350	1473	1472	1225	1226	1227	1228	1351	1474	1597	1596	1595	1594	1471	1348
1350	1351	1474	1473	1226	1227	1228	1229	1352	1475	1598	1597	1596	1595	1472	1349
1354	1355	1478	1477	1230	1231	1232	1233	1356	1479	1602	1601	1600	1599	1476	1353
1355	1356	1479	1478	1231	1232	1233	1234	1357	1480	1603	1602	1601	1600	1477	1354
1356	1357	1480	1479	1232	1233	1234	1235	1358	1481	1604	1603	1602	1601	1478	1355
1357	1358	1481	1480	1233	1234	1235	1236	1359	1482	1605	1604	1603	1602	1479	1356
1358	1359	1482	1481	1234	1235	1236	1237	1360	1483	1606	1605	1604	1603	1480	1357
1359	1360	1483	1482	1235	1236	1237	1238	1361	1484	1607	1606	1605	1604	1481	1358
1360	1361	1484	1483	1236	1237	1238	1239	1362	1485	1608	1607	1606	1605	1482	1359
1361	1362	1485	1484	1237	1238	1239	1240	1363	1486	1609	1608	1607	1606	1483	1360
1362	1363	1486	1485	1238	1239	1240	1241	1364	1487	1610	1609	1608	1607	1484	1361
1363	1364	1487	1486	1239	1240	1241	1242	1365	1488	1611	1610	1609	1608	1485	1362
1364	1365	1488	1487	1240	1241	1242	1243	1366	1489	1612	1611	1610	1609	1486	1363
1365	1366	1489	1488	1241	1242	1243	1244	1367	1490	1613	1612	1611	1610	1487	1364
1366	1367	1490	1489	1242	1243	1244	1245	1368	1491	1614	1613	1612	1611	1488	1365
1367	1368	1491	1490	1243	1244	1245	1246	1369	1492	1615	1614	1613	1612	1489	1366
1368	1369	1492	1491	1244	1245	1246	1247	1370	1493	1616	1615	1614	1613	1490	1367
1369	1370	1493	1492	1245	1246	1247	1248	1371	1494	1617	1616	1615	1614	1491	1368
1370	1371	1494	1493	1246	1247	1248	1249	1372	1495	1618	1617	1616	1615	1492	1369
1371	1372	1495	1494	1247	1248	1249	1250	1373	1496	1619	1618	1617	1616	1493	1370
1372	1373	1496	1495	1248	1249	1250	1251	1374	1497	1620	1619	1618	1617	1494	1371
1373	1374	1497	1496	1249	1250	1251	1252	1375	1498	1621	1620	1619	1618	1495	1372
1374	1375	1498	1497	1250	1251	1252	1253	1376	1499	1622	1621	1620	1619	1496	1373
1375	1376	1499	1498	1251	1252	1253	1254	1377	1500	1623	1622	1621	1620	1497	1374
1376	1377	1500	1499	1252	1253	1254	1255	1378	1501	1624	1623	1622	1621	1498	1375
1377	1378	1501	1500	1253	1254	1255	1256	1379	1502	1625	1624	1623	1622	1499	1376
1378	1379	1502	1501	1254	1255	1256	1257	1380	1503	1626	1625	1624	1623	1500	1377
1379	1380	1503	1502	1255	1256	1257	1258	1381	1504	1627	1626	1625	1624	1501	1378
1380	1381	1504	1503	1256	1257	1258	1259	1382	1505	1628	1627	1626	1625	1502	1379
1381	1382	1505	1504	1257	1258	1259	1260	1383	1506	1629	1628	1627	1626	1503	1380
1382	1383	1506	1505	1258	1259	1260	1261	1384	1507	1630	1629	1628	1627	1504	1381
1383	1384	1507	1506	1259	1260	1261	1262	1385	1508	1631	1630	1629	1628	1505	1382
1384	1385	1508	1507	1260	1261	1262	1263	1386	1509	1632	1631	1630	1629	1506	1383
1385	1386	1509	1508	1261	1262	1263	1264	1387	1510	1633	1632	1631	1630	1507	1384
1386	1387	1510	1509	1262	1263	1264	1265	1388	1511	1634	1633	1632	1631	1508	1385
1387	1388	1511	1510	1263	1264	1265	1266	1389	1512	1635	1634	1633	1632	1509	1386
1388	1389	1512	1511	1264	1265	1266	1267	1390	1513	1636	1635	1634	1633	1510	1387
1389	1390	1513	1512	1265	1266	1267	1268	1391	1514	1637	1636	1635	1634	1511	1388
1390	1391	1514	1513	1266	1267	1268	1269	1392	1515	1638	1637	1636	1635	1512	1389
1391	1392	1515	1514	1267	1268	1269	1270	1393	1516	1639	1638	1637	1636	1513	1390
1392	1393	1516	1515	1268	1269	1270	1271	1394	1517	1640	1639	1638	1637	1514	1391
1393	1394	1517	1516	1269	1270	1271	1272	1395	1518	1641	1640	1639	1638	1515	1392
1394	1395	1518	1517	1270	1271	1272	1273	1396	1519	1642	1641	1640	1639	1516	1393
1395	1396	1519	1518	1271	1272	1273	1274	1397	1520	1643	1642	1641	1640	1517	1394
1396	1397	1520	1519	1272	1273	1274	1275	1398	1521	1644	1643	1642	1641	1518	1395
1397	1398	1521	1520	1273	1274	1275	1276	1399	1522	1645	1644	1643	1642	1519	1396
1398	1399	1522	1521	1274	1275	1276	1277	1400	1523	1646	1645	1644	1643	1520	1397
1399	1400	1523	1522	1275	1276	1277	1278	1401	1524	1647	1646	1645	1644	1521	1398
1400	1401	1524	1523	1276	1277	1278	1279	1402	1525	1648	1647	1646	1645	1522	1399
1401	1402	1525	1524	1277	1278	1279	1280	1403	1526	1649	1648	1647	1646	1523	1400
1402	1403	1526	1525	1278	1279	1280	1281	1404	1527	1650	1649	1648	1647	1524	1401
1403	1404	1527	1526	1279	1280	1281	1282	1405	1528	1651	1650	1649	1648	1525	1402
1404	1405	1528	1527	1280	1281	1282	1283	1406	1529	1652	1651	1650	1649	1526	1403
1405	1406	1529	1528	1281	1282	1283	1284	1407	1530	1653	1652	1651	1650	1527	1404
1406	1407	1530	1529	1282	1283	1284	1285	1408	1531	1654	1653	1652	1651	1528	1405
1407	1408	1531	1530	1283	1284	1285	1286	1409	1532	1655	1654	1653	1652	1529	1406
1408	1409	1532	1531	1284	1285	1286	1287	1410	1533	1656	1655	1654	1653	1530	1407
1409	1410	1533	1532	1285	1286	1287	1288	1411	1534	1657	1656	1655	1654	1531	1408
1410	1411	1534	1533	1286	1287	1288	1289	1412	1535	1658	1657	1656	1655	1532	1409
1411	1412	1535	1534	1287	1288	1289	1290	1413	1536	1659	1658	1657	1656	1533	1410
1412	1413	1536	1535	1288	1289	1290	1291	1414	1537	1660	1659	1658	1657	1534	1411
1413	1414	1537	1536	1289	1290	1291	1292	1415	1538	1661	1660	1659	1658	1535	1412
1414	1415	1538	1537	1290	1291	1292	1293	1416	1539	1662	1661	1660	1659	1536	1413
1415	1416	1539	1538	1291	1292	1293	1294	1417	1540	1663	1662	1661	1660	1537	1414
1416	1417	1540	1539	1292	1293	1294	1295	1418	1541	1664	1663	1662	1661	1538	1415
1417	1418	1541	1540	1293	1294	1295	1296	1419	1542	1665	1664	1663	1662	1539	1416
1418	1419	1542	1541	1294	1295	1296	1297	1420	1543	1666	1665	1664	1663	1540	1417
1419	1420	1543	1542	1295	1296	1297	1298	1421	1544	1667	1666	1665	1664	1541	1418
1420	1421	1544	1543	1296	1297	1298	1299	1422	1545	1668	1667	1666	1665	1542	1419
1421	1422	1545	1544	1297	1298	1299	1300	1423	1546	1669	1668	1667	1666	1543	1420
1422	1423	1546	1545	1298	1299	1300	1301	1424	1547	1670	1669	1668	1667	1544	1421
1423	1424	1547	1546	1299	1300	1301	1302	1425	1548	1671	1670	1669	1668	1545	1422
1424	1425	1548	1547	1300	1301	1302	1303	1426	1549	1672	1671	1670	1669	1546	1423
1425	1426	1549	1548	1301	1302	1303	1304	1427	1550	1673	1672	1671	1670	1547	1424
1426	1427	1550	1549	1302	1303	1304	1305	1428	1551	1674	1673	1672	1671	1548	1425
1427	1428	1551	1550	1303	1304	1305	1306	1429	1552	1675	1674	1673	1672	1549	1426
1428	1429	1552	1551	1304	1305	1306	1307	1430	1553	1676	1675	1674	1673	1550	1427
1429	1430	1553	1552	1305	1306	1307	1308	1431	1554	1677	1676	1675	1674	1551	1428
1430	1431	1554	1553	1306	1307	1308	1309	1432	1555	1678	1677	1676	1675	1552	1429
1431	1432	1555	1554	1307	1308	1309	1310	1433	1556	1679	1678	1677	1676	1553	1430
1432	1433	1556	1555	1308	1309	1310	1311	1434	1557	1680	1679	1678	1677	1554	1431
1433	1434	1557	1556	1309	1310	1311	1312	1435	1558	1681	1680	1679	1678	1555	1432
1434	1435	1558	1557	1310	1311	1312	1313	1436	1559	1682	1681	1680	1679	1556	1433
1435	1436	1559	1558	1311	1312	1313	1314	1437	1560	1683	1682	1681	1680	1557	1434
1436	1437	1560	1559	1312	1313	1314	1315	1438	1561	1684	1683	1682	1681	1558	1435
1437	1438	1561	1560	1313	1314	1315	1316	1439	1562	1685	1684	1683	1682	1559	1436
1438	1439	1562	1561	1314	1315	1316	1317	1440	1563	1686	1685	1684	1683	1560	1437
1439	1440	1563	1562	1315	1316	1317	1318	1441	1564	1687	1686	1685	1684	1561	1438
1440	1441	1564	1563	1316	1317	1318	1319	1442	1565	1688	1687	1686	1685	1562	1439
1441	1442	1565	1564	1317	1318	1319	1320	1443	1566	1689	1688	1687	1686	1563	1440
1442	1443	1566	1565	1318	1319	1320	1321	1444	1567	1690	1689	1688	1687	1564	1441
1443	1444	1567	1566	1319	1320	1321	1322	1445	1568	1691	1690	1689	1688	1565	1442
1444	1445	1568	1567	1320	1321	1322	1323	1446	1569	1692	1691	1690	1689	1566	1443
1445	1446	1569	1568	1321	1322	1323	1324	1447	1570	1693	1692	1691	1690	1567	1444
1446	1447	1570	1569	1322	1323	1324	1325	1448	1571	1694	1693	1692	1691	1568	1445
1447	1448	1571	1570	1323	1324	1325	1326	1449	1572	1695	1694	1693	1692	1569	1446
1448	1449	1572	1571	1324	1325	1326	1327	1450	1573	1696	1695	1694	1693	1570	1447
1449	1450	1573	1572	1325	1326	1327	1328	1451	1574	1697	1696	1695	1694	1571	1448
1450	1451	1574	1573	1326	1327	1328	1329	1452	1575	1698	1697	1696	1695	1572	1449
1451	1452	1575	1574	1327	1328	1329	1330	1453	1576	1699	1698	1697	1696	1573	1450
1452	1453	1576	1575	1328	1329	1330	1331	1454	1577	1700	1699	1698	1697	1574	1451
1453	1454	1577	1576	1329	1330	1331	1332	1455	1578	1701	1700	1699	1698	1575	1452
1454	1455	1578	1577	1330	1331	1332	1333	1456	1579	1702	1701	1700	1699	1576	1453
1455	1456	1579	1578	1331	1332	1333	1334	1457	1580	1703	1702	1701	1700	1577	1454
1456	1457	1580	1579	1332	1333	1334	1335	1458	1581	1704	1703	1702	1701	1578	1455
1457	1458	1581	1580	1333	1334	1335	1336	1459	1582	1705	1704	1703	1702	1579	1456
1458	1459	1582	1581	1334	1335	1336	1337	1460	1583	1706	1705	1704	1703	1580	1457
1459	1460	1583	1582	1335	1336	1337	1338	1461	1584	1707	1706	1705	1704	1581	1458
1460	1461	1584	1583	1336	1337	1338	1339	1462	1585	1708	1707	1706	1705	1582	1459
1461	1462	1585	1584	1337	1338	1339	1340	1463	1586	1709	1708	1707	1706	1583	1460
1462	1463	1586	1585	1338	1339	1340	1341	1464	1587	1710	1709	1708	1707	1584	1461
1463	1464	1587	1586	1339	1340	1341	1342	1465	1588	1711	1710	1709	1708	1585	1462
1464	1465	1588	1587	1340	1341	1342	1343	1466	1589	1712	1711	1710	1709	1586	1463
1465	1466	1589	1588	1341	1342	1343	1344	1467	1590	1713	1712	1711	1710	1587	1464
1466	1467	1590	1589	1342	1343	1344	1345	1468	1591	1714	1713	1712	1711	1588	1465
1467	1468	1591	1590	1343	1344	1345	1346	1469	1592	1715	1714	1713	1712	1589	1466
1468	1469	1592	1591	1344	1345	1346	1347	1470	1593	1716	1715	1714	1713	1590	1467
1469	1470	1593	1592	1345	1346	1347	1348	1471	1594	1717	1716	1715	1714	1591	1468
1470	1471	1594	1593	1346	1347	1348	1349	1472	1595	1718	1717	1716	1715	1592	1469
1471	1472	1595	1594	1347	1348	1349	1350	1473	1596	1719	1718	1717	1716	1593	1470
1472	1473	1596	1595	1348	1349	1350	1351	1474	1597	1720	1719	1718	1717	1594	1471
1473	1474	1597	1596	1349	1350	1351	1352	1475	1598	1721	1720	1719	1718	1595	1472
1477	1478	1601	1600	1353	1354	1355	1356	1479	1602	1725	1724	1723	1722	1599	1476
1478	1479	1602	1601	1354	1355	1356	1357	1480	1603	1726	1725	1724	1723	1600	1477
1479	1480	1603	1602	1355	1356	1357	1358	1481	1604	1727	1726	1725	1724	1601	1478
1480	1481	1604	1603	1356	1357	1358	1359	1482	1605	1728	1727	1726	1725	1602	1479
1481	1482	1605	1604	1357	1358	1359	1360	1483	1606	1729	1728	1727	1726	1603	1480
1482	1483	1606	1605	1358	1359	1360	1361	1484	1607	1730	1729	1728	1727	1604	1481
1483	1484	1607	1606	1359	1360	1361	1362	1485	1608	1731	1730	1729	1728	1605	1482
1484	1485	1608	1607	1360	1361	1362	1363	1486	1609	1732	1731	1730	1729	1606	1483
1485	1486	1609	1608	1361	1362	1363	1364	1487	1610	1733	1732	1731	1730	1607	1484
1486	1487	1610	1609	1362	1363	1364	1365	1488	1611	1734	1733	1732	1731	1608	1485
1487	1488	1611	1610	1363	1364	1365	1366	1489	1612	1735	1734	1733	1732	1609	1486
1488	1489	1612	1611	1364	1365	1366	1367	1490	1613	1736	1735	1734	1733	1610	1487
1489	1490	1613	1612	1365	1366	1367	1368	1491	1614	1737	1736	1735	1734	1611	1488
1490	1491	1614	1613	1366	1367	1368	1369	1492	1615	1738	1737	1736	1735	1612	1489
1491	1492	1615	1614	1367	1368	1369	1370	1493	1616	1739	1738	1737	1736	1613	1490
1492	1493	1616	1615	1368	1369	1370	1371	1494	1617	1740	1739	1738	1737	1614	1491
1493	1494	1617	1616	1369	1370	1371	1372	1495	1618	1741	1740	1739	1738	1615	1492
1494	1495	1618	1617	1370	1371	1372	1373	1496	1619	1742	1741	1740	1739	1616	1493
1495	1496	1619	1618	1371	1372	1373	1374	1497	1620	1743	1742	1741	1740	1617	1494
1496	1497	1620	1619	1372	1373	1374	1375	1498	1621	1744	1743	1742	1741	1618	1495
1497	1498	1621	1620	1373	1374	1375	1376	1499	1622	1745	1744	1743	1742	1619	1496
1498	1499	1622	1621	1374	1375	1376	1377	1500	1623	1746	1745	1744	1743	1620	1497
1499	1500	1623	1622	1375	1376	1377	1378	1501	1624	1747	1746	1745	1744	1621	1498
1500	1501	1624	1623	1376	1377	1378	1379	1502	1625	1748	1747	1746	1745	1622	1499
1501	1502	1625	1624	1377	1378	1379	1380	1503	1626	1749	1748	1747	1746	1623	1500
1502	1503	1626	1625	1378	1379	1380	1381	1504	1627	1750	1749	1748	1747	1624	1501
1503	1504	1627	1626	1379	1380	1381	1382	1505	1628	1751	1750	1749	1748	1625	1502
1504	1505	1628	1627	1380	1381	1382	1383	1506	1629	1752	1751	1750	1749	1626	1503
1505	1506	1629	1628	1381	1382	1383	1384	1507	1630	1753	1752	1751	1750	1627	1504
1506	1507	1630	1629	1382	1383	1384	1385	1508	1631	1754	1753	1752	1751	1628	1505
1507	1508	1631	1630	1383	1384	1385	1386	1509	1632	1755	1754	1753	1752	1629	1506
1508	1509	1632	1631	1384	1385	1386	1387	1510	1633	1756	1755	1754	1753	1630	1507
1509	1510	1633	1632	1385	1386	1387	1388	1511	1634	1757	1756	1755	1754	1631	1508
1510	1511	1634	1633	1386	1387	1388	1389	1512	1635	1758	1757	1756	1755	1632	1509
1511	1512	1635	1634	1387	1388	1389	1390	1513	1636	1759	1758	1757	1756	1633	1510
1512	1513	1636	1635	1388	1389	1390	1391	1514	1637	1760	1759	1758	1757	1634	1511
1513	1514	1637	1636	1389	1390	1391	1392	1515	1638	1761	1760	1759	1758	1635	1512
1514	1515	1638	1637	1390	1391	1392	1393	1516	1639	1762	1761	1760	1759	1636	1513
1515	1516	1639	1638	1391	1392	1393	1394	1517	1640	1763	1762	1761	1760	1637	1514
1516	1517	1640	1639	1392	1393	1394	1395	1518	1641	1764	1763	1762	1761	1638	1515
1517	1518	1641	1640	1393	1394	1395	1396	1519	1642	1765	1764	1763	1762	1639	1516
1518	1519	1642	1641	1394	1395	1396	1397	1520	1643	1766	1765	1764	1763	1640	1517
1519	1520	1643	1642	1395	1396	1397	1398	1521	1644	1767	1766	1765	1764	1641	1518
1520	1521	1644	1643	1396	1397	1398	1399	1522	1645	1768	1767	1766	1765	1642	1519
1521	1522	1645	1644	1397	1398	1399	1400	1523	1646	1769	1768	1767	1766	1643	1520
1522	1523	1646	1645	1398	1399	1400	1401	1524	1647	1770	1769	1768	1767	1644	1521
1523	1524	1647	1646	1399	1400	1401	1402	1525	1648	1771	1770	1769	1768	1645	1522
1524	1525	1648	1647	1400	1401	1402	1403	1526	1649	1772	1771	1770	1769	1646	1523
1525	1526	1649	1648	1401	1402	1403	1404	1527	1650	1773	1772	1771	1770	1647	1524
1526	1527	1650	1649	1402	1403	1404	1405	1528	1651	1774	1773	1772	1771	1648	1525
1527	1528	1651	1650	1403	1404	1405	1406	1529	1652	1775	1774	1773	1772	1649	1526
1528	1529	1652	1651	1404	1405	1406	1407	1530	1653	1776	1775	1774	1773	1650	1527
1529	1530	1653	1652	1405	1406	1407	1408	1531	1654	1777	1776	1775	1774	1651	1528
1530	1531	1654	1653	1406	1407	1408	1409	1532	1655	1778	1777	1776	1775	1652	1529
1531	1532	1655	1654	1407	1408	1409	1410	1533	1656	1779	1778	1777	1776	1653	1530
1532	1533	1656	1655	1408	1409	1410	1411	1534	1657	1780	1779	1778	1777	1654	1531
1533	1534	1657	1656	1409	1410	1411	1412	1535	1658	1781	1780	1779	1778	1655	1532
1534	1535	1658	1657	1410	1411	1412	1413	1536	1659	1782	1781	1780	1779	1656	1533
1535	1536	1659	1658	1411	1412	1413	1414	1537	1660	1783	1782	1781	1780	1657	1534
1536	1537	1660	1659	1412	1413	1414	1415	1538	1661	1784	1783	1782	1781	1658	1535
1537	1538	1661	1660	1413	1414	1415	1416	1539	1662	1785	1784	1783	1782	1659	1536
1538	1539	1662	1661	1414	1415	1416	1417	1540	1663	1786	1785	1784	1783	1660	1537
1539	1540	1663	1662	1415	1416	1417	1418	1541	1664	1787	1786	1785	1784	1661	1538
1540	1541	1664	1663	1416	1417	1418	1419	1542	1665	1788	1787	1786	1785	1662	1539
1541	1542	1665	1664	1417	1418	1419	1420	1543	1666	1789	1788	1787	1786	1663	1540
1542	1543	1666	1665	1418	1419	1420	1421	1544	1667	1790	1789	1788	1787	1664	1541
1543	1544	1667	1666	1419	1420	1421	1422	1545	1668	1791	1790	1789	1788	1665	1542
1544	1545	1668	1667	1420	1421	1422	1423	1546	1669	1792	1791	1790	1789	1666	1543
1545	1546	1669	1668	1421	1422	1423	1424	1547	1670	1793	1792	1791	1790	1667	1544
1546	1547	1670	1669	1422	1423	1424	1425	1548	1671	1794	1793	1792	1791	1668	1545
1547	1548	1671	1670	1423	1424	1425	1426	1549	1672	1795	1794	1793	1792	1669	1546
1548	1549	1672	1671	1424	1425	1426	1427	1550	1673	1796	1795	1794	1793	1670	1547
1549	1550	1673	1672	1425	1426	1427	1428	1551	1674	1797	1796	1795	1794	1671	1548
1550	1551	1674	1673	1426	1427	1428	1429	1552	1675	1798	1797	1796	1795	1672	1549
1551	1552	1675	1674	1427	1428	1429	1430	1553	1676	1799	1798	1797	1796	1673	1550
1552	1553	1676	1675	1428	1429	1430	1431	1554	1677	1800	1799	1798	1797	1674	1551
1553	1554	1677	1676	1429	1430	1431	1432	1555	1678	1801	1800	1799	1798	1675	1552
1554	1555	1678	1677	1430	1431	1432	1433	1556	1679	1802	1801	1800	1799	1676	1553
1555	1556	1679	1678	1431	1432	1433	1434	1557	1680	1803	1802	1801	1800	1677	1554
1556	1557	1680	1679	1432	1433	1434	1435	1558	1681	1804	1803	1802	1801	1678	1555
1557	1558	1681	1680	1433	1434	1435	1436	1559	1682	1805	1804	1803	1802	1679	1556
1558	1559	1682	1681	1434	1435	1436	1437	1560	1683	1806	1805	1804	1803	1680	1557
1559	1560	1683	1682	1435	1436	1437	1438	1561	1684	1807	1806	1805	1804	1681	1558
1560	1561	1684	1683	1436	1437	1438	1439	1562	1685	1808	1807	1806	1805	1682	1559
1561	1562	1685	1684	1437	1438	1439	1440	1563	1686	1809	1808	1807	1806	1683	1560
1562	1563	1686	1685	1438	1439	1440	1441	1564	1687	1810	1809	1808	1807	1684	1561
1563	1564	1687	1686	1439	1440	1441	1442	1565	1688	1811	1810	1809	1808	1685	1562
1564	1565	1688	1687	1440	1441	1442	1443	1566	1689	1812	1811	1810	1809	1686	1563
1565	1566	1689	1688	1441	1442	1443	1444	1567	1690	1813	1812	1811	1810	1687	1564
1566	1567	1690	1689	1442	1443	1444	1445	1568	1691	1814	1813	1812	1811	1688	1565
1567	1568	1691	1690	1443	1444	1445	1446	1569	1692	1815	1814	1813	1812	1689	1566
1568	1569	1692	1691	1444	1445	1446	1447	1570	1693	1816	1815	1814	1813	1690	1567
1569	1570	1693	1692	1445	1446	1447	1448	1571	1694	1817	1816	1815	1814	1691	1568
1570	1571	1694	1693	1446	1447	1448	1449	1572	1695	1818	1817	1816	1815	1692	1569
1571	1572	1695	1694	1447	1448	1449	1450	1573	1696	1819	1818	1817	1816	1693	1570
1572	1573	1696	1695	1448	1449	1450	1451	1574	1697	1820	1819	1818	1817	1694	1571
1573	1574	1697	1696	1449	1450	1451	1452	1575	1698	1821	1820	1819	1818	1695	1572
1574	1575	1698	1697	1450	1451	1452	1453	1576	1699	1822	1821	1820	1819	1696	1573
1575	1576	1699	1698	1451	1452	1453	1454	1577	1700	1823	1822	1821	1820	1697	1574
1576	1577	1700	1699	1452	1453	1454	1455	1578	1701	1824	1823	1822	1821	1698	1575
1577	1578	1701	1700	1453	1454	1455	1456	1579	1702	1825	1824	1823	1822	1699	1576
1578	1579	1702	1701	1454	1455	1456	1457	1580	1703	1826	1825	1824	1823	1700	1577
1579	1580	1703	1702	1455	1456	1457	1458	1581	1704	1827	1826	1825	1824	1701	1578
1580	1581	1704	1703	1456	1457	1458	1459	1582	1705	1828	1827	1826	1825	1702	1579
1581	1582	1705	1704	1457	1458	1459	1460	1583	1706	1829	1828	1827	1826	1703	1580
1582	1583	1706	1705	1458	1459	1460	1461	1584	1707	1830	1829	1828	1827	1704	1581
1583	1584	1707	1706	1459	1460	1461	1462	1585	1708	1831	1830	1829	1828	1705	1582
1584	1585	1708	1707	1460	1461	1462	1463	1586	1709	1832	1831	1830	1829	1706	1583
1585	1586	1709	1708	1461	1462	1463	1464	1587	1710	1833	1832	1831	1830	1707	1584
1586	1587	1710	1709	1462	1463	1464	1465	1588	1711	1834	1833	1832	1831	1708	1585
1587	1588	1711	1710	1463	1464	1465	1466	1589	1712	1835	1834	1833	1832	1709	1586
1588	1589	1712	1711	1464	1465	1466	1467	1590	1713	1836	1835	1834	1833	1710	1587
1589	1590	1713	1712	1465	1466	1467	1468	1591	1714	1837	1836	1835	1834	1711	1588
1590	1591	1714	1713	1466	1467	1468	1469	1592	1715	1838	1837	1836	1835	1712	1589
1591	1592	1715	1714	1467	1468	1469	1470	1593	1716	1839	1838	1837	1836	1713	1590
1592	1593	1716	1715	1468	1469	1470	1471	1594	1717	1840	1839	1838	1837	1714	1591
1593	1594	1717	1716	1469	1470	1471	1472	1595	1718	1841	1840	1839	1838	1715	1592
1594	1595	1718	1717	1470	1471	1472	1473	1596	1719	1842	1841	1840	1839	1716	1593
1595	1596	1719	1718	1471	1472	1473	1474	1597	1720	1843	1842	1841	1840	1717	1594
1596	1597	1720	1719	1472	1473	1474	1475	1598	1721	1844	1843	1842	1841	1718	1595
1600	1601	1724	1723	1476	1477	1478	1479	1602	1725	1848	1847	1846	1845	1722	1599
1601	1602	1725	1724	1477	1478	1479	1480	1603	1726	1849	1848	1847	1846	1723	1600
1602	1603	1726	1725	1478	1479	1480	1481	1604	1727	1850	1849	1848	1847	1724	1601
1603	1604	1727	1726	1479	1480	1481	1482	1605	1728	1851	1850	1849	1848	1725	1602
1604	1605	1728	1727	1480	1481	1482	1483	1606	1729	1852	1851	1850	1849	1726	1603
1605	1606	1729	1728	1481	1482	1483	1484	1607	1730	1853	1852	1851	1850	1727	1604
1606	1607	1730	1729	1482	1483	1484	1485	1608	1731	1854	1853	1852	1851	1728	1605
1607	1608	1731	1730	1483	1484	1485	1486	1609	1732	1855	1854	1853	1852	1729	1606
1608	1609	1732	1731	1484	1485	1486	1487	1610	1733	1856	1855	1854	1853	1730	1607
1609	1610	1733	1732	1485	1486	1487	1488	1611	1734	1857	1856	1855	1854	1731	1608
1610	1611	1734	1733	1486	1487	1488	1489	1612	1735	1858	1857	1856	1855	1732	1609
1611	1612	1735	1734	1487	1488	1489	1490	1613	1736	1859	1858	1857	1856	1733	1610
1612	1613	1736	1735	1488	1489	1490	1491	1614	1737	1860	1859	1858	1857	1734	1611
1613	1614	1737	1736	1489	1490	1491	1492	1615	1738	1861	1860	1859	1858	1735	1612
1614	1615	1738	1737	1490	1491	1492	1493	1616	1739	1862	1861	1860	1859	1736	1613
1615	1616	1739	1738	1491	1492	1493	1494	1617	1740	1863	1862	1861	1860	1737	1614
1616	1617	1740	1739	1492	1493	1494	1495	1618	1741	1864	1863	1862	1861	1738	1615
1617	1618	1741	1740	1493	1494	1495	1496	1619	1742	1865	1864	1863	1862	1739	1616
1618	1619	1742	1741	1494	1495	1496	1497	1620	1743	1866	1865	1864	1863	1740	1617
1619	1620	1743	1742	1495	1496	1497	1498	1621	1744	1867	1866	1865	1864	1741	1618
1620	1621	1744	1743	1496	1497	1498	1499	1622	1745	1868	1867	1866	1865	1742	1619
1621	1622	1745	1744	1497	1498	1499	1500	1623	1746	1869	1868	1867	1866	1743	1620
1622	1623	1746	1745	1498	1499	1500	1501	1624	1747	1870	1869	1868	1867	1744	1621
1623	1624	1747	1746	1499	1500	1501	1502	1625	1748	1871	1870	1869	1868	1745	1622
1624	1625	1748	1747	1500	1501	1502	1503	1626	1749	1872	1871	1870	1869	1746	1623
1625	1626	1749	1748	1501	1502	1503	1504	1627	1750	1873	1872	1871	1870	1747	1624
1626	1627	1750	1749	1502	1503	1504	1505	1628	1751	1874	1873	1872	1871	1748	1625
1627	1628	1751	1750	1503	1504	1505	1506	1629	1752	1875	1874	1873	1872	1749	1626
1628	1629	1752	1751	1504	1505	1506	1507	1630	1753	1876	1875	1874	1873	1750	1627
1629	1630	1753	1752	1505	1506	1507	1508	1631	1754	1877	1876	1875	1874	1751	1628
1630	1631	1754	1753	1506	1507	1508	1509	1632	1755	1878	1877	1876	1875	1752	1629
1631	1632	1755	1754	1507	1508	1509	1510	1633	1756	1879	1878	1877	1876	1753	1630
1632	1633	1756	1755	1508	1509	1510	1511	1634	1757	1880	1879	1878	1877	1754	1631
1633	1634	1757	1756	1509	1510	1511	1512	1635	1758	1881	1880	1879	1878	1755	1632
1634	1635	1758	1757	1510	1511	1512	1513	1636	1759	1882	1881	1880	1879	1756	1633
1635	1636	1759	1758	1511	1512	1513	1514	1637	1760	1883	1882	1881	1880	1757	1634
1636	1637	1760	1759	1512	1513	1514	1515	1638	1761	1884	1883	1882	1881	1758	1635
1637	1638	1761	1760	1513	1514	1515	1516	1639	1762	1885	1884	1883	1882	1759	1636
1638	1639	1762	1761	1514	1515	1516	1517	1640	1763	1886	1885	1884	1883	1760	1637
1639	1640	1763	1762	1515	1516	1517	1518	1641	1764	1887	1886	1885	1884	1761	1638
1640	1641	1764	1763	1516	1517	1518	1519	1642	1765	1888	1887	1886	1885	1762	1639
1641	1642	1765	1764	1517	1518	1519	1520	1643	1766	1889	1888	1887	1886	1763	1640
1642	1643	1766	1765	1518	1519	1520	1521	1644	1767	1890	1889	1888	1887	1764	1641
1643	1644	1767	1766	1519	1520	1521	1522	1645	1768	1891	1890	1889	1888	1765	1642
1644	1645	1768	1767	1520	1521	1522	1523	1646	1769	1892	1891	1890	1889	1766	1643
1645	1646	1769	1768	1521	1522	1523	1524	1647	1770	1893	1892	1891	1890	1767	1644
1646	1647	1770	1769	1522	1523	1524	1525	1648	1771	1894	1893	1892	1891	1768	1645
1647	1648	1771	1770	1523	1524	1525	1526	1649	1772	1895	1894	1893	1892	1769	1646
1648	1649	1772	1771	1524	1525	1526	1527	1650	1773	1896	1895	1894	1893	1770	1647
1649	1650	1773	1772	1525	1526	1527	1528	1651	1774	1897	1896	1895	1894	1771	1648
1650	1651	1774	1773	1526	1527	1528	1529	1652	1775	1898	1897	1896	1895	1772	1649
1651	1652	1775	1774	1527	1528	1529	1530	1653	1776	1899	1898	1897	1896	1773	1650
1652	1653	1776	1775	1528	1529	1530	1531	1654	1777	1900	1899	1898	1897	1774	1651
1653	1654	1777	1776	1529	1530	1531	1532	1655	1778	1901	1900	1899	1898	1775	1652
1654	1655	1778	1777	1530	1531	1532	1533	1656	1779	1902	1901	1900	1899	1776	1653
1655	1656	1779	1778	1531	1532	1533	1534	1657	1780	1903	1902	1901	1900	1777	1654
1656	1657	1780	1779	1532	1533	1534	1535	1658	1781	1904	1903	1902	1901	1778	1655
1657	1658	1781	1780	1533	1534	1535	1536	1659	1782	1905	1904	1903	1902	1779	1656
1658	1659	1782	1781	1534	1535	1536	1537	1660	1783	1906	1905	1904	1903	1780	1657
1659	1660	1783	1782	1535	1536	1537	1538	1661	1784	1907	1906	1905	1904	1781	1658
1660	1661	1784	1783	1536	1537	1538	1539	1662	1785	1908	1907	1906	1905	1782	1659
1661	1662	1785	1784	1537	1538	1539	1540	1663	1786	1909	1908	1907	1906	1783	1660
1662	1663	1786	1785	1538	1539	1540	1541	1664	1787	1910	1909	1908	1907	1784	1661
1663	1664	1787	1786	1539	1540	1541	1542	1665	1788	1911	1910	1909	1908	1785	1662
1664	1665	1788	1787	1540	1541	1542	1543	1666	1789	1912	1911	1910	1909	1786	1663
1665	1666	1789	1788	1541	1542	1543	1544	1667	1790	1913	1912	1911	1910	1787	1664
1666	1667	1790	1789	1542	1543	1544	1545	1668	1791	1914	1913	1912	1911	1788	1665
1667	1668	1791	1790	1543	1544	1545	1546	1669	1792	1915	1914	1913	1912	1789	1666
1668	1669	1792	1791	1544	1545	1546	1547	1670	1793	1916	1915	1914	1913	1790	1667
1669	1670	1793	1792	1545	1546	1547	1548	1671	1794	1917	1916	1915	1914	1791	1668
1670	1671	1794	1793	1546	1547	1548	1549	1672	1795	1918	1917	1916	1915	1792	1669
1671	1672	1795	1794	1547	1548	1549	1550	1673	1796	1919	1918	1917	1916	1793	1670
1672	1673	1796	1795	1548	1549	1550	1551	1674	1797	1920	1919	1918	1917	1794	1671
1673	1674	1797	1796	1549	1550	1551	1552	1675	1798	1921	1920	1919	1918	1795	1672
1674	1675	1798	1797	1550	1551	1552	1553	1676	1799	1922	1921	1920	1919	1796	1673
1675	1676	1799	1798	1551	1552	1553	1554	1677	1800	1923	1922	1921	1920	1797	1674
1676	1677	1800	1799	1552	1553	1554	1555	1678	1801	1924	1923	1922	1921	1798	1675
1677	1678	1801	1800	1553	1554	1555	1556	1679	1802	1925	1924	1923	1922	1799	1676
1678	1679	1802	1801	1554	1555	1556	1557	1680	1803	1926	1925	1924	1923	1800	1677
1679	1680	1803	1802	1555	1556	1557	1558	1681	1804	1927	1926	1925	1924	1801	1678
1680	1681	1804	1803	1556	1557	1558	1559	1682	1805	1928	1927	1926	1925	1802	1679
1681	1682	1805	1804	1557	1558	1559	1560	1683	1806	1929	1928	1927	1926	1803	1680
1682	1683	1806	1805	1558	1559	1560	1561	1684	1807	1930	1929	1928	1927	1804	1681
1683	1684	1807	1806	1559	1560	1561	1562	1685	1808	1931	1930	1929	1928	1805	1682
1684	1685	1808	1807	1560	1561	1562	1563	1686	1809	1932	1931	1930	1929	1806	1683
1685	1686	1809	1808	1561	1562	1563	1564	1687	1810	1933	1932	1931	1930	1807	1684
1686	1687	1810	1809	1562	1563	1564	1565	1688	1811	1934	1933	1932	1931	1808	1685
1687	1688	1811	1810	1563	1564	1565	1566	1689	1812	1935	1934	1933	1932	1809	1686
1688	1689	1812	1811	1564	1565	1566	1567	1690	1813	1936	1935	1934	1933	1810	1687
1689	1690	1813	1812	1565	1566	1567	1568	1691	1814	1937	1936	1935	1934	1811	1688
1690	1691	1814	1813	1566	1567	1568	1569	1692	1815	1938	1937	1936	1935	1812	1689
1691	1692	1815	1814	1567	1568	1569	1570	1693	1816	1939	1938	1937	1936	1813	1690
1692	1693	1816	1815	1568	1569	1570	1571	1694	1817	1940	1939	1938	1937	1814	1691
1693	1694	1817	1816	1569	1570	1571	1572	1695	1818	1941	1940	1939	1938	1815	1692
1694	1695	1818	1817	1570	1571	1572	1573	1696	1819	1942	1941	1940	1939	1816	1693
1695	1696	1819	1818	1571	1572	1573	1574	1697	1820	1943	1942	1941	1940	1817	1694
1696	1697	1820	1819	1572	1573	1574	1575	1698	1821	1944	1943	1942	1941	1818	1695
1697	1698	1821	1820	1573	1574	1575	1576	1699	1822	1945	1944	1943	1942	1819	1696
1698	1699	1822	1821	1574	1575	1576	1577	1700	1823	1946	1945	1944	1943	1820	1697
1699	1700	1823	1822	1575	1576	1577	1578	1701	1824	1947	1946	1945	1944	1821	1698
1700	1701	1824	1823	1576	1577	1578	1579	1702	1825	1948	1947	1946	1945	1822	1699
1701	1702	1825	1824	1577	1578	1579	1580	1703	1826	1949	1948	1947	1946	1823	1700
1702	1703	1826	1825	1578	1579	1580	1581	1704	1827	1950	1949	1948	1947	1824	1701
1703	1704	1827	1826	1579	1580	1581	1582	1705	1828	1951	1950	1949	1948	1825	1702
1704	1705	1828	1827	1580	1581	1582	1583	1706	1829	1952	1951	1950	1949	1826	1703
1705	1706	1829	1828	1581	1582	1583	1584	1707	1830	1953	1952	1951	1950	1827	1704
1706	1707	1830	1829	1582	1583	1584	1585	1708	1831	1954	1953	1952	1951	1828	1705
1707	1708	1831	1830	1583	1584	1585	1586	1709	1832	1955	1954	1953	1952	1829	1706
1708	1709	1832	1831	1584	1585	1586	1587	1710	1833	1956	1955	1954	1953	1830	1707
1709	1710	1833	1832	1585	1586	1587	1588	1711	1834	1957	1956	1955	1954	1831	1708
1710	1711	1834	1833	1586	1587	1588	1589	1712	1835	1958	1957	1956	1955	1832	1709
1711	1712	1835	1834	1587	1588	1589	1590	1713	1836	1959	1958	1957	1956	1833	1710
1712	1713	1836	1835	1588	1589	1590	1591	1714	1837	1960	1959	1958	1957	1834	1711
1713	1714	1837	1836	1589	1590	1591	1592	1715	1838	1961	1960	1959	1958	1835	1712
1714	1715	1838	1837	1590	1591	1592	1593	1716	1839	1962	1961	1960	1959	1836	1713
1715	1716	1839	1838	1591	1592	1593	1594	1717	1840	1963	1962	1961	1960	1837	1714
1716	1717	1840	1839	1592	1593	1594	1595	1718	1841	1964	1963	1962	1961	1838	1715
1717	1718	1841	1840	1593	1594	1595	1596	1719	1842	1965	1964	1963	1962	1839	1716
1718	1719	1842	1841	1594	1595	1596	1597	1720	1843	1966	1965	1964	1963	1840	1717
1719	1720	1843	1842	1595	1596	1597	1598	1721	1844	1967	1966	1965	1964	1841	1718
1723	1724	1847	1846	1599	1600	1601	1602	1725	1848	1971	1970	1969	1968	1845	1722
1724	1725	1848	1847	1600	1601	1602	1603	1726	1849	1972	1971	1970	1969	1846	1723
1725	1726	1849	1848	1601	1602	1603	1604	1727	1850	1973	1972	1971	1970	1847	1724
1726	1727	1850	1849	1602	1603	1604	1605	1728	1851	1974	1973	1972	1971	1848	1725
1727	1728	1851	1850	1603	1604	1605	1606	1729	1852	1975	1974	1973	1972	1849	1726
1728	1729	1852	1851	1604	1605	1606	1607	1730	1853	1976	1975	1974	1973	1850	1727
1729	1730	1853	1852	1605	1606	1607	1608	1731	1854	1977	1976	1975	1974	1851	1728
1730	1731	1854	1853	1606	1607	1608	1609	1732	1855	1978	1977	1976	1975	1852	1729
1731	1732	1855	1854	1607	1608	1609	1610	1733	1856	1979	1978	1977	1976	1853	1730
1732	1733	1856	1855	1608	1609	1610	1611	1734	1857	1980	1979	1978	1977	1854	1731
1733	1734	1857	1856	1609	1610	1611	1612	1735	1858	1981	1980	1979	1978	1855	1732
1734	1735	1858	1857	1610	1611	1612	1613	1736	1859	1982	1981	1980	1979	1856	1733
1735	1736	1859	1858	1611	1612	1613	1614	1737	1860	1983	1982	1981	1980	1857	1734
1736	1737	1860	1859	1612	1613	1614	1615	1738	1861	1984	1983	1982	1981	1858	1735
1737	1738	1861	1860	1613	1614	1615	1616	1739	1862	1985	1984	1983	1982	1859	1736
1738	1739	1862	1861	1614	1615	1616	1617	1740	1863	1986	1985	1984	1983	1860	1737
1739	1740	1863	1862	1615	1616	1617	1618	1741	1864	1987	1986	1985	1984	1861	1738
1740	1741	1864	1863	1616	1617	1618	1619	1742	1865	1988	1987	1986	1985	1862	1739
1741	1742	1865	1864	1617	1618	1619	1620	1743	1866	1989	1988	1987	1986	1863	1740
1742	1743	1866	1865	1618	1619	1620	1621	1744	1867	1990	1989	1988	1987	1864	1741
1743	1744	1867	1866	1619	1620	1621	1622	1745	1868	1991	1990	1989	1988	1865	1742
1744	1745	1868	1867	1620	1621	1622	1623	1746	1869	1992	1991	1990	1989	1866	1743
1745	1746	1869	1868	1621	1622	1623	1624	1747	1870	1993	1992	1991	1990	1867	1744
1746	1747	1870	1869	1622	1623	1624	1625	1748	1871	1994	1993	1992	1991	1868	1745
1747	1748	1871	1870	1623	1624	1625	1626	1749	1872	1995	1994	1993	1992	1869	1746
1748	1749	1872	1871	1624	1625	1626	1627	1750	1873	1996	1995	1994	1993	1870	1747
1749	1750	1873	1872	1625	1626	1627	1628	1751	1874	1997	1996	1995	1994	1871	1748
1750	1751	1874	1873	1626	1627	1628	1629	1752	1875	1998	1997	1996	1995	1872	1749
1751	1752	1875	1874	1627	1628	1629	1630	1753	1876	1999	1998	1997	1996	1873	1750
1752	1753	1876	1875	1628	1629	1630	1631	1754	1877	2000	1999	1998	1997	1874	1751
1753	1754	1877	1876	1629	1630	1631	1632	1755	1878	2001	2000	1999	1998	1875	1752
1754	1755	1878	1877	1630	1631	1632	1633	1756	1879	2002	2001	2000	1999	1876	1753
1755	1756	1879	1878	1631	1632	1633	1634	1757	1880	2003	2002	2001	2000	1877	1754
1756	1757	1880	1879	1632	1633	1634	1635	1758	1881	2004	2003	2002	2001	1878	1755
1757	1758	1881	1880	1633	1634	1635	1636	1759	1882	2005	2004	2003	2002	1879	1756
1758	1759	1882	1881	1634	1635	1636	1637	1760	1883	2006	2005	2004	2003	1880	1757
1759	1760	1883	1882	1635	1636	1637	1638	1761	1884	2007	2006	2005	2004	1881	1758
1760	1761	1884	1883	1636	1637	1638	1639	1762	1885	2008	2007	2006	2005	1882	1759
1761	1762	1885	1884	1637	1638	1639	1640	1763	1886	2009	2008	2007	2006	1883	1760
1762	1763	1886	1885	1638	1639	1640	1641	1764	1887	2010	2009	2008	2007	1884	1761
1763	1764	1887	1886	1639	1640	1641	1642	1765	1888	2011	2010	2009	2008	1885	1762
1764	1765	1888	1887	1640	1641	1642	1643	1766	1889	2012	2011	2010	2009	1886	1763
1765	1766	1889	1888	1641	1642	1643	1644	1767	1890	2013	2012	2011	2010	1887	1764
1766	1767	1890	1889	1642	1643	1644	1645	1768	1891	2014	2013	2012	2011	1888	1765
1767	1768	1891	1890	1643	1644	1645	1646	1769	1892	2015	2014	2013	2012	1889	1766
1768	1769	1892	1891	1644	1645	1646	1647	1770	1893	2016	2015	2014	2013	1890	1767
1769	1770	1893	1892	1645	1646	1647	1648	1771	1894	2017	2016	2015	2014	1891	1768
1770	1771	1894	1893	1646	1647	1648	1649	1772	1895	2018	2017	2016	2015	1892	1769
1771	1772	1895	1894	1647	1648	1649	1650	1773	1896	2019	2018	2017	2016	1893	1770
1772	1773	1896	1895	1648	1649	1650	1651	1774	1897	2020	2019	2018	2017	1894	1771
1773	1774	1897	1896	1649	1650	1651	1652	1775	1898	2021	2020	2019	2018	1895	1772
1774	1775	1898	1897	1650	1651	1652	1653	1776	1899	2022	2021	2020	2019	1896	1773
1775	1776	1899	1898	1651	1652	1653	1654	1777	1900	2023	2022	2021	2020	1897	1774
1776	1777	1900	1899	1652	1653	1654	1655	1778	1901	2024	2023	2022	2021	1898	1775
1777	1778	1901	1900	1653	1654	1655	1656	1779	1902	2025	2024	2023	2022	1899	1776
1778	1779	1902	1901	1654	1655	1656	1657	1780	1903	2026	2025	2024	2023	1900	1777
1779	1780	1903	1902	1655	1656	1657	1658	1781	1904	2027	2026	2025	2024	1901	1778
1780	1781	1904	1903	1656	1657	1658	1659	1782	1905	2028	2027	2026	2025	1902	1779
1781	1782	1905	1904	1657	1658	1659	1660	1783	1906	2029	2028	2027	2026	1903	1780
1782	1783	1906	1905	1658	1659	1660	1661	1784	1907	2030	2029	2028	2027	1904	1781
1783	1784	1907	1906	1659	1660	1661	1662	1785	1908	2031	2030	2029	2028	1905	1782
1784	1785	1908	1907	1660	1661	1662	1663	1786	1909	2032	2031	2030	2029	1906	1783
1785	1786	1909	1908	1661	1662	1663	1664	1787	1910	2033	2032	2031	2030	1907	1784
1786	1787	1910	1909	1662	1663	1664	1665	1788	1911	2034	2033	2032	2031	1908	1785
1787	1788	1911	1910	1663	1664	1665	1666	1789	1912	2035	2034	2033	2032	1909	1786
1788	1789	1912	1911	1664	1665	1666	1667	1790	1913	2036	2035	2034	2033	1910	1787
1789	1790	1913	1912	1665	1666	1667	1668	1791	1914	2037	2036	2035	2034	1911	1788
1790	1791	1914	1913	1666	1667	1668	1669	1792	1915	2038	2037	2036	2035	1912	1789
1791	1792	1915	1914	1667	1668	1669	1670	1793	1916	2039	2038	2037	2036	1913	1790
1792	1793	1916	1915	1668	1669	1670	1671	1794	1917	2040	2039	2038	2037	1914	1791
1793	1794	1917	1916	1669	1670	1671	1672	1795	1918	2041	2040	2039	2038	1915	1792
1794	1795	1918	1917	1670	1671	1672	1673	1796	1919	2042	2041	2040	2039	1916	1793
1795	1796	1919	1918	1671	1672	1673	1674	1797	1920	2043	2042	2041	2040	1917	1794
1796	1797	1920	1919	1672	1673	1674	1675	1798	1921	2044	2043	2042	2041	1918	1795
1797	1798	1921	1920	1673	1674	1675	1676	1799	1922	2045	2044	2043	2042	1919	1796
1798	1799	1922	1921	1674	1675	1676	1677	1800	1923	2046	2045	2044	2043	1920	1797
1799	1800	1923	1922	1675	1676	1677	1678	1801	1924	2047	2046	2045	2044	1921	1798
1800	1801	1924	1923	1676	1677	1678	1679	1802	1925	2048	2047	2046	2045	1922	1799
1801	1802	1925	1924	1677	1678	1679	1680	1803	1926	2049	2048	2047	2046	1923	1800
1802	1803	1926	1925	1678	1679	1680	1681	1804	1927	2050	2049	2048	2047	1924	1801
1803	1804	1927	1926	1679	1680	1681	1682	1805	1928	2051	2050	2049	2048	1925	1802
1804	1805	1928	1927	1680	1681	1682	1683	1806	1929	2052	2051	2050	2049	1926	1803
1805	1806	1929	1928	1681	1682	1683	1684	1807	1930	2053	2052	2051	2050	1927	1804
1806	1807	1930	1929	1682	1683	1684	1685	1808	1931	2054	2053	2052	2051	1928	1805
1807	1808	1931	1930	1683	1684	1685	1686	1809	1932	2055	2054	2053	2052	1929	1806
1808	1809	1932	1931	1684	1685	1686	1687	1810	1933	2056	2055	2054	2053	1930	1807
1809	1810	1933	1932	1685	1686	1687	1688	1811	1934	2057	2056	2055	2054	1931	1808
1810	1811	1934	1933	1686	1687	1688	1689	1812	1935	2058	2057	2056	2055	1932	1809
1811	1812	1935	1934	1687	1688	1689	1690	1813	1936	2059	2058	2057	2056	1933	1810
1812	1813	1936	1935	1688	1689	1690	1691	1814	1937	2060	2059	2058	2057	1934	1811
1813	1814	1937	1936	1689	1690	1691	1692	1815	1938	2061	2060	2059	2058	1935	1812
1814	1815	1938	1937	1690	1691	1692	1693	1816	1939	2062	2061	2060	2059	1936	1813
1815	1816	1939	1938	1691	1692	1693	1694	1817	1940	2063	2062	2061	2060	1937	1814
1816	1817	1940	1939	1692	1693	1694	1695	1818	1941	2064	2063	2062	2061	1938	1815
1817	1818	1941	1940	1693	1694	1695	1696	1819	1942	2065	2064	2063	2062	1939	1816
1818	1819	1942	1941	1694	1695	1696	1697	1820	1943	2066	2065	2064	2063	1940	1817
1819	1820	1943	1942	1695	1696	1697	1698	1821	1944	2067	2066	2065	2064	1941	1818
1820	1821	1944	1943	1696	1697	1698	1699	1822	1945	2068	2067	2066	2065	1942	1819
1821	1822	1945	1944	1697	1698	1699	1700	1823	1946	2069	2068	2067	2066	1943	1820
1822	1823	1946	1945	1698	1699	1700	1701	1824	1947	2070	2069	2068	2067	1944	1821
1823	1824	1947	1946	1699	1700	1701	1702	1825	1948	2071	2070	2069	2068	1945	1822
1824	1825	1948	1947	1700	1701	1702	1703	1826	1949	2072	2071	2070	2069	1946	1823
1825	1826	1949	1948	1701	1702	1703	1704	1827	1950	2073	2072	2071	2070	1947	1824
1826	1827	1950	1949	1702	1703	1704	1705	1828	1951	2074	2073	2072	2071	1948	1825
1827	1828	1951	1950	1703	1704	1705	1706	1829	1952	2075	2074	2073	2072	1949	1826
1828	1829	1952	1951	1704	1705	1706	1707	1830	1953	2076	2075	2074	2073	1950	1827
1829	1830	1953	1952	1705	1706	1707	1708	1831	1954	2077	2076	2075	2074	1951	1828
1830	1831	1954	1953	1706	1707	1708	1709	1832	1955	2078	2077	2076	2075	1952	1829
1831	1832	1955	1954	1707	1708	1709	1710	1833	1956	2079	2078	2077	2076	1953	1830
1832	1833	1956	1955	1708	1709	1710	1711	1834	1957	2080	2079	2078	2077	1954	1831
1833	1834	1957	1956	1709	1710	1711	1712	1835	1958	2081	2080	2079	2078	1955	1832
1834	1835	1958	1957	1710	1711	1712	1713	1836	1959	2082	2081	2080	2079	1956	1833
1835	1836	1959	1958	1711	1712	1713	1714	1837	1960	2083	2082	2081	2080	1957	1834
1836	1837	1960	1959	1712	1713	1714	1715	1838	1961	2084	2083	2082	2081	1958	1835
1837	1838	1961	1960	1713	1714	1715	1716	1839	1962	2085	2084	2083	2082	1959	1836
1838	1839	1962	1961	1714	1715	1716	1717	1840	1963	2086	2085	2084	2083	1960	1837
1839	1840	1963	1962	1715	1716	1717	1718	1841	1964	2087	2086	2085	2084	1961	1838
1840	1841	1964	1963	1716	1717	1718	1719	1842	1965	2088	2087	2086	2085	1962	1839
1841	1842	1965	1964	1717	1718	1719	1720	1843	1966	2089	2088	2087	2086	1963	1840
1842	1843	1966	1965	1718	1719	1720	1721	1844	1967	2090	2089	2088	2087	1964	1841
1846	1847	1970	1969	1722	1723	1724	1725	1848	1971	2094	2093	2092	2091	1968	1845
1847	1848	1971	1970	1723	1724	1725	1726	1849	1972	2095	2094	2093	2092	1969	1846
1848	1849	1972	1971	1724	1725	1726	1727	1850	1973	2096	2095	2094	2093	1970	1847
1849	1850	1973	1972	1725	1726	1727	1728	1851	1974	2097	2096	2095	2094	1971	1848
1850	1851	1974	1973	1726	1727	1728	1729	1852	1975	2098	2097	2096	2095	1972	1849
1851	1852	1975	1974	1727	1728	1729	1730	1853	1976	2099	2098	2097	2096	1973	1850
1852	1853	1976	1975	1728	1729	1730	1731	1854	1977	2100	2099	2098	2097	1974	1851
1853	1854	1977	1976	1729	1730	1731	1732	1855	1978	2101	2100	2099	2098	1975	1852
1854	1855	1978	1977	1730	1731	1732	1733	1856	1979	2102	2101	2100	2099	1976	1853
1855	1856	1979	1978	1731	1732	1733	1734	1857	1980	2103	2102	2101	2100	1977	1854
1856	1857	1980	1979	1732	1733	1734	1735	1858	1981	2104	2103	2102	2101	1978	1855
1857	1858	1981	1980	1733	1734	1735	1736	1859	1982	2105	2104	2103	2102	1979	1856
1858	1859	1982	1981	1734	1735	1736	1737	1860	1983	2106	2105	2104	2103	1980	1857
1859	1860	1983	1982	1735	1736	1737	1738	1861	1984	2107	2106	2105	2104	1981	1858
1860	1861	1984	1983	1736	1737	1738	1739	1862	1985	2108	2107	2106	2105	1982	1859
1861	1862	1985	1984	1737	1738	1739	1740	1863	1986	2109	2108	2107	2106	1983	1860
1862	1863	1986	1985	1738	1739	1740	1741	1864	1987	2110	2109	2108	2107	1984	1861
1863	1864	1987	1986	1739	1740	1741	1742	1865	1988	2111	2110	2109	2108	1985	1862
1864	1865	1988	1987	1740	1741	1742	1743	1866	1989	2112	2111	2110	2109	1986	1863
1865	1866	1989	1988	1741	1742	1743	1744	1867	1990	2113	2112	2111	2110	1987	1864
1866	1867	1990	1989	1742	1743	1744	1745	1868	1991	2114	2113	2112	2111	1988	1865
1867	1868	1991	1990	1743	1744	1745	1746	1869	1992	2115	2114	2113	2112	1989	1866
1868	1869	1992	1991	1744	1745	1746	1747	1870	1993	2116	2115	2114	2113	1990	1867
1869	1870	1993	1992	1745	1746	1747	1748	1871	1994	2117	2116	2115	2114	1991	1868
1870	1871	1994	1993	1746	1747	1748	1749	1872	1995	2118	2117	2116	2115	1992	1869
1871	1872	1995	1994	1747	1748	1749	1750	1873	1996	2119	2118	2117	2116	1993	1870
1872	1873	1996	1995	1748	1749	1750	1751	1874	1997	2120	2119	2118	2117	1994	1871
1873	1874	1997	1996	1749	1750	1751	1752	1875	1998	2121	2120	2119	2118	1995	1872
1874	1875	1998	1997	1750	1751	1752	1753	1876	1999	2122	2121	2120	2119	1996	1873
1875	1876	1999	1998	1751	1752	1753	1754	1877	2000	2123	2122	2121	2120	1997	1874
1876	1877	2000	1999	1752	1753	1754	1755	1878	2001	2124	2123	2122	2121	1998	1875
1877	1878	2001	2000	1753	1754	1755	1756	1879	2002	2125	2124	2123	2122	1999	1876
1878	1879	2002	2001	1754	1755	1756	1757	1880	2003	2126	2125	2124	2123	2000	1877
1879	1880	2003	2002	1755	1756	1757	1758	1881	2004	2127	2126	2125	2124	2001	1878
1880	1881	2004	2003	1756	1757	1758	1759	1882	2005	2128	2127	2126	2125	2002	1879
1881	1882	2005	2004	1757	1758	1759	1760	1883	2006	2129	2128	2127	2126	2003	1880
1882	1883	2006	2005	1758	1759	1760	1761	1884	2007	2130	2129	2128	2127	2004	1881
1883	1884	2007	2006	1759	1760	1761	1762	1885	2008	2131	2130	2129	2128	2005	1882
1884	1885	2008	2007	1760	1761	1762	1763	1886	2009	2132	2131	2130	2129	2006	1883
1885	1886	2009	2008	1761	1762	1763	1764	1887	2010	2133	2132	2131	2130	2007	1884
1886	1887	2010	2009	1762	1763	1764	1765	1888	2011	2134	2133	2132	2131	2008	1885
1887	1888	2011	2010	1763	1764	1765	1766	1889	2012	2135	2134	2133	2132	2009	1886
1888	1889	2012	2011	1764	1765	1766	1767	1890	2013	2136	2135	2134	2133	2010	1887
1889	1890	2013	2012	1765	1766	1767	1768	1891	2014	2137	2136	2135	2134	2011	1888
1890	1891	2014	2013	1766	1767	1768	1769	1892	2015	2138	2137	2136	2135	2012	1889
1891	1892	2015	2014	1767	1768	1769	1770	1893	2016	2139	2138	2137	2136	2013	1890
1892	1893	2016	2015	1768	1769	1770	1771	1894	2017	2140	2139	2138	2137	2014	1891
1893	1894	2017	2016	1769	1770	1771	1772	1895	2018	2141	2140	2139	2138	2015	1892
1894	1895	2018	2017	1770	1771	1772	1773	1896	2019	2142	2141	2140	2139	2016	1893
1895	1896	2019	2018	1771	1772	1773	1774	1897	2020	2143	2142	2141	2140	2017	1894
1896	1897	2020	2019	1772	1773	1774	1775	1898	2021	2144	2143	2142	2141	2018	1895
1897	1898	2021	2020	1773	1774	1775	1776	1899	2022	2145	2144	2143	2142	2019	1896
1898	1899	2022	2021	1774	1775	1776	1777	1900	2023	2146	2145	2144	2143	2020	1897
1899	1900	2023	2022	1775	1776	1777	1778	1901	2024	2147	2146	2145	2144	2021	1898
1900	1901	2024	2023	1776	1777	1778	1779	1902	2025	2148	2147	2146	2145	2022	1899
1901	1902	2025	2024	1777	1778	1779	1780	1903	2026	2149	2148	2147	2146	2023	1900
1902	1903	2026	2025	1778	1779	1780	1781	1904	2027	2150	2149	2148	2147	2024	1901
1903	1904	2027	2026	1779	1780	1781	1782	1905	2028	2151	2150	2149	2148	2025	1902
1904	1905	2028	2027	1780	1781	1782	1783	1906	2029	2152	2151	2150	2149	2026	1903
1905	1906	2029	2028	1781	1782	1783	1784	1907	2030	2153	2152	2151	2150	2027	1904
1906	1907	2030	2029	1782	1783	1784	1785	1908	2031	2154	2153	2152	2151	2028	1905
1907	1908	2031	2030	1783	1784	1785	1786	1909	2032	2155	2154	2153	2152	2029	1906
1908	1909	2032	2031	1784	1785	1786	1787	1910	2033	2156	2155	2154	2153	2030	1907
1909	1910	2033	2032	1785	1786	1787	1788	1911	2034	2157	2156	2155	2154	2031	1908
1910	1911	2034	2033	1786	1787	1788	1789	1912	2035	2158	2157	2156	2155	2032	1909
1911	1912	2035	2034	1787	1788	1789	1790	1913	2036	2159	2158	2157	2156	2033	1910
1912	1913	2036	2035	1788	1789	1790	1791	1914	2037	2160	2159	2158	2157	2034	1911
1913	1914	2037	2036	1789	1790	1791	1792	1915	2038	2161	2160	2159	2158	2035	1912
1914	1915	2038	2037	1790	1791	1792	1793	1916	2039	2162	2161	2160	2159	2036	1913
1915	1916	2039	2038	1791	1792	1793	1794	1917	2040	2163	2162	2161	2160	2037	1914
1916	1917	2040	2039	1792	1793	1794	1795	1918	2041	2164	2163	2162	2161	2038	1915
1917	1918	2041	2040	1793	1794	1795	1796	1919	2042	2165	2164	2163	2162	2039	1916
1918	1919	2042	2041	1794	1795	1796	1797	1920	2043	2166	2165	2164	2163	2040	1917
1919	1920	2043	2042	1795	1796	1797	1798	1921	2044	2167	2166	2165	2164	2041	1918
1920	1921	2044	2043	1796	1797	1798	1799	1922	2045	2168	2167	2166	2165	2042	1919
1921	1922	2045	2044	1797	1798	1799	1800	1923	2046	2169	2168	2167	2166	2043	1920
1922	1923	2046	2045	1798	1799	1800	1801	1924	2047	2170	2169	2168	2167	2044	1921
1923	1924	2047	2046	1799	1800	1801	1802	1925	2048	2171	2170	2169	2168	2045	1922
1924	1925	2048	2047	1800	1801	1802	1803	1926	2049	2172	2171	2170	2169	2046	1923
1925	1926	2049	2048	1801	1802	1803	1804	1927	2050	2173	2172	2171	2170	2047	1924
1926	1927	2050	2049	1802	1803	1804	1805	1928	2051	2174	2173	2172	2171	2048	1925
1927	1928	2051	2050	1803	1804	1805	1806	1929	2052	2175	2174	2173	2172	2049	1926
1928	1929	2052	2051	1804	1805	1806	1807	1930	2053	2176	2175	2174	2173	2050	1927
1929	1930	2053	2052	1805	1806	1807	1808	1931	2054	2177	2176	2175	2174	2051	1928
1930	1931	2054	2053	1806	1807	1808	1809	1932	2055	2178	2177	2176	2175	2052	1929
1931	1932	2055	2054	1807	1808	1809	1810	1933	2056	2179	2178	2177	2176	2053	1930
1932	1933	2056	2055	1808	1809	1810	1811	1934	2057	2180	2179	2178	2177	2054	1931
1933	1934	2057	2056	1809	1810	1811	1812	1935	2058	2181	2180	2179	2178	2055	1932
1934	1935	2058	2057	1810	1811	1812	1813	1936	2059	2182	2181	2180	2179	2056	1933
1935	1936	2059	2058	1811	1812	1813	1814	1937	2060	2183	2182	2181	2180	2057	1934
1936	1937	2060	2059	1812	1813	1814	1815	1938	2061	2184	2183	2182	2181	2058	1935
1937	1938	2061	2060	1813	1814	1815	1816	1939	2062	2185	2184	2183	2182	2059	1936
1938	1939	2062	2061	1814	1815	1816	1817	1940	2063	2186	2185	2184	2183	2060	1937
1939	1940	2063	2062	1815	1816	1817	1818	1941	2064	2187	2186	2185	2184	2061	1938
1940	1941	2064	2063	1816	1817	1818	1819	1942	2065	2188	2187	2186	2185	2062	1939
1941	1942	2065	2064	1817	1818	1819	1820	1943	2066	2189	2188	2187	2186	2063	1940
1942	1943	2066	2065	1818	1819	1820	1821	1944	2067	2190	2189	2188	2187	2064	1941
1943	1944	2067	2066	1819	1820	1821	1822	1945	2068	2191	2190	2189	2188	2065	1942
1944	1945	2068	2067	1820	1821	1822	1823	1946	2069	2192	2191	2190	2189	2066	1943
1945	1946	2069	2068	1821	1822	1823	1824	1947	2070	2193	2192	2191	2190	2067	1944
1946	1947	2070	2069	1822	1823	1824	1825	1948	2071	2194	2193	2192	2191	2068	1945
1947	1948	2071	2070	1823	1824	1825	1826	1949	2072	2195	2194	2193	2192	2069	1946
1948	1949	2072	2071	1824	1825	1826	1827	1950	2073	2196	2195	2194	2193	2070	1947
1949	1950	2073	2072	1825	1826	1827	1828	1951	2074	2197	2196	2195	2194	2071	1948
1950	1951	2074	2073	1826	1827	1828	1829	1952	2075	2198	2197	2196	2195	2072	1949
1951	1952	2075	2074	1827	1828	1829	1830	1953	2076	2199	2198	2197	2196	2073	1950
1952	1953	2076	2075	1828	1829	1830	1831	1954	2077	2200	2199	2198	2197	2074	1951
1953	1954	2077	2076	1829	1830	1831	1832	1955	2078	2201	2200	2199	2198	2075	1952
1954	1955	2078	2077	1830	1831	1832	1833	1956	2079	2202	2201	2200	2199	2076	1953
1955	1956	2079	2078	1831	1832	1833	1834	1957	2080	2203	2202	2201	2200	2077	1954
1956	1957	2080	2079	1832	1833	1834	1835	1958	2081	2204	2203	2202	2201	2078	1955
1957	1958	2081	2080	1833	1834	1835	1836	1959	2082	2205	2204	2203	2202	2079	1956
1958	1959	2082	2081	1834	1835	1836	1837	1960	2083	2206	2205	2204	2203	2080	1957
1959	1960	2083	2082	1835	1836	1837	1838	1961	2084	2207	2206	2205	2204	2081	1958
1960	1961	2084	2083	1836	1837	1838	1839	1962	2085	2208	2207	2206	2205	2082	1959
1961	1962	2085	2084	1837	1838	1839	1840	1963	2086	2209	2208	2207	2206	2083	1960
1962	1963	2086	2085	1838	1839	1840	1841	1964	2087	2210	2209	2208	2207	2084	1961
1963	1964	2087	2086	1839	1840	1841	1842	1965	2088	2211	2210	2209	2208	2085	1962
1964	1965	2088	2087	1840	1841	1842	1843	1966	2089	2212	2211	2210	2209	2086	1963
1965	1966	2089	2088	1841	1842	1843	1844	1967	2090	2213	2212	2211	2210	2087	1964
1969	1970	2093	2092	1845	1846	1847	1848	1971	2094	2217	2216	2215	2214	2091	1968
1970	1971	2094	2093	1846	1847	1848	1849	1972	2095	2218	2217	2216	2215	2092	1969
1971	1972	2095	2094	1847	1848	1849	1850	1973	2096	2219	2218	2217	2216	2093	1970
1972	1973	2096	2095	1848	1849	1850	1851	1974	2097	2220	2219	2218	2217	2094	1971
1973	1974	2097	2096	1849	1850	1851	1852	1975	2098	2221	2220	2219	2218	2095	1972
1974	1975	2098	2097	1850	1851	1852	1853	1976	2099	2222	2221	2220	2219	2096	1973
1975	1976	2099	2098	1851	1852	1853	1854	1977	2100	2223	2222	2221	2220	2097	1974
1976	1977	2100	2099	1852	1853	1854	1855	1978	2101	2224	2223	2222	2221	2098	1975
1977	1978	2101	2100	1853	1854	1855	1856	1979	2102	2225	2224	2223	2222	2099	1976
1978	1979	2102	2101	1854	1855	1856	1857	1980	2103	2226	2225	2224	2223	2100	1977
1979	1980	2103	2102	1855	1856	1857	1858	1981	2104	2227	2226	2225	2224	2101	1978
1980	1981	2104	2103	1856	1857	1858	1859	1982	2105	2228	2227	2226	2225	2102	1979
1981	1982	2105	2104	1857	1858	1859	1860	1983	2106	2229	2228	2227	2226	2103	1980
1982	1983	2106	2105	1858	1859	1860	1861	1984	2107	2230	2229	2228	2227	2104	1981
1983	1984	2107	2106	1859	1860	1861	1862	1985	2108	2231	2230	2229	2228	2105	1982
1984	1985	2108	2107	1860	1861	1862	1863	1986	2109	2232	2231	2230	2229	2106	1983
1985	1986	2109	2108	1861	1862	1863	1864	1987	2110	2233	2232	2231	2230	2107	1984
1986	1987	2110	2109	1862	1863	1864	1865	1988	2111	2234	2233	2232	2231	2108	1985
1987	1988	2111	2110	1863	1864	1865	1866	1989	2112	2235	2234	2233	2232	2109	1986
1988	1989	2112	2111	1864	1865	1866	1867	1990	2113	2236	2235	2234	2233	2110	1987
1989	1990	2113	2112	1865	1866	1867	1868	1991	2114	2237	2236	2235	2234	2111	1988
1990	1991	2114	2113	1866	1867	1868	1869	1992	2115	2238	2237	2236	2235	2112	1989
1991	1992	2115	2114	1867	1868	1869	1870	1993	2116	2239	2238	2237	2236	2113	1990
1992	1993	2116	2115	1868	1869	1870	1871	1994	2117	2240	2239	2238	2237	2114	1991
1993	1994	2117	2116	1869	1870	1871	1872	1995	2118	2241	2240	2239	2238	2115	1992
1994	1995	2118	2117	1870	1871	1872	1873	1996	2119	2242	2241	2240	2239	2116	1993
1995	1996	2119	2118	1871	1872	1873	1874	1997	2120	2243	2242	2241	2240	2117	1994
1996	1997	2120	2119	1872	1873	1874	1875	1998	2121	2244	2243	2242	2241	2118	1995
1997	1998	2121	2120	1873	1874	1875	1876	1999	2122	2245	2244	2243	2242	2119	1996
1998	1999	2122	2121	1874	1875	1876	1877	2000	2123	2246	2245	2244	2243	2120	1997
1999	2000	2123	2122	1875	1876	1877	1878	2001	2124	2247	2246	2245	2244	2121	1998
2000	2001	2124	2123	1876	1877	1878	1879	2002	2125	2248	2247	2246	2245	2122	1999
2001	2002	2125	2124	1877	1878	1879	1880	2003	2126	2249	2248	2247	2246	2123	2000
2002	2003	2126	2125	1878	1879	1880	1881	2004	2127	2250	2249	2248	2247	2124	2001
2003	2004	2127	2126	1879	1880	1881	1882	2005	2128	2251	2250	2249	2248	2125	2002
2004	2005	2128	2127	1880	1881	1882	1883	2006	2129	2252	2251	2250	2249	2126	2003
2005	2006	2129	2128	1881	1882	1883	1884	2007	2130	2253	2252	2251	2250	2127	2004
2006	2007	2130	2129	1882	1883	1884	1885	2008	2131	2254	2253	2252	2251	2128	2005
2007	2008	2131	2130	1883	1884	1885	1886	2009	2132	2255	2254	2253	2252	2129	2006
2008	2009	2132	2131	1884	1885	1886	1887	2010	2133	2256	2255	2254	2253	2130	2007
2009	2010	2133	2132	1885	1886	1887	1888	2011	2134	2257	2256	2255	2254	2131	2008
2010	2011	2134	2133	1886	1887	1888	1889	2012	2135	2258	2257	2256	2255	2132	2009
2011	2012	2135	2134	1887	1888	1889	1890	2013	2136	2259	2258	2257	2256	2133	2010
2012	2013	2136	2135	1888	1889	1890	1891	2014	2137	2260	2259	2258	2257	2134	2011
2013	2014	2137	2136	1889	1890	1891	1892	2015	2138	2261	2260	2259	2258	2135	2012
2014	2015	2138	2137	1890	1891	1892	1893	2016	2139	2262	2261	2260	2259	2136	2013
2015	2016	2139	2138	1891	1892	1893	1894	2017	2140	2263	2262	2261	2260	2137	2014
2016	2017	2140	2139	1892	1893	1894	1895	2018	2141	2264	2263	2262	2261	2138	2015
2017	2018	2141	2140	1893	1894	1895	1896	2019	2142	2265	2264	2263	2262	2139	2016
2018	2019	2142	2141	1894	1895	1896	1897	2020	2143	2266	2265	2264	2263	2140	2017
2019	2020	2143	2142	1895	1896	1897	1898	2021	2144	2267	2266	2265	2264	2141	2018
2020	2021	2144	2143	1896	1897	1898	1899	2022	2145	2268	2267	2266	2265	2142	2019
2021	2022	2145	2144	1897	1898	1899	1900	2023	2146	2269	2268	2267	2266	2143	2020
2022	2023	2146	2145	1898	1899	1900	1901	2024	2147	2270	2269	2268	2267	2144	2021
2023	2024	2147	2146	1899	1900	1901	1902	2025	2148	2271	2270	2269	2268	2145	2022
2024	2025	2148	2147	1900	1901	1902	1903	2026	2149	2272	2271	2270	2269	2146	2023
2025	2026	2149	2148	1901	1902	1903	1904	2027	2150	2273	2272	2271	2270	2147	2024
2026	2027	2150	2149	1902	1903	1904	1905	2028	2151	2274	2273	2272	2271	2148	2025
2027	2028	2151	2150	1903	1904	1905	1906	2029	2152	2275	2274	2273	2272	2149	2026
2028	2029	2152	2151	1904	1905	1906	1907	2030	2153	2276	2275	2274	2273	2150	2027
2029	2030	2153	2152	1905	1906	1907	1908	2031	2154	2277	2276	2275	2274	2151	2028
2030	2031	2154	2153	1906	1907	1908	1909	2032	2155	2278	2277	2276	2275	2152	2029
2031	2032	2155	2154	1907	1908	1909	1910	2033	2156	2279	2278	2277	2276	2153	2030
2032	2033	2156	2155	1908	1909	1910	1911	2034	2157	2280	2279	2278	2277	2154	2031
2033	2034	2157	2156	1909	1910	1911	1912	2035	2158	2281	2280	2279	2278	2155	2032
2034	2035	2158	2157	1910	1911	1912	1913	2036	2159	2282	2281	2280	2279	2156	2033
2035	2036	2159	2158	1911	1912	1913	1914	2037	2160	2283	2282	2281	2280	2157	2034
2036	2037	2160	2159	1912	1913	1914	1915	2038	2161	2284	2283	2282	2281	2158	2035
2037	2038	2161	2160	1913	1914	1915	1916	2039	2162	2285	2284	2283	2282	2159	2036
2038	2039	2162	2161	1914	1915	1916	1917	2040	2163	2286	2285	2284	2283	2160	2037
2039	2040	2163	2162	1915	1916	1917	1918	2041	2164	2287	2286	2285	2284	2161	2038
2040	2041	2164	2163	1916	1917	1918	1919	2042	2165	2288	2287	2286	2285	2162	2039
2041	2042	2165	2164	1917	1918	1919	1920	2043	2166	2289	2288	2287	2286	2163	2040
2042	2043	2166	2165	1918	1919	1920	1921	2044	2167	2290	2289	2288	2287	2164	2041
2043	2044	2167	2166	1919	1920	1921	1922	2045	2168	2291	2290	2289	2288	2165	2042
2044	2045	2168	2167	1920	1921	1922	1923	2046	2169	2292	2291	2290	2289	2166	2043
2045	2046	2169	2168	1921	1922	1923	1924	2047	2170	2293	2292	2291	2290	2167	2044
2046	2047	2170	2169	1922	1923	1924	1925	2048	2171	2294	2293	2292	2291	2168	2045
2047	2048	2171	2170	1923	1924	1925	1926	2049	2172	2295	2294	2293	2292	2169	2046
2048	2049	2172	2171	1924	1925	1926	1927	2050	2173	2296	2295	2294	2293	2170	2047
2049	2050	2173	2172	1925	1926	1927	1928	2051	2174	2297	2296	2295	2294	2171	2048
2050	2051	2174	2173	1926	1927	1928	1929	2052	2175	2298	2297	2296	2295	2172	2049
2051	2052	2175	2174	1927	1928	1929	1930	2053	2176	2299	2298	2297	2296	2173	2050
2052	2053	2176	2175	1928	1929	1930	1931	2054	2177	2300	2299	2298	2297	2174	2051
2053	2054	2177	2176	1929	1930	1931	1932	2055	2178	2301	2300	2299	2298	2175	2052
2054	2055	2178	2177	1930	1931	1932	1933	2056	2179	2302	2301	2300	2299	2176	2053
2055	2056	2179	2178	1931	1932	1933	1934	2057	2180	2303	2302	2301	2300	2177	2054
2056	2057	2180	2179	1932	1933	1934	1935	2058	2181	2304	2303	2302	2301	2178	2055
2057	2058	2181	2180	1933	1934	1935	1936	2059	2182	2305	2304	2303	2302	2179	2056
2058	2059	2182	2181	1934	1935	1936	1937	2060	2183	2306	2305	2304	2303	2180	2057
2059	2060	2183	2182	1935	1936	1937	1938	2061	2184	2307	2306	2305	2304	2181	2058
2060	2061	2184	2183	1936	1937	1938	1939	2062	2185	2308	2307	2306	2305	2182	2059
2061	2062	2185	2184	1937	1938	1939	1940	2063	2186	2309	2308	2307	2306	2183	2060
2062	2063	2186	2185	1938	1939	1940	1941	2064	2187	2310	2309	2308	2307	2184	2061
2063	2064	2187	2186	1939	1940	1941	1942	2065	2188	2311	2310	2309	2308	2185	2062
2064	2065	2188	2187	1940	1941	1942	1943	2066	2189	2312	2311	2310	2309	2186	2063
2065	2066	2189	2188	1941	1942	1943	1944	2067	2190	2313	2312	2311	2310	2187	2064
2066	2067	2190	2189	1942	1943	1944	1945	2068	2191	2314	2313	2312	2311	2188	2065
2067	2068	2191	2190	1943	1944	1945	1946	2069	2192	2315	2314	2313	2312	2189	2066
2068	2069	2192	2191	1944	1945	1946	1947	2070	2193	2316	2315	2314	2313	2190	2067
2069	2070	2193	2192	1945	1946	1947	1948	2071	2194	2317	2316	2315	2314	2191	2068
2070	2071	2194	2193	1946	1947	1948	1949	2072	2195	2318	2317	2316	2315	2192	2069
2071	2072	2195	2194	1947	1948	1949	1950	2073	2196	2319	2318	2317	2316	2193	2070
2072	2073	2196	2195	1948	1949	1950	1951	2074	2197	2320	2319	2318	2317	2194	2071
2073	2074	2197	2196	1949	1950	1951	1952	2075	2198	2321	2320	2319	2318	2195	2072
2074	2075	2198	2197	1950	1951	1952	1953	2076	2199	2322	2321	2320	2319	2196	2073
2075	2076	2199	2198	1951	1952	1953	1954	2077	2200	2323	2322	2321	2320	2197	2074
2076	2077	2200	2199	1952	1953	1954	1955	2078	2201	2324	2323	2322	2321	2198	2075
2077	2078	2201	2200	1953	1954	1955	1956	2079	2202	2325	2324	2323	2322	2199	2076
2078	2079	2202	2201	1954	1955	1956	1957	2080	2203	2326	2325	2324	2323	2200	2077
2079	2080	2203	2202	1955	1956	1957	1958	2081	2204	2327	2326	2325	2324	2201	2078
2080	2081	2204	2203	1956	1957	1958	1959	2082	2205	2328	2327	2326	2325	2202	2079
2081	2082	2205	2204	1957	1958	1959	1960	2083	2206	2329	2328	2327	2326	2203	2080
2082	2083	2206	2205	1958	1959	1960	1961	2084	2207	2330	2329	2328	2327	2204	2081
2083	2084	2207	2206	1959	1960	1961	1962	2085	2208	2331	2330	2329	2328	2205	2082
2084	2085	2208	2207	1960	1961	1962	1963	2086	2209	2332	2331	2330	2329	2206	2083
2085	2086	2209	2208	1961	1962	1963	1964	2087	2210	2333	2332	2331	2330	2207	2084
2086	2087	2210	2209	1962	1963	1964	1965	2088	2211	2334	2333	2332	2331	2208	2085
2087	2088	2211	2210	1963	1964	1965	1966	2089	2212	2335	2334	2333	2332	2209	2086
2088	2089	2212	2211	1964	1965	1966	1967	2090	2213	2336	2335	2334	2333	2210	2087
2092	2093	2216	2215	1968	1969	1970	1971	2094	2217	2340	2339	2338	2337	2214	2091
2093	2094	2217	2216	1969	1970	1971	1972	2095	2218	2341	2340	2339	2338	2215	2092
2094	2095	2218	2217	1970	1971	1972	1973	2096	2219	2342	2341	2340	2339	2216	2093
2095	2096	2219	2218	1971	1972	1973	1974	2097	2220	2343	2342	2341	2340	2217	2094
2096	2097	2220	2219	1972	1973	1974	1975	2098	2221	2344	2343	2342	2341	2218	2095
2097	2098	2221	2220	1973	1974	1975	1976	2099	2222	2345	2344	2343	2342	2219	2096
2098	2099	2222	2221	1974	1975	1976	1977	2100	2223	2346	2345	2344	2343	2220	2097
2099	2100	2223	2222	1975	1976	1977	1978	2101	2224	2347	2346	2345	2344	2221	2098
2100	2101	2224	2223	1976	1977	1978	1979	2102	2225	2348	2347	2346	2345	2222	2099
2101	2102	2225	2224	1977	1978	1979	1980	2103	2226	2349	2348	2347	2346	2223	2100
2102	2103	2226	2225	1978	1979	1980	1981	2104	2227	2350	2349	2348	2347	2224	2101
2103	2104	2227	2226	1979	1980	1981	1982	2105	2228	2351	2350	2349	2348	2225	2102
2104	2105	2228	2227	1980	1981	1982	1983	2106	2229	2352	2351	2350	2349	2226	2103
2105	2106	2229	2228	1981	1982	1983	1984	2107	2230	2353	2352	2351	2350	2227	2104
2106	2107	2230	2229	1982	1983	1984	1985	2108	2231	2354	2353	2352	2351	2228	2105
2107	2108	2231	2230	1983	1984	1985	1986	2109	2232	2355	2354	2353	2352	2229	2106
2108	2109	2232	2231	1984	1985	1986	1987	2110	2233	2356	2355	2354	2353	2230	2107
2109	2110	2233	2232	1985	1986	1987	1988	2111	2234	2357	2356	2355	2354	2231	2108
2110	2111	2234	2233	1986	1987	1988	1989	2112	2235	2358	2357	2356	2355	2232	2109
2111	2112	2235	2234	1987	1988	1989	1990	2113	2236	2359	2358	2357	2356	2233	2110
2112	2113	2236	2235	1988	1989	1990	1991	2114	2237	2360	2359	2358	2357	2234	2111
2113	2114	2237	2236	1989	1990	1991	1992	2115	2238	2361	2360	2359	2358	2235	2112
2114	2115	2238	2237	1990	1991	1992	1993	2116	2239	2362	2361	2360	2359	2236	2113
2115	2116	2239	2238	1991	1992	1993	1994	2117	2240	2363	2362	2361	2360	2237	2114
2116	2117	2240	2239	1992	1993	1994	1995	2118	2241	2364	2363	2362	2361	2238	2115
2117	2118	2241	2240	1993	1994	1995	1996	2119	2242	2365	2364	2363	2362	2239	2116
2118	2119	2242	2241	1994	1995	1996	1997	2120	2243	2366	2365	2364	2363	2240	2117
2119	2120	2243	2242	1995	1996	1997	1998	2121	2244	2367	2366	2365	2364	2241	2118
2120	2121	2244	2243	1996	1997	1998	1999	2122	2245	2368	2367	2366	2365	2242	2119
2121	2122	2245	2244	1997	1998	1999	2000	2123	2246	2369	2368	2367	2366	2243	2120
2122	2123	2246	2245	1998	1999	2000	2001	2124	2247	2370	2369	2368	2367	2244	2121
2123	2124	2247	2246	1999	2000	2001	2002	2125	2248	2371	2370	2369	2368	2245	2122
2124	2125	2248	2247	2000	2001	2002	2003	2126	2249	2372	2371	2370	2369	2246	2123
2125	2126	2249	2248	2001	2002	2003	2004	2127	2250	2373	2372	2371	2370	2247	2124
2126	2127	2250	2249	2002	2003	2004	2005	2128	2251	2374	2373	2372	2371	2248	2125
2127	2128	2251	2250	2003	2004	2005	2006	2129	2252	2375	2374	2373	2372	2249	2126
2128	2129	2252	2251	2004	2005	2006	2007	2130	2253	2376	2375	2374	2373	2250	2127
2129	2130	2253	2252	2005	2006	2007	2008	2131	2254	2377	2376	2375	2374	2251	2128
2130	2131	2254	2253	2006	2007	2008	2009	2132	2255	2378	2377	2376	2375	2252	2129
2131	2132	2255	2254	2007	2008	2009	2010	2133	2256	2379	2378	2377	2376	2253	2130
2132	2133	2256	2255	2008	2009	2010	2011	2134	2257	2380	2379	2378	2377	2254	2131
2133	2134	2257	2256	2009	2010	2011	2012	2135	2258	2381	2380	2379	2378	2255	2132
2134	2135	2258	2257	2010	2011	2012	2013	2136	2259	2382	2381	2380	2379	2256	2133
2135	2136	2259	2258	2011	2012	2013	2014	2137	2260	2383	2382	2381	2380	2257	2134
2136	2137	2260	2259	2012	2013	2014	2015	2138	2261	2384	2383	2382	2381	2258	2135
2137	2138	2261	2260	2013	2014	2015	2016	2139	2262	2385	2384	2383	2382	2259	2136
2138	2139	2262	2261	2014	2015	2016	2017	2140	2263	2386	2385	2384	2383	2260	2137
2139	2140	2263	2262	2015	2016	2017	2018	2141	2264	2387	2386	2385	2384	2261	2138
2140	2141	2264	2263	2016	2017	2018	2019	2142	2265	2388	2387	2386	2385	2262	2139
2141	2142	2265	2264	2017	2018	2019	2020	2143	2266	2389	2388	2387	2386	2263	2140
2142	2143	2266	2265	2018	2019	2020	2021	2144	2267	2390	2389	2388	2387	2264	2141
2143	2144	2267	2266	2019	2020	2021	2022	2145	2268	2391	2390	2389	2388	2265	2142
2144	2145	2268	2267	2020	2021	2022	2023	2146	2269	2392	2391	2390	2389	2266	2143
2145	2146	2269	2268	2021	2022	2023	2024	2147	2270	2393	2392	2391	2390	2267	2144
2146	2147	2270	2269	2022	2023	2024	2025	2148	2271	2394	2393	2392	2391	2268	2145
2147	2148	2271	2270	2023	2024	2025	2026	2149	2272	2395	2394	2393	2392	2269	2146
2148	2149	2272	2271	2024	2025	2026	2027	2150	2273	2396	2395	2394	2393	2270	2147
2149	2150	2273	2272	2025	2026	2027	2028	2151	2274	2397	2396	2395	2394	2271	2148
2150	2151	2274	2273	2026	2027	2028	2029	2152	2275	2398	2397	2396	2395	2272	2149
2151	2152	2275	2274	2027	2028	2029	2030	2153	2276	2399	2398	2397	2396	2273	2150
2152	2153	2276	2275	2028	2029	2030	2031	2154	2277	2400	2399	2398	2397	2274	2151
2153	2154	2277	2276	2029	2030	2031	2032	2155	2278	2401	2400	2399	2398	2275	2152
2154	2155	2278	2277	2030	2031	2032	2033	2156	2279	2402	2401	2400	2399	2276	2153
2155	2156	2279	2278	2031	2032	2033	2034	2157	2280	2403	2402	2401	2400	2277	2154
2156	2157	2280	2279	2032	2033	2034	2035	2158	2281	2404	2403	2402	2401	2278	2155
2157	2158	2281	2280	2033	2034	2035	2036	2159	2282	2405	2404	2403	2402	2279	2156
2158	2159	2282	2281	2034	2035	2036	2037	2160	2283	2406	2405	2404	2403	2280	2157
2159	2160	2283	2282	2035	2036	2037	2038	2161	2284	2407	2406	2405	2404	2281	2158
2160	2161	2284	2283	2036	2037	2038	2039	2162	2285	2408	2407	2406	2405	2282	2159
2161	2162	2285	2284	2037	2038	2039	2040	2163	2286	2409	2408	2407	2406	2283	2160
2162	2163	2286	2285	2038	2039	2040	2041	2164	2287	2410	2409	2408	2407	2284	2161
2163	2164	2287	2286	2039	2040	2041	2042	2165	2288	2411	2410	2409	2408	2285	2162
2164	2165	2288	2287	2040	2041	2042	2043	2166	2289	2412	2411	2410	2409	2286	2163
2165	2166	2289	2288	2041	2042	2043	2044	2167	2290	2413	2412	2411	2410	2287	2164
2166	2167	2290	2289	2042	2043	2044	2045	2168	2291	2414	2413	2412	2411	2288	2165
2167	2168	2291	2290	2043	2044	2045	2046	2169	2292	2415	2414	2413	2412	2289	2166
2168	2169	2292	2291	2044	2045	2046	2047	2170	2293	2416	2415	2414	2413	2290	2167
2169	2170	2293	2292	2045	2046	2047	2048	2171	2294	2417	2416	2415	2414	2291	2168
2170	2171	2294	2293	2046	2047	2048	2049	2172	2295	2418	2417	2416	2415	2292	2169
2171	2172	2295	2294	2047	2048	2049	2050	2173	2296	2419	2418	2417	2416	2293	2170
2172	2173	2296	2295	2048	2049	2050	2051	2174	2297	2420	2419	2418	2417	2294	2171
2173	2174	2297	2296	2049	2050	2051	2052	2175	2298	2421	2420	2419	2418	2295	2172
2174	2175	2298	2297	2050	2051	2052	2053	2176	2299	2422	2421	2420	2419	2296	2173
2175	2176	2299	2298	2051	2052	2053	2054	2177	2300	2423	2422	2421	2420	2297	2174
2176	2177	2300	2299	2052	2053	2054	2055	2178	2301	2424	2423	2422	2421	2298	2175
2177	2178	2301	2300	2053	2054	2055	2056	2179	2302	2425	2424	2423	2422	2299	2176
2178	2179	2302	2301	2054	2055	2056	2057	2180	2303	2426	2425	2424	2423	2300	2177
2179	2180	2303	2302	2055	2056	2057	2058	2181	2304	2427	2426	2425	2424	2301	2178
2180	2181	2304	2303	2056	2057	2058	2059	2182	2305	2428	2427	2426	2425	2302	2179
2181	2182	2305	2304	2057	2058	2059	2060	2183	2306	2429	2428	2427	2426	2303	2180
2182	2183	2306	2305	2058	2059	2060	2061	2184	2307	2430	2429	2428	2427	2304	2181
2183	2184	2307	2306	2059	2060	2061	2062	2185	2308	2431	2430	2429	2428	2305	2182
2184	2185	2308	2307	2060	2061	2062	2063	2186	2309	2432	2431	2430	2429	2306	2183
2185	2186	2309	2308	2061	2062	2063	2064	2187	2310	2433	2432	2431	2430	2307	2184
2186	2187	2310	2309	2062	2063	2064	2065	2188	2311	2434	2433	2432	2431	2308	2185
2187	2188	2311	2310	2063	2064	2065	2066	2189	2312	2435	2434	2433	2432	2309	2186
2188	2189	2312	2311	2064	2065	2066	2067	2190	2313	2436	2435	2434	2433	2310	2187
2189	2190	2313	2312	2065	2066	2067	2068	2191	2314	2437	2436	2435	2434	2311	2188
2190	2191	2314	2313	2066	2067	2068	2069	2192	2315	2438	2437	2436	2435	2312	2189
2191	2192	2315	2314	2067	2068	2069	2070	2193	2316	2439	2438	2437	2436	2313	2190
2192	2193	2316	2315	2068	2069	2070	2071	2194	2317	2440	2439	2438	2437	2314	2191
2193	2194	2317	2316	2069	2070	2071	2072	2195	2318	2441	2440	2439	2438	2315	2192
2194	2195	2318	2317	2070	2071	2072	2073	2196	2319	2442	2441	2440	2439	2316	2193
2195	2196	2319	2318	2071	2072	2073	2074	2197	2320	2443	2442	2441	2440	2317	2194
2196	2197	2320	2319	2072	2073	2074	2075	2198	2321	2444	2443	2442	2441	2318	2195
2197	2198	2321	2320	2073	2074	2075	2076	2199	2322	2445	2444	2443	2442	2319	2196
2198	2199	2322	2321	2074	2075	2076	2077	2200	2323	2446	2445	2444	2443	2320	2197
2199	2200	2323	2322	2075	2076	2077	2078	2201	2324	2447	2446	2445	2444	2321	2198
2200	2201	2324	2323	2076	2077	2078	2079	2202	2325	2448	2447	2446	2445	2322	2199
2201	2202	2325	2324	2077	2078	2079	2080	2203	2326	2449	2448	2447	2446	2323	2200
2202	2203	2326	2325	2078	2079	2080	2081	2204	2327	2450	2449	2448	2447	2324	2201
2203	2204	2327	2326	2079	2080	2081	2082	2205	2328	2451	2450	2449	2448	2325	2202
2204	2205	2328	2327	2080	2081	2082	2083	2206	2329	2452	2451	2450	2449	2326	2203
2205	2206	2329	2328	2081	2082	2083	2084	2207	2330	2453	2452	2451	2450	2327	2204
2206	2207	2330	2329	2082	2083	2084	2085	2208	2331	2454	2453	2452	2451	2328	2205
2207	2208	2331	2330	2083	2084	2085	2086	2209	2332	2455	2454	2453	2452	2329	2206
2208	2209	2332	2331	2084	2085	2086	2087	2210	2333	2456	2455	2454	2453	2330	2207
2209	2210	2333	2332	2085	2086	2087	2088	2211	2334	2457	2456	2455	2454	2331	2208
2210	2211	2334	2333	2086	2087	2088	2089	2212	2335	2458	2457	2456	2455	2332	2209
2211	2212	2335	2334	2087	2088	2089	2090	2213	2336	2459	2458	2457	2456	2333	2210
2215	2216	2339	2338	2091	2092	2093	2094	2217	2340	2463	2462	2461	2460	2337	2214
2216	2217	2340	2339	2092	2093	2094	2095	2218	2341	2464	2463	2462	2461	2338	2215
2217	2218	2341	2340	2093	2094	2095	2096	2219	2342	2465	2464	2463	2462	2339	2216
2218	2219	2342	2341	2094	2095	2096	2097	2220	2343	2466	2465	2464	2463	2340	2217
2219	2220	2343	2342	2095	2096	2097	2098	2221	2344	2467	2466	2465	2464	2341	2218
2220	2221	2344	2343	2096	2097	2098	2099	2222	2345	2468	2467	2466	2465	2342	2219
2221	2222	2345	2344	2097	2098	2099	2100	2223	2346	2469	2468	2467	2466	2343	2220
2222	2223	2346	2345	2098	2099	2100	2101	2224	2347	2470	2469	2468	2467	2344	2221
2223	2224	2347	2346	2099	2100	2101	2102	2225	2348	2471	2470	2469	2468	2345	2222
2224	2225	2348	2347	2100	2101	2102	2103	2226	2349	2472	2471	2470	2469	2346	2223
2225	2226	2349	2348	2101	2102	2103	2104	2227	2350	2473	2472	2471	2470	2347	2224
2226	2227	2350	2349	2102	2103	2104	2105	2228	2351	2474	2473	2472	2471	2348	2225
2227	2228	2351	2350	2103	2104	2105	2106	2229	2352	2475	2474	2473	2472	2349	2226
2228	2229	2352	2351	2104	2105	2106	2107	2230	2353	2476	2475	2474	2473	2350	2227
2229	2230	2353	2352	2105	2106	2107	2108	2231	2354	2477	2476	2475	2474	2351	2228
2230	2231	2354	2353	2106	2107	2108	2109	2232	2355	2478	2477	2476	2475	2352	2229
2231	2232	2355	2354	2107	2108	2109	2110	2233	2356	2479	2478	2477	2476	2353	2230
2232	2233	2356	2355	2108	2109	2110	2111	2234	2357	2480	2479	2478	2477	2354	2231
2233	2234	2357	2356	2109	2110	2111	2112	2235	2358	2481	2480	2479	2478	2355	2232
2234	2235	2358	2357	2110	2111	2112	2113	2236	2359	2482	2481	2480	2479	2356	2233
2235	2236	2359	2358	2111	2112	2113	2114	2237	2360	2483	2482	2481	2480	2357	2234
2236	2237	2360	2359	2112	2113	2114	2115	2238	2361	2484	2483	2482	2481	2358	2235
2237	2238	2361	2360	2113	2114	2115	2116	2239	2362	2485	2484	2483	2482	2359	2236
2238	2239	2362	2361	2114	2115	2116	2117	2240	2363	2486	2485	2484	2483	2360	2237
2239	2240	2363	2362	2115	2116	2117	2118	2241	2364	2487	2486	2485	2484	2361	2238
2240	2241	2364	2363	2116	2117	2118	2119	2242	2365	2488	2487	2486	2485	2362	2239
2241	2242	2365	2364	2117	2118	2119	2120	2243	2366	2489	2488	2487	2486	2363	2240
2242	2243	2366	2365	2118	2119	2120	2121	2244	2367	2490	2489	2488	2487	2364	2241
2243	2244	2367	2366	2119	2120	2121	2122	2245	2368	2491	2490	2489	2488	2365	2242
2244	2245	2368	2367	2120	2121	2122	2123	2246	2369	2492	2491	2490	2489	2366	2243
2245	2246	2369	2368	2121	2122	2123	2124	2247	2370	2493	2492	2491	2490	2367	2244
2246	2247	2370	2369	2122	2123	2124	2125	2248	2371	2494	2493	2492	2491	2368	2245
2247	2248	2371	2370	2123	2124	2125	2126	2249	2372	2495	2494	2493	2492	2369	2246
2248	2249	2372	2371	2124	2125	2126	2127	2250	2373	2496	2495	2494	2493	2370	2247
2249	2250	2373	2372	2125	2126	2127	2128	2251	2374	2497	2496	2495	2494	2371	2248
2250	2251	2374	2373	2126	2127	2128	2129	2252	2375	2498	2497	2496	2495	2372	2249
2251	2252	2375	2374	2127	2128	2129	2130	2253	2376	2499	2498	2497	2496	2373	2250
2252	2253	2376	2375	2128	2129	2130	2131	2254	2377	2500	2499	2498	2497	2374	2251
2253	2254	2377	2376	2129	2130	2131	2132	2255	2378	2501	2500	2499	2498	2375	2252
2254	2255	2378	2377	2130	2131	2132	2133	2256	2379	2502	2501	2500	2499	2376	2253
2255	2256	2379	2378	2131	2132	2133	2134	2257	2380	2503	2502	2501	2500	2377	2254
2256	2257	2380	2379	2132	2133	2134	2135	2258	2381	2504	2503	2502	2501	2378	2255
2257	2258	2381	2380	2133	2134	2135	2136	2259	2382	2505	2504	2503	2502	2379	2256
2258	2259	2382	2381	2134	2135	2136	2137	2260	2383	2506	2505	2504	2503	2380	2257
2259	2260	2383	2382	2135	2136	2137	2138	2261	2384	2507	2506	2505	2504	2381	2258
2260	2261	2384	2383	2136	2137	2138	2139	2262	2385	2508	2507	2506	2505	2382	2259
2261	2262	2385	2384	2137	2138	2139	2140	2263	2386	2509	2508	2507	2506	2383	2260
2262	2263	2386	2385	2138	2139	2140	2141	2264	2387	2510	2509	2508	2507	2384	2261
2263	2264	2387	2386	2139	2140	2141	2142	2265	2388	2511	2510	2509	2508	2385	2262
2264	2265	2388	2387	2140	2141	2142	2143	2266	2389	2512	2511	2510	2509	2386	2263
2265	2266	2389	2388	2141	2142	2143	2144	2267	2390	2513	2512	2511	2510	2387	2264
2266	2267	2390	2389	2142	2143	2144	2145	2268	2391	2514	2513	2512	2511	2388	2265
2267	2268	2391	2390	2143	2144	2145	2146	2269	2392	2515	2514	2513	2512	2389	2266
2268	2269	2392	2391	2144	2145	2146	2147	2270	2393	2516	2515	2514	2513	2390	2267
2269	2270	2393	2392	2145	2146	2147	2148	2271	2394	2517	2516	2515	2514	2391	2268
2270	2271	2394	2393	2146	2147	2148	2149	2272	2395	2518	2517	2516	2515	2392	2269
2271	2272	2395	2394	2147	2148	2149	2150	2273	2396	2519	2518	2517	2516	2393	2270
2272	2273	2396	2395	2148	2149	2150	2151	2274	2397	2520	2519	2518	2517	2394	2271
2273	2274	2397	2396	2149	2150	2151	2152	2275	2398	2521	2520	2519	2518	2395	2272
2274	2275	2398	2397	2150	2151	2152	2153	2276	2399	2522	2521	2520	2519	2396	2273
2275	2276	2399	2398	2151	2152	2153	2154	2277	2400	2523	2522	2521	2520	2397	2274
2276	2277	2400	2399	2152	2153	2154	2155	2278	2401	2524	2523	2522	2521	2398	2275
2277	2278	2401	2400	2153	2154	2155	2156	2279	2402	2525	2524	2523	2522	2399	2276
2278	2279	2402	2401	2154	2155	2156	2157	2280	2403	2526	2525	2524	2523	2400	2277
2279	2280	2403	2402	2155	2156	2157	2158	2281	2404	2527	2526	2525	2524	2401	2278
2280	2281	2404	2403	2156	2157	2158	2159	2282	2405	2528	2527	2526	2525	2402	2279
2281	2282	2405	2404	2157	2158	2159	2160	2283	2406	2529	2528	2527	2526	2403	2280
2282	2283	2406	2405	2158	2159	2160	2161	2284	2407	2530	2529	2528	2527	2404	2281
2283	2284	2407	2406	2159	2160	2161	2162	2285	2408	2531	2530	2529	2528	2405	2282
2284	2285	2408	2407	2160	2161	2162	2163	2286	2409	2532	2531	2530	2529	2406	2283
2285	2286	2409	2408	2161	2162	2163	2164	2287	2410	2533	2532	2531	2530	2407	2284
2286	2287	2410	2409	2162	2163	2164	2165	2288	2411	2534	2533	2532	2531	2408	2285
2287	2288	2411	2410	2163	2164	2165	2166	2289	2412	2535	2534	2533	2532	2409	2286
2288	2289	2412	2411	2164	2165	2166	2167	2290	2413	2536	2535	2534	2533	2410	2287
2289	2290	2413	2412	2165	2166	2167	2168	2291	2414	2537	2536	2535	2534	2411	2288
2290	2291	2414	2413	2166	2167	2168	2169	2292	2415	2538	2537	2536	2535	2412	2289
2291	2292	2415	2414	2167	2168	2169	2170	2293	2416	2539	2538	2537	2536	2413	2290
2292	2293	2416	2415	2168	2169	2170	2171	2294	2417	2540	2539	2538	2537	2414	2291
2293	2294	2417	2416	2169	2170	2171	2172	2295	2418	2541	2540	2539	2538	2415	2292
2294	2295	2418	2417	2170	2171	2172	2173	2296	2419	2542	2541	2540	2539	2416	2293
2295	2296	2419	2418	2171	2172	2173	2174	2297	2420	2543	2542	2541	2540	2417	2294
2296	2297	2420	2419	2172	2173	2174	2175	2298	2421	2544	2543	2542	2541	2418	2295
2297	2298	2421	2420	2173	2174	2175	2176	2299	2422	2545	2544	2543	2542	2419	2296
2298	2299	2422	2421	2174	2175	2176	2177	2300	2423	2546	2545	2544	2543	2420	2297
2299	2300	2423	2422	2175	2176	2177	2178	2301	2424	2547	2546	2545	2544	2421	2298
2300	2301	2424	2423	2176	2177	2178	2179	2302	2425	2548	2547	2546	2545	2422	2299
2301	2302	2425	2424	2177	2178	2179	2180	2303	2426	2549	2548	2547	2546	2423	2300
2302	2303	2426	2425	2178	2179	2180	2181	2304	2427	2550	2549	2548	2547	2424	2301
2303	2304	2427	2426	2179	2180	2181	2182	2305	2428	2551	2550	2549	2548	2425	2302
2304	2305	2428	2427	2180	2181	2182	2183	2306	2429	2552	2551	2550	2549	2426	2303
2305	2306	2429	2428	2181	2182	2183	2184	2307	2430	2553	2552	2551	2550	2427	2304
2306	2307	2430	2429	2182	2183	2184	2185	2308	2431	2554	2553	2552	2551	2428	2305
2307	2308	2431	2430	2183	2184	2185	2186	2309	2432	2555	2554	2553	2552	2429	2306
2308	2309	2432	2431	2184	2185	2186	2187	2310	2433	2556	2555	2554	2553	2430	2307
2309	2310	2433	2432	2185	2186	2187	2188	2311	2434	2557	2556	2555	2554	2431	2308
2310	2311	2434	2433	2186	2187	2188	2189	2312	2435	2558	2557	2556	2555	2432	2309
2311	2312	2435	2434	2187	2188	2189	2190	2313	2436	2559	2558	2557	2556	2433	2310
2312	2313	2436	2435	2188	2189	2190	2191	2314	2437	2560	2559	2558	2557	2434	2311
2313	2314	2437	2436	2189	2190	2191	2192	2315	2438	2561	2560	2559	2558	2435	2312
2314	2315	2438	2437	2190	2191	2192	2193	2316	2439	2562	2561	2560	2559	2436	2313
2315	2316	2439	2438	2191	2192	2193	2194	2317	2440	2563	2562	2561	2560	2437	2314
2316	2317	2440	2439	2192	2193	2194	2195	2318	2441	2564	2563	2562	2561	2438	2315
2317	2318	2441	2440	2193	2194	2195	2196	2319	2442	2565	2564	2563	2562	2439	2316
2318	2319	2442	2441	2194	2195	2196	2197	2320	2443	2566	2565	2564	2563	2440	2317
2319	2320	2443	2442	2195	2196	2197	2198	2321	2444	2567	2566	2565	2564	2441	2318
2320	2321	2444	2443	2196	2197	2198	2199	2322	2445	2568	2567	2566	2565	2442	2319
2321	2322	2445	2444	2197	2198	2199	2200	2323	2446	2569	2568	2567	2566	2443	2320
2322	2323	2446	2445	2198	2199	2200	2201	2324	2447	2570	2569	2568	2567	2444	2321
2323	2324	2447	2446	2199	2200	2201	2202	2325	2448	2571	2570	2569	2568	2445	2322
2324	2325	2448	2447	2200	2201	2202	2203	2326	2449	2572	2571	2570	2569	2446	2323
2325	2326	2449	2448	2201	2202	2203	2204	2327	2450	2573	2572	2571	2570	2447	2324
2326	2327	2450	2449	2202	2203	2204	2205	2328	2451	2574	2573	2572	2571	2448	2325
2327	2328	2451	2450	2203	2204	2205	2206	2329	2452	2575	2574	2573	2572	2449	2326
2328	2329	2452	2451	2204	2205	2206	2207	2330	2453	2576	2575	2574	2573	2450	2327
2329	2330	2453	2452	2205	2206	2207	2208	2331	2454	2577	2576	2575	2574	2451	2328
2330	2331	2454	2453	2206	2207	2208	2209	2332	2455	2578	2577	2576	2575	2452	2329
2331	2332	2455	2454	2207	2208	2209	2210	2333	2456	2579	2578	2577	2576	2453	2330
2332	2333	2456	2455	2208	2209	2210	2211	2334	2457	2580	2579	2578	2577	2454	2331
2333	2334	2457	2456	2209	2210	2211	2212	2335	2458	2581	2580	2579	2578	2455	2332
2334	2335	2458	2457	2210	2211	2212	2213	2336	2459	2582	2581	2580	2579	2456	2333
2338	2339	2462	2461	2214	2215	2216	2217	2340	2463	2586	2585	2584	2583	2460	2337
2339	2340	2463	2462	2215	2216	2217	2218	2341	2464	2587	2586	2585	2584	2461	2338
2340	2341	2464	2463	2216	2217	2218	2219	2342	2465	2588	2587	2586	2585	2462	2339
2341	2342	2465	2464	2217	2218	2219	2220	2343	2466	2589	2588	2587	2586	2463	2340
2342	2343	2466	2465	2218	2219	2220	2221	2344	2467	2590	2589	2588	2587	2464	2341
2343	2344	2467	2466	2219	2220	2221	2222	2345	2468	2591	2590	2589	2588	2465	2342
2344	2345	2468	2467	2220	2221	2222	2223	2346	2469	2592	2591	2590	2589	2466	2343
2345	2346	2469	2468	2221	2222	2223	2224	2347	2470	2593	2592	2591	2590	2467	2344
2346	2347	2470	2469	2222	2223	2224	2225	2348	2471	2594	2593	2592	2591	2468	2345
2347	2348	2471	2470	2223	2224	2225	2226	2349	2472	2595	2594	2593	2592	2469	2346
2348	2349	2472	2471	2224	2225	2226	2227	2350	2473	2596	2595	2594	2593	2470	2347
2349	2350	2473	2472	2225	2226	2227	2228	2351	2474	2597	2596	2595	2594	2471	2348
2350	2351	2474	2473	2226	2227	2228	2229	2352	2475	2598	2597	2596	2595	2472	2349
2351	2352	2475	2474	2227	2228	2229	2230	2353	2476	2599	2598	2597	2596	2473	2350
2352	2353	2476	2475	2228	2229	2230	2231	2354	2477	2600	2599	2598	2597	2474	2351
2353	2354	2477	2476	2229	2230	2231	2232	2355	2478	2601	2600	2599	2598	2475	2352
2354	2355	2478	2477	2230	2231	2232	2233	2356	2479	2602	2601	2600	2599	2476	2353
2355	2356	2479	2478	2231	2232	2233	2234	2357	2480	2603	2602	2601	2600	2477	2354
2356	2357	2480	2479	2232	2233	2234	2235	2358	2481	2604	2603	2602	2601	2478	2355
2357	2358	2481	2480	2233	2234	2235	2236	2359	2482	2605	2604	2603	2602	2479	2356
2358	2359	2482	2481	2234	2235	2236	2237	2360	2483	2606	2605	2604	2603	2480	2357
2359	2360	2483	2482	2235	2236	2237	2238	2361	2484	2607	2606	2605	2604	2481	2358
2360	2361	2484	2483	2236	2237	2238	2239	2362	2485	2608	2607	2606	2605	2482	2359
2361	2362	2485	2484	2237	2238	2239	2240	2363	2486	2609	2608	2607	2606	2483	2360
2362	2363	2486	2485	2238	2239	2240	2241	2364	2487	2610	2609	2608	2607	2484	2361
2363	2364	2487	2486	2239	2240	2241	2242	2365	2488	2611	2610	2609	2608	2485	2362
2364	2365	2488	2487	2240	2241	2242	2243	2366	2489	2612	2611	2610	2609	2486	2363
2365	2366	2489	2488	2241	2242	2243	2244	2367	2490	2613	2612	2611	2610	2487	2364
2366	2367	2490	2489	2242	2243	2244	2245	2368	2491	2614	2613	2612	2611	2488	2365
2367	2368	2491	2490	2243	2244	2245	2246	2369	2492	2615	2614	2613	2612	2489	2366
2368	2369	2492	2491	2244	2245	2246	2247	2370	2493	2616	2615	2614	2613	2490	2367
2369	2370	2493	2492	2245	2246	2247	2248	2371	2494	2617	2616	2615	2614	2491	2368
2370	2371	2494	2493	2246	2247	2248	2249	2372	2495	2618	2617	2616	2615	2492	2369
2371	2372	2495	2494	2247	2248	2249	2250	2373	2496	2619	2618	2617	2616	2493	2370
2372	2373	2496	2495	2248	2249	2250	2251	2374	2497	2620	2619	2618	2617	2494	2371
2373	2374	2497	2496	2249	2250	2251	2252	2375	2498	2621	2620	2619	2618	2495	2372
2374	2375	2498	2497	2250	2251	2252	2253	2376	2499	2622	2621	2620	2619	2496	2373
2375	2376	2499	2498	2251	2252	2253	2254	2377	2500	2623	2622	2621	2620	2497	2374
2376	2377	2500	2499	2252	2253	2254	2255	2378	2501	2624	2623	2622	2621	2498	2375
2377	2378	2501	2500	2253	2254	2255	2256	2379	2502	2625	2624	2623	2622	2499	2376
2378	2379	2502	2501	2254	2255	2256	2257	2380	2503	2626	2625	2624	2623	2500	2377
2379	2380	2503	2502	2255	2256	2257	2258	2381	2504	2627	2626	2625	2624	2501	2378
2380	2381	2504	2503	2256	2257	2258	2259	2382	2505	2628	2627	2626	2625	2502	2379
2381	2382	2505	2504	2257	2258	2259	2260	2383	2506	2629	2628	2627	2626	2503	2380
2382	2383	2506	2505	2258	2259	2260	2261	2384	2507	2630	2629	2628	2627	2504	2381
2383	2384	2507	2506	2259	2260	2261	2262	2385	2508	2631	2630	2629	2628	2505	2382
2384	2385	2508	2507	2260	2261	2262	2263	2386	2509	2632	2631	2630	2629	2506	2383
2385	2386	2509	2508	2261	2262	2263	2264	2387	2510	2633	2632	2631	2630	2507	2384
2386	2387	2510	2509	2262	2263	2264	2265	2388	2511	2634	2633	2632	2631	2508	2385
2387	2388	2511	2510	2263	2264	2265	2266	2389	2512	2635	2634	2633	2632	2509	2386
2388	2389	2512	2511	2264	2265	2266	2267	2390	2513	2636	2635	2634	2633	2510	2387
2389	2390	2513	2512	2265	2266	2267	2268	2391	2514	2637	2636	2635	2634	2511	2388
2390	2391	2514	2513	2266	2267	2268	2269	2392	2515	2638	2637	2636	2635	2512	2389
2391	2392	2515	2514	2267	2268	2269	2270	2393	2516	2639	2638	2637	2636	2513	2390
2392	2393	2516	2515	2268	2269	2270	2271	2394	2517	2640	2639	2638	2637	2514	2391
2393	2394	2517	2516	2269	2270	2271	2272	2395	2518	2641	2640	2639	2638	2515	2392
2394	2395	2518	2517	2270	2271	2272	2273	2396	2519	2642	2641	2640	2639	2516	2393
2395	2396	2519	2518	2271	2272	2273	2274	2397	2520	2643	2642	2641	2640	2517	2394
2396	2397	2520	2519	2272	2273	2274	2275	2398	2521	2644	2643	2642	2641	2518	2395
2397	2398	2521	2520	2273	2274	2275	2276	2399	2522	2645	2644	2643	2642	2519	2396
2398	2399	2522	2521	2274	2275	2276	2277	2400	2523	2646	2645	2644	2643	2520	2397
2399	2400	2523	2522	2275	2276	2277	2278	2401	2524	2647	2646	2645	2644	2521	2398
2400	2401	2524	2523	2276	2277	2278	2279	2402	2525	2648	2647	2646	2645	2522	2399
2401	2402	2525	2524	2277	2278	2279	2280	2403	2526	2649	2648	2647	2646	2523	2400
2402	2403	2526	2525	2278	2279	2280	2281	2404	2527	2650	2649	2648	2647	2524	2401
2403	2404	2527	2526	2279	2280	2281	2282	2405	2528	2651	2650	2649	2648	2525	2402
2404	2405	2528	2527	2280	2281	2282	2283	2406	2529	2652	2651	2650	2649	2526	2403
2405	2406	2529	2528	2281	2282	2283	2284	2407	2530	2653	2652	2651	2650	2527	2404
2406	2407	2530	2529	2282	2283	2284	2285	2408	2531	2654	2653	2652	2651	2528	2405
2407	2408	2531	2530	2283	2284	2285	2286	2409	2532	2655	2654	2653	2652	2529	2406
2408	2409	2532	2531	2284	2285	2286	2287	2410	2533	2656	2655	2654	2653	2530	2407
2409	2410	2533	2532	2285	2286	2287	2288	2411	2534	2657	2656	2655	2654	2531	2408
2410	2411	2534	2533	2286	2287	2288	2289	2412	2535	2658	2657	2656	2655	2532	2409
2411	2412	2535	2534	2287	2288	2289	2290	2413	2536	2659	2658	2657	2656	2533	2410
2412	2413	2536	2535	2288	2289	2290	2291	2414	2537	2660	2659	2658	2657	2534	2411
2413	2414	2537	2536	2289	2290	2291	2292	2415	2538	2661	2660	2659	2658	2535	2412
2414	2415	2538	2537	2290	2291	2292	2293	2416	2539	2662	2661	2660	2659	2536	2413
2415	2416	2539	2538	2291	2292	2293	2294	2417	2540	2663	2662	2661	2660	2537	2414
2416	2417	2540	2539	2292	2293	2294	2295	2418	2541	2664	2663	2662	2661	2538	2415
2417	2418	2541	2540	2293	2294	2295	2296	2419	2542	2665	2664	2663	2662	2539	2416
2418	2419	2542	2541	2294	2295	2296	2297	2420	2543	2666	2665	2664	2663	2540	2417
2419	2420	2543	2542	2295	2296	2297	2298	2421	2544	2667	2666	2665	2664	2541	2418
2420	2421	2544	2543	2296	2297	2298	2299	2422	2545	2668	2667	2666	2665	2542	2419
2421	2422	2545	2544	2297	2298	2299	2300	2423	2546	2669	2668	2667	2666	2543	2420
2422	2423	2546	2545	2298	2299	2300	2301	2424	2547	2670	2669	2668	2667	2544	2421
2423	2424	2547	2546	2299	2300	2301	2302	2425	2548	2671	2670	2669	2668	2545	2422
2424	2425	2548	2547	2300	2301	2302	2303	2426	2549	2672	2671	2670	2669	2546	2423
2425	2426	2549	2548	2301	2302	2303	2304	2427	2550	2673	2672	2671	2670	2547	2424
2426	2427	2550	2549	2302	2303	2304	2305	2428	2551	2674	2673	2672	2671	2548	2425
2427	2428	2551	2550	2303	2304	2305	2306	2429	2552	2675	2674	2673	2672	2549	2426
2428	2429	2552	2551	2304	2305	2306	2307	2430	2553	2676	2675	2674	2673	2550	2427
2429	2430	2553	2552	2305	2306	2307	2308	2431	2554	2677	2676	2675	2674	2551	2428
2430	2431	2554	2553	2306	2307	2308	2309	2432	2555	2678	2677	2676	2675	2552	2429
2431	2432	2555	2554	2307	2308	2309	2310	2433	2556	2679	2678	2677	2676	2553	2430
2432	2433	2556	2555	2308	2309	2310	2311	2434	2557	2680	2679	2678	2677	2554	2431
2433	2434	2557	2556	2309	2310	2311	2312	2435	2558	2681	2680	2679	2678	2555	2432
2434	2435	2558	2557	2310	2311	2312	2313	2436	2559	2682	2681	2680	2679	2556	2433
2435	2436	2559	2558	2311	2312	2313	2314	2437	2560	2683	2682	2681	2680	2557	2434
2436	2437	2560	2559	2312	2313	2314	2315	2438	2561	2684	2683	2682	2681	2558	2435
2437	2438	2561	2560	2313	2314	2315	2316	2439	2562	2685	2684	2683	2682	2559	2436
2438	2439	2562	2561	2314	2315	2316	2317	2440	2563	2686	2685	2684	2683	2560	2437
2439	2440	2563	2562	2315	2316	2317	2318	2441	2564	2687	2686	2685	2684	2561	2438
2440	2441	2564	2563	2316	2317	2318	2319	2442	2565	2688	2687	2686	2685	2562	2439
2441	2442	2565	2564	2317	2318	2319	2320	2443	2566	2689	2688	2687	2686	2563	2440
2442	2443	2566	2565	2318	2319	2320	2321	2444	2567	2690	2689	2688	2687	2564	2441
2443	2444	2567	2566	2319	2320	2321	2322	2445	2568	2691	2690	2689	2688	2565	2442
2444	2445	2568	2567	2320	2321	2322	2323	2446	2569	2692	2691	2690	2689	2566	2443
2445	2446	2569	2568	2321	2322	2323	2324	2447	2570	2693	2692	2691	2690	2567	2444
2446	2447	2570	2569	2322	2323	2324	2325	2448	2571	2694	2693	2692	2691	2568	2445
2447	2448	2571	2570	2323	2324	2325	2326	2449	2572	2695	2694	2693	2692	2569	2446
2448	2449	2572	2571	2324	2325	2326	2327	2450	2573	2696	2695	2694	2693	2570	2447
2449	2450	2573	2572	2325	2326	2327	2328	2451	2574	2697	2696	2695	2694	2571	2448
2450	2451	2574	2573	2326	2327	2328	2329	2452	2575	2698	2697	2696	2695	2572	2449
2451	2452	2575	2574	2327	2328	2329	2330	2453	2576	2699	2698	2697	2696	2573	2450
2452	2453	2576	2575	2328	2329	2330	2331	2454	2577	2700	2699	2698	2697	2574	2451
2453	2454	2577	2576	2329	2330	2331	2332	2455	2578	2701	2700	2699	2698	2575	2452
2454	2455	2578	2577	2330	2331	2332	2333	2456	2579	2702	2701	2700	2699	2576	2453
2455	2456	2579	2578	2331	2332	2333	2334	2457	2580	2703	2702	2701	2700	2577	2454
2456	2457	2580	2579	2332	2333	2334	2335	2458	2581	2704	2703	2702	2701	2578	2455
2457	2458	2581	2580	2333	2334	2335	2336	2459	2582	2705	2704	2703	2702	2579	2456
2461	2462	2585	2584	2337	2338	2339	2340	2463	2586	2709	2708	2707	2706	2583	2460
2462	2463	2586	2585	2338	2339	2340	2341	2464	2587	2710	2709	2708	2707	2584	2461
2463	2464	2587	2586	2339	2340	2341	2342	2465	2588	2711	2710	2709	2708	2585	2462
2464	2465	2588	2587	2340	2341	2342	2343	2466	2589	2712	2711	2710	2709	2586	2463
2465	2466	2589	2588	2341	2342	2343	2344	2467	2590	2713	2712	2711	2710	2587	2464
2466	2467	2590	2589	2342	2343	2344	2345	2468	2591	2714	2713	2712	2711	2588	2465
2467	2468	2591	2590	2343	2344	2345	2346	2469	2592	2715	2714	2713	2712	2589	2466
2468	2469	2592	2591	2344	2345	2346	2347	2470	2593	2716	2715	2714	2713	2590	2467
2469	2470	2593	2592	2345	2346	2347	2348	2471	2594	2717	2716	2715	2714	2591	2468
2470	2471	2594	2593	2346	2347	2348	2349	2472	2595	2718	2717	2716	2715	2592	2469
2471	2472	2595	2594	2347	2348	2349	2350	2473	2596	2719	2718	2717	2716	2593	2470
2472	2473	2596	2595	2348	2349	2350	2351	2474	2597	2720	2719	2718	2717	2594	2471
2473	2474	2597	2596	2349	2350	2351	2352	2475	2598	2721	2720	2719	2718	2595	2472
2474	2475	2598	2597	2350	2351	2352	2353	2476	2599	2722	2721	2720	2719	2596	2473
2475	2476	2599	2598	2351	2352	2353	2354	2477	2600	2723	2722	2721	2720	2597	2474
2476	2477	2600	2599	2352	2353	2354	2355	2478	2601	2724	2723	2722	2721	2598	2475
2477	2478	2601	2600	2353	2354	2355	2356	2479	2602	2725	2724	2723	2722	2599	2476
2478	2479	2602	2601	2354	2355	2356	2357	2480	2603	2726	2725	2724	2723	2600	2477
2479	2480	2603	2602	2355	2356	2357	2358	2481	2604	2727	2726	2725	2724	2601	2478
2480	2481	2604	2603	2356	2357	2358	2359	2482	2605	2728	2727	2726	2725	2602	2479
2481	2482	2605	2604	2357	2358	2359	2360	2483	2606	2729	2728	2727	2726	2603	2480
2482	2483	2606	2605	2358	2359	2360	2361	2484	2607	2730	2729	2728	2727	2604	2481
2483	2484	2607	2606	2359	2360	2361	2362	2485	2608	2731	2730	2729	2728	2605	2482
2484	2485	2608	2607	2360	2361	2362	2363	2486	2609	2732	2731	2730	2729	2606	2483
2485	2486	2609	2608	2361	2362	2363	2364	2487	2610	2733	2732	2731	2730	2607	2484
2486	2487	2610	2609	2362	2363	2364	2365	2488	2611	2734	2733	2732	2731	2608	2485
2487	2488	2611	2610	2363	2364	2365	2366	2489	2612	2735	2734	2733	2732	2609	2486
2488	2489	2612	2611	2364	2365	2366	2367	2490	2613	2736	2735	2734	2733	2610	2487
2489	2490	2613	2612	2365	2366	2367	2368	2491	2614	2737	2736	2735	2734	2611	2488
2490	2491	2614	2613	2366	2367	2368	2369	2492	2615	2738	2737	2736	2735	2612	2489
2491	2492	2615	2614	2367	2368	2369	2370	2493	2616	2739	2738	2737	2736	2613	2490
2492	2493	2616	2615	2368	2369	2370	2371	2494	2617	2740	2739	2738	2737	2614	2491
2493	2494	2617	2616	2369	2370	2371	2372	2495	2618	2741	2740	2739	2738	2615	2492
2494	2495	2618	2617	2370	2371	2372	2373	2496	2619	2742	2741	2740	2739	2616	2493
2495	2496	2619	2618	2371	2372	2373	2374	2497	2620	2743	2742	2741	2740	2617	2494
2496	2497	2620	2619	2372	2373	2374	2375	2498	2621	2744	2743	2742	2741	2618	2495
2497	2498	2621	2620	2373	2374	2375	2376	2499	2622	2745	2744	2743	2742	2619	2496
2498	2499	2622	2621	2374	2375	2376	2377	2500	2623	2746	2745	2744	2743	2620	2497
2499	2500	2623	2622	2375	2376	2377	2378	2501	2624	2747	2746	2745	2744	2621	2498
2500	2501	2624	2623	2376	2377	2378	2379	2502	2625	2748	2747	2746	2745	2622	2499
2501	2502	2625	2624	2377	2378	2379	2380	2503	2626	2749	2748	2747	2746	2623	2500
2502	2503	2626	2625	2378	2379	2380	2381	2504	2627	2750	2749	2748	2747	2624	2501
2503	2504	2627	2626	2379	2380	2381	2382	2505	2628	2751	2750	2749	2748	2625	2502
2504	2505	2628	2627	2380	2381	2382	2383	2506	2629	2752	2751	2750	2749	2626	2503
2505	2506	2629	2628	2381	2382	2383	2384	2507	2630	2753	2752	2751	2750	2627	2504
2506	2507	2630	2629	2382	2383	2384	2385	2508	2631	2754	2753	2752	2751	2628	2505
2507	2508	2631	2630	2383	2384	2385	2386	2509	2632	2755	2754	2753	2752	2629	2506
2508	2509	2632	2631	2384	2385	2386	2387	2510	2633	2756	2755	2754	2753	2630	2507
2509	2510	2633	2632	2385	2386	2387	2388	2511	2634	2757	2756	2755	2754	2631	2508
2510	2511	2634	2633	2386	2387	2388	2389	2512	2635	2758	2757	2756	2755	2632	2509
2511	2512	2635	2634	2387	2388	2389	2390	2513	2636	2759	2758	2757	2756	2633	2510
2512	2513	2636	2635	2388	2389	2390	2391	2514	2637	2760	2759	2758	2757	2634	2511
2513	2514	2637	2636	2389	2390	2391	2392	2515	2638	2761	2760	2759	2758	2635	2512
2514	2515	2638	2637	2390	2391	2392	2393	2516	2639	2762	2761	2760	2759	2636	2513
2515	2516	2639	2638	2391	2392	2393	2394	2517	2640	2763	2762	2761	2760	2637	2514
2516	2517	2640	2639	2392	2393	2394	2395	2518	2641	2764	2763	2762	2761	2638	2515
2517	2518	2641	2640	2393	2394	2395	2396	2519	2642	2765	2764	2763	2762	2639	2516
2518	2519	2642	2641	2394	2395	2396	2397	2520	2643	2766	2765	2764	2763	2640	2517
2519	2520	2643	2642	2395	2396	2397	2398	2521	2644	2767	2766	2765	2764	2641	2518
2520	2521	2644	2643	2396	2397	2398	2399	2522	2645	2768	2767	2766	2765	2642	2519
2521	2522	2645	2644	2397	2398	2399	2400	2523	2646	2769	2768	2767	2766	2643	2520
2522	2523	2646	2645	2398	2399	2400	2401	2524	2647	2770	2769	2768	2767	2644	2521
2523	2524	2647	2646	2399	2400	2401	2402	2525	2648	2771	2770	2769	2768	2645	2522
2524	2525	2648	2647	2400	2401	2402	2403	2526	2649	2772	2771	2770	2769	2646	2523
2525	2526	2649	2648	2401	2402	2403	2404	2527	2650	2773	2772	2771	2770	2647	2524
2526	2527	2650	2649	2402	2403	2404	2405	2528	2651	2774	2773	2772	2771	2648	2525
2527	2528	2651	2650	2403	2404	2405	2406	2529	2652	2775	2774	2773	2772	2649	2526
2528	2529	2652	2651	2404	2405	2406	2407	2530	2653	2776	2775	2774	2773	2650	2527
2529	2530	2653	2652	2405	2406	2407	2408	2531	2654	2777	2776	2775	2774	2651	2528
2530	2531	2654	2653	2406	2407	2408	2409	2532	2655	2778	2777	2776	2775	2652	2529
2531	2532	2655	2654	2407	2408	2409	2410	2533	2656	2779	2778	2777	2776	2653	2530
2532	2533	2656	2655	2408	2409	2410	2411	2534	2657	2780	2779	2778	2777	2654	2531
2533	2534	2657	2656	2409	2410	2411	2412	2535	2658	2781	2780	2779	2778	2655	2532
2534	2535	2658	2657	2410	2411	2412	2413	2536	2659	2782	2781	2780	2779	2656	2533
2535	2536	2659	2658	2411	2412	2413	2414	2537	2660	2783	2782	2781	2780	2657	2534
2536	2537	2660	2659	2412	2413	2414	2415	2538	2661	2784	2783	2782	2781	2658	2535
2537	2538	2661	2660	2413	2414	2415	2416	2539	2662	2785	2784	2783	2782	2659	2536
2538	2539	2662	2661	2414	2415	2416	2417	2540	2663	2786	2785	2784	2783	2660	2537
2539	2540	2663	2662	2415	2416	2417	2418	2541	2664	2787	2786	2785	2784	2661	2538
2540	2541	2664	2663	2416	2417	2418	2419	2542	2665	2788	2787	2786	2785	2662	2539
2541	2542	2665	2664	2417	2418	2419	2420	2543	2666	2789	2788	2787	2786	2663	2540
2542	2543	2666	2665	2418	2419	2420	2421	2544	2667	2790	2789	2788	2787	2664	2541
2543	2544	2667	2666	2419	2420	2421	2422	2545	2668	2791	2790	2789	2788	2665	2542
2544	2545	2668	2667	2420	2421	2422	2423	2546	2669	2792	2791	2790	2789	2666	2543
2545	2546	2669	2668	2421	2422	2423	2424	2547	2670	2793	2792	2791	2790	2667	2544
2546	2547	2670	2669	2422	2423	2424	2425	2548	2671	2794	2793	2792	2791	2668	2545
2547	2548	2671	2670	2423	2424	2425	2426	2549	2672	2795	2794	2793	2792	2669	2546
2548	2549	2672	2671	2424	2425	2426	2427	2550	2673	2796	2795	2794	2793	2670	2547
2549	2550	2673	2672	2425	2426	2427	2428	2551	2674	2797	2796	2795	2794	2671	2548
2550	2551	2674	2673	2426	2427	2428	2429	2552	2675	2798	2797	2796	2795	2672	2549
2551	2552	2675	2674	2427	2428	2429	2430	2553	2676	2799	2798	2797	2796	2673	2550
2552	2553	2676	2675	2428	2429	2430	2431	2554	2677	2800	2799	2798	2797	2674	2551
2553	2554	2677	2676	2429	2430	2431	2432	2555	2678	2801	2800	2799	2798	2675	2552
2554	2555	2678	2677	2430	2431	2432	2433	2556	2679	2802	2801	2800	2799	2676	2553
2555	2556	2679	2678	2431	2432	2433	2434	2557	2680	2803	2802	2801	2800	2677	2554
2556	2557	2680	2679	2432	2433	2434	2435	2558	2681	2804	2803	2802	2801	2678	2555
2557	2558	2681	2680	2433	2434	2435	2436	2559	2682	2805	2804	2803	2802	2679	2556
2558	2559	2682	2681	2434	2435	2436	2437	2560	2683	2806	2805	2804	2803	2680	2557
2559	2560	2683	2682	2435	2436	2437	2438	2561	2684	2807	2806	2805	2804	2681	2558
2560	2561	2684	2683	2436	2437	2438	2439	2562	2685	2808	2807	2806	2805	2682	2559
2561	2562	2685	2684	2437	2438	2439	2440	2563	2686	2809	2808	2807	2806	2683	2560
2562	2563	2686	2685	2438	2439	2440	2441	2564	2687	2810	2809	2808	2807	2684	2561
2563	2564	2687	2686	2439	2440	2441	2442	2565	2688	2811	2810	2809	2808	2685	2562
2564	2565	2688	2687	2440	2441	2442	2443	2566	2689	2812	2811	2810	2809	2686	2563
2565	2566	2689	2688	2441	2442	2443	2444	2567	2690	2813	2812	2811	2810	2687	2564
2566	2567	2690	2689	2442	2443	2444	2445	2568	2691	2814	2813	2812	2811	2688	2565
2567	2568	2691	2690	2443	2444	2445	2446	2569	2692	2815	2814	2813	2812	2689	2566
2568	2569	2692	2691	2444	2445	2446	2447	2570	2693	2816	2815	2814	2813	2690	2567
2569	2570	2693	2692	2445	2446	2447	2448	2571	2694	2817	2816	2815	2814	2691	2568
2570	2571	2694	2693	2446	2447	2448	2449	2572	2695	2818	2817	2816	2815	2692	2569
2571	2572	2695	2694	2447	2448	2449	2450	2573	2696	2819	2818	2817	2816	2693	2570
2572	2573	2696	2695	2448	2449	2450	2451	2574	2697	2820	2819	2818	2817	2694	2571
2573	2574	2697	2696	2449	2450	2451	2452	2575	2698	2821	2820	2819	2818	2695	2572
2574	2575	2698	2697	2450	2451	2452	2453	2576	2699	2822	2821	2820	2819	2696	2573
2575	2576	2699	2698	2451	2452	2453	2454	2577	2700	2823	2822	2821	2820	2697	2574
2576	2577	2700	2699	2452	2453	2454	2455	2578	2701	2824	2823	2822	2821	2698	2575
2577	2578	2701	2700	2453	2454	2455	2456	2579	2702	2825	2824	2823	2822	2699	2576
2578	2579	2702	2701	2454	2455	2456	2457	2580	2703	2826	2825	2824	2823	2700	2577
2579	2580	2703	2702	2455	2456	2457	2458	2581	2704	2827	2826	2825	2824	2701	2578
2580	2581	2704	2703	2456	2457	2458	2459	2582	2705	2828	2827	2826	2825	2702	2579
2584	2585	2708	2707	2460	2461	2462	2463	2586	2709	2832	2831	2830	2829	2706	2583
2585	2586	2709	2708	2461	2462	2463	2464	2587	2710	2833	2832	2831	2830	2707	2584
2586	2587	2710	2709	2462	2463	2464	2465	2588	2711	2834	2833	2832	2831	2708	2585
2587	2588	2711	2710	2463	2464	2465	2466	2589	2712	2835	2834	2833	2832	2709	2586
2588	2589	2712	2711	2464	2465	2466	2467	2590	2713	2836	2835	2834	2833	2710	2587
2589	2590	2713	2712	2465	2466	2467	2468	2591	2714	2837	2836	2835	2834	2711	2588
2590	2591	2714	2713	2466	2467	2468	2469	2592	2715	2838	2837	2836	2835	2712	2589
2591	2592	2715	2714	2467	2468	2469	2470	2593	2716	2839	2838	2837	2836	2713	2590
2592	2593	2716	2715	2468	2469	2470	2471	2594	2717	2840	2839	2838	2837	2714	2591
2593	2594	2717	2716	2469	2470	2471	2472	2595	2718	2841	2840	2839	2838	2715	2592
2594	2595	2718	2717	2470	2471	2472	2473	2596	2719	2842	2841	2840	2839	2716	2593
2595	2596	2719	2718	2471	2472	2473	2474	2597	2720	2843	2842	2841	2840	2717	2594
2596	2597	2720	2719	2472	2473	2474	2475	2598	2721	2844	2843	2842	2841	2718	2595
2597	2598	2721	2720	2473	2474	2475	2476	2599	2722	2845	2844	2843	2842	2719	2596
2598	2599	2722	2721	2474	2475	2476	2477	2600	2723	2846	2845	2844	2843	2720	2597
2599	2600	2723	2722	2475	2476	2477	2478	2601	2724	2847	2846	2845	2844	2721	2598
2600	2601	2724	2723	2476	2477	2478	2479	2602	2725	2848	2847	2846	2845	2722	2599
2601	2602	2725	2724	2477	2478	2479	2480	2603	2726	2849	2848	2847	2846	2723	2600
2602	2603	2726	2725	2478	2479	2480	2481	2604	2727	2850	2849	2848	2847	2724	2601
2603	2604	2727	2726	2479	2480	2481	2482	2605	2728	2851	2850	2849	2848	2725	2602
2604	2605	2728	2727	2480	2481	2482	2483	2606	2729	2852	2851	2850	2849	2726	2603
2605	2606	2729	2728	2481	2482	2483	2484	2607	2730	2853	2852	2851	2850	2727	2604
2606	2607	2730	2729	2482	2483	2484	2485	2608	2731	2854	2853	2852	2851	2728	2605
2607	2608	2731	2730	2483	2484	2485	2486	2609	2732	2855	2854	2853	2852	2729	2606
2608	2609	2732	2731	2484	2485	2486	2487	2610	2733	2856	2855	2854	2853	2730	2607
2609	2610	2733	2732	2485	2486	2487	2488	2611	2734	2857	2856	2855	2854	2731	2608
2610	2611	2734	2733	2486	2487	2488	2489	2612	2735	2858	2857	2856	2855	2732	2609
2611	2612	2735	2734	2487	2488	2489	2490	2613	2736	2859	2858	2857	2856	2733	2610
2612	2613	2736	2735	2488	2489	2490	2491	2614	2737	2860	2859	2858	2857	2734	2611
2613	2614	2737	2736	2489	2490	2491	2492	2615	2738	2861	2860	2859	2858	2735	2612
2614	2615	2738	2737	2490	2491	2492	2493	2616	2739	2862	2861	2860	2859	2736	2613
2615	2616	2739	2738	2491	2492	2493	2494	2617	2740	2863	2862	2861	2860	2737	2614
2616	2617	2740	2739	2492	2493	2494	2495	2618	2741	2864	2863	2862	2861	2738	2615
2617	2618	2741	2740	2493	2494	2495	2496	2619	2742	2865	2864	2863	2862	2739	2616
2618	2619	2742	2741	2494	2495	2496	2497	2620	2743	2866	2865	2864	2863	2740	2617
2619	2620	2743	2742	2495	2496	2497	2498	2621	2744	2867	2866	2865	2864	2741	2618
2620	2621	2744	2743	2496	2497	2498	2499	2622	2745	2868	2867	2866	2865	2742	2619
2621	2622	2745	2744	2497	2498	2499	2500	2623	2746	2869	2868	2867	2866	2743	2620
2622	2623	2746	2745	2498	2499	2500	2501	2624	2747	2870	2869	2868	2867	2744	2621
2623	2624	2747	2746	2499	2500	2501	2502	2625	2748	2871	2870	2869	2868	2745	2622
2624	2625	2748	2747	2500	2501	2502	2503	2626	2749	2872	2871	2870	2869	2746	2623
2625	2626	2749	2748	2501	2502	2503	2504	2627	2750	2873	2872	2871	2870	2747	2624
2626	2627	2750	2749	2502	2503	2504	2505	2628	2751	2874	2873	2872	2871	2748	2625
2627	2628	2751	2750	2503	2504	2505	2506	2629	2752	2875	2874	2873	2872	2749	2626
2628	2629	2752	2751	2504	2505	2506	2507	2630	2753	2876	2875	2874	2873	2750	2627
2629	2630	2753	2752	2505	2506	2507	2508	2631	2754	2877	2876	2875	2874	2751	2628
2630	2631	2754	2753	2506	2507	2508	2509	2632	2755	2878	2877	2876	2875	2752	2629
2631	2632	2755	2754	2507	2508	2509	2510	2633	2756	2879	2878	2877	2876	2753	2630
2632	2633	2756	2755	2508	2509	2510	2511	2634	2757	2880	2879	2878	2877	2754	2631
2633	2634	2757	2756	2509	2510	2511	2512	2635	2758	2881	2880	2879	2878	2755	2632
2634	2635	2758	2757	2510	2511	2512	2513	2636	2759	2882	2881	2880	2879	2756	2633
2635	2636	2759	2758	2511	2512	2513	2514	2637	2760	2883	2882	2881	2880	2757	2634
2636	2637	2760	2759	2512	2513	2514	2515	2638	2761	2884	2883	2882	2881	2758	2635
2637	2638	2761	2760	2513	2514	2515	2516	2639	2762	2885	2884	2883	2882	2759	2636
2638	2639	2762	2761	2514	2515	2516	2517	2640	2763	2886	2885	2884	2883	2760	2637
2639	2640	2763	2762	2515	2516	2517	2518	2641	2764	2887	2886	2885	2884	2761	2638
2640	2641	2764	2763	2516	2517	2518	2519	2642	2765	2888	2887	2886	2885	2762	2639
2641	2642	2765	2764	2517	2518	2519	2520	2643	2766	2889	2888	2887	2886	2763	2640
2642	2643	2766	2765	2518	2519	2520	2521	2644	2767	2890	2889	2888	2887	2764	2641
2643	2644	2767	2766	2519	2520	2521	2522	2645	2768	2891	2890	2889	2888	2765	2642
2644	2645	2768	2767	2520	2521	2522	2523	2646	2769	2892	2891	2890	2889	2766	2643
2645	2646	2769	2768	2521	2522	2523	2524	2647	2770	2893	2892	2891	2890	2767	2644
2646	2647	2770	2769	2522	2523	2524	2525	2648	2771	2894	2893	2892	2891	2768	2645
2647	2648	2771	2770	2523	2524	2525	2526	2649	2772	2895	2894	2893	2892	2769	2646
2648	2649	2772	2771	2524	2525	2526	2527	2650	2773	2896	2895	2894	2893	2770	2647
2649	2650	2773	2772	2525	2526	2527	2528	2651	2774	2897	2896	2895	2894	2771	2648
2650	2651	2774	2773	2526	2527	2528	2529	2652	2775	2898	2897	2896	2895	2772	2649
2651	2652	2775	2774	2527	2528	2529	2530	2653	2776	2899	2898	2897	2896	2773	2650
2652	2653	2776	2775	2528	2529	2530	2531	2654	2777	2900	2899	2898	2897	2774	2651
2653	2654	2777	2776	2529	2530	2531	2532	2655	2778	2901	2900	2899	2898	2775	2652
2654	2655	2778	2777	2530	2531	2532	2533	2656	2779	2902	2901	2900	2899	2776	2653
2655	2656	2779	2778	2531	2532	2533	2534	2657	2780	2903	2902	2901	2900	2777	2654
2656	2657	2780	2779	2532	2533	2534	2535	2658	2781	2904	2903	2902	2901	2778	2655
2657	2658	2781	2780	2533	2534	2535	2536	2659	2782	2905	2904	2903	2902	2779	2656
2658	2659	2782	2781	2534	2535	2536	2537	2660	2783	2906	2905	2904	2903	2780	2657
2659	2660	2783	2782	2535	2536	2537	2538	2661	2784	2907	2906	2905	2904	2781	2658
2660	2661	2784	2783	2536	2537	2538	2539	2662	2785	2908	2907	2906	2905	2782	2659
2661	2662	2785	2784	2537	2538	2539	2540	2663	2786	2909	2908	2907	2906	2783	2660
2662	2663	2786	2785	2538	2539	2540	2541	2664	2787	2910	2909	2908	2907	2784	2661
2663	2664	2787	2786	2539	2540	2541	2542	2665	2788	2911	2910	2909	2908	2785	2662
2664	2665	2788	2787	2540	2541	2542	2543	2666	2789	2912	2911	2910	2909	2786	2663
2665	2666	2789	2788	2541	2542	2543	2544	2667	2790	2913	2912	2911	2910	2787	2664
2666	2667	2790	2789	2542	2543	2544	2545	2668	2791	2914	2913	2912	2911	2788	2665
2667	2668	2791	2790	2543	2544	2545	2546	2669	2792	2915	2914	2913	2912	2789	2666
2668	2669	2792	2791	2544	2545	2546	2547	2670	2793	2916	2915	2914	2913	2790	2667
2669	2670	2793	2792	2545	2546	2547	2548	2671	2794	2917	2916	2915	2914	2791	2668
2670	2671	2794	2793	2546	2547	2548	2549	2672	2795	2918	2917	2916	2915	2792	2669
2671	2672	2795	2794	2547	2548	2549	2550	2673	2796	2919	2918	2917	2916	2793	2670
2672	2673	2796	2795	2548	2549	2550	2551	2674	2797	2920	2919	2918	2917	2794	2671
2673	2674	2797	2796	2549	2550	2551	2552	2675	2798	2921	2920	2919	2918	2795	2672
2674	2675	2798	2797	2550	2551	2552	2553	2676	2799	2922	2921	2920	2919	2796	2673
2675	2676	2799	2798	2551	2552	2553	2554	2677	2800	2923	2922	2921	2920	2797	2674
2676	2677	2800	2799	2552	2553	2554	2555	2678	2801	2924	2923	2922	2921	2798	2675
2677	2678	2801	2800	2553	2554	2555	2556	2679	2802	2925	2924	2923	2922	2799	2676
2678	2679	2802	2801	2554	2555	2556	2557	2680	2803	2926	2925	2924	2923	2800	2677
2679	2680	2803	2802	2555	2556	2557	2558	2681	2804	2927	2926	2925	2924	2801	2678
2680	2681	2804	2803	2556	2557	2558	2559	2682	2805	2928	2927	2926	2925	2802	2679
2681	2682	2805	2804	2557	2558	2559	2560	2683	2806	2929	2928	2927	2926	2803	2680
2682	2683	2806	2805	2558	2559	2560	2561	2684	2807	2930	2929	2928	2927	2804	2681
2683	2684	2807	2806	2559	2560	2561	2562	2685	2808	2931	2930	2929	2928	2805	2682
2684	2685	2808	2807	2560	2561	2562	2563	2686	2809	2932	2931	2930	2929	2806	2683
2685	2686	2809	2808	2561	2562	2563	2564	2687	2810	2933	2932	2931	2930	2807	2684
2686	2687	2810	2809	2562	2563	2564	2565	2688	2811	2934	2933	2932	2931	2808	2685
2687	2688	2811	2810	2563	2564	2565	2566	2689	2812	2935	2934	2933	2932	2809	2686
2688	2689	2812	2811	2564	2565	2566	2567	2690	2813	2936	2935	2934	2933	2810	2687
2689	2690	2813	2812	2565	2566	2567	2568	2691	2814	2937	2936	2935	2934	2811	2688
2690	2691	2814	2813	2566	2567	2568	2569	2692	2815	2938	2937	2936	2935	2812	2689
2691	2692	2815	2814	2567	2568	2569	2570	2693	2816	2939	2938	2937	2936	2813	2690
2692	2693	2816	2815	2568	2569	2570	2571	2694	2817	2940	2939	2938	2937	2814	2691
2693	2694	2817	2816	2569	2570	2571	2572	2695	2818	2941	2940	2939	2938	2815	2692
2694	2695	2818	2817	2570	2571	2572	2573	2696	2819	2942	2941	2940	2939	2816	2693
2695	2696	2819	2818	2571	2572	2573	2574	2697	2820	2943	2942	2941	2940	2817	2694
2696	2697	2820	2819	2572	2573	2574	2575	2698	2821	2944	2943	2942	2941	2818	2695
2697	2698	2821	2820	2573	2574	2575	2576	2699	2822	2945	2944	2943	2942	2819	2696
2698	2699	2822	2821	2574	2575	2576	2577	2700	2823	2946	2945	2944	2943	2820	2697
2699	2700	2823	2822	2575	2576	2577	2578	2701	2824	2947	2946	2945	2944	2821	2698
2700	2701	2824	2823	2576	2577	2578	2579	2702	2825	2948	2947	2946	2945	2822	2699
2701	2702	2825	2824	2577	2578	2579	2580	2703	2826	2949	2948	2947	2946	2823	2700
2702	2703	2826	2825	2578	2579	2580	2581	2704	2827	2950	2949	2948	2947	2824	2701
2703	2704	2827	2826	2579	2580	2581	2582	2705	2828	2951	2950	2949	2948	2825	2702
2707	2708	2831	2830	2583	2584	2585	2586	2709	2832	2955	2954	2953	2952	2829	2706
2708	2709	2832	2831	2584	2585	2586	2587	2710	2833	2956	2955	2954	2953	2830	2707
2709	2710	2833	2832	2585	2586	2587	2588	2711	2834	2957	2956	2955	2954	2831	2708
2710	2711	2834	2833	2586	2587	2588	2589	2712	2835	2958	2957	2956	2955	2832	2709
2711	2712	2835	2834	2587	2588	2589	2590	2713	2836	2959	2958	2957	2956	2833	2710
2712	2713	2836	2835	2588	2589	2590	2591	2714	2837	2960	2959	2958	2957	2834	2711
2713	2714	2837	2836	2589	2590	2591	2592	2715	2838	2961	2960	2959	2958	2835	2712
2714	2715	2838	2837	2590	2591	2592	2593	2716	2839	2962	2961	2960	2959	2836	2713
2715	2716	2839	2838	2591	2592	2593	2594	2717	2840	2963	2962	2961	2960	2837	2714
2716	2717	2840	2839	2592	2593	2594	2595	2718	2841	2964	2963	2962	2961	2838	2715
2717	2718	2841	2840	2593	2594	2595	2596	2719	2842	2965	2964	2963	2962	2839	2716
2718	2719	2842	2841	2594	2595	2596	2597	2720	2843	2966	2965	2964	2963	2840	2717
2719	2720	2843	2842	2595	2596	2597	2598	2721	2844	2967	2966	2965	2964	2841	2718
2720	2721	2844	2843	2596	2597	2598	2599	2722	2845	2968	2967	2966	2965	2842	2719
2721	2722	2845	2844	2597	2598	2599	2600	2723	2846	2969	2968	2967	2966	2843	2720
2722	2723	2846	2845	2598	2599	2600	2601	2724	2847	2970	2969	2968	2967	2844	2721
2723	2724	2847	2846	2599	2600	2601	2602	2725	2848	2971	2970	2969	2968	2845	2722
2724	2725	2848	2847	2600	2601	2602	2603	2726	2849	2972	2971	2970	2969	2846	2723
2725	2726	2849	2848	2601	2602	2603	2604	2727	2850	2973	2972	2971	2970	2847	2724
2726	2727	2850	2849	2602	2603	2604	2605	2728	2851	2974	2973	2972	2971	2848	2725
2727	2728	2851	2850	2603	2604	2605	2606	2729	2852	2975	2974	2973	2972	2849	2726
2728	2729	2852	2851	2604	2605	2606	2607	2730	2853	2976	2975	2974	2973	2850	2727
2729	2730	2853	2852	2605	2606	2607	2608	2731	2854	2977	2976	2975	2974	2851	2728
2730	2731	2854	2853	2606	2607	2608	2609	2732	2855	2978	2977	2976	2975	2852	2729
2731	2732	2855	2854	2607	2608	2609	2610	2733	2856	2979	2978	2977	2976	2853	2730
2732	2733	2856	2855	2608	2609	2610	2611	2734	2857	2980	2979	2978	2977	2854	2731
2733	2734	2857	2856	2609	2610	2611	2612	2735	2858	2981	2980	2979	2978	2855	2732
2734	2735	2858	2857	2610	2611	2612	2613	2736	2859	2982	2981	2980	2979	2856	2733
2735	2736	2859	2858	2611	2612	2613	2614	2737	2860	2983	2982	2981	2980	2857	2734
2736	2737	2860	2859	2612	2613	2614	2615	2738	2861	2984	2983	2982	2981	2858	2735
2737	2738	2861	2860	2613	2614	2615	2616	2739	2862	2985	2984	2983	2982	2859	2736
2738	2739	2862	2861	2614	2615	2616	2617	2740	2863	2986	2985	2984	2983	2860	2737
2739	2740	2863	2862	2615	2616	2617	2618	2741	2864	2987	2986	2985	2984	2861	2738
2740	2741	2864	2863	2616	2617	2618	2619	2742	2865	2988	2987	2986	2985	2862	2739
2741	2742	2865	2864	2617	2618	2619	2620	2743	2866	2989	2988	2987	2986	2863	2740
2742	2743	2866	2865	2618	2619	2620	2621	2744	2867	2990	2989	2988	2987	2864	2741
2743	2744	2867	2866	2619	2620	2621	2622	2745	2868	2991	2990	2989	2988	2865	2742
2744	2745	2868	2867	2620	2621	2622	2623	2746	2869	2992	2991	2990	2989	2866	2743
2745	2746	2869	2868	2621	2622	2623	2624	2747	2870	2993	2992	2991	2990	2867	2744
2746	2747	2870	2869	2622	2623	2624	2625	2748	2871	2994	2993	2992	2991	2868	2745
2747	2748	2871	2870	2623	2624	2625	2626	2749	2872	2995	2994	2993	2992	2869	2746
2748	2749	2872	2871	2624	2625	2626	2627	2750	2873	2996	2995	2994	2993	2870	2747
2749	2750	2873	2872	2625	2626	2627	2628	2751	2874	2997	2996	2995	2994	2871	2748
2750	2751	2874	2873	2626	2627	2628	2629	2752	2875	2998	2997	2996	2995	2872	2749
2751	2752	2875	2874	2627	2628	2629	2630	2753	2876	2999	2998	2997	2996	2873	2750
2752	2753	2876	2875	2628	2629	2630	2631	2754	2877	3000	2999	2998	2997	2874	2751
2753	2754	2877	2876	2629	2630	2631	2632	2755	2878	3001	3000	2999	2998	2875	2752
2754	2755	2878	2877	2630	2631	2632	2633	2756	2879	3002	3001	3000	2999	2876	2753
2755	2756	2879	2878	2631	2632	2633	2634	2757	2880	3003	3002	3001	3000	2877	2754
2756	2757	2880	2879	2632	2633	2634	2635	2758	2881	3004	3003	3002	3001	2878	2755
2757	2758	2881	2880	2633	2634	2635	2636	2759	2882	3005	3004	3003	3002	2879	2756
2758	2759	2882	2881	2634	2635	2636	2637	2760	2883	3006	3005	3004	3003	2880	2757
2759	2760	2883	2882	2635	2636	2637	2638	2761	2884	3007	3006	3005	3004	2881	2758
2760	2761	2884	2883	2636	2637	2638	2639	2762	2885	3008	3007	3006	3005	2882	2759
2761	2762	2885	2884	2637	2638	2639	2640	2763	2886	3009	3008	3007	3006	2883	2760
2762	2763	2886	2885	2638	2639	2640	2641	2764	2887	3010	3009	3008	3007	2884	2761
2763	2764	2887	2886	2639	2640	2641	2642	2765	2888	3011	3010	3009	3008	2885	2762
2764	2765	2888	2887	2640	2641	2642	2643	2766	2889	3012	3011	3010	3009	2886	2763
2765	2766	2889	2888	2641	2642	2643	2644	2767	2890	3013	3012	3011	3010	2887	2764
2766	2767	2890	2889	2642	2643	2644	2645	2768	2891	3014	3013	3012	3011	2888	2765
2767	2768	2891	2890	2643	2644	2645	2646	2769	2892	3015	3014	3013	3012	2889	2766
2768	2769	2892	2891	2644	2645	2646	2647	2770	2893	3016	3015	3014	3013	2890	2767
2769	2770	2893	2892	2645	2646	2647	2648	2771	2894	3017	3016	3015	3014	2891	2768
2770	2771	2894	2893	2646	2647	2648	2649	2772	2895	3018	3017	3016	3015	2892	2769
2771	2772	2895	2894	2647	2648	2649	2650	2773	2896	3019	3018	3017	3016	2893	2770
2772	2773	2896	2895	2648	2649	2650	2651	2774	2897	3020	3019	3018	3017	2894	2771
2773	2774	2897	2896	2649	2650	2651	2652	2775	2898	3021	3020	3019	3018	2895	2772
2774	2775	2898	2897	2650	2651	2652	2653	2776	2899	3022	3021	3020	3019	2896	2773
2775	2776	2899	2898	2651	2652	2653	2654	2777	2900	3023	3022	3021	3020	2897	2774
2776	2777	2900	2899	2652	2653	2654	2655	2778	2901	3024	3023	3022	3021	2898	2775
2777	2778	2901	2900	2653	2654	2655	2656	2779	2902	3025	3024	3023	3022	2899	2776
2778	2779	2902	2901	2654	2655	2656	2657	2780	2903	3026	3025	3024	3023	2900	2777
2779	2780	2903	2902	2655	2656	2657	2658	2781	2904	3027	3026	3025	3024	2901	2778
2780	2781	2904	2903	2656	2657	2658	2659	2782	2905	3028	3027	3026	3025	2902	2779
2781	2782	2905	2904	2657	2658	2659	2660	2783	2906	3029	3028	3027	3026	2903	2780
2782	2783	2906	2905	2658	2659	2660	2661	2784	2907	3030	3029	3028	3027	2904	2781
2783	2784	2907	2906	2659	2660	2661	2662	2785	2908	3031	3030	3029	3028	2905	2782
2784	2785	2908	2907	2660	2661	2662	2663	2786	2909	3032	3031	3030	3029	2906	2783
2785	2786	2909	2908	2661	2662	2663	2664	2787	2910	3033	3032	3031	3030	2907	2784
2786	2787	2910	2909	2662	2663	2664	2665	2788	2911	3034	3033	3032	3031	2908	2785
2787	2788	2911	2910	2663	2664	2665	2666	2789	2912	3035	3034	3033	3032	2909	2786
2788	2789	2912	2911	2664	2665	2666	2667	2790	2913	3036	3035	3034	3033	2910	2787
2789	2790	2913	2912	2665	2666	2667	2668	2791	2914	3037	3036	3035	3034	2911	2788
2790	2791	2914	2913	2666	2667	2668	2669	2792	2915	3038	3037	3036	3035	2912	2789
2791	2792	2915	2914	2667	2668	2669	2670	2793	2916	3039	3038	3037	3036	2913	2790
2792	2793	2916	2915	2668	2669	2670	2671	2794	2917	3040	3039	3038	3037	2914	2791
2793	2794	2917	2916	2669	2670	2671	2672	2795	2918	3041	3040	3039	3038	2915	2792
2794	2795	2918	2917	2670	2671	2672	2673	2796	2919	3042	3041	3040	3039	2916	2793
2795	2796	2919	2918	2671	2672	2673	2674	2797	2920	3043	3042	3041	3040	2917	2794
2796	2797	2920	2919	2672	2673	2674	2675	2798	2921	3044	3043	3042	3041	2918	2795
2797	2798	2921	2920	2673	2674	2675	2676	2799	2922	3045	3044	3043	3042	2919	2796
2798	2799	2922	2921	2674	2675	2676	2677	2800	2923	3046	3045	3044	3043	2920	2797
2799	2800	2923	2922	2675	2676	2677	2678	2801	2924	3047	3046	3045	3044	2921	2798
2800	2801	2924	2923	2676	2677	2678	2679	2802	2925	3048	3047	3046	3045	2922	2799
2801	2802	2925	2924	2677	2678	2679	2680	2803	2926	3049	3048	3047	3046	2923	2800
2802	2803	2926	2925	2678	2679	2680	2681	2804	2927	3050	3049	3048	3047	2924	2801
2803	2804	2927	2926	2679	2680	2681	2682	2805	2928	3051	3050	3049	3048	2925	2802
2804	2805	2928	2927	2680	2681	2682	2683	2806	2929	3052	3051	3050	3049	2926	2803
2805	2806	2929	2928	2681	2682	2683	2684	2807	2930	3053	3052	3051	3050	2927	2804
2806	2807	2930	2929	2682	2683	2684	2685	2808	2931	3054	3053	3052	3051	2928	2805
2807	2808	2931	2930	2683	2684	2685	2686	2809	2932	3055	3054	3053	3052	2929	2806
2808	2809	2932	2931	2684	2685	2686	2687	2810	2933	3056	3055	3054	3053	2930	2807
2809	2810	2933	2932	2685	2686	2687	2688	2811	2934	3057	3056	3055	3054	2931	2808
2810	2811	2934	2933	2686	2687	2688	2689	2812	2935	3058	3057	3056	3055	2932	2809
2811	2812	2935	2934	2687	2688	2689	2690	2813	2936	3059	3058	3057	3056	2933	2810
2812	2813	2936	2935	2688	2689	2690	2691	2814	2937	3060	3059	3058	3057	2934	2811
2813	2814	2937	2936	2689	2690	2691	2692	2815	2938	3061	3060	3059	3058	2935	2812
2814	2815	2938	2937	2690	2691	2692	2693	2816	2939	3062	3061	3060	3059	2936	2813
2815	2816	2939	2938	2691	2692	2693	2694	2817	2940	3063	3062	3061	3060	2937	2814
2816	2817	2940	2939	2692	2693	2694	2695	2818	2941	3064	3063	3062	3061	2938	2815
2817	2818	2941	2940	2693	2694	2695	2696	2819	2942	3065	3064	3063	3062	2939	2816
2818	2819	2942	2941	2694	2695	2696	2697	2820	2943	3066	3065	3064	3063	2940	2817
2819	2820	2943	2942	2695	2696	2697	2698	2821	2944	3067	3066	3065	3064	2941	2818
2820	2821	2944	2943	2696	2697	2698	2699	2822	2945	3068	3067	3066	3065	2942	2819
2821	2822	2945	2944	2697	2698	2699	2700	2823	2946	3069	3068	3067	3066	2943	2820
2822	2823	2946	2945	2698	2699	2700	2701	2824	2947	3070	3069	3068	3067	2944	2821
2823	2824	2947	2946	2699	2700	2701	2702	2825	2948	3071	3070	3069	3068	2945	2822
2824	2825	2948	2947	2700	2701	2702	2703	2826	2949	3072	3071	3070	3069	2946	2823
2825	2826	2949	2948	2701	2702	2703	2704	2827	2950	3073	3072	3071	3070	2947	2824
2826	2827	2950	2949	2702	2703	2704	2705	2828	2951	3074	3073	3072	3071	2948	2825
2830	2831	2954	2953	2706	2707	2708	2709	2832	2955	3078	3077	3076	3075	2952	2829
2831	2832	2955	2954	2707	2708	2709	2710	2833	2956	3079	3078	3077	3076	2953	2830
2832	2833	2956	2955	2708	2709	2710	2711	2834	2957	3080	3079	3078	3077	2954	2831
2833	2834	2957	2956	2709	2710	2711	2712	2835	2958	3081	3080	3079	3078	2955	2832
2834	2835	2958	2957	2710	2711	2712	2713	2836	2959	3082	3081	3080	3079	2956	2833
2835	2836	2959	2958	2711	2712	2713	2714	2837	2960	3083	3082	3081	3080	2957	2834
2836	2837	2960	2959	2712	2713	2714	2715	2838	2961	3084	3083	3082	3081	2958	2835
2837	2838	2961	2960	2713	2714	2715	2716	2839	2962	3085	3084	3083	3082	2959	2836
2838	2839	2962	2961	2714	2715	2716	2717	2840	2963	3086	3085	3084	3083	2960	2837
2839	2840	2963	2962	2715	2716	2717	2718	2841	2964	3087	3086	3085	3084	2961	2838
2840	2841	2964	2963	2716	2717	2718	2719	2842	2965	3088	3087	3086	3085	2962	2839
2841	2842	2965	2964	2717	2718	2719	2720	2843	2966	3089	3088	3087	3086	2963	2840
2842	2843	2966	2965	2718	2719	2720	2721	2844	2967	3090	3089	3088	3087	2964	2841
2843	2844	2967	2966	2719	2720	2721	2722	2845	2968	3091	3090	3089	3088	2965	2842
2844	2845	2968	2967	2720	2721	2722	2723	2846	2969	3092	3091	3090	3089	2966	2843
2845	2846	2969	2968	2721	2722	2723	2724	2847	2970	3093	3092	3091	3090	2967	2844
2846	2847	2970	2969	2722	2723	2724	2725	2848	2971	3094	3093	3092	3091	2968	2845
2847	2848	2971	2970	2723	2724	2725	2726	2849	2972	3095	3094	3093	3092	2969	2846
2848	2849	2972	2971	2724	2725	2726	2727	2850	2973	3096	3095	3094	3093	2970	2847
2849	2850	2973	2972	2725	2726	2727	2728	2851	2974	3097	3096	3095	3094	2971	2848
2850	2851	2974	2973	2726	2727	2728	2729	2852	2975	3098	3097	3096	3095	2972	2849
2851	2852	2975	2974	2727	2728	2729	2730	2853	2976	3099	3098	3097	3096	2973	2850
2852	2853	2976	2975	2728	2729	2730	2731	2854	2977	3100	3099	3098	3097	2974	2851
2853	2854	2977	2976	2729	2730	2731	2732	2855	2978	3101	3100	3099	3098	2975	2852
2854	2855	2978	2977	2730	2731	2732	2733	2856	2979	3102	3101	3100	3099	2976	2853
2855	2856	2979	2978	2731	2732	2733	2734	2857	2980	3103	3102	3101	3100	2977	2854
2856	2857	2980	2979	2732	2733	2734	2735	2858	2981	3104	3103	3102	3101	2978	2855
2857	2858	2981	2980	2733	2734	2735	2736	2859	2982	3105	3104	3103	3102	2979	2856
2858	2859	2982	2981	2734	2735	2736	2737	2860	2983	3106	3105	3104	3103	2980	2857
2859	2860	2983	2982	2735	2736	2737	2738	2861	2984	3107	3106	3105	3104	2981	2858
2860	2861	2984	2983	2736	2737	2738	2739	2862	2985	3108	3107	3106	3105	2982	2859
2861	2862	2985	2984	2737	2738	2739	2740	2863	2986	3109	3108	3107	3106	2983	2860
2862	2863	2986	2985	2738	2739	2740	2741	2864	2987	3110	3109	3108	3107	2984	2861
2863	2864	2987	2986	2739	2740	2741	2742	2865	2988	3111	3110	3109	3108	2985	2862
2864	2865	2988	2987	2740	2741	2742	2743	2866	2989	3112	3111	3110	3109	2986	2863
2865	2866	2989	2988	2741	2742	2743	2744	2867	2990	3113	3112	3111	3110	2987	2864
2866	2867	2990	2989	2742	2743	2744	2745	2868	2991	3114	3113	3112	3111	2988	2865
2867	2868	2991	2990	2743	2744	2745	2746	2869	2992	3115	3114	3113	3112	2989	2866
2868	2869	2992	2991	2744	2745	2746	2747	2870	2993	3116	3115	3114	3113	2990	2867
2869	2870	2993	2992	2745	2746	2747	2748	2871	2994	3117	3116	3115	3114	2991	2868
2870	2871	2994	2993	2746	2747	2748	2749	2872	2995	3118	3117	3116	3115	2992	2869
2871	2872	2995	2994	2747	2748	2749	2750	2873	2996	3119	3118	3117	3116	2993	2870
2872	2873	2996	2995	2748	2749	2750	2751	2874	2997	3120	3119	3118	3117	2994	2871
2873	2874	2997	2996	2749	2750	2751	2752	2875	2998	3121	3120	3119	3118	2995	2872
2874	2875	2998	2997	2750	2751	2752	2753	2876	2999	3122	3121	3120	3119	2996	2873
2875	2876	2999	2998	2751	2752	2753	2754	2877	3000	3123	3122	3121	3120	2997	2874
2876	2877	3000	2999	2752	2753	2754	2755	2878	3001	3124	3123	3122	3121	2998	2875
2877	2878	3001	3000	2753	2754	2755	2756	2879	3002	3125	3124	3123	3122	2999	2876
2878	2879	3002	3001	2754	2755	2756	2757	2880	3003	3126	3125	3124	3123	3000	2877
2879	2880	3003	3002	2755	2756	2757	2758	2881	3004	3127	3126	3125	3124	3001	2878
2880	2881	3004	3003	2756	2757	2758	2759	2882	3005	3128	3127	3126	3125	3002	2879
2881	2882	3005	3004	2757	2758	2759	2760	2883	3006	3129	3128	3127	3126	3003	2880
2882	2883	3006	3005	2758	2759	2760	2761	2884	3007	3130	3129	3128	3127	3004	2881
2883	2884	3007	3006	2759	2760	2761	2762	2885	3008	3131	3130	3129	3128	3005	2882
2884	2885	3008	3007	2760	2761	2762	2763	2886	3009	3132	3131	3130	3129	3006	2883
2885	2886	3009	3008	2761	2762	2763	2764	2887	3010	3133	3132	3131	3130	3007	2884
2886	2887	3010	3009	2762	2763	2764	2765	2888	3011	3134	3133	3132	3131	3008	2885
2887	2888	3011	3010	2763	2764	2765	2766	2889	3012	3135	3134	3133	3132	3009	2886
2888	2889	3012	3011	2764	2765	2766	2767	2890	3013	3136	3135	3134	3133	3010	2887
2889	2890	3013	3012	2765	2766	2767	2768	2891	3014	3137	3136	3135	3134	3011	2888
2890	2891	3014	3013	2766	2767	2768	2769	2892	3015	3138	3137	3136	3135	3012	2889
2891	2892	3015	3014	2767	2768	2769	2770	2893	3016	3139	3138	3137	3136	3013	2890
2892	2893	3016	3015	2768	2769	2770	2771	2894	3017	3140	3139	3138	3137	3014	2891
2893	2894	3017	3016	2769	2770	2771	2772	2895	3018	3141	3140	3139	3138	3015	2892
2894	2895	3018	3017	2770	2771	2772	2773	2896	3019	3142	3141	3140	3139	3016	2893
2895	2896	3019	3018	2771	2772	2773	2774	2897	3020	3143	3142	3141	3140	3017	2894
2896	2897	3020	3019	2772	2773	2774	2775	2898	3021	3144	3143	3142	3141	3018	2895
2897	2898	3021	3020	2773	2774	2775	2776	2899	3022	3145	3144	3143	3142	3019	2896
2898	2899	3022	3021	2774	2775	2776	2777	2900	3023	3146	3145	3144	3143	3020	2897
2899	2900	3023	3022	2775	2776	2777	2778	2901	3024	3147	3146	3145	3144	3021	2898
2900	2901	3024	3023	2776	2777	2778	2779	2902	3025	3148	3147	3146	3145	3022	2899
2901	2902	3025	3024	2777	2778	2779	2780	2903	3026	3149	3148	3147	3146	3023	2900
2902	2903	3026	3025	2778	2779	2780	2781	2904	3027	3150	3149	3148	3147	3024	2901
2903	2904	3027	3026	2779	2780	2781	2782	2905	3028	3151	3150	3149	3148	3025	2902
2904	2905	3028	3027	2780	2781	2782	2783	2906	3029	3152	3151	3150	3149	3026	2903
2905	2906	3029	3028	2781	2782	2783	2784	2907	3030	3153	3152	3151	3150	3027	2904
2906	2907	3030	3029	2782	2783	2784	2785	2908	3031	3154	3153	3152	3151	3028	2905
2907	2908	3031	3030	2783	2784	2785	2786	2909	3032	3155	3154	3153	3152	3029	2906
2908	2909	3032	3031	2784	2785	2786	2787	2910	3033	3156	3155	3154	3153	3030	2907
2909	2910	3033	3032	2785	2786	2787	2788	2911	3034	3157	3156	3155	3154	3031	2908
2910	2911	3034	3033	2786	2787	2788	2789	2912	3035	3158	3157	3156	3155	3032	2909
2911	2912	3035	3034	2787	2788	2789	2790	2913	3036	3159	3158	3157	3156	3033	2910
2912	2913	3036	3035	2788	2789	2790	2791	2914	3037	3160	3159	3158	3157	3034	2911
2913	2914	3037	3036	2789	2790	2791	2792	2915	3038	3161	3160	3159	3158	3035	2912
2914	2915	3038	3037	2790	2791	2792	2793	2916	3039	3162	3161	3160	3159	3036	2913
2915	2916	3039	3038	2791	2792	2793	2794	2917	3040	3163	3162	3161	3160	3037	2914
2916	2917	3040	3039	2792	2793	2794	2795	2918	3041	3164	3163	3162	3161	3038	2915
2917	2918	3041	3040	2793	2794	2795	2796	2919	3042	3165	3164	3163	3162	3039	2916
2918	2919	3042	3041	2794	2795	2796	2797	2920	3043	3166	3165	3164	3163	3040	2917
2919	2920	3043	3042	2795	2796	2797	2798	2921	3044	3167	3166	3165	3164	3041	2918
2920	2921	3044	3043	2796	2797	2798	2799	2922	3045	3168	3167	3166	3165	3042	2919
2921	2922	3045	3044	2797	2798	2799	2800	2923	3046	3169	3168	3167	3166	3043	2920
2922	2923	3046	3045	2798	2799	2800	2801	2924	3047	3170	3169	3168	3167	3044	2921
2923	2924	3047	3046	2799	2800	2801	2802	2925	3048	3171	3170	3169	3168	3045	2922
2924	2925	3048	3047	2800	2801	2802	2803	2926	3049	3172	3171	3170	3169	3046	2923
2925	2926	3049	3048	2801	2802	2803	2804	2927	3050	3173	3172	3171	3170	3047	2924
2926	2927	3050	3049	2802	2803	2804	2805	2928	3051	3174	3173	3172	3171	3048	2925
2927	2928	3051	3050	2803	2804	2805	2806	2929	3052	3175	3174	3173	3172	3049	2926
2928	2929	3052	3051	2804	2805	2806	2807	2930	3053	3176	3175	3174	3173	3050	2927
2929	2930	3053	3052	2805	2806	2807	2808	2931	3054	3177	3176	3175	3174	3051	2928
2930	2931	3054	3053	2806	2807	2808	2809	2932	3055	3178	3177	3176	3175	3052	2929
2931	2932	3055	3054	2807	2808	2809	2810	2933	3056	3179	3178	3177	3176	3053	2930
2932	2933	3056	3055	2808	2809	2810	2811	2934	3057	3180	3179	3178	3177	3054	2931
2933	2934	3057	3056	2809	2810	2811	2812	2935	3058	3181	3180	3179	3178	3055	2932
2934	2935	3058	3057	2810	2811	2812	2813	2936	3059	3182	3181	3180	3179	3056	2933
2935	2936	3059	3058	2811	2812	2813	2814	2937	3060	3183	3182	3181	3180	3057	2934
2936	2937	3060	3059	2812	2813	2814	2815	2938	3061	3184	3183	3182	3181	3058	2935
2937	2938	3061	3060	2813	2814	2815	2816	2939	3062	3185	3184	3183	3182	3059	2936
2938	2939	3062	3061	2814	2815	2816	2817	2940	3063	3186	3185	3184	3183	3060	2937
2939	2940	3063	3062	2815	2816	2817	2818	2941	3064	3187	3186	3185	3184	3061	2938
2940	2941	3064	3063	2816	2817	2818	2819	2942	3065	3188	3187	3186	3185	3062	2939
2941	2942	3065	3064	2817	2818	2819	2820	2943	3066	3189	3188	3187	3186	3063	2940
2942	2943	3066	3065	2818	2819	2820	2821	2944	3067	3190	3189	3188	3187	3064	2941
2943	2944	3067	3066	2819	2820	2821	2822	2945	3068	3191	3190	3189	3188	3065	2942
2944	2945	3068	3067	2820	2821	2822	2823	2946	3069	3192	3191	3190	3189	3066	2943
2945	2946	3069	3068	2821	2822	2823	2824	2947	3070	3193	3192	3191	3190	3067	2944
2946	2947	3070	3069	2822	2823	2824	2825	2948	3071	3194	3193	3192	3191	3068	2945
2947	2948	3071	3070	2823	2824	2825	2826	2949	3072	3195	3194	3193	3192	3069	2946
2948	2949	3072	3071	2824	2825	2826	2827	2950	3073	3196	3195	3194	3193	3070	2947
2949	2950	3073	3072	2825	2826	2827	2828	2951	3074	3197	3196	3195	3194	3071	2948
2953	2954	3077	3076	2829	2830	2831	2832	2955	3078	3201	3200	3199	3198	3075	2952
2954	2955	3078	3077	2830	2831	2832	2833	2956	3079	3202	3201	3200	3199	3076	2953
2955	2956	3079	3078	2831	2832	2833	2834	2957	3080	3203	3202	3201	3200	3077	2954
2956	2957	3080	3079	2832	2833	2834	2835	2958	3081	3204	3203	3202	3201	3078	2955
2957	2958	3081	3080	2833	2834	2835	2836	2959	3082	3205	3204	3203	3202	3079	2956
2958	2959	3082	3081	2834	2835	2836	2837	2960	3083	3206	3205	3204	3203	3080	2957
2959	2960	3083	3082	2835	2836	2837	2838	2961	3084	3207	3206	3205	3204	3081	2958
2960	2961	3084	3083	2836	2837	2838	2839	2962	3085	3208	3207	3206	3205	3082	2959
2961	2962	3085	3084	2837	2838	2839	2840	2963	3086	3209	3208	3207	3206	3083	2960
2962	2963	3086	3085	2838	2839	2840	2841	2964	3087	3210	3209	3208	3207	3084	2961
2963	2964	3087	3086	2839	2840	2841	2842	2965	3088	3211	3210	3209	3208	3085	2962
2964	2965	3088	3087	2840	2841	2842	2843	2966	3089	3212	3211	3210	3209	3086	2963
2965	2966	3089	3088	2841	2842	2843	2844	2967	3090	3213	3212	3211	3210	3087	2964
2966	2967	3090	3089	2842	2843	2844	2845	2968	3091	3214	3213	3212	3211	3088	2965
2967	2968	3091	3090	2843	2844	2845	2846	2969	3092	3215	3214	3213	3212	3089	2966
2968	2969	3092	3091	2844	2845	2846	2847	2970	3093	3216	3215	3214	3213	3090	2967
2969	2970	3093	3092	2845	2846	2847	2848	2971	3094	3217	3216	3215	3214	3091	2968
2970	2971	3094	3093	2846	2847	2848	2849	2972	3095	3218	3217	3216	3215	3092	2969
2971	2972	3095	3094	2847	2848	2849	2850	2973	3096	3219	3218	3217	3216	3093	2970
2972	2973	3096	3095	2848	2849	2850	2851	2974	3097	3220	3219	3218	3217	3094	2971
2973	2974	3097	3096	2849	2850	2851	2852	2975	3098	3221	3220	3219	3218	3095	2972
2974	2975	3098	3097	2850	2851	2852	2853	2976	3099	3222	3221	3220	3219	3096	2973
2975	2976	3099	3098	2851	2852	2853	2854	2977	3100	3223	3222	3221	3220	3097	2974
2976	2977	3100	3099	2852	2853	2854	2855	2978	3101	3224	3223	3222	3221	3098	2975
2977	2978	3101	3100	2853	2854	2855	2856	2979	3102	3225	3224	3223	3222	3099	2976
2978	2979	3102	3101	2854	2855	2856	2857	2980	3103	3226	3225	3224	3223	3100	2977
2979	2980	3103	3102	2855	2856	2857	2858	2981	3104	3227	3226	3225	3224	3101	2978
2980	2981	3104	3103	2856	2857	2858	2859	2982	3105	3228	3227	3226	3225	3102	2979
2981	2982	3105	3104	2857	2858	2859	2860	2983	3106	3229	3228	3227	3226	3103	2980
2982	2983	3106	3105	2858	2859	2860	2861	2984	3107	3230	3229	3228	3227	3104	2981
2983	2984	3107	3106	2859	2860	2861	2862	2985	3108	3231	3230	3229	3228	3105	2982
2984	2985	3108	3107	2860	2861	2862	2863	2986	3109	3232	3231	3230	3229	3106	2983
2985	2986	3109	3108	2861	2862	2863	2864	2987	3110	3233	3232	3231	3230	3107	2984
2986	2987	3110	3109	2862	2863	2864	2865	2988	3111	3234	3233	3232	3231	3108	2985
2987	2988	3111	3110	2863	2864	2865	2866	2989	3112	3235	3234	3233	3232	3109	2986
2988	2989	3112	3111	2864	2865	2866	2867	2990	3113	3236	3235	3234	3233	3110	2987
2989	2990	3113	3112	2865	2866	2867	2868	2991	3114	3237	3236	3235	3234	3111	2988
2990	2991	3114	3113	2866	2867	2868	2869	2992	3115	3238	3237	3236	3235	3112	2989
2991	2992	3115	3114	2867	2868	2869	2870	2993	3116	3239	3238	3237	3236	3113	2990
2992	2993	3116	3115	2868	2869	2870	2871	2994	3117	3240	3239	3238	3237	3114	2991
2993	2994	3117	3116	2869	2870	2871	2872	2995	3118	3241	3240	3239	3238	3115	2992
2994	2995	3118	3117	2870	2871	2872	2873	2996	3119	3242	3241	3240	3239	3116	2993
2995	2996	3119	3118	2871	2872	2873	2874	2997	3120	3243	3242	3241	3240	3117	2994
2996	2997	3120	3119	2872	2873	2874	2875	2998	3121	3244	3243	3242	3241	3118	2995
2997	2998	3121	3120	2873	2874	2875	2876	2999	3122	3245	3244	3243	3242	3119	2996
2998	2999	3122	3121	2874	2875	2876	2877	3000	3123	3246	3245	3244	3243	3120	2997
2999	3000	3123	3122	2875	2876	2877	2878	3001	3124	3247	3246	3245	3244	3121	2998
3000	3001	3124	3123	2876	2877	2878	2879	3002	3125	3248	3247	3246	3245	3122	2999
3001	3002	3125	3124	2877	2878	2879	2880	3003	3126	3249	3248	3247	3246	3123	3000
3002	3003	3126	3125	2878	2879	2880	2881	3004	3127	3250	3249	3248	3247	3124	3001
3003	3004	3127	3126	2879	2880	2881	2882	3005	3128	3251	3250	3249	3248	3125	3002
3004	3005	3128	3127	2880	2881	2882	2883	3006	3129	3252	3251	3250	3249	3126	3003
3005	3006	3129	3128	2881	2882	2883	2884	3007	3130	3253	3252	3251	3250	3127	3004
3006	3007	3130	3129	2882	2883	2884	2885	3008	3131	3254	3253	3252	3251	3128	3005
3007	3008	3131	3130	2883	2884	2885	2886	3009	3132	3255	3254	3253	3252	3129	3006
3008	3009	3132	3131	2884	2885	2886	2887	3010	3133	3256	3255	3254	3253	3130	3007
3009	3010	3133	3132	2885	2886	2887	2888	3011	3134	3257	3256	3255	3254	3131	3008
3010	3011	3134	3133	2886	2887	2888	2889	3012	3135	3258	3257	3256	3255	3132	3009
3011	3012	3135	3134	2887	2888	2889	2890	3013	3136	3259	3258	3257	3256	3133	3010
3012	3013	3136	3135	2888	2889	2890	2891	3014	3137	3260	3259	3258	3257	3134	3011
3013	3014	3137	3136	2889	2890	2891	2892	3015	3138	3261	3260	3259	3258	3135	3012
3014	3015	3138	3137	2890	2891	2892	2893	3016	3139	3262	3261	3260	3259	3136	3013
3015	3016	3139	3138	2891	2892	2893	2894	3017	3140	3263	3262	3261	3260	3137	3014
3016	3017	3140	3139	2892	2893	2894	2895	3018	3141	3264	3263	3262	3261	3138	3015
3017	3018	3141	3140	2893	2894	2895	2896	3019	3142	3265	3264	3263	3262	3139	3016
3018	3019	3142	3141	2894	2895	2896	2897	3020	3143	3266	3265	3264	3263	3140	3017
3019	3020	3143	3142	2895	2896	2897	2898	3021	3144	3267	3266	3265	3264	3141	3018
3020	3021	3144	3143	2896	2897	2898	2899	3022	3145	3268	3267	3266	3265	3142	3019
3021	3022	3145	3144	2897	2898	2899	2900	3023	3146	3269	3268	3267	3266	3143	3020
3022	3023	3146	3145	2898	2899	2900	2901	3024	3147	3270	3269	3268	3267	3144	3021
3023	3024	3147	3146	2899	2900	2901	2902	3025	3148	3271	3270	3269	3268	3145	3022
3024	3025	3148	3147	2900	2901	2902	2903	3026	3149	3272	3271	3270	3269	3146	3023
3025	3026	3149	3148	2901	2902	2903	2904	3027	3150	3273	3272	3271	3270	3147	3024
3026	3027	3150	3149	2902	2903	2904	2905	3028	3151	3274	3273	3272	3271	3148	3025
3027	3028	3151	3150	2903	2904	2905	2906	3029	3152	3275	3274	3273	3272	3149	3026
3028	3029	3152	3151	2904	2905	2906	2907	3030	3153	3276	3275	3274	3273	3150	3027
3029	3030	3153	3152	2905	2906	2907	2908	3031	3154	3277	3276	3275	3274	3151	3028
3030	3031	3154	3153	2906	2907	2908	2909	3032	3155	3278	3277	3276	3275	3152	3029
3031	3032	3155	3154	2907	2908	2909	2910	3033	3156	3279	3278	3277	3276	3153	3030
3032	3033	3156	3155	2908	2909	2910	2911	3034	3157	3280	3279	3278	3277	3154	3031
3033	3034	3157	3156	2909	2910	2911	2912	3035	3158	3281	3280	3279	3278	3155	3032
3034	3035	3158	3157	2910	2911	2912	2913	3036	3159	3282	3281	3280	3279	3156	3033
3035	3036	3159	3158	2911	2912	2913	2914	3037	3160	3283	3282	3281	3280	3157	3034
3036	3037	3160	3159	2912	2913	2914	2915	3038	3161	3284	3283	3282	3281	3158	3035
3037	3038	3161	3160	2913	2914	2915	2916	3039	3162	3285	3284	3283	3282	3159	3036
3038	3039	3162	3161	2914	2915	2916	2917	3040	3163	3286	3285	3284	3283	3160	3037
3039	3040	3163	3162	2915	2916	2917	2918	3041	3164	3287	3286	3285	3284	3161	3038
3040	3041	3164	3163	2916	2917	2918	2919	3042	3165	3288	3287	3286	3285	3162	3039
3041	3042	3165	3164	2917	2918	2919	2920	3043	3166	3289	3288	3287	3286	3163	3040
3042	3043	3166	3165	2918	2919	2920	2921	3044	3167	3290	3289	3288	3287	3164	3041
3043	3044	3167	3166	2919	2920	2921	2922	3045	3168	3291	3290	3289	3288	3165	3042
3044	3045	3168	3167	2920	2921	2922	2923	3046	3169	3292	3291	3290	3289	3166	3043
3045	3046	3169	3168	2921	2922	2923	2924	3047	3170	3293	3292	3291	3290	3167	3044
3046	3047	3170	3169	2922	2923	2924	2925	3048	3171	3294	3293	3292	3291	3168	3045
3047	3048	3171	3170	2923	2924	2925	2926	3049	3172	3295	3294	3293	3292	3169	3046
3048	3049	3172	3171	2924	2925	2926	2927	3050	3173	3296	3295	3294	3293	3170	3047
3049	3050	3173	3172	2925	2926	2927	2928	3051	3174	3297	3296	3295	3294	3171	3048
3050	3051	3174	3173	2926	2927	2928	2929	3052	3175	3298	3297	3296	3295	3172	3049
3051	3052	3175	3174	2927	2928	2929	2930	3053	3176	3299	3298	3297	3296	3173	3050
3052	3053	3176	3175	2928	2929	2930	2931	3054	3177	3300	3299	3298	3297	3174	3051
3053	3054	3177	3176	2929	2930	2931	2932	3055	3178	3301	3300	3299	3298	3175	3052
3054	3055	3178	3177	2930	2931	2932	2933	3056	3179	3302	3301	3300	3299	3176	3053
3055	3056	3179	3178	2931	2932	2933	2934	3057	3180	3303	3302	3301	3300	3177	3054
3056	3057	3180	3179	2932	2933	2934	2935	3058	3181	3304	3303	3302	3301	3178	3055
3057	3058	3181	3180	2933	2934	2935	2936	3059	3182	3305	3304	3303	3302	3179	3056
3058	3059	3182	3181	2934	2935	2936	2937	3060	3183	3306	3305	3304	3303	3180	3057
3059	3060	3183	3182	2935	2936	2937	2938	3061	3184	3307	3306	3305	3304	3181	3058
3060	3061	3184	3183	2936	2937	2938	2939	3062	3185	3308	3307	3306	3305	3182	3059
3061	3062	3185	3184	2937	2938	2939	2940	3063	3186	3309	3308	3307	3306	3183	3060
3062	3063	3186	3185	2938	2939	2940	2941	3064	3187	3310	3309	3308	3307	3184	3061
3063	3064	3187	3186	2939	2940	2941	2942	3065	3188	3311	3310	3309	3308	3185	3062
3064	3065	3188	3187	2940	2941	2942	2943	3066	3189	3312	3311	3310	3309	3186	3063
3065	3066	3189	3188	2941	2942	2943	2944	3067	3190	3313	3312	3311	3310	3187	3064
3066	3067	3190	3189	2942	2943	2944	2945	3068	3191	3314	3313	3312	3311	3188	3065
3067	3068	3191	3190	2943	2944	2945	2946	3069	3192	3315	3314	3313	3312	3189	3066
3068	3069	3192	3191	2944	2945	2946	2947	3070	3193	3316	3315	3314	3313	3190	3067
3069	3070	3193	3192	2945	2946	2947	2948	3071	3194	3317	3316	3315	3314	3191	3068
3070	3071	3194	3193	2946	2947	2948	2949	3072	3195	3318	3317	3316	3315	3192	3069
3071	3072	3195	3194	2947	2948	2949	2950	3073	3196	3319	3318	3317	3316	3193	3070
3072	3073	3196	3195	2948	2949	2950	2951	3074	3197	3320	3319	3318	3317	3194	3071
3076	3077	3200	3199	2952	2953	2954	2955	3078	3201	3324	3323	3322	3321	3198	3075
3077	3078	3201	3200	2953	2954	2955	2956	3079	3202	3325	3324	3323	3322	3199	3076
3078	3079	3202	3201	2954	2955	2956	2957	3080	3203	3326	3325	3324	3323	3200	3077
3079	3080	3203	3202	2955	2956	2957	2958	3081	3204	3327	3326	3325	3324	3201	3078
3080	3081	3204	3203	2956	2957	2958	2959	3082	3205	3328	3327	3326	3325	3202	3079
3081	3082	3205	3204	2957	2958	2959	2960	3083	3206	3329	3328	3327	3326	3203	3080
3082	3083	3206	3205	2958	2959	2960	2961	3084	3207	3330	3329	3328	3327	3204	3081
3083	3084	3207	3206	2959	2960	2961	2962	3085	3208	3331	3330	3329	3328	3205	3082
3084	3085	3208	3207	2960	2961	2962	2963	3086	3209	3332	3331	3330	3329	3206	3083
3085	3086	3209	3208	2961	2962	2963	2964	3087	3210	3333	3332	3331	3330	3207	3084
3086	3087	3210	3209	2962	2963	2964	2965	3088	3211	3334	3333	3332	3331	3208	3085
3087	3088	3211	3210	2963	2964	2965	2966	3089	3212	3335	3334	3333	3332	3209	3086
3088	3089	3212	3211	2964	2965	2966	2967	3090	3213	3336	3335	3334	3333	3210	3087
3089	3090	3213	3212	2965	2966	2967	2968	3091	3214	3337	3336	3335	3334	3211	3088
3090	3091	3214	3213	2966	2967	2968	2969	3092	3215	3338	3337	3336	3335	3212	3089
3091	3092	3215	3214	2967	2968	2969	2970	3093	3216	3339	3338	3337	3336	3213	3090
3092	3093	3216	3215	2968	2969	2970	2971	3094	3217	3340	3339	3338	3337	3214	3091
3093	3094	3217	3216	2969	2970	2971	2972	3095	3218	3341	3340	3339	3338	3215	3092
3094	3095	3218	3217	2970	2971	2972	2973	3096	3219	3342	3341	3340	3339	3216	3093
3095	3096	3219	3218	2971	2972	2973	2974	3097	3220	3343	3342	3341	3340	3217	3094
3096	3097	3220	3219	2972	2973	2974	2975	3098	3221	3344	3343	3342	3341	3218	3095
3097	3098	3221	3220	2973	2974	2975	2976	3099	3222	3345	3344	3343	3342	3219	3096
3098	3099	3222	3221	2974	2975	2976	2977	3100	3223	3346	3345	3344	3343	3220	3097
3099	3100	3223	3222	2975	2976	2977	2978	3101	3224	3347	3346	3345	3344	3221	3098
3100	3101	3224	3223	2976	2977	2978	2979	3102	3225	3348	3347	3346	3345	3222	3099
3101	3102	3225	3224	2977	2978	2979	2980	3103	3226	3349	3348	3347	3346	3223	3100
3102	3103	3226	3225	2978	2979	2980	2981	3104	3227	3350	3349	3348	3347	3224	3101
3103	3104	3227	3226	2979	2980	2981	2982	3105	3228	3351	3350	3349	3348	3225	3102
3104	3105	3228	3227	2980	2981	2982	2983	3106	3229	3352	3351	3350	3349	3226	3103
3105	3106	3229	3228	2981	2982	2983	2984	3107	3230	3353	3352	3351	3350	3227	3104
3106	3107	3230	3229	2982	2983	2984	2985	3108	3231	3354	3353	3352	3351	3228	3105
3107	3108	3231	3230	2983	2984	2985	2986	3109	3232	3355	3354	3353	3352	3229	3106
3108	3109	3232	3231	2984	2985	2986	2987	3110	3233	3356	3355	3354	3353	3230	3107
3109	3110	3233	3232	2985	2986	2987	2988	3111	3234	3357	3356	3355	3354	3231	3108
3110	3111	3234	3233	2986	2987	2988	2989	3112	3235	3358	3357	3356	3355	3232	3109
3111	3112	3235	3234	2987	2988	2989	2990	3113	3236	3359	3358	3357	3356	3233	3110
3112	3113	3236	3235	2988	2989	2990	2991	3114	3237	3360	3359	3358	3357	3234	3111
3113	3114	3237	3236	2989	2990	2991	2992	3115	3238	3361	3360	3359	3358	3235	3112
3114	3115	3238	3237	2990	2991	2992	2993	3116	3239	3362	3361	3360	3359	3236	3113
3115	3116	3239	3238	2991	2992	2993	2994	3117	3240	3363	3362	3361	3360	3237	3114
3116	3117	3240	3239	2992	2993	2994	2995	3118	3241	3364	3363	3362	3361	3238	3115
3117	3118	3241	3240	2993	2994	2995	2996	3119	3242	3365	3364	3363	3362	3239	3116
3118	3119	3242	3241	2994	2995	2996	2997	3120	3243	3366	3365	3364	3363	3240	3117
3119	3120	3243	3242	2995	2996	2997	2998	3121	3244	3367	3366	3365	3364	3241	3118
3120	3121	3244	3243	2996	2997	2998	2999	3122	3245	3368	3367	3366	3365	3242	3119
3121	3122	3245	3244	2997	2998	2999	3000	3123	3246	3369	3368	3367	3366	3243	3120
3122	3123	3246	3245	2998	2999	3000	3001	3124	3247	3370	3369	3368	3367	3244	3121
3123	3124	3247	3246	2999	3000	3001	3002	3125	3248	3371	3370	3369	3368	3245	3122
3124	3125	3248	3247	3000	3001	3002	3003	3126	3249	3372	3371	3370	3369	3246	3123
3125	3126	3249	3248	3001	3002	3003	3004	3127	3250	3373	3372	3371	3370	3247	3124
3126	3127	3250	3249	3002	3003	3004	3005	3128	3251	3374	3373	3372	3371	3248	3125
3127	3128	3251	3250	3003	3004	3005	3006	3129	3252	3375	3374	3373	3372	3249	3126
3128	3129	3252	3251	3004	3005	3006	3007	3130	3253	3376	3375	3374	3373	3250	3127
3129	3130	3253	3252	3005	3006	3007	3008	3131	3254	3377	3376	3375	3374	3251	3128
3130	3131	3254	3253	3006	3007	3008	3009	3132	3255	3378	3377	3376	3375	3252	3129
3131	3132	3255	3254	3007	3008	3009	3010	3133	3256	3379	3378	3377	3376	3253	3130
3132	3133	3256	3255	3008	3009	3010	3011	3134	3257	3380	3379	3378	3377	3254	3131
3133	3134	3257	3256	3009	3010	3011	3012	3135	3258	3381	3380	3379	3378	3255	3132
3134	3135	3258	3257	3010	3011	3012	3013	3136	3259	3382	3381	3380	3379	3256	3133
3135	3136	3259	3258	3011	3012	3013	3014	3137	3260	3383	3382	3381	3380	3257	3134
3136	3137	3260	3259	3012	3013	3014	3015	3138	3261	3384	3383	3382	3381	3258	3135
3137	3138	3261	3260	3013	3014	3015	3016	3139	3262	3385	3384	3383	3382	3259	3136
3138	3139	3262	3261	3014	3015	3016	3017	3140	3263	3386	3385	3384	3383	3260	3137
3139	3140	3263	3262	3015	3016	3017	3018	3141	3264	3387	3386	3385	3384	3261	3138
3140	3141	3264	3263	3016	3017	3018	3019	3142	3265	3388	3387	3386	3385	3262	3139
3141	3142	3265	3264	3017	3018	3019	3020	3143	3266	3389	3388	3387	3386	3263	3140
3142	3143	3266	3265	3018	3019	3020	3021	3144	3267	3390	3389	3388	3387	3264	3141
3143	3144	3267	3266	3019	3020	3021	3022	3145	3268	3391	3390	3389	3388	3265	3142
3144	3145	3268	3267	3020	3021	3022	3023	3146	3269	3392	3391	3390	3389	3266	3143
3145	3146	3269	3268	3021	3022	3023	3024	3147	3270	3393	3392	3391	3390	3267	3144
3146	3147	3270	3269	3022	3023	3024	3025	3148	3271	3394	3393	3392	3391	3268	3145
3147	3148	3271	3270	3023	3024	3025	3026	3149	3272	3395	3394	3393	3392	3269	3146
3148	3149	3272	3271	3024	3025	3026	3027	3150	3273	3396	3395	3394	3393	3270	3147
3149	3150	3273	3272	3025	3026	3027	3028	3151	3274	3397	3396	3395	3394	3271	3148
3150	3151	3274	3273	3026	3027	3028	3029	3152	3275	3398	3397	3396	3395	3272	3149
3151	3152	3275	3274	3027	3028	3029	3030	3153	3276	3399	3398	3397	3396	3273	3150
3152	3153	3276	3275	3028	3029	3030	3031	3154	3277	3400	3399	3398	3397	3274	3151
3153	3154	3277	3276	3029	3030	3031	3032	3155	3278	3401	3400	3399	3398	3275	3152
3154	3155	3278	3277	3030	3031	3032	3033	3156	3279	3402	3401	3400	3399	3276	3153
3155	3156	3279	3278	3031	3032	3033	3034	3157	3280	3403	3402	3401	3400	3277	3154
3156	3157	3280	3279	3032	3033	3034	3035	3158	3281	3404	3403	3402	3401	3278	3155
3157	3158	3281	3280	3033	3034	3035	3036	3159	3282	3405	3404	3403	3402	3279	3156
3158	3159	3282	3281	3034	3035	3036	3037	3160	3283	3406	3405	3404	3403	3280	3157
3159	3160	3283	3282	3035	3036	3037	3038	3161	3284	3407	3406	3405	3404	3281	3158
3160	3161	3284	3283	3036	3037	3038	3039	3162	3285	3408	3407	3406	3405	3282	3159
3161	3162	3285	3284	3037	3038	3039	3040	3163	3286	3409	3408	3407	3406	3283	3160
3162	3163	3286	3285	3038	3039	3040	3041	3164	3287	3410	3409	3408	3407	3284	3161
3163	3164	3287	3286	3039	3040	3041	3042	3165	3288	3411	3410	3409	3408	3285	3162
3164	3165	3288	3287	3040	3041	3042	3043	3166	3289	3412	3411	3410	3409	3286	3163
3165	3166	3289	3288	3041	3042	3043	3044	3167	3290	3413	3412	3411	3410	3287	3164
3166	3167	3290	3289	3042	3043	3044	3045	3168	3291	3414	3413	3412	3411	3288	3165
3167	3168	3291	3290	3043	3044	3045	3046	3169	3292	3415	3414	3413	3412	3289	3166
3168	3169	3292	3291	3044	3045	3046	3047	3170	3293	3416	3415	3414	3413	3290	3167
3169	3170	3293	3292	3045	3046	3047	3048	3171	3294	3417	3416	3415	3414	3291	3168
3170	3171	3294	3293	3046	3047	3048	3049	3172	3295	3418	3417	3416	3415	3292	3169
3171	3172	3295	3294	3047	3048	3049	3050	3173	3296	3419	3418	3417	3416	3293	3170
3172	3173	3296	3295	3048	3049	3050	3051	3174	3297	3420	3419	3418	3417	3294	3171
3173	3174	3297	3296	3049	3050	3051	3052	3175	3298	3421	3420	3419	3418	3295	3172
3174	3175	3298	3297	3050	3051	3052	3053	3176	3299	3422	3421	3420	3419	3296	3173
3175	3176	3299	3298	3051	3052	3053	3054	3177	3300	3423	3422	3421	3420	3297	3174
3176	3177	3300	3299	3052	3053	3054	3055	3178	3301	3424	3423	3422	3421	3298	3175
3177	3178	3301	3300	3053	3054	3055	3056	3179	3302	3425	3424	3423	3422	3299	3176
3178	3179	3302	3301	3054	3055	3056	3057	3180	3303	3426	3425	3424	3423	3300	3177
3179	3180	3303	3302	3055	3056	3057	3058	3181	3304	3427	3426	3425	3424	3301	3178
3180	3181	3304	3303	3056	3057	3058	3059	3182	3305	3428	3427	3426	3425	3302	3179
3181	3182	3305	3304	3057	3058	3059	3060	3183	3306	3429	3428	3427	3426	3303	3180
3182	3183	3306	3305	3058	3059	3060	3061	3184	3307	3430	3429	3428	3427	3304	3181
3183	3184	3307	3306	3059	3060	3061	3062	3185	3308	3431	3430	3429	3428	3305	3182
3184	3185	3308	3307	3060	3061	3062	3063	3186	3309	3432	3431	3430	3429	3306	3183
3185	3186	3309	3308	3061	3062	3063	3064	3187	3310	3433	3432	3431	3430	3307	3184
3186	3187	3310	3309	3062	3063	3064	3065	3188	3311	3434	3433	3432	3431	3308	3185
3187	3188	3311	3310	3063	3064	3065	3066	3189	3312	3435	3434	3433	3432	3309	3186
3188	3189	3312	3311	3064	3065	3066	3067	3190	3313	3436	3435	3434	3433	3310	3187
3189	3190	3313	3312	3065	3066	3067	3068	3191	3314	3437	3436	3435	3434	3311	3188
3190	3191	3314	3313	3066	3067	3068	3069	3192	3315	3438	3437	3436	3435	3312	3189
3191	3192	3315	3314	3067	3068	3069	3070	3193	3316	3439	3438	3437	3436	3313	3190
3192	3193	3316	3315	3068	3069	3070	3071	3194	3317	3440	3439	3438	3437	3314	3191
3193	3194	3317	3316	3069	3070	3071	3072	3195	3318	3441	3440	3439	3438	3315	3192
3194	3195	3318	3317	3070	3071	3072	3073	3196	3319	3442	3441	3440	3439	3316	3193
3195	3196	3319	3318	3071	3072	3073	3074	3197	3320	3443	3442	3441	3440	3317	3194
3199	3200	3323	3322	3075	3076	3077	3078	3201	3324	3447	3446	3445	3444	3321	3198
3200	3201	3324	3323	3076	3077	3078	3079	3202	3325	3448	3447	3446	3445	3322	3199
3201	3202	3325	3324	3077	3078	3079	3080	3203	3326	3449	3448	3447	3446	3323	3200
3202	3203	3326	3325	3078	3079	3080	3081	3204	3327	3450	3449	3448	3447	3324	3201
3203	3204	3327	3326	3079	3080	3081	3082	3205	3328	3451	3450	3449	3448	3325	3202
3204	3205	3328	3327	3080	3081	3082	3083	3206	3329	3452	3451	3450	3449	3326	3203
3205	3206	3329	3328	3081	3082	3083	3084	3207	3330	3453	3452	3451	3450	3327	3204
3206	3207	3330	3329	3082	3083	3084	3085	3208	3331	3454	3453	3452	3451	3328	3205
3207	3208	3331	3330	3083	3084	3085	3086	3209	3332	3455	3454	3453	3452	3329	3206
3208	3209	3332	3331	3084	3085	3086	3087	3210	3333	3456	3455	3454	3453	3330	3207
3209	3210	3333	3332	3085	3086	3087	3088	3211	3334	3457	3456	3455	3454	3331	3208
3210	3211	3334	3333	3086	3087	3088	3089	3212	3335	3458	3457	3456	3455	3332	3209
3211	3212	3335	3334	3087	3088	3089	3090	3213	3336	3459	3458	3457	3456	3333	3210
3212	3213	3336	3335	3088	3089	3090	3091	3214	3337	3460	3459	3458	3457	3334	3211
3213	3214	3337	3336	3089	3090	3091	3092	3215	3338	3461	3460	3459	3458	3335	3212
3214	3215	3338	3337	3090	3091	3092	3093	3216	3339	3462	3461	3460	3459	3336	3213
3215	3216	3339	3338	3091	3092	3093	3094	3217	3340	3463	3462	3461	3460	3337	3214
3216	3217	3340	3339	3092	3093	3094	3095	3218	3341	3464	3463	3462	3461	3338	3215
3217	3218	3341	3340	3093	3094	3095	3096	3219	3342	3465	3464	3463	3462	3339	3216
3218	3219	3342	3341	3094	3095	3096	3097	3220	3343	3466	3465	3464	3463	3340	3217
3219	3220	3343	3342	3095	3096	3097	3098	3221	3344	3467	3466	3465	3464	3341	3218
3220	3221	3344	3343	3096	3097	3098	3099	3222	3345	3468	3467	3466	3465	3342	3219
3221	3222	3345	3344	3097	3098	3099	3100	3223	3346	3469	3468	3467	3466	3343	3220
3222	3223	3346	3345	3098	3099	3100	3101	3224	3347	3470	3469	3468	3467	3344	3221
3223	3224	3347	3346	3099	3100	3101	3102	3225	3348	3471	3470	3469	3468	3345	3222
3224	3225	3348	3347	3100	3101	3102	3103	3226	3349	3472	3471	3470	3469	3346	3223
3225	3226	3349	3348	3101	3102	3103	3104	3227	3350	3473	3472	3471	3470	3347	3224
3226	3227	3350	3349	3102	3103	3104	3105	3228	3351	3474	3473	3472	3471	3348	3225
3227	3228	3351	3350	3103	3104	3105	3106	3229	3352	3475	3474	3473	3472	3349	3226
3228	3229	3352	3351	3104	3105	3106	3107	3230	3353	3476	3475	3474	3473	3350	3227
3229	3230	3353	3352	3105	3106	3107	3108	3231	3354	3477	3476	3475	3474	3351	3228
3230	3231	3354	3353	3106	3107	3108	3109	3232	3355	3478	3477	3476	3475	3352	3229
3231	3232	3355	3354	3107	3108	3109	3110	3233	3356	3479	3478	3477	3476	3353	3230
3232	3233	3356	3355	3108	3109	3110	3111	3234	3357	3480	3479	3478	3477	3354	3231
3233	3234	3357	3356	3109	3110	3111	3112	3235	3358	3481	3480	3479	3478	3355	3232
3234	3235	3358	3357	3110	3111	3112	3113	3236	3359	3482	3481	3480	3479	3356	3233
3235	3236	3359	3358	3111	3112	3113	3114	3237	3360	3483	3482	3481	3480	3357	3234
3236	3237	3360	3359	3112	3113	3114	3115	3238	3361	3484	3483	3482	3481	3358	3235
3237	3238	3361	3360	3113	3114	3115	3116	3239	3362	3485	3484	3483	3482	3359	3236
3238	3239	3362	3361	3114	3115	3116	3117	3240	3363	3486	3485	3484	3483	3360	3237
3239	3240	3363	3362	3115	3116	3117	3118	3241	3364	3487	3486	3485	3484	3361	3238
3240	3241	3364	3363	3116	3117	3118	3119	3242	3365	3488	3487	3486	3485	3362	3239
3241	3242	3365	3364	3117	3118	3119	3120	3243	3366	3489	3488	3487	3486	3363	3240
3242	3243	3366	3365	3118	3119	3120	3121	3244	3367	3490	3489	3488	3487	3364	3241
3243	3244	3367	3366	3119	3120	3121	3122	3245	3368	3491	3490	3489	3488	3365	3242
3244	3245	3368	3367	3120	3121	3122	3123	3246	3369	3492	3491	3490	3489	3366	3243
3245	3246	3369	3368	3121	3122	3123	3124	3247	3370	3493	3492	3491	3490	3367	3244
3246	3247	3370	3369	3122	3123	3124	3125	3248	3371	3494	3493	3492	3491	3368	3245
3247	3248	3371	3370	3123	3124	3125	3126	3249	3372	3495	3494	3493	3492	3369	3246
3248	3249	3372	3371	3124	3125	3126	3127	3250	3373	3496	3495	3494	3493	3370	3247
3249	3250	3373	3372	3125	3126	3127	3128	3251	3374	3497	3496	3495	3494	3371	3248
3250	3251	3374	3373	3126	3127	3128	3129	3252	3375	3498	3497	3496	3495	3372	3249
3251	3252	3375	3374	3127	3128	3129	3130	3253	3376	3499	3498	3497	3496	3373	3250
3252	3253	3376	3375	3128	3129	3130	3131	3254	3377	3500	3499	3498	3497	3374	3251
3253	3254	3377	3376	3129	3130	3131	3132	3255	3378	3501	3500	3499	3498	3375	3252
3254	3255	3378	3377	3130	3131	3132	3133	3256	3379	3502	3501	3500	3499	3376	3253
3255	3256	3379	3378	3131	3132	3133	3134	3257	3380	3503	3502	3501	3500	3377	3254
3256	3257	3380	3379	3132	3133	3134	3135	3258	3381	3504	3503	3502	3501	3378	3255
3257	3258	3381	3380	3133	3134	3135	3136	3259	3382	3505	3504	3503	3502	3379	3256
3258	3259	3382	3381	3134	3135	3136	3137	3260	3383	3506	3505	3504	3503	3380	3257
3259	3260	3383	3382	3135	3136	3137	3138	3261	3384	3507	3506	3505	3504	3381	3258
3260	3261	3384	3383	3136	3137	3138	3139	3262	3385	3508	3507	3506	3505	3382	3259
3261	3262	3385	3384	3137	3138	3139	3140	3263	3386	3509	3508	3507	3506	3383	3260
3262	3263	3386	3385	3138	3139	3140	3141	3264	3387	3510	3509	3508	3507	3384	3261
3263	3264	3387	3386	3139	3140	3141	3142	3265	3388	3511	3510	3509	3508	3385	3262
3264	3265	3388	3387	3140	3141	3142	3143	3266	3389	3512	3511	3510	3509	3386	3263
3265	3266	3389	3388	3141	3142	3143	3144	3267	3390	3513	3512	3511	3510	3387	3264
3266	3267	3390	3389	3142	3143	3144	3145	3268	3391	3514	3513	3512	3511	3388	3265
3267	3268	3391	3390	3143	3144	3145	3146	3269	3392	3515	3514	3513	3512	3389	3266
3268	3269	3392	3391	3144	3145	3146	3147	3270	3393	3516	3515	3514	3513	3390	3267
3269	3270	3393	3392	3145	3146	3147	3148	3271	3394	3517	3516	3515	3514	3391	3268
3270	3271	3394	3393	3146	3147	3148	3149	3272	3395	3518	3517	3516	3515	3392	3269
3271	3272	3395	3394	3147	3148	3149	3150	3273	3396	3519	3518	3517	3516	3393	3270
3272	3273	3396	3395	3148	3149	3150	3151	3274	3397	3520	3519	3518	3517	3394	3271
3273	3274	3397	3396	3149	3150	3151	3152	3275	3398	3521	3520	3519	3518	3395	3272
3274	3275	3398	3397	3150	3151	3152	3153	3276	3399	3522	3521	3520	3519	3396	3273
3275	3276	3399	3398	3151	3152	3153	3154	3277	3400	3523	3522	3521	3520	3397	3274
3276	3277	3400	3399	3152	3153	3154	3155	3278	3401	3524	3523	3522	3521	3398	3275
3277	3278	3401	3400	3153	3154	3155	3156	3279	3402	3525	3524	3523	3522	3399	3276
3278	3279	3402	3401	3154	3155	3156	3157	3280	3403	3526	3525	3524	3523	3400	3277
3279	3280	3403	3402	3155	3156	3157	3158	3281	3404	3527	3526	3525	3524	3401	3278
3280	3281	3404	3403	3156	3157	3158	3159	3282	3405	3528	3527	3526	3525	3402	3279
3281	3282	3405	3404	3157	3158	3159	3160	3283	3406	3529	3528	3527	3526	3403	3280
3282	3283	3406	3405	3158	3159	3160	3161	3284	3407	3530	3529	3528	3527	3404	3281
3283	3284	3407	3406	3159	3160	3161	3162	3285	3408	3531	3530	3529	3528	3405	3282
3284	3285	3408	3407	3160	3161	3162	3163	3286	3409	3532	3531	3530	3529	3406	3283
3285	3286	3409	3408	3161	3162	3163	3164	3287	3410	3533	3532	3531	3530	3407	3284
3286	3287	3410	3409	3162	3163	3164	3165	3288	3411	3534	3533	3532	3531	3408	3285
3287	3288	3411	3410	3163	3164	3165	3166	3289	3412	3535	3534	3533	3532	3409	3286
3288	3289	3412	3411	3164	3165	3166	3167	3290	3413	3536	3535	3534	3533	3410	3287
3289	3290	3413	3412	3165	3166	3167	3168	3291	3414	3537	3536	3535	3534	3411	3288
3290	3291	3414	3413	3166	3167	3168	3169	3292	3415	3538	3537	3536	3535	3412	3289
3291	3292	3415	3414	3167	3168	3169	3170	3293	3416	3539	3538	3537	3536	3413	3290
3292	3293	3416	3415	3168	3169	3170	3171	3294	3417	3540	3539	3538	3537	3414	3291
3293	3294	3417	3416	3169	3170	3171	3172	3295	3418	3541	3540	3539	3538	3415	3292
3294	3295	3418	3417	3170	3171	3172	3173	3296	3419	3542	3541	3540	3539	3416	3293
3295	3296	3419	3418	3171	3172	3173	3174	3297	3420	3543	3542	3541	3540	3417	3294
3296	3297	3420	3419	3172	3173	3174	3175	3298	3421	3544	3543	3542	3541	3418	3295
3297	3298	3421	3420	3173	3174	3175	3176	3299	3422	3545	3544	3543	3542	3419	3296
3298	3299	3422	3421	3174	3175	3176	3177	3300	3423	3546	3545	3544	3543	3420	3297
3299	3300	3423	3422	3175	3176	3177	3178	3301	3424	3547	3546	3545	3544	3421	3298
3300	3301	3424	3423	3176	3177	3178	3179	3302	3425	3548	3547	3546	3545	3422	3299
3301	3302	3425	3424	3177	3178	3179	3180	3303	3426	3549	3548	3547	3546	3423	3300
3302	3303	3426	3425	3178	3179	3180	3181	3304	3427	3550	3549	3548	3547	3424	3301
3303	3304	3427	3426	3179	3180	3181	3182	3305	3428	3551	3550	3549	3548	3425	3302
3304	3305	3428	3427	3180	3181	3182	3183	3306	3429	3552	3551	3550	3549	3426	3303
3305	3306	3429	3428	3181	3182	3183	3184	3307	3430	3553	3552	3551	3550	3427	3304
3306	3307	3430	3429	3182	3183	3184	3185	3308	3431	3554	3553	3552	3551	3428	3305
3307	3308	3431	3430	3183	3184	3185	3186	3309	3432	3555	3554	3553	3552	3429	3306
3308	3309	3432	3431	3184	3185	3186	3187	3310	3433	3556	3555	3554	3553	3430	3307
3309	3310	3433	3432	3185	3186	3187	3188	3311	3434	3557	3556	3555	3554	3431	3308
3310	3311	3434	3433	3186	3187	3188	3189	3312	3435	3558	3557	3556	3555	3432	3309
3311	3312	3435	3434	3187	3188	3189	3190	3313	3436	3559	3558	3557	3556	3433	3310
3312	3313	3436	3435	3188	3189	3190	3191	3314	3437	3560	3559	3558	3557	3434	3311
3313	3314	3437	3436	3189	3190	3191	3192	3315	3438	3561	3560	3559	3558	3435	3312
3314	3315	3438	3437	3190	3191	3192	3193	3316	3439	3562	3561	3560	3559	3436	3313
3315	3316	3439	3438	3191	3192	3193	3194	3317	3440	3563	3562	3561	3560	3437	3314
3316	3317	3440	3439	3192	3193	3194	3195	3318	3441	3564	3563	3562	3561	3438	3315
3317	3318	3441	3440	3193	3194	3195	3196	3319	3442	3565	3564	3563	3562	3439	3316
3318	3319	3442	3441	3194	3195	3196	3197	3320	3443	3566	3565	3564	3563	3440	3317
3322	3323	3446	3445	3198	3199	3200	3201	3324	3447	3570	3569	3568	3567	3444	3321
3323	3324	3447	3446	3199	3200	3201	3202	3325	3448	3571	3570	3569	3568	3445	3322
3324	3325	3448	3447	3200	3201	3202	3203	3326	3449	3572	3571	3570	3569	3446	3323
3325	3326	3449	3448	3201	3202	3203	3204	3327	3450	3573	3572	3571	3570	3447	3324
3326	3327	3450	3449	3202	3203	3204	3205	3328	3451	3574	3573	3572	3571	3448	3325
3327	3328	3451	3450	3203	3204	3205	3206	3329	3452	3575	3574	3573	3572	3449	3326
3328	3329	3452	3451	3204	3205	3206	3207	3330	3453	3576	3575	3574	3573	3450	3327
3329	3330	3453	3452	3205	3206	3207	3208	3331	3454	3577	3576	3575	3574	3451	3328
3330	3331	3454	3453	3206	3207	3208	3209	3332	3455	3578	3577	3576	3575	3452	3329
3331	3332	3455	3454	3207	3208	3209	3210	3333	3456	3579	3578	3577	3576	3453	3330
3332	3333	3456	3455	3208	3209	3210	3211	3334	3457	3580	3579	3578	3577	3454	3331
3333	3334	3457	3456	3209	3210	3211	3212	3335	3458	3581	3580	3579	3578	3455	3332
3334	3335	3458	3457	3210	3211	3212	3213	3336	3459	3582	3581	3580	3579	3456	3333
3335	3336	3459	3458	3211	3212	3213	3214	3337	3460	3583	3582	3581	3580	3457	3334
3336	3337	3460	3459	3212	3213	3214	3215	3338	3461	3584	3583	3582	3581	3458	3335
3337	3338	3461	3460	3213	3214	3215	3216	3339	3462	3585	3584	3583	3582	3459	3336
3338	3339	3462	3461	3214	3215	3216	3217	3340	3463	3586	3585	3584	3583	3460	3337
3339	3340	3463	3462	3215	3216	3217	3218	3341	3464	3587	3586	3585	3584	3461	3338
3340	3341	3464	3463	3216	3217	3218	3219	3342	3465	3588	3587	3586	3585	3462	3339
3341	3342	3465	3464	3217	3218	3219	3220	3343	3466	3589	3588	3587	3586	3463	3340
3342	3343	3466	3465	3218	3219	3220	3221	3344	3467	3590	3589	3588	3587	3464	3341
3343	3344	3467	3466	3219	3220	3221	3222	3345	3468	3591	3590	3589	3588	3465	3342
3344	3345	3468	3467	3220	3221	3222	3223	3346	3469	3592	3591	3590	3589	3466	3343
3345	3346	3469	3468	3221	3222	3223	3224	3347	3470	3593	3592	3591	3590	3467	3344
3346	3347	3470	3469	3222	3223	3224	3225	3348	3471	3594	3593	3592	3591	3468	3345
3347	3348	3471	3470	3223	3224	3225	3226	3349	3472	3595	3594	3593	3592	3469	3346
3348	3349	3472	3471	3224	3225	3226	3227	3350	3473	3596	3595	3594	3593	3470	3347
3349	3350	3473	3472	3225	3226	3227	3228	3351	3474	3597	3596	3595	3594	3471	3348
3350	3351	3474	3473	3226	3227	3228	3229	3352	3475	3598	3597	3596	3595	3472	3349
3351	3352	3475	3474	3227	3228	3229	3230	3353	3476	3599	3598	3597	3596	3473	3350
3352	3353	3476	3475	3228	3229	3230	3231	3354	3477	3600	3599	3598	3597	3474	3351
3353	3354	3477	3476	3229	3230	3231	3232	3355	3478	3601	3600	3599	3598	3475	3352
3354	3355	3478	3477	3230	3231	3232	3233	3356	3479	3602	3601	3600	3599	3476	3353
3355	3356	3479	3478	3231	3232	3233	3234	3357	3480	3603	3602	3601	3600	3477	3354
3356	3357	3480	3479	3232	3233	3234	3235	3358	3481	3604	3603	3602	3601	3478	3355
3357	3358	3481	3480	3233	3234	3235	3236	3359	3482	3605	3604	3603	3602	3479	3356
3358	3359	3482	3481	3234	3235	3236	3237	3360	3483	3606	3605	3604	3603	3480	3357
3359	3360	3483	3482	3235	3236	3237	3238	3361	3484	3607	3606	3605	3604	3481	3358
3360	3361	3484	3483	3236	3237	3238	3239	3362	3485	3608	3607	3606	3605	3482	3359
3361	3362	3485	3484	3237	3238	3239	3240	3363	3486	3609	3608	3607	3606	3483	3360
3362	3363	3486	3485	3238	3239	3240	3241	3364	3487	3610	3609	3608	3607	3484	3361
3363	3364	3487	3486	3239	3240	3241	3242	3365	3488	3611	3610	3609	3608	3485	3362
3364	3365	3488	3487	3240	3241	3242	3243	3366	3489	3612	3611	3610	3609	3486	3363
3365	3366	3489	3488	3241	3242	3243	3244	3367	3490	3613	3612	3611	3610	3487	3364
3366	3367	3490	3489	3242	3243	3244	3245	3368	3491	3614	3613	3612	3611	3488	3365
3367	3368	3491	3490	3243	3244	3245	3246	3369	3492	3615	3614	3613	3612	3489	3366
3368	3369	3492	3491	3244	3245	3246	3247	3370	3493	3616	3615	3614	3613	3490	3367
3369	3370	3493	3492	3245	3246	3247	3248	3371	3494	3617	3616	3615	3614	3491	3368
3370	3371	3494	3493	3246	3247	3248	3249	3372	3495	3618	3617	3616	3615	3492	3369
3371	3372	3495	3494	3247	3248	3249	3250	3373	3496	3619	3618	3617	3616	3493	3370
3372	3373	3496	3495	3248	3249	3250	3251	3374	3497	3620	3619	3618	3617	3494	3371
3373	3374	3497	3496	3249	3250	3251	3252	3375	3498	3621	3620	3619	3618	3495	3372
3374	3375	3498	3497	3250	3251	3252	3253	3376	3499	3622	3621	3620	3619	3496	3373
3375	3376	3499	3498	3251	3252	3253	3254	3377	3500	3623	3622	3621	3620	3497	3374
3376	3377	3500	3499	3252	3253	3254	3255	3378	3501	3624	3623	3622	3621	3498	3375
3377	3378	3501	3500	3253	3254	3255	3256	3379	3502	3625	3624	3623	3622	3499	3376
3378	3379	3502	3501	3254	3255	3256	3257	3380	3503	3626	3625	3624	3623	3500	3377
3379	3380	3503	3502	3255	3256	3257	3258	3381	3504	3627	3626	3625	3624	3501	3378
3380	3381	3504	3503	3256	3257	3258	3259	3382	3505	3628	3627	3626	3625	3502	3379
3381	3382	3505	3504	3257	3258	3259	3260	3383	3506	3629	3628	3627	3626	3503	3380
3382	3383	3506	3505	3258	3259	3260	3261	3384	3507	3630	3629	3628	3627	3504	3381
3383	3384	3507	3506	3259	3260	3261	3262	3385	3508	3631	3630	3629	3628	3505	3382
3384	3385	3508	3507	3260	3261	3262	3263	3386	3509	3632	3631	3630	3629	3506	3383
3385	3386	3509	3508	3261	3262	3263	3264	3387	3510	3633	3632	3631	3630	3507	3384
3386	3387	3510	3509	3262	3263	3264	3265	3388	3511	3634	3633	3632	3631	3508	3385
3387	3388	3511	3510	3263	3264	3265	3266	3389	3512	3635	3634	3633	3632	3509	3386
3388	3389	3512	3511	3264	3265	3266	3267	3390	3513	3636	3635	3634	3633	3510	3387
3389	3390	3513	3512	3265	3266	3267	3268	3391	3514	3637	3636	3635	3634	3511	3388
3390	3391	3514	3513	3266	3267	3268	3269	3392	3515	3638	3637	3636	3635	3512	3389
3391	3392	3515	3514	3267	3268	3269	3270	3393	3516	3639	3638	3637	3636	3513	3390
3392	3393	3516	3515	3268	3269	3270	3271	3394	3517	3640	3639	3638	3637	3514	3391
3393	3394	3517	3516	3269	3270	3271	3272	3395	3518	3641	3640	3639	3638	3515	3392
3394	3395	3518	3517	3270	3271	3272	3273	3396	3519	3642	3641	3640	3639	3516	3393
3395	3396	3519	3518	3271	3272	3273	3274	3397	3520	3643	3642	3641	3640	3517	3394
3396	3397	3520	3519	3272	3273	3274	3275	3398	3521	3644	3643	3642	3641	3518	3395
3397	3398	3521	3520	3273	3274	3275	3276	3399	3522	3645	3644	3643	3642	3519	3396
3398	3399	3522	3521	3274	3275	3276	3277	3400	3523	3646	3645	3644	3643	3520	3397
3399	3400	3523	3522	3275	3276	3277	3278	3401	3524	3647	3646	3645	3644	3521	3398
3400	3401	3524	3523	3276	3277	3278	3279	3402	3525	3648	3647	3646	3645	3522	3399
3401	3402	3525	3524	3277	3278	3279	3280	3403	3526	3649	3648	3647	3646	3523	3400
3402	3403	3526	3525	3278	3279	3280	3281	3404	3527	3650	3649	3648	3647	3524	3401
3403	3404	3527	3526	3279	3280	3281	3282	3405	3528	3651	3650	3649	3648	3525	3402
3404	3405	3528	3527	3280	3281	3282	3283	3406	3529	3652	3651	3650	3649	3526	3403
3405	3406	3529	3528	3281	3282	3283	3284	3407	3530	3653	3652	3651	3650	3527	3404
3406	3407	3530	3529	3282	3283	3284	3285	3408	3531	3654	3653	3652	3651	3528	3405
3407	3408	3531	3530	3283	3284	3285	3286	3409	3532	3655	3654	3653	3652	3529	3406
3408	3409	3532	3531	3284	3285	3286	3287	3410	3533	3656	3655	3654	3653	3530	3407
3409	3410	3533	3532	3285	3286	3287	3288	3411	3534	3657	3656	3655	3654	3531	3408
3410	3411	3534	3533	3286	3287	3288	3289	3412	3535	3658	3657	3656	3655	3532	3409
3411	3412	3535	3534	3287	3288	3289	3290	3413	3536	3659	3658	3657	3656	3533	3410
3412	3413	3536	3535	3288	3289	3290	3291	3414	3537	3660	3659	3658	3657	3534	3411
3413	3414	3537	3536	3289	3290	3291	3292	3415	3538	3661	3660	3659	3658	3535	3412
3414	3415	3538	3537	3290	3291	3292	3293	3416	3539	3662	3661	3660	3659	3536	3413
3415	3416	3539	3538	3291	3292	3293	3294	3417	3540	3663	3662	3661	3660	3537	3414
3416	3417	3540	3539	3292	3293	3294	3295	3418	3541	3664	3663	3662	3661	3538	3415
3417	3418	3541	3540	3293	3294	3295	3296	3419	3542	3665	3664	3663	3662	3539	3416
3418	3419	3542	3541	3294	3295	3296	3297	3420	3543	3666	3665	3664	3663	3540	3417
3419	3420	3543	3542	3295	3296	3297	3298	3421	3544	3667	3666	3665	3664	3541	3418
3420	3421	3544	3543	3296	3297	3298	3299	3422	3545	3668	3667	3666	3665	3542	3419
3421	3422	3545	3544	3297	3298	3299	3300	3423	3546	3669	3668	3667	3666	3543	3420
3422	3423	3546	3545	3298	3299	3300	3301	3424	3547	3670	3669	3668	3667	3544	3421
3423	3424	3547	3546	3299	3300	3301	3302	3425	3548	3671	3670	3669	3668	3545	3422
3424	3425	3548	3547	3300	3301	3302	3303	3426	3549	3672	3671	3670	3669	3546	3423
3425	3426	3549	3548	3301	3302	3303	3304	3427	3550	3673	3672	3671	3670	3547	3424
3426	3427	3550	3549	3302	3303	3304	3305	3428	3551	3674	3673	3672	3671	3548	3425
3427	3428	3551	3550	3303	3304	3305	3306	3429	3552	3675	3674	3673	3672	3549	3426
3428	3429	3552	3551	3304	3305	3306	3307	3430	3553	3676	3675	3674	3673	3550	3427
3429	3430	3553	3552	3305	3306	3307	3308	3431	3554	3677	3676	3675	3674	3551	3428
3430	3431	3554	3553	3306	3307	3308	3309	3432	3555	3678	3677	3676	3675	3552	3429
3431	3432	3555	3554	3307	3308	3309	3310	3433	3556	3679	3678	3677	3676	3553	3430
3432	3433	3556	3555	3308	3309	3310	3311	3434	3557	3680	3679	3678	3677	3554	3431
3433	3434	3557	3556	3309	3310	3311	3312	3435	3558	3681	3680	3679	3678	3555	3432
3434	3435	3558	3557	3310	3311	3312	3313	3436	3559	3682	3681	3680	3679	3556	3433
3435	3436	3559	3558	3311	3312	3313	3314	3437	3560	3683	3682	3681	3680	3557	3434
3436	3437	3560	3559	3312	3313	3314	3315	3438	3561	3684	3683	3682	3681	3558	3435
3437	3438	3561	3560	3313	3314	3315	3316	3439	3562	3685	3684	3683	3682	3559	3436
3438	3439	3562	3561	3314	3315	3316	3317	3440	3563	3686	3685	3684	3683	3560	3437
3439	3440	3563	3562	3315	3316	3317	3318	3441	3564	3687	3686	3685	3684	3561	3438
3440	3441	3564	3563	3316	3317	3318	3319	3442	3565	3688	3687	3686	3685	3562	3439
3441	3442	3565	3564	3317	3318	3319	3320	3443	3566	3689	3688	3687	3686	3563	3440
3445	3446	3569	3568	3321	3322	3323	3324	3447	3570	3693	3692	3691	3690	3567	3444
3446	3447	3570	3569	3322	3323	3324	3325	3448	3571	3694	3693	3692	3691	3568	3445
3447	3448	3571	3570	3323	3324	3325	3326	3449	3572	3695	3694	3693	3692	3569	3446
3448	3449	3572	3571	3324	3325	3326	3327	3450	3573	3696	3695	3694	3693	3570	3447
3449	3450	3573	3572	3325	3326	3327	3328	3451	3574	3697	3696	3695	3694	3571	3448
3450	3451	3574	3573	3326	3327	3328	3329	3452	3575	3698	3697	3696	3695	3572	3449
3451	3452	3575	3574	3327	3328	3329	3330	3453	3576	3699	3698	3697	3696	3573	3450
3452	3453	3576	3575	3328	3329	3330	3331	3454	3577	3700	3699	3698	3697	3574	3451
3453	3454	3577	3576	3329	3330	3331	3332	3455	3578	3701	3700	3699	3698	3575	3452
3454	3455	3578	3577	3330	3331	3332	3333	3456	3579	3702	3701	3700	3699	3576	3453
3455	3456	3579	3578	3331	3332	3333	3334	3457	3580	3703	3702	3701	3700	3577	3454
3456	3457	3580	3579	3332	3333	3334	3335	3458	3581	3704	3703	3702	3701	3578	3455
3457	3458	3581	3580	3333	3334	3335	3336	3459	3582	3705	3704	3703	3702	3579	3456
3458	3459	3582	3581	3334	3335	3336	3337	3460	3583	3706	3705	3704	3703	3580	3457
3459	3460	3583	3582	3335	3336	3337	3338	3461	3584	3707	3706	3705	3704	3581	3458
3460	3461	3584	3583	3336	3337	3338	3339	3462	3585	3708	3707	3706	3705	3582	3459
3461	3462	3585	3584	3337	3338	3339	3340	3463	3586	3709	3708	3707	3706	3583	3460
3462	3463	3586	3585	3338	3339	3340	3341	3464	3587	3710	3709	3708	3707	3584	3461
3463	3464	3587	3586	3339	3340	3341	3342	3465	3588	3711	3710	3709	3708	3585	3462
3464	3465	3588	3587	3340	3341	3342	3343	3466	3589	3712	3711	3710	3709	3586	3463
3465	3466	3589	3588	3341	3342	3343	3344	3467	3590	3713	3712	3711	3710	3587	3464
3466	3467	3590	3589	3342	3343	3344	3345	3468	3591	3714	3713	3712	3711	3588	3465
3467	3468	3591	3590	3343	3344	3345	3346	3469	3592	3715	3714	3713	3712	3589	3466
3468	3469	3592	3591	3344	3345	3346	3347	3470	3593	3716	3715	3714	3713	3590	3467
3469	3470	3593	3592	3345	3346	3347	3348	3471	3594	3717	3716	3715	3714	3591	3468
3470	3471	3594	3593	3346	3347	3348	3349	3472	3595	3718	3717	3716	3715	3592	3469
3471	3472	3595	3594	3347	3348	3349	3350	3473	3596	3719	3718	3717	3716	3593	3470
3472	3473	3596	3595	3348	3349	3350	3351	3474	3597	3720	3719	3718	3717	3594	3471
3473	3474	3597	3596	3349	3350	3351	3352	3475	3598	3721	3720	3719	3718	3595	3472
3474	3475	3598	3597	3350	3351	3352	3353	3476	3599	3722	3721	3720	3719	3596	3473
3475	3476	3599	3598	3351	3352	3353	3354	3477	3600	3723	3722	3721	3720	3597	3474
3476	3477	3600	3599	3352	3353	3354	3355	3478	3601	3724	3723	3722	3721	3598	3475
3477	3478	3601	3600	3353	3354	3355	3356	3479	3602	3725	3724	3723	3722	3599	3476
3478	3479	3602	3601	3354	3355	3356	3357	3480	3603	3726	3725	3724	3723	3600	3477
3479	3480	3603	3602	3355	3356	3357	3358	3481	3604	3727	3726	3725	3724	3601	3478
3480	3481	3604	3603	3356	3357	3358	3359	3482	3605	3728	3727	3726	3725	3602	3479
3481	3482	3605	3604	3357	3358	3359	3360	3483	3606	3729	3728	3727	3726	3603	3480
3482	3483	3606	3605	3358	3359	3360	3361	3484	3607	3730	3729	3728	3727	3604	3481
3483	3484	3607	3606	3359	3360	3361	3362	3485	3608	3731	3730	3729	3728	3605	3482
3484	3485	3608	3607	3360	3361	3362	3363	3486	3609	3732	3731	3730	3729	3606	3483
3485	3486	3609	3608	3361	3362	3363	3364	3487	3610	3733	3732	3731	3730	3607	3484
3486	3487	3610	3609	3362	3363	3364	3365	3488	3611	3734	3733	3732	3731	3608	3485
3487	3488	3611	3610	3363	3364	3365	3366	3489	3612	3735	3734	3733	3732	3609	3486
3488	3489	3612	3611	3364	3365	3366	3367	3490	3613	3736	3735	3734	3733	3610	3487
3489	3490	3613	3612	3365	3366	3367	3368	3491	3614	3737	3736	3735	3734	3611	3488
3490	3491	3614	3613	3366	3367	3368	3369	3492	3615	3738	3737	3736	3735	3612	3489
3491	3492	3615	3614	3367	3368	3369	3370	3493	3616	3739	3738	3737	3736	3613	3490
3492	3493	3616	3615	3368	3369	3370	3371	3494	3617	3740	3739	3738	3737	3614	3491
3493	3494	3617	3616	3369	3370	3371	3372	3495	3618	3741	3740	3739	3738	3615	3492
3494	3495	3618	3617	3370	3371	3372	3373	3496	3619	3742	3741	3740	3739	3616	3493
3495	3496	3619	3618	3371	3372	3373	3374	3497	3620	3743	3742	3741	3740	3617	3494
3496	3497	3620	3619	3372	3373	3374	3375	3498	3621	3744	3743	3742	3741	3618	3495
3497	3498	3621	3620	3373	3374	3375	3376	3499	3622	3745	3744	3743	3742	3619	3496
3498	3499	3622	3621	3374	3375	3376	3377	3500	3623	3746	3745	3744	3743	3620	3497
3499	3500	3623	3622	3375	3376	3377	3378	3501	3624	3747	3746	3745	3744	3621	3498
3500	3501	3624	3623	3376	3377	3378	3379	3502	3625	3748	3747	3746	3745	3622	3499
3501	3502	3625	3624	3377	3378	3379	3380	3503	3626	3749	3748	3747	3746	3623	3500
3502	3503	3626	3625	3378	3379	3380	3381	3504	3627	3750	3749	3748	3747	3624	3501
3503	3504	3627	3626	3379	3380	3381	3382	3505	3628	3751	3750	3749	3748	3625	3502
3504	3505	3628	3627	3380	3381	3382	3383	3506	3629	3752	3751	3750	3749	3626	3503
3505	3506	3629	3628	3381	3382	3383	3384	3507	3630	3753	3752	3751	3750	3627	3504
3506	3507	3630	3629	3382	3383	3384	3385	3508	3631	3754	3753	3752	3751	3628	3505
3507	3508	3631	3630	3383	3384	3385	3386	3509	3632	3755	3754	3753	3752	3629	3506
3508	3509	3632	3631	3384	3385	3386	3387	3510	3633	3756	3755	3754	3753	3630	3507
3509	3510	3633	3632	3385	3386	3387	3388	3511	3634	3757	3756	3755	3754	3631	3508
3510	3511	3634	3633	3386	3387	3388	3389	3512	3635	3758	3757	3756	3755	3632	3509
3511	3512	3635	3634	3387	3388	3389	3390	3513	3636	3759	3758	3757	3756	3633	3510
3512	3513	3636	3635	3388	3389	3390	3391	3514	3637	3760	3759	3758	3757	3634	3511
3513	3514	3637	3636	3389	3390	3391	3392	3515	3638	3761	3760	3759	3758	3635	3512
3514	3515	3638	3637	3390	3391	3392	3393	3516	3639	3762	3761	3760	3759	3636	3513
3515	3516	3639	3638	3391	3392	3393	3394	3517	3640	3763	3762	3761	3760	3637	3514
3516	3517	3640	3639	3392	3393	3394	3395	3518	3641	3764	3763	3762	3761	3638	3515
3517	3518	3641	3640	3393	3394	3395	3396	3519	3642	3765	3764	3763	3762	3639	3516
3518	3519	3642	3641	3394	3395	3396	3397	3520	3643	3766	3765	3764	3763	3640	3517
3519	3520	3643	3642	3395	3396	3397	3398	3521	3644	3767	3766	3765	3764	3641	3518
3520	3521	3644	3643	3396	3397	3398	3399	3522	3645	3768	3767	3766	3765	3642	3519
3521	3522	3645	3644	3397	3398	3399	3400	3523	3646	3769	3768	3767	3766	3643	3520
3522	3523	3646	3645	3398	3399	3400	3401	3524	3647	3770	3769	3768	3767	3644	3521
3523	3524	3647	3646	3399	3400	3401	3402	3525	3648	3771	3770	3769	3768	3645	3522
3524	3525	3648	3647	3400	3401	3402	3403	3526	3649	3772	3771	3770	3769	3646	3523
3525	3526	3649	3648	3401	3402	3403	3404	3527	3650	3773	3772	3771	3770	3647	3524
3526	3527	3650	3649	3402	3403	3404	3405	3528	3651	3774	3773	3772	3771	3648	3525
3527	3528	3651	3650	3403	3404	3405	3406	3529	3652	3775	3774	3773	3772	3649	3526
3528	3529	3652	3651	3404	3405	3406	3407	3530	3653	3776	3775	3774	3773	3650	3527
3529	3530	3653	3652	3405	3406	3407	3408	3531	3654	3777	3776	3775	3774	3651	3528
3530	3531	3654	3653	3406	3407	3408	3409	3532	3655	3778	3777	3776	3775	3652	3529
3531	3532	3655	3654	3407	3408	3409	3410	3533	3656	3779	3778	3777	3776	3653	3530
3532	3533	3656	3655	3408	3409	3410	3411	3534	3657	3780	3779	3778	3777	3654	3531
3533	3534	3657	3656	3409	3410	3411	3412	3535	3658	3781	3780	3779	3778	3655	3532
3534	3535	3658	3657	3410	3411	3412	3413	3536	3659	3782	3781	3780	3779	3656	3533
3535	3536	3659	3658	3411	3412	3413	3414	3537	3660	3783	3782	3781	3780	3657	3534
3536	3537	3660	3659	3412	3413	3414	3415	3538	3661	3784	3783	3782	3781	3658	3535
3537	3538	3661	3660	3413	3414	3415	3416	3539	3662	3785	3784	3783	3782	3659	3536
3538	3539	3662	3661	3414	3415	3416	3417	3540	3663	3786	3785	3784	3783	3660	3537
3539	3540	3663	3662	3415	3416	3417	3418	3541	3664	3787	3786	3785	3784	3661	3538
3540	3541	3664	3663	3416	3417	3418	3419	3542	3665	3788	3787	3786	3785	3662	3539
3541	3542	3665	3664	3417	3418	3419	3420	3543	3666	3789	3788	3787	3786	3663	3540
3542	3543	3666	3665	3418	3419	3420	3421	3544	3667	3790	3789	3788	3787	3664	3541
3543	3544	3667	3666	3419	3420	3421	3422	3545	3668	3791	3790	3789	3788	3665	3542
3544	3545	3668	3667	3420	3421	3422	3423	3546	3669	3792	3791	3790	3789	3666	3543
3545	3546	3669	3668	3421	3422	3423	3424	3547	3670	3793	3792	3791	3790	3667	3544
3546	3547	3670	3669	3422	3423	3424	3425	3548	3671	3794	3793	3792	3791	3668	3545
3547	3548	3671	3670	3423	3424	3425	3426	3549	3672	3795	3794	3793	3792	3669	3546
3548	3549	3672	3671	3424	3425	3426	3427	3550	3673	3796	3795	3794	3793	3670	3547
3549	3550	3673	3672	3425	3426	3427	3428	3551	3674	3797	3796	3795	3794	3671	3548
3550	3551	3674	3673	3426	3427	3428	3429	3552	3675	3798	3797	3796	3795	3672	3549
3551	3552	3675	3674	3427	3428	3429	3430	3553	3676	3799	3798	3797	3796	3673	3550
3552	3553	3676	3675	3428	3429	3430	3431	3554	3677	3800	3799	3798	3797	3674	3551
3553	3554	3677	3676	3429	3430	3431	3432	3555	3678	3801	3800	3799	3798	3675	3552
3554	3555	3678	3677	3430	3431	3432	3433	3556	3679	3802	3801	3800	3799	3676	3553
3555	3556	3679	3678	3431	3432	3433	3434	3557	3680	3803	3802	3801	3800	3677	3554
3556	3557	3680	3679	3432	3433	3434	3435	3558	3681	3804	3803	3802	3801	3678	3555
3557	3558	3681	3680	3433	3434	3435	3436	3559	3682	3805	3804	3803	3802	3679	3556
3558	3559	3682	3681	3434	3435	3436	3437	3560	3683	3806	3805	3804	3803	3680	3557
3559	3560	3683	3682	3435	3436	3437	3438	3561	3684	3807	3806	3805	3804	3681	3558
3560	3561	3684	3683	3436	3437	3438	3439	3562	3685	3808	3807	3806	3805	3682	3559
3561	3562	3685	3684	3437	3438	3439	3440	3563	3686	3809	3808	3807	3806	3683	3560
3562	3563	3686	3685	3438	3439	3440	3441	3564	3687	3810	3809	3808	3807	3684	3561
3563	3564	3687	3686	3439	3440	3441	3442	3565	3688	3811	3810	3809	3808	3685	3562
3564	3565	3688	3687	3440	3441	3442	3443	3566	3689	3812	3811	3810	3809	3686	3563
3568	3569	3692	3691	3444	3445	3446	3447	3570	3693	3816	3815	3814	3813	3690	3567
3569	3570	3693	3692	3445	3446	3447	3448	3571	3694	3817	3816	3815	3814	3691	3568
3570	3571	3694	3693	3446	3447	3448	3449	3572	3695	3818	3817	3816	3815	3692	3569
3571	3572	3695	3694	3447	3448	3449	3450	3573	3696	3819	3818	3817	3816	3693	3570
3572	3573	3696	3695	3448	3449	3450	3451	3574	3697	3820	3819	3818	3817	3694	3571
3573	3574	3697	3696	3449	3450	3451	3452	3575	3698	3821	3820	3819	3818	3695	3572
3574	3575	3698	3697	3450	3451	3452	3453	3576	3699	3822	3821	3820	3819	3696	3573
3575	3576	3699	3698	3451	3452	3453	3454	3577	3700	3823	3822	3821	3820	3697	3574
3576	3577	3700	3699	3452	3453	3454	3455	3578	3701	3824	3823	3822	3821	3698	3575
3577	3578	3701	3700	3453	3454	3455	3456	3579	3702	3825	3824	3823	3822	3699	3576
3578	3579	3702	3701	3454	3455	3456	3457	3580	3703	3826	3825	3824	3823	3700	3577
3579	3580	3703	3702	3455	3456	3457	3458	3581	3704	3827	3826	3825	3824	3701	3578
3580	3581	3704	3703	3456	3457	3458	3459	3582	3705	3828	3827	3826	3825	3702	3579
3581	3582	3705	3704	3457	3458	3459	3460	3583	3706	3829	3828	3827	3826	3703	3580
3582	3583	3706	3705	3458	3459	3460	3461	3584	3707	3830	3829	3828	3827	3704	3581
3583	3584	3707	3706	3459	3460	3461	3462	3585	3708	3831	3830	3829	3828	3705	3582
3584	3585	3708	3707	3460	3461	3462	3463	3586	3709	3832	3831	3830	3829	3706	3583
3585	3586	3709	3708	3461	3462	3463	3464	3587	3710	3833	3832	3831	3830	3707	3584
3586	3587	3710	3709	3462	3463	3464	3465	3588	3711	3834	3833	3832	3831	3708	3585
3587	3588	3711	3710	3463	3464	3465	3466	3589	3712	3835	3834	3833	3832	3709	3586
3588	3589	3712	3711	3464	3465	3466	3467	3590	3713	3836	3835	3834	3833	3710	3587
3589	3590	3713	3712	3465	3466	3467	3468	3591	3714	3837	3836	3835	3834	3711	3588
3590	3591	3714	3713	3466	3467	3468	3469	3592	3715	3838	3837	3836	3835	3712	3589
3591	3592	3715	3714	3467	3468	3469	3470	3593	3716	3839	3838	3837	3836	3713	3590
3592	3593	3716	3715	3468	3469	3470	3471	3594	3717	3840	3839	3838	3837	3714	3591
3593	3594	3717	3716	3469	3470	3471	3472	3595	3718	3841	3840	3839	3838	3715	3592
3594	3595	3718	3717	3470	3471	3472	3473	3596	3719	3842	3841	3840	3839	3716	3593
3595	3596	3719	3718	3471	3472	3473	3474	3597	3720	3843	3842	3841	3840	3717	3594
3596	3597	3720	3719	3472	3473	3474	3475	3598	3721	3844	3843	3842	3841	3718	3595
3597	3598	3721	3720	3473	3474	3475	3476	3599	3722	3845	3844	3843	3842	3719	3596
3598	3599	3722	3721	3474	3475	3476	3477	3600	3723	3846	3845	3844	3843	3720	3597
3599	3600	3723	3722	3475	3476	3477	3478	3601	3724	3847	3846	3845	3844	3721	3598
3600	3601	3724	3723	3476	3477	3478	3479	3602	3725	3848	3847	3846	3845	3722	3599
3601	3602	3725	3724	3477	3478	3479	3480	3603	3726	3849	3848	3847	3846	3723	3600
3602	3603	3726	3725	3478	3479	3480	3481	3604	3727	3850	3849	3848	3847	3724	3601
3603	3604	3727	3726	3479	3480	3481	3482	3605	3728	3851	3850	3849	3848	3725	3602
3604	3605	3728	3727	3480	3481	3482	3483	3606	3729	3852	3851	3850	3849	3726	3603
3605	3606	3729	3728	3481	3482	3483	3484	3607	3730	3853	3852	3851	3850	3727	3604
3606	3607	3730	3729	3482	3483	3484	3485	3608	3731	3854	3853	3852	3851	3728	3605
3607	3608	3731	3730	3483	3484	3485	3486	3609	3732	3855	3854	3853	3852	3729	3606
3608	3609	3732	3731	3484	3485	3486	3487	3610	3733	3856	3855	3854	3853	3730	3607
3609	3610	3733	3732	3485	3486	3487	3488	3611	3734	3857	3856	3855	3854	3731	3608
3610	3611	3734	3733	3486	3487	3488	3489	3612	3735	3858	3857	3856	3855	3732	3609
3611	3612	3735	3734	3487	3488	3489	3490	3613	3736	3859	3858	3857	3856	3733	3610
3612	3613	3736	3735	3488	3489	3490	3491	3614	3737	3860	3859	3858	3857	3734	3611
3613	3614	3737	3736	3489	3490	3491	3492	3615	3738	3861	3860	3859	3858	3735	3612
3614	3615	3738	3737	3490	3491	3492	3493	3616	3739	3862	3861	3860	3859	3736	3613
3615	3616	3739	3738	3491	3492	3493	3494	3617	3740	3863	3862	3861	3860	3737	3614
3616	3617	3740	3739	3492	3493	3494	3495	3618	3741	3864	3863	3862	3861	3738	3615
3617	3618	3741	3740	3493	3494	3495	3496	3619	3742	3865	3864	3863	3862	3739	3616
3618	3619	3742	3741	3494	3495	3496	3497	3620	3743	3866	3865	3864	3863	3740	3617
3619	3620	3743	3742	3495	3496	3497	3498	3621	3744	3867	3866	3865	3864	3741	3618
3620	3621	3744	3743	3496	3497	3498	3499	3622	3745	3868	3867	3866	3865	3742	3619
3621	3622	3745	3744	3497	3498	3499	3500	3623	3746	3869	3868	3867	3866	3743	3620
3622	3623	3746	3745	3498	3499	3500	3501	3624	3747	3870	3869	3868	3867	3744	3621
3623	3624	3747	3746	3499	3500	3501	3502	3625	3748	3871	3870	3869	3868	3745	3622
3624	3625	3748	3747	3500	3501	3502	3503	3626	3749	3872	3871	3870	3869	3746	3623
3625	3626	3749	3748	3501	3502	3503	3504	3627	3750	3873	3872	3871	3870	3747	3624
3626	3627	3750	3749	3502	3503	3504	3505	3628	3751	3874	3873	3872	3871	3748	3625
3627	3628	3751	3750	3503	3504	3505	3506	3629	3752	3875	3874	3873	3872	3749	3626
3628	3629	3752	3751	3504	3505	3506	3507	3630	3753	3876	3875	3874	3873	3750	3627
3629	3630	3753	3752	3505	3506	3507	3508	3631	3754	3877	3876	3875	3874	3751	3628
3630	3631	3754	3753	3506	3507	3508	3509	3632	3755	3878	3877	3876	3875	3752	3629
3631	3632	3755	3754	3507	3508	3509	3510	3633	3756	3879	3878	3877	3876	3753	3630
3632	3633	3756	3755	3508	3509	3510	3511	3634	3757	3880	3879	3878	3877	3754	3631
3633	3634	3757	3756	3509	3510	3511	3512	3635	3758	3881	3880	3879	3878	3755	3632
3634	3635	3758	3757	3510	3511	3512	3513	3636	3759	3882	3881	3880	3879	3756	3633
3635	3636	3759	3758	3511	3512	3513	3514	3637	3760	3883	3882	3881	3880	3757	3634
3636	3637	3760	3759	3512	3513	3514	3515	3638	3761	3884	3883	3882	3881	3758	3635
3637	3638	3761	3760	3513	3514	3515	3516	3639	3762	3885	3884	3883	3882	3759	3636
3638	3639	3762	3761	3514	3515	3516	3517	3640	3763	3886	3885	3884	3883	3760	3637
3639	3640	3763	3762	3515	3516	3517	3518	3641	3764	3887	3886	3885	3884	3761	3638
3640	3641	3764	3763	3516	3517	3518	3519	3642	3765	3888	3887	3886	3885	3762	3639
3641	3642	3765	3764	3517	3518	3519	3520	3643	3766	3889	3888	3887	3886	3763	3640
3642	3643	3766	3765	3518	3519	3520	3521	3644	3767	3890	3889	3888	3887	3764	3641
3643	3644	3767	3766	3519	3520	3521	3522	3645	3768	3891	3890	3889	3888	3765	3642
3644	3645	3768	3767	3520	3521	3522	3523	3646	3769	3892	3891	3890	3889	3766	3643
3645	3646	3769	3768	3521	3522	3523	3524	3647	3770	3893	3892	3891	3890	3767	3644
3646	3647	3770	3769	3522	3523	3524	3525	3648	3771	3894	3893	3892	3891	3768	3645
3647	3648	3771	3770	3523	3524	3525	3526	3649	3772	3895	3894	3893	3892	3769	3646
3648	3649	3772	3771	3524	3525	3526	3527	3650	3773	3896	3895	3894	3893	3770	3647
3649	3650	3773	3772	3525	3526	3527	3528	3651	3774	3897	3896	3895	3894	3771	3648
3650	3651	3774	3773	3526	3527	3528	3529	3652	3775	3898	3897	3896	3895	3772	3649
3651	3652	3775	3774	3527	3528	3529	3530	3653	3776	3899	3898	3897	3896	3773	3650
3652	3653	3776	3775	3528	3529	3530	3531	3654	3777	3900	3899	3898	3897	3774	3651
3653	3654	3777	3776	3529	3530	3531	3532	3655	3778	3901	3900	3899	3898	3775	3652
3654	3655	3778	3777	3530	3531	3532	3533	3656	3779	3902	3901	3900	3899	3776	3653
3655	3656	3779	3778	3531	3532	3533	3534	3657	3780	3903	3902	3901	3900	3777	3654
3656	3657	3780	3779	3532	3533	3534	3535	3658	3781	3904	3903	3902	3901	3778	3655
3657	3658	3781	3780	3533	3534	3535	3536	3659	3782	3905	3904	3903	3902	3779	3656
3658	3659	3782	3781	3534	3535	3536	3537	3660	3783	3906	3905	3904	3903	3780	3657
3659	3660	3783	3782	3535	3536	3537	3538	3661	3784	3907	3906	3905	3904	3781	3658
3660	3661	3784	3783	3536	3537	3538	3539	3662	3785	3908	3907	3906	3905	3782	3659
3661	3662	3785	3784	3537	3538	3539	3540	3663	3786	3909	3908	3907	3906	3783	3660
3662	3663	3786	3785	3538	3539	3540	3541	3664	3787	3910	3909	3908	3907	3784	3661
3663	3664	3787	3786	3539	3540	3541	3542	3665	3788	3911	3910	3909	3908	3785	3662
3664	3665	3788	3787	3540	3541	3542	3543	3666	3789	3912	3911	3910	3909	3786	3663
3665	3666	3789	3788	3541	3542	3543	3544	3667	3790	3913	3912	3911	3910	3787	3664
3666	3667	3790	3789	3542	3543	3544	3545	3668	3791	3914	3913	3912	3911	3788	3665
3667	3668	3791	3790	3543	3544	3545	3546	3669	3792	3915	3914	3913	3912	3789	3666
3668	3669	3792	3791	3544	3545	3546	3547	3670	3793	3916	3915	3914	3913	3790	3667
3669	3670	3793	3792	3545	3546	3547	3548	3671	3794	3917	3916	3915	3914	3791	3668
3670	3671	3794	3793	3546	3547	3548	3549	3672	3795	3918	3917	3916	3915	3792	3669
3671	3672	3795	3794	3547	3548	3549	3550	3673	3796	3919	3918	3917	3916	3793	3670
3672	3673	3796	3795	3548	3549	3550	3551	3674	3797	3920	3919	3918	3917	3794	3671
3673	3674	3797	3796	3549	3550	3551	3552	3675	3798	3921	3920	3919	3918	3795	3672
3674	3675	3798	3797	3550	3551	3552	3553	3676	3799	3922	3921	3920	3919	3796	3673
3675	3676	3799	3798	3551	3552	3553	3554	3677	3800	3923	3922	3921	3920	3797	3674
3676	3677	3800	3799	3552	3553	3554	3555	3678	3801	3924	3923	3922	3921	3798	3675
3677	3678	3801	3800	3553	3554	3555	3556	3679	3802	3925	3924	3923	3922	3799	3676
3678	3679	3802	3801	3554	3555	3556	3557	3680	3803	3926	3925	3924	3923	3800	3677
3679	3680	3803	3802	3555	3556	3557	3558	3681	3804	3927	3926	3925	3924	3801	3678
3680	3681	3804	3803	3556	3557	3558	3559	3682	3805	3928	3927	3926	3925	3802	3679
3681	3682	3805	3804	3557	3558	3559	3560	3683	3806	3929	3928	3927	3926	3803	3680
3682	3683	3806	3805	3558	3559	3560	3561	3684	3807	3930	3929	3928	3927	3804	3681
3683	3684	3807	3806	3559	3560	3561	3562	3685	3808	3931	3930	3929	3928	3805	3682
3684	3685	3808	3807	3560	3561	3562	3563	3686	3809	3932	3931	3930	3929	3806	3683
3685	3686	3809	3808	3561	3562	3563	3564	3687	3810	3933	3932	3931	3930	3807	3684
3686	3687	3810	3809	3562	3563	3564	3565	3688	3811	3934	3933	3932	3931	3808	3685
3687	3688	3811	3810	3563	3564	3565	3566	3689	3812	3935	3934	3933	3932	3809	3686
3691	3692	3815	3814	3567	3568	3569	3570	3693	3816	3939	3938	3937	3936	3813	3690
3692	3693	3816	3815	3568	3569	3570	3571	3694	3817	3940	3939	3938	3937	3814	3691
3693	3694	3817	3816	3569	3570	3571	3572	3695	3818	3941	3940	3939	3938	3815	3692
3694	3695	3818	3817	3570	3571	3572	3573	3696	3819	3942	3941	3940	3939	3816	3693
3695	3696	3819	3818	3571	3572	3573	3574	3697	3820	3943	3942	3941	3940	3817	3694
3696	3697	3820	3819	3572	3573	3574	3575	3698	3821	3944	3943	3942	3941	3818	3695
3697	3698	3821	3820	3573	3574	3575	3576	3699	3822	3945	3944	3943	3942	3819	3696
3698	3699	3822	3821	3574	3575	3576	3577	3700	3823	3946	3945	3944	3943	3820	3697
3699	3700	3823	3822	3575	3576	3577	3578	3701	3824	3947	3946	3945	3944	3821	3698
3700	3701	3824	3823	3576	3577	3578	3579	3702	3825	3948	3947	3946	3945	3822	3699
3701	3702	3825	3824	3577	3578	3579	3580	3703	3826	3949	3948	3947	3946	3823	3700
3702	3703	3826	3825	3578	3579	3580	3581	3704	3827	3950	3949	3948	3947	3824	3701
3703	3704	3827	3826	3579	3580	3581	3582	3705	3828	3951	3950	3949	3948	3825	3702
3704	3705	3828	3827	3580	3581	3582	3583	3706	3829	3952	3951	3950	3949	3826	3703
3705	3706	3829	3828	3581	3582	3583	3584	3707	3830	3953	3952	3951	3950	3827	3704
3706	3707	3830	3829	3582	3583	3584	3585	3708	3831	3954	3953	3952	3951	3828	3705
3707	3708	3831	3830	3583	3584	3585	3586	3709	3832	3955	3954	3953	3952	3829	3706
3708	3709	3832	3831	3584	3585	3586	3587	3710	3833	3956	3955	3954	3953	3830	3707
3709	3710	3833	3832	3585	3586	3587	3588	3711	3834	3957	3956	3955	3954	3831	3708
3710	3711	3834	3833	3586	3587	3588	3589	3712	3835	3958	3957	3956	3955	3832	3709
3711	3712	3835	3834	3587	3588	3589	3590	3713	3836	3959	3958	3957	3956	3833	3710
3712	3713	3836	3835	3588	3589	3590	3591	3714	3837	3960	3959	3958	3957	3834	3711
3713	3714	3837	3836	3589	3590	3591	3592	3715	3838	3961	3960	3959	3958	3835	3712
3714	3715	3838	3837	3590	3591	3592	3593	3716	3839	3962	3961	3960	3959	3836	3713
3715	3716	3839	3838	3591	3592	3593	3594	3717	3840	3963	3962	3961	3960	3837	3714
3716	3717	3840	3839	3592	3593	3594	3595	3718	3841	3964	3963	3962	3961	3838	3715
3717	3718	3841	3840	3593	3594	3595	3596	3719	3842	3965	3964	3963	3962	3839	3716
3718	3719	3842	3841	3594	3595	3596	3597	3720	3843	3966	3965	3964	3963	3840	3717
3719	3720	3843	3842	3595	3596	3597	3598	3721	3844	3967	3966	3965	3964	3841	3718
3720	3721	3844	3843	3596	3597	3598	3599	3722	3845	3968	3967	3966	3965	3842	3719
3721	3722	3845	3844	3597	3598	3599	3600	3723	3846	3969	3968	3967	3966	3843	3720
3722	3723	3846	3845	3598	3599	3600	3601	3724	3847	3970	3969	3968	3967	3844	3721
3723	3724	3847	3846	3599	3600	3601	3602	3725	3848	3971	3970	3969	3968	3845	3722
3724	3725	3848	3847	3600	3601	3602	3603	3726	3849	3972	3971	3970	3969	3846	3723
3725	3726	3849	3848	3601	3602	3603	3604	3727	3850	3973	3972	3971	3970	3847	3724
3726	3727	3850	3849	3602	3603	3604	3605	3728	3851	3974	3973	3972	3971	3848	3725
3727	3728	3851	3850	3603	3604	3605	3606	3729	3852	3975	3974	3973	3972	3849	3726
3728	3729	3852	3851	3604	3605	3606	3607	3730	3853	3976	3975	3974	3973	3850	3727
3729	3730	3853	3852	3605	3606	3607	3608	3731	3854	3977	3976	3975	3974	3851	3728
3730	3731	3854	3853	3606	3607	3608	3609	3732	3855	3978	3977	3976	3975	3852	3729
3731	3732	3855	3854	3607	3608	3609	3610	3733	3856	3979	3978	3977	3976	3853	3730
3732	3733	3856	3855	3608	3609	3610	3611	3734	3857	3980	3979	3978	3977	3854	3731
3733	3734	3857	3856	3609	3610	3611	3612	3735	3858	3981	3980	3979	3978	3855	3732
3734	3735	3858	3857	3610	3611	3612	3613	3736	3859	3982	3981	3980	3979	3856	3733
3735	3736	3859	3858	3611	3612	3613	3614	3737	3860	3983	3982	3981	3980	3857	3734
3736	3737	3860	3859	3612	3613	3614	3615	3738	3861	3984	3983	3982	3981	3858	3735
3737	3738	3861	3860	3613	3614	3615	3616	3739	3862	3985	3984	3983	3982	3859	3736
3738	3739	3862	3861	3614	3615	3616	3617	3740	3863	3986	3985	3984	3983	3860	3737
3739	3740	3863	3862	3615	3616	3617	3618	3741	3864	3987	3986	3985	3984	3861	3738
3740	3741	3864	3863	3616	3617	3618	3619	3742	3865	3988	3987	3986	3985	3862	3739
3741	3742	3865	3864	3617	3618	3619	3620	3743	3866	3989	3988	3987	3986	3863	3740
3742	3743	3866	3865	3618	3619	3620	3621	3744	3867	3990	3989	3988	3987	3864	3741
3743	3744	3867	3866	3619	3620	3621	3622	3745	3868	3991	3990	3989	3988	3865	3742
3744	3745	3868	3867	3620	3621	3622	3623	3746	3869	3992	3991	3990	3989	3866	3743
3745	3746	3869	3868	3621	3622	3623	3624	3747	3870	3993	3992	3991	3990	3867	3744
3746	3747	3870	3869	3622	3623	3624	3625	3748	3871	3994	3993	3992	3991	3868	3745
3747	3748	3871	3870	3623	3624	3625	3626	3749	3872	3995	3994	3993	3992	3869	3746
3748	3749	3872	3871	3624	3625	3626	3627	3750	3873	3996	3995	3994	3993	3870	3747
3749	3750	3873	3872	3625	3626	3627	3628	3751	3874	3997	3996	3995	3994	3871	3748
3750	3751	3874	3873	3626	3627	3628	3629	3752	3875	3998	3997	3996	3995	3872	3749
3751	3752	3875	3874	3627	3628	3629	3630	3753	3876	3999	3998	3997	3996	3873	3750
3752	3753	3876	3875	3628	3629	3630	3631	3754	3877	4000	3999	3998	3997	3874	3751
3753	3754	3877	3876	3629	3630	3631	3632	3755	3878	4001	4000	3999	3998	3875	3752
3754	3755	3878	3877	3630	3631	3632	3633	3756	3879	4002	4001	4000	3999	3876	3753
3755	3756	3879	3878	3631	3632	3633	3634	3757	3880	4003	4002	4001	4000	3877	3754
3756	3757	3880	3879	3632	3633	3634	3635	3758	3881	4004	4003	4002	4001	3878	3755
3757	3758	3881	3880	3633	3634	3635	3636	3759	3882	4005	4004	4003	4002	3879	3756
3758	3759	3882	3881	3634	3635	3636	3637	3760	3883	4006	4005	4004	4003	3880	3757
3759	3760	3883	3882	3635	3636	3637	3638	3761	3884	4007	4006	4005	4004	3881	3758
3760	3761	3884	3883	3636	3637	3638	3639	3762	3885	4008	4007	4006	4005	3882	3759
3761	3762	3885	3884	3637	3638	3639	3640	3763	3886	4009	4008	4007	4006	3883	3760
3762	3763	3886	3885	3638	3639	3640	3641	3764	3887	4010	4009	4008	4007	3884	3761
3763	3764	3887	3886	3639	3640	3641	3642	3765	3888	4011	4010	4009	4008	3885	3762
3764	3765	3888	3887	3640	3641	3642	3643	3766	3889	4012	4011	4010	4009	3886	3763
3765	3766	3889	3888	3641	3642	3643	3644	3767	3890	4013	4012	4011	4010	3887	3764
3766	3767	3890	3889	3642	3643	3644	3645	3768	3891	4014	4013	4012	4011	3888	3765
3767	3768	3891	3890	3643	3644	3645	3646	3769	3892	4015	4014	4013	4012	3889	3766
3768	3769	3892	3891	3644	3645	3646	3647	3770	3893	4016	4015	4014	4013	3890	3767
3769	3770	3893	3892	3645	3646	3647	3648	3771	3894	4017	4016	4015	4014	3891	3768
3770	3771	3894	3893	3646	3647	3648	3649	3772	3895	4018	4017	4016	4015	3892	3769
3771	3772	3895	3894	3647	3648	3649	3650	3773	3896	4019	4018	4017	4016	3893	3770
3772	3773	3896	3895	3648	3649	3650	3651	3774	3897	4020	4019	4018	4017	3894	3771
3773	3774	3897	3896	3649	3650	3651	3652	3775	3898	4021	4020	4019	4018	3895	3772
3774	3775	3898	3897	3650	3651	3652	3653	3776	3899	4022	4021	4020	4019	3896	3773
3775	3776	3899	3898	3651	3652	3653	3654	3777	3900	4023	4022	4021	4020	3897	3774
3776	3777	3900	3899	3652	3653	3654	3655	3778	3901	4024	4023	4022	4021	3898	3775
3777	3778	3901	3900	3653	3654	3655	3656	3779	3902	4025	4024	4023	4022	3899	3776
3778	3779	3902	3901	3654	3655	3656	3657	3780	3903	4026	4025	4024	4023	3900	3777
3779	3780	3903	3902	3655	3656	3657	3658	3781	3904	4027	4026	4025	4024	3901	3778
3780	3781	3904	3903	3656	3657	3658	3659	3782	3905	4028	4027	4026	4025	3902	3779
3781	3782	3905	3904	3657	3658	3659	3660	3783	3906	4029	4028	4027	4026	3903	3780
3782	3783	3906	3905	3658	3659	3660	3661	3784	3907	4030	4029	4028	4027	3904	3781
3783	3784	3907	3906	3659	3660	3661	3662	3785	3908	4031	4030	4029	4028	3905	3782
3784	3785	3908	3907	3660	3661	3662	3663	3786	3909	4032	4031	4030	4029	3906	3783
3785	3786	3909	3908	3661	3662	3663	3664	3787	3910	4033	4032	4031	4030	3907	3784
3786	3787	3910	3909	3662	3663	3664	3665	3788	3911	4034	4033	4032	4031	3908	3785
3787	3788	3911	3910	3663	3664	3665	3666	3789	3912	4035	4034	4033	4032	3909	3786
3788	3789	3912	3911	3664	3665	3666	3667	3790	3913	4036	4035	4034	4033	3910	3787
3789	3790	3913	3912	3665	3666	3667	3668	3791	3914	4037	4036	4035	4034	3911	3788
3790	3791	3914	3913	3666	3667	3668	3669	3792	3915	4038	4037	4036	4035	3912	3789
3791	3792	3915	3914	3667	3668	3669	3670	3793	3916	4039	4038	4037	4036	3913	3790
3792	3793	3916	3915	3668	3669	3670	3671	3794	3917	4040	4039	4038	4037	3914	3791
3793	3794	3917	3916	3669	3670	3671	3672	3795	3918	4041	4040	4039	4038	3915	3792
3794	3795	3918	3917	3670	3671	3672	3673	3796	3919	4042	4041	4040	4039	3916	3793
3795	3796	3919	3918	3671	3672	3673	3674	3797	3920	4043	4042	4041	4040	3917	3794
3796	3797	3920	3919	3672	3673	3674	3675	3798	3921	4044	4043	4042	4041	3918	3795
3797	3798	3921	3920	3673	3674	3675	3676	3799	3922	4045	4044	4043	4042	3919	3796
3798	3799	3922	3921	3674	3675	3676	3677	3800	3923	4046	4045	4044	4043	3920	3797
3799	3800	3923	3922	3675	3676	3677	3678	3801	3924	4047	4046	4045	4044	3921	3798
3800	3801	3924	3923	3676	3677	3678	3679	3802	3925	4048	4047	4046	4045	3922	3799
3801	3802	3925	3924	3677	3678	3679	3680	3803	3926	4049	4048	4047	4046	3923	3800
3802	3803	3926	3925	3678	3679	3680	3681	3804	3927	4050	4049	4048	4047	3924	3801
3803	3804	3927	3926	3679	3680	3681	3682	3805	3928	4051	4050	4049	4048	3925	3802
3804	3805	3928	3927	3680	3681	3682	3683	3806	3929	4052	4051	4050	4049	3926	3803
3805	3806	3929	3928	3681	3682	3683	3684	3807	3930	4053	4052	4051	4050	3927	3804
3806	3807	3930	3929	3682	3683	3684	3685	3808	3931	4054	4053	4052	4051	3928	3805
3807	3808	3931	3930	3683	3684	3685	3686	3809	3932	4055	4054	4053	4052	3929	3806
3808	3809	3932	3931	3684	3685	3686	3687	3810	3933	4056	4055	4054	4053	3930	3807
3809	3810	3933	3932	3685	3686	3687	3688	3811	3934	4057	4056	4055	4054	3931	3808
3810	3811	3934	3933	3686	3687	3688	3689	3812	3935	4058	4057	4056	4055	3932	3809
3814	3815	3938	3937	3690	3691	3692	3693	3816	3939	4062	4061	4060	4059	3936	3813
3815	3816	3939	3938	3691	3692	3693	3694	3817	3940	4063	4062	4061	4060	3937	3814
3816	3817	3940	3939	3692	3693	3694	3695	3818	3941	4064	4063	4062	4061	3938	3815
3817	3818	3941	3940	3693	3694	3695	3696	3819	3942	4065	4064	4063	4062	3939	3816
3818	3819	3942	3941	3694	3695	3696	3697	3820	3943	4066	4065	4064	4063	3940	3817
3819	3820	3943	3942	3695	3696	3697	3698	3821	3944	4067	4066	4065	4064	3941	3818
3820	3821	3944	3943	3696	3697	3698	3699	3822	3945	4068	4067	4066	4065	3942	3819
3821	3822	3945	3944	3697	3698	3699	3700	3823	3946	4069	4068	4067	4066	3943	3820
3822	3823	3946	3945	3698	3699	3700	3701	3824	3947	4070	4069	4068	4067	3944	3821
3823	3824	3947	3946	3699	3700	3701	3702	3825	3948	4071	4070	4069	4068	3945	3822
3824	3825	3948	3947	3700	3701	3702	3703	3826	3949	4072	4071	4070	4069	3946	3823
3825	3826	3949	3948	3701	3702	3703	3704	3827	3950	4073	4072	4071	4070	3947	3824
3826	3827	3950	3949	3702	3703	3704	3705	3828	3951	4074	4073	4072	4071	3948	3825
3827	3828	3951	3950	3703	3704	3705	3706	3829	3952	4075	4074	4073	4072	3949	3826
3828	3829	3952	3951	3704	3705	3706	3707	3830	3953	4076	4075	4074	4073	3950	3827
3829	3830	3953	3952	3705	3706	3707	3708	3831	3954	4077	4076	4075	4074	3951	3828
3830	3831	3954	3953	3706	3707	3708	3709	3832	3955	4078	4077	4076	4075	3952	3829
3831	3832	3955	3954	3707	3708	3709	3710	3833	3956	4079	4078	4077	4076	3953	3830
3832	3833	3956	3955	3708	3709	3710	3711	3834	3957	4080	4079	4078	4077	3954	3831
3833	3834	3957	3956	3709	3710	3711	3712	3835	3958	4081	4080	4079	4078	3955	3832
3834	3835	3958	3957	3710	3711	3712	3713	3836	3959	4082	4081	4080	4079	3956	3833
3835	3836	3959	3958	3711	3712	3713	3714	3837	3960	4083	4082	4081	4080	3957	3834
3836	3837	3960	3959	3712	3713	3714	3715	3838	3961	4084	4083	4082	4081	3958	3835
3837	3838	3961	3960	3713	3714	3715	3716	3839	3962	4085	4084	4083	4082	3959	3836
3838	3839	3962	3961	3714	3715	3716	3717	3840	3963	4086	4085	4084	4083	3960	3837
3839	3840	3963	3962	3715	3716	3717	3718	3841	3964	4087	4086	4085	4084	3961	3838
3840	3841	3964	3963	3716	3717	3718	3719	3842	3965	4088	4087	4086	4085	3962	3839
3841	3842	3965	3964	3717	3718	3719	3720	3843	3966	4089	4088	4087	4086	3963	3840
3842	3843	3966	3965	3718	3719	3720	3721	3844	3967	4090	4089	4088	4087	3964	3841
3843	3844	3967	3966	3719	3720	3721	3722	3845	3968	4091	4090	4089	4088	3965	3842
3844	3845	3968	3967	3720	3721	3722	3723	3846	3969	4092	4091	4090	4089	3966	3843
3845	3846	3969	3968	3721	3722	3723	3724	3847	3970	4093	4092	4091	4090	3967	3844
3846	3847	3970	3969	3722	3723	3724	3725	3848	3971	4094	4093	4092	4091	3968	3845
3847	3848	3971	3970	3723	3724	3725	3726	3849	3972	4095	4094	4093	4092	3969	3846
3848	3849	3972	3971	3724	3725	3726	3727	3850	3973	4096	4095	4094	4093	3970	3847
3849	3850	3973	3972	3725	3726	3727	3728	3851	3974	4097	4096	4095	4094	3971	3848
3850	3851	3974	3973	3726	3727	3728	3729	3852	3975	4098	4097	4096	4095	3972	3849
3851	3852	3975	3974	3727	3728	3729	3730	3853	3976	4099	4098	4097	4096	3973	3850
3852	3853	3976	3975	3728	3729	3730	3731	3854	3977	4100	4099	4098	4097	3974	3851
3853	3854	3977	3976	3729	3730	3731	3732	3855	3978	4101	4100	4099	4098	3975	3852
3854	3855	3978	3977	3730	3731	3732	3733	3856	3979	4102	4101	4100	4099	3976	3853
3855	3856	3979	3978	3731	3732	3733	3734	3857	3980	4103	4102	4101	4100	3977	3854
3856	3857	3980	3979	3732	3733	3734	3735	3858	3981	4104	4103	4102	4101	3978	3855
3857	3858	3981	3980	3733	3734	3735	3736	3859	3982	4105	4104	4103	4102	3979	3856
3858	3859	3982	3981	3734	3735	3736	3737	3860	3983	4106	4105	4104	4103	3980	3857
3859	3860	3983	3982	3735	3736	3737	3738	3861	3984	4107	4106	4105	4104	3981	3858
3860	3861	3984	3983	3736	3737	3738	3739	3862	3985	4108	4107	4106	4105	3982	3859
3861	3862	3985	3984	3737	3738	3739	3740	3863	3986	4109	4108	4107	4106	3983	3860
3862	3863	3986	3985	3738	3739	3740	3741	3864	3987	4110	4109	4108	4107	3984	3861
3863	3864	3987	3986	3739	3740	3741	3742	3865	3988	4111	4110	4109	4108	3985	3862
3864	3865	3988	3987	3740	3741	3742	3743	3866	3989	4112	4111	4110	4109	3986	3863
3865	3866	3989	3988	3741	3742	3743	3744	3867	3990	4113	4112	4111	4110	3987	3864
3866	3867	3990	3989	3742	3743	3744	3745	3868	3991	4114	4113	4112	4111	3988	3865
3867	3868	3991	3990	3743	3744	3745	3746	3869	3992	4115	4114	4113	4112	3989	3866
3868	3869	3992	3991	3744	3745	3746	3747	3870	3993	4116	4115	4114	4113	3990	3867
3869	3870	3993	3992	3745	3746	3747	3748	3871	3994	4117	4116	4115	4114	3991	3868
3870	3871	3994	3993	3746	3747	3748	3749	3872	3995	4118	4117	4116	4115	3992	3869
3871	3872	3995	3994	3747	3748	3749	3750	3873	3996	4119	4118	4117	4116	3993	3870
3872	3873	3996	3995	3748	3749	3750	3751	3874	3997	4120	4119	4118	4117	3994	3871
3873	3874	3997	3996	3749	3750	3751	3752	3875	3998	4121	4120	4119	4118	3995	3872
3874	3875	3998	3997	3750	3751	3752	3753	3876	3999	4122	4121	4120	4119	3996	3873
3875	3876	3999	3998	3751	3752	3753	3754	3877	4000	4123	4122	4121	4120	3997	3874
3876	3877	4000	3999	3752	3753	3754	3755	3878	4001	4124	4123	4122	4121	3998	3875
3877	3878	4001	4000	3753	3754	3755	3756	3879	4002	4125	4124	4123	4122	3999	3876
3878	3879	4002	4001	3754	3755	3756	3757	3880	4003	4126	4125	4124	4123	4000	3877
3879	3880	4003	4002	3755	3756	3757	3758	3881	4004	4127	4126	4125	4124	4001	3878
3880	3881	4004	4003	3756	3757	3758	3759	3882	4005	4128	4127	4126	4125	4002	3879
3881	3882	4005	4004	3757	3758	3759	3760	3883	4006	4129	4128	4127	4126	4003	3880
3882	3883	4006	4005	3758	3759	3760	3761	3884	4007	4130	4129	4128	4127	4004	3881
3883	3884	4007	4006	3759	3760	3761	3762	3885	4008	4131	4130	4129	4128	4005	3882
3884	3885	4008	4007	3760	3761	3762	3763	3886	4009	4132	4131	4130	4129	4006	3883
3885	3886	4009	4008	3761	3762	3763	3764	3887	4010	4133	4132	4131	4130	4007	3884
3886	3887	4010	4009	3762	3763	3764	3765	3888	4011	4134	4133	4132	4131	4008	3885
3887	3888	4011	4010	3763	3764	3765	3766	3889	4012	4135	4134	4133	4132	4009	3886
3888	3889	4012	4011	3764	3765	3766	3767	3890	4013	4136	4135	4134	4133	4010	3887
3889	3890	4013	4012	3765	3766	3767	3768	3891	4014	4137	4136	4135	4134	4011	3888
3890	3891	4014	4013	3766	3767	3768	3769	3892	4015	4138	4137	4136	4135	4012	3889
3891	3892	4015	4014	3767	3768	3769	3770	3893	4016	4139	4138	4137	4136	4013	3890
3892	3893	4016	4015	3768	3769	3770	3771	3894	4017	4140	4139	4138	4137	4014	3891
3893	3894	4017	4016	3769	3770	3771	3772	3895	4018	4141	4140	4139	4138	4015	3892
3894	3895	4018	4017	3770	3771	3772	3773	3896	4019	4142	4141	4140	4139	4016	3893
3895	3896	4019	4018	3771	3772	3773	3774	3897	4020	4143	4142	4141	4140	4017	3894
3896	3897	4020	4019	3772	3773	3774	3775	3898	4021	4144	4143	4142	4141	4018	3895
3897	3898	4021	4020	3773	3774	3775	3776	3899	4022	4145	4144	4143	4142	4019	3896
3898	3899	4022	4021	3774	3775	3776	3777	3900	4023	4146	4145	4144	4143	4020	3897
3899	3900	4023	4022	3775	3776	3777	3778	3901	4024	4147	4146	4145	4144	4021	3898
3900	3901	4024	4023	3776	3777	3778	3779	3902	4025	4148	4147	4146	4145	4022	3899
3901	3902	4025	4024	3777	3778	3779	3780	3903	4026	4149	4148	4147	4146	4023	3900
3902	3903	4026	4025	3778	3779	3780	3781	3904	4027	4150	4149	4148	4147	4024	3901
3903	3904	4027	4026	3779	3780	3781	3782	3905	4028	4151	4150	4149	4148	4025	3902
3904	3905	4028	4027	3780	3781	3782	3783	3906	4029	4152	4151	4150	4149	4026	3903
3905	3906	4029	4028	3781	3782	3783	3784	3907	4030	4153	4152	4151	4150	4027	3904
3906	3907	4030	4029	3782	3783	3784	3785	3908	4031	4154	4153	4152	4151	4028	3905
3907	3908	4031	4030	3783	3784	3785	3786	3909	4032	4155	4154	4153	4152	4029	3906
3908	3909	4032	4031	3784	3785	3786	3787	3910	4033	4156	4155	4154	4153	4030	3907
3909	3910	4033	4032	3785	3786	3787	3788	3911	4034	4157	4156	4155	4154	4031	3908
3910	3911	4034	4033	3786	3787	3788	3789	3912	4035	4158	4157	4156	4155	4032	3909
3911	3912	4035	4034	3787	3788	3789	3790	3913	4036	4159	4158	4157	4156	4033	3910
3912	3913	4036	4035	3788	3789	3790	3791	3914	4037	4160	4159	4158	4157	4034	3911
3913	3914	4037	4036	3789	3790	3791	3792	3915	4038	4161	4160	4159	4158	4035	3912
3914	3915	4038	4037	3790	3791	3792	3793	3916	4039	4162	4161	4160	4159	4036	3913
3915	3916	4039	4038	3791	3792	3793	3794	3917	4040	4163	4162	4161	4160	4037	3914
3916	3917	4040	4039	3792	3793	3794	3795	3918	4041	4164	4163	4162	4161	4038	3915
3917	3918	4041	4040	3793	3794	3795	3796	3919	4042	4165	4164	4163	4162	4039	3916
3918	3919	4042	4041	3794	3795	3796	3797	3920	4043	4166	4165	4164	4163	4040	3917
3919	3920	4043	4042	3795	3796	3797	3798	3921	4044	4167	4166	4165	4164	4041	3918
3920	3921	4044	4043	3796	3797	3798	3799	3922	4045	4168	4167	4166	4165	4042	3919
3921	3922	4045	4044	3797	3798	3799	3800	3923	4046	4169	4168	4167	4166	4043	3920
3922	3923	4046	4045	3798	3799	3800	3801	3924	4047	4170	4169	4168	4167	4044	3921
3923	3924	4047	4046	3799	3800	3801	3802	3925	4048	4171	4170	4169	4168	4045	3922
3924	3925	4048	4047	3800	3801	3802	3803	3926	4049	4172	4171	4170	4169	4046	3923
3925	3926	4049	4048	3801	3802	3803	3804	3927	4050	4173	4172	4171	4170	4047	3924
3926	3927	4050	4049	3802	3803	3804	3805	3928	4051	4174	4173	4172	4171	4048	3925
3927	3928	4051	4050	3803	3804	3805	3806	3929	4052	4175	4174	4173	4172	4049	3926
3928	3929	4052	4051	3804	3805	3806	3807	3930	4053	4176	4175	4174	4173	4050	3927
3929	3930	4053	4052	3805	3806	3807	3808	3931	4054	4177	4176	4175	4174	4051	3928
3930	3931	4054	4053	3806	3807	3808	3809	3932	4055	4178	4177	4176	4175	4052	3929
3931	3932	4055	4054	3807	3808	3809	3810	3933	4056	4179	4178	4177	4176	4053	3930
3932	3933	4056	4055	3808	3809	3810	3811	3934	4057	4180	4179	4178	4177	4054	3931
3933	3934	4057	4056	3809	3810	3811	3812	3935	4058	4181	4180	4179	4178	4055	3932
3937	3938	4061	4060	3813	3814	3815	3816	3939	4062	4185	4184	4183	4182	4059	3936
3938	3939	4062	4061	3814	3815	3816	3817	3940	4063	4186	4185	4184	4183	4060	3937
3939	3940	4063	4062	3815	3816	3817	3818	3941	4064	4187	4186	4185	4184	4061	3938
3940	3941	4064	4063	3816	3817	3818	3819	3942	4065	4188	4187	4186	4185	4062	3939
3941	3942	4065	4064	3817	3818	3819	3820	3943	4066	4189	4188	4187	4186	4063	3940
3942	3943	4066	4065	3818	3819	3820	3821	3944	4067	4190	4189	4188	4187	4064	3941
3943	3944	4067	4066	3819	3820	3821	3822	3945	4068	4191	4190	4189	4188	4065	3942
3944	3945	4068	4067	3820	3821	3822	3823	3946	4069	4192	4191	4190	4189	4066	3943
3945	3946	4069	4068	3821	3822	3823	3824	3947	4070	4193	4192	4191	4190	4067	3944
3946	3947	4070	4069	3822	3823	3824	3825	3948	4071	4194	4193	4192	4191	4068	3945
3947	3948	4071	4070	3823	3824	3825	3826	3949	4072	4195	4194	4193	4192	4069	3946
3948	3949	4072	4071	3824	3825	3826	3827	3950	4073	4196	4195	4194	4193	4070	3947
3949	3950	4073	4072	3825	3826	3827	3828	3951	4074	4197	4196	4195	4194	4071	3948
3950	3951	4074	4073	3826	3827	3828	3829	3952	4075	4198	4197	4196	4195	4072	3949
3951	3952	4075	4074	3827	3828	3829	3830	3953	4076	4199	4198	4197	4196	4073	3950
3952	3953	4076	4075	3828	3829	3830	3831	3954	4077	4200	4199	4198	4197	4074	3951
3953	3954	4077	4076	3829	3830	3831	3832	3955	4078	4201	4200	4199	4198	4075	3952
3954	3955	4078	4077	3830	3831	3832	3833	3956	4079	4202	4201	4200	4199	4076	3953
3955	3956	4079	4078	3831	3832	3833	3834	3957	4080	4203	4202	4201	4200	4077	3954
3956	3957	4080	4079	3832	3833	3834	3835	3958	4081	4204	4203	4202	4201	4078	3955
3957	3958	4081	4080	3833	3834	3835	3836	3959	4082	4205	4204	4203	4202	4079	3956
3958	3959	4082	4081	3834	3835	3836	3837	3960	4083	4206	4205	4204	4203	4080	3957
3959	3960	4083	4082	3835	3836	3837	3838	3961	4084	4207	4206	4205	4204	4081	3958
3960	3961	4084	4083	3836	3837	3838	3839	3962	4085	4208	4207	4206	4205	4082	3959
3961	3962	4085	4084	3837	3838	3839	3840	3963	4086	4209	4208	4207	4206	4083	3960
3962	3963	4086	4085	3838	3839	3840	3841	3964	4087	4210	4209	4208	4207	4084	3961
3963	3964	4087	4086	3839	3840	3841	3842	3965	4088	4211	4210	4209	4208	4085	3962
3964	3965	4088	4087	3840	3841	3842	3843	3966	4089	4212	4211	4210	4209	4086	3963
3965	3966	4089	4088	3841	3842	3843	3844	3967	4090	4213	4212	4211	4210	4087	3964
3966	3967	4090	4089	3842	3843	3844	3845	3968	4091	4214	4213	4212	4211	4088	3965
3967	3968	4091	4090	3843	3844	3845	3846	3969	4092	4215	4214	4213	4212	4089	3966
3968	3969	4092	4091	3844	3845	3846	3847	3970	4093	4216	4215	4214	4213	4090	3967
3969	3970	4093	4092	3845	3846	3847	3848	3971	4094	4217	4216	4215	4214	4091	3968
3970	3971	4094	4093	3846	3847	3848	3849	3972	4095	4218	4217	4216	4215	4092	3969
3971	3972	4095	4094	3847	3848	3849	3850	3973	4096	4219	4218	4217	4216	4093	3970
3972	3973	4096	4095	3848	3849	3850	3851	3974	4097	4220	4219	4218	4217	4094	3971
3973	3974	4097	4096	3849	3850	3851	3852	3975	4098	4221	4220	4219	4218	4095	3972
3974	3975	4098	4097	3850	3851	3852	3853	3976	4099	4222	4221	4220	4219	4096	3973
3975	3976	4099	4098	3851	3852	3853	3854	3977	4100	4223	4222	4221	4220	4097	3974
3976	3977	4100	4099	3852	3853	3854	3855	3978	4101	4224	4223	4222	4221	4098	3975
3977	3978	4101	4100	3853	3854	3855	3856	3979	4102	4225	4224	4223	4222	4099	3976
3978	3979	4102	4101	3854	3855	3856	3857	3980	4103	4226	4225	4224	4223	4100	3977
3979	3980	4103	4102	3855	3856	3857	3858	3981	4104	4227	4226	4225	4224	4101	3978
3980	3981	4104	4103	3856	3857	3858	3859	3982	4105	4228	4227	4226	4225	4102	3979
3981	3982	4105	4104	3857	3858	3859	3860	3983	4106	4229	4228	4227	4226	4103	3980
3982	3983	4106	4105	3858	3859	3860	3861	3984	4107	4230	4229	4228	4227	4104	3981
3983	3984	4107	4106	3859	3860	3861	3862	3985	4108	4231	4230	4229	4228	4105	3982
3984	3985	4108	4107	3860	3861	3862	3863	3986	4109	4232	4231	4230	4229	4106	3983
3985	3986	4109	4108	3861	3862	3863	3864	3987	4110	4233	4232	4231	4230	4107	3984
3986	3987	4110	4109	3862	3863	3864	3865	3988	4111	4234	4233	4232	4231	4108	3985
3987	3988	4111	4110	3863	3864	3865	3866	3989	4112	4235	4234	4233	4232	4109	3986
3988	3989	4112	4111	3864	3865	3866	3867	3990	4113	4236	4235	4234	4233	4110	3987
3989	3990	4113	4112	3865	3866	3867	3868	3991	4114	4237	4236	4235	4234	4111	3988
3990	3991	4114	4113	3866	3867	3868	3869	3992	4115	4238	4237	4236	4235	4112	3989
3991	3992	4115	4114	3867	3868	3869	3870	3993	4116	4239	4238	4237	4236	4113	3990
3992	3993	4116	4115	3868	3869	3870	3871	3994	4117	4240	4239	4238	4237	4114	3991
3993	3994	4117	4116	3869	3870	3871	3872	3995	4118	4241	4240	4239	4238	4115	3992
3994	3995	4118	4117	3870	3871	3872	3873	3996	4119	4242	4241	4240	4239	4116	3993
3995	3996	4119	4118	3871	3872	3873	3874	3997	4120	4243	4242	4241	4240	4117	3994
3996	3997	4120	4119	3872	3873	3874	3875	3998	4121	4244	4243	4242	4241	4118	3995
3997	3998	4121	4120	3873	3874	3875	3876	3999	4122	4245	4244	4243	4242	4119	3996
3998	3999	4122	4121	3874	3875	3876	3877	4000	4123	4246	4245	4244	4243	4120	3997
3999	4000	4123	4122	3875	3876	3877	3878	4001	4124	4247	4246	4245	4244	4121	3998
4000	4001	4124	4123	3876	3877	3878	3879	4002	4125	4248	4247	4246	4245	4122	3999
4001	4002	4125	4124	3877	3878	3879	3880	4003	4126	4249	4248	4247	4246	4123	4000
4002	4003	4126	4125	3878	3879	3880	3881	4004	4127	4250	4249	4248	4247	4124	4001
4003	4004	4127	4126	3879	3880	3881	3882	4005	4128	4251	4250	4249	4248	4125	4002
4004	4005	4128	4127	3880	3881	3882	3883	4006	4129	4252	4251	4250	4249	4126	4003
4005	4006	4129	4128	3881	3882	3883	3884	4007	4130	4253	4252	4251	4250	4127	4004
4006	4007	4130	4129	3882	3883	3884	3885	4008	4131	4254	4253	4252	4251	4128	4005
4007	4008	4131	4130	3883	3884	3885	3886	4009	4132	4255	4254	4253	4252	4129	4006
4008	4009	4132	4131	3884	3885	3886	3887	4010	4133	4256	4255	4254	4253	4130	4007
4009	4010	4133	4132	3885	3886	3887	3888	4011	4134	4257	4256	4255	4254	4131	4008
4010	4011	4134	4133	3886	3887	3888	3889	4012	4135	4258	4257	4256	4255	4132	4009
4011	4012	4135	4134	3887	3888	3889	3890	4013	4136	4259	4258	4257	4256	4133	4010
4012	4013	4136	4135	3888	3889	3890	3891	4014	4137	4260	4259	4258	4257	4134	4011
4013	4014	4137	4136	3889	3890	3891	3892	4015	4138	4261	4260	4259	4258	4135	4012
4014	4015	4138	4137	3890	3891	3892	3893	4016	4139	4262	4261	4260	4259	4136	4013
4015	4016	4139	4138	3891	3892	3893	3894	4017	4140	4263	4262	4261	4260	4137	4014
4016	4017	4140	4139	3892	3893	3894	3895	4018	4141	4264	4263	4262	4261	4138	4015
4017	4018	4141	4140	3893	3894	3895	3896	4019	4142	4265	4264	4263	4262	4139	4016
4018	4019	4142	4141	3894	3895	3896	3897	4020	4143	4266	4265	4264	4263	4140	4017
4019	4020	4143	4142	3895	3896	3897	3898	4021	4144	4267	4266	4265	4264	4141	4018
4020	4021	4144	4143	3896	3897	3898	3899	4022	4145	4268	4267	4266	4265	4142	4019
4021	4022	4145	4144	3897	3898	3899	3900	4023	4146	4269	4268	4267	4266	4143	4020
4022	4023	4146	4145	3898	3899	3900	3901	4024	4147	4270	4269	4268	4267	4144	4021
4023	4024	4147	4146	3899	3900	3901	3902	4025	4148	4271	4270	4269	4268	4145	4022
4024	4025	4148	4147	3900	3901	3902	3903	4026	4149	4272	4271	4270	4269	4146	4023
4025	4026	4149	4148	3901	3902	3903	3904	4027	4150	4273	4272	4271	4270	4147	4024
4026	4027	4150	4149	3902	3903	3904	3905	4028	4151	4274	4273	4272	4271	4148	4025
4027	4028	4151	4150	3903	3904	3905	3906	4029	4152	4275	4274	4273	4272	4149	4026
4028	4029	4152	4151	3904	3905	3906	3907	4030	4153	4276	4275	4274	4273	4150	4027
4029	4030	4153	4152	3905	3906	3907	3908	4031	4154	4277	4276	4275	4274	4151	4028
4030	4031	4154	4153	3906	3907	3908	3909	4032	4155	4278	4277	4276	4275	4152	4029
4031	4032	4155	4154	3907	3908	3909	3910	4033	4156	4279	4278	4277	4276	4153	4030
4032	4033	4156	4155	3908	3909	3910	3911	4034	4157	4280	4279	4278	4277	4154	4031
4033	4034	4157	4156	3909	3910	3911	3912	4035	4158	4281	4280	4279	4278	4155	4032
4034	4035	4158	4157	3910	3911	3912	3913	4036	4159	4282	4281	4280	4279	4156	4033
4035	4036	4159	4158	3911	3912	3913	3914	4037	4160	4283	4282	4281	4280	4157	4034
4036	4037	4160	4159	3912	3913	3914	3915	4038	4161	4284	4283	4282	4281	4158	4035
4037	4038	4161	4160	3913	3914	3915	3916	4039	4162	4285	4284	4283	4282	4159	4036
4038	4039	4162	4161	3914	3915	3916	3917	4040	4163	4286	4285	4284	4283	4160	4037
4039	4040	4163	4162	3915	3916	3917	3918	4041	4164	4287	4286	4285	4284	4161	4038
4040	4041	4164	4163	3916	3917	3918	3919	4042	4165	4288	4287	4286	4285	4162	4039
4041	4042	4165	4164	3917	3918	3919	3920	4043	4166	4289	4288	4287	4286	4163	4040
4042	4043	4166	4165	3918	3919	3920	3921	4044	4167	4290	4289	4288	4287	4164	4041
4043	4044	4167	4166	3919	3920	3921	3922	4045	4168	4291	4290	4289	4288	4165	4042
4044	4045	4168	4167	3920	3921	3922	3923	4046	4169	4292	4291	4290	4289	4166	4043
4045	4046	4169	4168	3921	3922	3923	3924	4047	4170	4293	4292	4291	4290	4167	4044
4046	4047	4170	4169	3922	3923	3924	3925	4048	4171	4294	4293	4292	4291	4168	4045
4047	4048	4171	4170	3923	3924	3925	3926	4049	4172	4295	4294	4293	4292	4169	4046
4048	4049	4172	4171	3924	3925	3926	3927	4050	4173	4296	4295	4294	4293	4170	4047
4049	4050	4173	4172	3925	3926	3927	3928	4051	4174	4297	4296	4295	4294	4171	4048
4050	4051	4174	4173	3926	3927	3928	3929	4052	4175	4298	4297	4296	4295	4172	4049
4051	4052	4175	4174	3927	3928	3929	3930	4053	4176	4299	4298	4297	4296	4173	4050
4052	4053	4176	4175	3928	3929	3930	3931	4054	4177	4300	4299	4298	4297	4174	4051
4053	4054	4177	4176	3929	3930	3931	3932	4055	4178	4301	4300	4299	4298	4175	4052
4054	4055	4178	4177	3930	3931	3932	3933	4056	4179	4302	4301	4300	4299	4176	4053
4055	4056	4179	4178	3931	3932	3933	3934	4057	4180	4303	4302	4301	4300	4177	4054
4056	4057	4180	4179	3932	3933	3934	3935	4058	4181	4304	4303	4302	4301	4178	4055
4060	4061	4184	4183	3936	3937	3938	3939	4062	4185	4308	4307	4306	4305	4182	4059
4061	4062	4185	4184	3937	3938	3939	3940	4063	4186	4309	4308	4307	4306	4183	4060
4062	4063	4186	4185	3938	3939	3940	3941	4064	4187	4310	4309	4308	4307	4184	4061
4063	4064	4187	4186	3939	3940	3941	3942	4065	4188	4311	4310	4309	4308	4185	4062
4064	4065	4188	4187	3940	3941	3942	3943	4066	4189	4312	4311	4310	4309	4186	4063
4065	4066	4189	4188	3941	3942	3943	3944	4067	4190	4313	4312	4311	4310	4187	4064
4066	4067	4190	4189	3942	3943	3944	3945	4068	4191	4314	4313	4312	4311	4188	4065
4067	4068	4191	4190	3943	3944	3945	3946	4069	4192	4315	4314	4313	4312	4189	4066
4068	4069	4192	4191	3944	3945	3946	3947	4070	4193	4316	4315	4314	4313	4190	4067
4069	4070	4193	4192	3945	3946	3947	3948	4071	4194	4317	4316	4315	4314	4191	4068
4070	4071	4194	4193	3946	3947	3948	3949	4072	4195	4318	4317	4316	4315	4192	4069
4071	4072	4195	4194	3947	3948	3949	3950	4073	4196	4319	4318	4317	4316	4193	4070
4072	4073	4196	4195	3948	3949	3950	3951	4074	4197	4320	4319	4318	4317	4194	4071
4073	4074	4197	4196	3949	3950	3951	3952	4075	4198	4321	4320	4319	4318	4195	4072
4074	4075	4198	4197	3950	3951	3952	3953	4076	4199	4322	4321	4320	4319	4196	4073
4075	4076	4199	4198	3951	3952	3953	3954	4077	4200	4323	4322	4321	4320	4197	4074
4076	4077	4200	4199	3952	3953	3954	3955	4078	4201	4324	4323	4322	4321	4198	4075
4077	4078	4201	4200	3953	3954	3955	3956	4079	4202	4325	4324	4323	4322	4199	4076
4078	4079	4202	4201	3954	3955	3956	3957	4080	4203	4326	4325	4324	4323	4200	4077
4079	4080	4203	4202	3955	3956	3957	3958	4081	4204	4327	4326	4325	4324	4201	4078
4080	4081	4204	4203	3956	3957	3958	3959	4082	4205	4328	4327	4326	4325	4202	4079
4081	4082	4205	4204	3957	3958	3959	3960	4083	4206	4329	4328	4327	4326	4203	4080
4082	4083	4206	4205	3958	3959	3960	3961	4084	4207	4330	4329	4328	4327	4204	4081
4083	4084	4207	4206	3959	3960	3961	3962	4085	4208	4331	4330	4329	4328	4205	4082
4084	4085	4208	4207	3960	3961	3962	3963	4086	4209	4332	4331	4330	4329	4206	4083
4085	4086	4209	4208	3961	3962	3963	3964	4087	4210	4333	4332	4331	4330	4207	4084
4086	4087	4210	4209	3962	3963	3964	3965	4088	4211	4334	4333	4332	4331	4208	4085
4087	4088	4211	4210	3963	3964	3965	3966	4089	4212	4335	4334	4333	4332	4209	4086
4088	4089	4212	4211	3964	3965	3966	3967	4090	4213	4336	4335	4334	4333	4210	4087
4089	4090	4213	4212	3965	3966	3967	3968	4091	4214	4337	4336	4335	4334	4211	4088
4090	4091	4214	4213	3966	3967	3968	3969	4092	4215	4338	4337	4336	4335	4212	4089
4091	4092	4215	4214	3967	3968	3969	3970	4093	4216	4339	4338	4337	4336	4213	4090
4092	4093	4216	4215	3968	3969	3970	3971	4094	4217	4340	4339	4338	4337	4214	4091
4093	4094	4217	4216	3969	3970	3971	3972	4095	4218	4341	4340	4339	4338	4215	4092
4094	4095	4218	4217	3970	3971	3972	3973	4096	4219	4342	4341	4340	4339	4216	4093
4095	4096	4219	4218	3971	3972	3973	3974	4097	4220	4343	4342	4341	4340	4217	4094
4096	4097	4220	4219	3972	3973	3974	3975	4098	4221	4344	4343	4342	4341	4218	4095
4097	4098	4221	4220	3973	3974	3975	3976	4099	4222	4345	4344	4343	4342	4219	4096
4098	4099	4222	4221	3974	3975	3976	3977	4100	4223	4346	4345	4344	4343	4220	4097
4099	4100	4223	4222	3975	3976	3977	3978	4101	4224	4347	4346	4345	4344	4221	4098
4100	4101	4224	4223	3976	3977	3978	3979	4102	4225	4348	4347	4346	4345	4222	4099
4101	4102	4225	4224	3977	3978	3979	3980	4103	4226	4349	4348	4347	4346	4223	4100
4102	4103	4226	4225	3978	3979	3980	3981	4104	4227	4350	4349	4348	4347	4224	4101
4103	4104	4227	4226	3979	3980	3981	3982	4105	4228	4351	4350	4349	4348	4225	4102
4104	4105	4228	4227	3980	3981	3982	3983	4106	4229	4352	4351	4350	4349	4226	4103
4105	4106	4229	4228	3981	3982	3983	3984	4107	4230	4353	4352	4351	4350	4227	4104
4106	4107	4230	4229	3982	3983	3984	3985	4108	4231	4354	4353	4352	4351	4228	4105
4107	4108	4231	4230	3983	3984	3985	3986	4109	4232	4355	4354	4353	4352	4229	4106
4108	4109	4232	4231	3984	3985	3986	3987	4110	4233	4356	4355	4354	4353	4230	4107
4109	4110	4233	4232	3985	3986	3987	3988	4111	4234	4357	4356	4355	4354	4231	4108
4110	4111	4234	4233	3986	3987	3988	3989	4112	4235	4358	4357	4356	4355	4232	4109
4111	4112	4235	4234	3987	3988	3989	3990	4113	4236	4359	4358	4357	4356	4233	4110
4112	4113	4236	4235	3988	3989	3990	3991	4114	4237	4360	4359	4358	4357	4234	4111
4113	4114	4237	4236	3989	3990	3991	3992	4115	4238	4361	4360	4359	4358	4235	4112
4114	4115	4238	4237	3990	3991	3992	3993	4116	4239	4362	4361	4360	4359	4236	4113
4115	4116	4239	4238	3991	3992	3993	3994	4117	4240	4363	4362	4361	4360	4237	4114
4116	4117	4240	4239	3992	3993	3994	3995	4118	4241	4364	4363	4362	4361	4238	4115
4117	4118	4241	4240	3993	3994	3995	3996	4119	4242	4365	4364	4363	4362	4239	4116
4118	4119	4242	4241	3994	3995	3996	3997	4120	4243	4366	4365	4364	4363	4240	4117
4119	4120	4243	4242	3995	3996	3997	3998	4121	4244	4367	4366	4365	4364	4241	4118
4120	4121	4244	4243	3996	3997	3998	3999	4122	4245	4368	4367	4366	4365	4242	4119
4121	4122	4245	4244	3997	3998	3999	4000	4123	4246	4369	4368	4367	4366	4243	4120
4122	4123	4246	4245	3998	3999	4000	4001	4124	4247	4370	4369	4368	4367	4244	4121
4123	4124	4247	4246	3999	4000	4001	4002	4125	4248	4371	4370	4369	4368	4245	4122
4124	4125	4248	4247	4000	4001	4002	4003	4126	4249	4372	4371	4370	4369	4246	4123
4125	4126	4249	4248	4001	4002	4003	4004	4127	4250	4373	4372	4371	4370	4247	4124
4126	4127	4250	4249	4002	4003	4004	4005	4128	4251	4374	4373	4372	4371	4248	4125
4127	4128	4251	4250	4003	4004	4005	4006	4129	4252	4375	4374	4373	4372	4249	4126
4128	4129	4252	4251	4004	4005	4006	4007	4130	4253	4376	4375	4374	4373	4250	4127
4129	4130	4253	4252	4005	4006	4007	4008	4131	4254	4377	4376	4375	4374	4251	4128
4130	4131	4254	4253	4006	4007	4008	4009	4132	4255	4378	4377	4376	4375	4252	4129
4131	4132	4255	4254	4007	4008	4009	4010	4133	4256	4379	4378	4377	4376	4253	4130
4132	4133	4256	4255	4008	4009	4010	4011	4134	4257	4380	4379	4378	4377	4254	4131
4133	4134	4257	4256	4009	4010	4011	4012	4135	4258	4381	4380	4379	4378	4255	4132
4134	4135	4258	4257	4010	4011	4012	4013	4136	4259	4382	4381	4380	4379	4256	4133
4135	4136	4259	4258	4011	4012	4013	4014	4137	4260	4383	4382	4381	4380	4257	4134
4136	4137	4260	4259	4012	4013	4014	4015	4138	4261	4384	4383	4382	4381	4258	4135
4137	4138	4261	4260	4013	4014	4015	4016	4139	4262	4385	4384	4383	4382	4259	4136
4138	4139	4262	4261	4014	4015	4016	4017	4140	4263	4386	4385	4384	4383	4260	4137
4139	4140	4263	4262	4015	4016	4017	4018	4141	4264	4387	4386	4385	4384	4261	4138
4140	4141	4264	4263	4016	4017	4018	4019	4142	4265	4388	4387	4386	4385	4262	4139
4141	4142	4265	4264	4017	4018	4019	4020	4143	4266	4389	4388	4387	4386	4263	4140
4142	4143	4266	4265	4018	4019	4020	4021	4144	4267	4390	4389	4388	4387	4264	4141
4143	4144	4267	4266	4019	4020	4021	4022	4145	4268	4391	4390	4389	4388	4265	4142
4144	4145	4268	4267	4020	4021	4022	4023	4146	4269	4392	4391	4390	4389	4266	4143
4145	4146	4269	4268	4021	4022	4023	4024	4147	4270	4393	4392	4391	4390	4267	4144
4146	4147	4270	4269	4022	4023	4024	4025	4148	4271	4394	4393	4392	4391	4268	4145
4147	4148	4271	4270	4023	4024	4025	4026	4149	4272	4395	4394	4393	4392	4269	4146
4148	4149	4272	4271	4024	4025	4026	4027	4150	4273	4396	4395	4394	4393	4270	4147
4149	4150	4273	4272	4025	4026	4027	4028	4151	4274	4397	4396	4395	4394	4271	4148
4150	4151	4274	4273	4026	4027	4028	4029	4152	4275	4398	4397	4396	4395	4272	4149
4151	4152	4275	4274	4027	4028	4029	4030	4153	4276	4399	4398	4397	4396	4273	4150
4152	4153	4276	4275	4028	4029	4030	4031	4154	4277	4400	4399	4398	4397	4274	4151
4153	4154	4277	4276	4029	4030	4031	4032	4155	4278	4401	4400	4399	4398	4275	4152
4154	4155	4278	4277	4030	4031	4032	4033	4156	4279	4402	4401	4400	4399	4276	4153
4155	4156	4279	4278	4031	4032	4033	4034	4157	4280	4403	4402	4401	4400	4277	4154
4156	4157	4280	4279	4032	4033	4034	4035	4158	4281	4404	4403	4402	4401	4278	4155
4157	4158	4281	4280	4033	4034	4035	4036	4159	4282	4405	4404	4403	4402	4279	4156
4158	4159	4282	4281	4034	4035	4036	4037	4160	4283	4406	4405	4404	4403	4280	4157
4159	4160	4283	4282	4035	4036	4037	4038	4161	4284	4407	4406	4405	4404	4281	4158
4160	4161	4284	4283	4036	4037	4038	4039	4162	4285	4408	4407	4406	4405	4282	4159
4161	4162	4285	4284	4037	4038	4039	4040	4163	4286	4409	4408	4407	4406	4283	4160
4162	4163	4286	4285	4038	4039	4040	4041	4164	4287	4410	4409	4408	4407	4284	4161
4163	4164	4287	4286	4039	4040	4041	4042	4165	4288	4411	4410	4409	4408	4285	4162
4164	4165	4288	4287	4040	4041	4042	4043	4166	4289	4412	4411	4410	4409	4286	4163
4165	4166	4289	4288	4041	4042	4043	4044	4167	4290	4413	4412	4411	4410	4287	4164
4166	4167	4290	4289	4042	4043	4044	4045	4168	4291	4414	4413	4412	4411	4288	4165
4167	4168	4291	4290	4043	4044	4045	4046	4169	4292	4415	4414	4413	4412	4289	4166
4168	4169	4292	4291	4044	4045	4046	4047	4170	4293	4416	4415	4414	4413	4290	4167
4169	4170	4293	4292	4045	4046	4047	4048	4171	4294	4417	4416	4415	4414	4291	4168
4170	4171	4294	4293	4046	4047	4048	4049	4172	4295	4418	4417	4416	4415	4292	4169
4171	4172	4295	4294	4047	4048	4049	4050	4173	4296	4419	4418	4417	4416	4293	4170
4172	4173	4296	4295	4048	4049	4050	4051	4174	4297	4420	4419	4418	4417	4294	4171
4173	4174	4297	4296	4049	4050	4051	4052	4175	4298	4421	4420	4419	4418	4295	4172
4174	4175	4298	4297	4050	4051	4052	4053	4176	4299	4422	4421	4420	4419	4296	4173
4175	4176	4299	4298	4051	4052	4053	4054	4177	4300	4423	4422	4421	4420	4297	4174
4176	4177	4300	4299	4052	4053	4054	4055	4178	4301	4424	4423	4422	4421	4298	4175
4177	4178	4301	4300	4053	4054	4055	4056	4179	4302	4425	4424	4423	4422	4299	4176
4178	4179	4302	4301	4054	4055	4056	4057	4180	4303	4426	4425	4424	4423	4300	4177
4179	4180	4303	4302	4055	4056	4057	4058	4181	4304	4427	4426	4425	4424	4301	4178
4183	4184	4307	4306	4059	4060	4061	4062	4185	4308	4431	4430	4429	4428	4305	4182
4184	4185	4308	4307	4060	4061	4062	4063	4186	4309	4432	4431	4430	4429	4306	4183
4185	4186	4309	4308	4061	4062	4063	4064	4187	4310	4433	4432	4431	4430	4307	4184
4186	4187	4310	4309	4062	4063	4064	4065	4188	4311	4434	4433	4432	4431	4308	4185
4187	4188	4311	4310	4063	4064	4065	4066	4189	4312	4435	4434	4433	4432	4309	4186
4188	4189	4312	4311	4064	4065	4066	4067	4190	4313	4436	4435	4434	4433	4310	4187
4189	4190	4313	4312	4065	4066	4067	4068	4191	4314	4437	4436	4435	4434	4311	4188
4190	4191	4314	4313	4066	4067	4068	4069	4192	4315	4438	4437	4436	4435	4312	4189
4191	4192	4315	4314	4067	4068	4069	4070	4193	4316	4439	4438	4437	4436	4313	4190
4192	4193	4316	4315	4068	4069	4070	4071	4194	4317	4440	4439	4438	4437	4314	4191
4193	4194	4317	4316	4069	4070	4071	4072	4195	4318	4441	4440	4439	4438	4315	4192
4194	4195	4318	4317	4070	4071	4072	4073	4196	4319	4442	4441	4440	4439	4316	4193
4195	4196	4319	4318	4071	4072	4073	4074	4197	4320	4443	4442	4441	4440	4317	4194
4196	4197	4320	4319	4072	4073	4074	4075	4198	4321	4444	4443	4442	4441	4318	4195
4197	4198	4321	4320	4073	4074	4075	4076	4199	4322	4445	4444	4443	4442	4319	4196
4198	4199	4322	4321	4074	4075	4076	4077	4200	4323	4446	4445	4444	4443	4320	4197
4199	4200	4323	4322	4075	4076	4077	4078	4201	4324	4447	4446	4445	4444	4321	4198
4200	4201	4324	4323	4076	4077	4078	4079	4202	4325	4448	4447	4446	4445	4322	4199
4201	4202	4325	4324	4077	4078	4079	4080	4203	4326	4449	4448	4447	4446	4323	4200
4202	4203	4326	4325	4078	4079	4080	4081	4204	4327	4450	4449	4448	4447	4324	4201
4203	4204	4327	4326	4079	4080	4081	4082	4205	4328	4451	4450	4449	4448	4325	4202
4204	4205	4328	4327	4080	4081	4082	4083	4206	4329	4452	4451	4450	4449	4326	4203
4205	4206	4329	4328	4081	4082	4083	4084	4207	4330	4453	4452	4451	4450	4327	4204
4206	4207	4330	4329	4082	4083	4084	4085	4208	4331	4454	4453	4452	4451	4328	4205
4207	4208	4331	4330	4083	4084	4085	4086	4209	4332	4455	4454	4453	4452	4329	4206
4208	4209	4332	4331	4084	4085	4086	4087	4210	4333	4456	4455	4454	4453	4330	4207
4209	4210	4333	4332	4085	4086	4087	4088	4211	4334	4457	4456	4455	4454	4331	4208
4210	4211	4334	4333	4086	4087	4088	4089	4212	4335	4458	4457	4456	4455	4332	4209
4211	4212	4335	4334	4087	4088	4089	4090	4213	4336	4459	4458	4457	4456	4333	4210
4212	4213	4336	4335	4088	4089	4090	4091	4214	4337	4460	4459	4458	4457	4334	4211
4213	4214	4337	4336	4089	4090	4091	4092	4215	4338	4461	4460	4459	4458	4335	4212
4214	4215	4338	4337	4090	4091	4092	4093	4216	4339	4462	4461	4460	4459	4336	4213
4215	4216	4339	4338	4091	4092	4093	4094	4217	4340	4463	4462	4461	4460	4337	4214
4216	4217	4340	4339	4092	4093	4094	4095	4218	4341	4464	4463	4462	4461	4338	4215
4217	4218	4341	4340	4093	4094	4095	4096	4219	4342	4465	4464	4463	4462	4339	4216
4218	4219	4342	4341	4094	4095	4096	4097	4220	4343	4466	4465	4464	4463	4340	4217
4219	4220	4343	4342	4095	4096	4097	4098	4221	4344	4467	4466	4465	4464	4341	4218
4220	4221	4344	4343	4096	4097	4098	4099	4222	4345	4468	4467	4466	4465	4342	4219
4221	4222	4345	4344	4097	4098	4099	4100	4223	4346	4469	4468	4467	4466	4343	4220
4222	4223	4346	4345	4098	4099	4100	4101	4224	4347	4470	4469	4468	4467	4344	4221
4223	4224	4347	4346	4099	4100	4101	4102	4225	4348	4471	4470	4469	4468	4345	4222
4224	4225	4348	4347	4100	4101	4102	4103	4226	4349	4472	4471	4470	4469	4346	4223
4225	4226	4349	4348	4101	4102	4103	4104	4227	4350	4473	4472	4471	4470	4347	4224
4226	4227	4350	4349	4102	4103	4104	4105	4228	4351	4474	4473	4472	4471	4348	4225
4227	4228	4351	4350	4103	4104	4105	4106	4229	4352	4475	4474	4473	4472	4349	4226
4228	4229	4352	4351	4104	4105	4106	4107	4230	4353	4476	4475	4474	4473	4350	4227
4229	4230	4353	4352	4105	4106	4107	4108	4231	4354	4477	4476	4475	4474	4351	4228
4230	4231	4354	4353	4106	4107	4108	4109	4232	4355	4478	4477	4476	4475	4352	4229
4231	4232	4355	4354	4107	4108	4109	4110	4233	4356	4479	4478	4477	4476	4353	4230
4232	4233	4356	4355	4108	4109	4110	4111	4234	4357	4480	4479	4478	4477	4354	4231
4233	4234	4357	4356	4109	4110	4111	4112	4235	4358	4481	4480	4479	4478	4355	4232
4234	4235	4358	4357	4110	4111	4112	4113	4236	4359	4482	4481	4480	4479	4356	4233
4235	4236	4359	4358	4111	4112	4113	4114	4237	4360	4483	4482	4481	4480	4357	4234
4236	4237	4360	4359	4112	4113	4114	4115	4238	4361	4484	4483	4482	4481	4358	4235
4237	4238	4361	4360	4113	4114	4115	4116	4239	4362	4485	4484	4483	4482	4359	4236
4238	4239	4362	4361	4114	4115	4116	4117	4240	4363	4486	4485	4484	4483	4360	4237
4239	4240	4363	4362	4115	4116	4117	4118	4241	4364	4487	4486	4485	4484	4361	4238
4240	4241	4364	4363	4116	4117	4118	4119	4242	4365	4488	4487	4486	4485	4362	4239
4241	4242	4365	4364	4117	4118	4119	4120	4243	4366	4489	4488	4487	4486	4363	4240
4242	4243	4366	4365	4118	4119	4120	4121	4244	4367	4490	4489	4488	4487	4364	4241
4243	4244	4367	4366	4119	4120	4121	4122	4245	4368	4491	4490	4489	4488	4365	4242
4244	4245	4368	4367	4120	4121	4122	4123	4246	4369	4492	4491	4490	4489	4366	4243
4245	4246	4369	4368	4121	4122	4123	4124	4247	4370	4493	4492	4491	4490	4367	4244
4246	4247	4370	4369	4122	4123	4124	4125	4248	4371	4494	4493	4492	4491	4368	4245
4247	4248	4371	4370	4123	4124	4125	4126	4249	4372	4495	4494	4493	4492	4369	4246
4248	4249	4372	4371	4124	4125	4126	4127	4250	4373	4496	4495	4494	4493	4370	4247
4249	4250	4373	4372	4125	4126	4127	4128	4251	4374	4497	4496	4495	4494	4371	4248
4250	4251	4374	4373	4126	4127	4128	4129	4252	4375	4498	4497	4496	4495	4372	4249
4251	4252	4375	4374	4127	4128	4129	4130	4253	4376	4499	4498	4497	4496	4373	4250
4252	4253	4376	4375	4128	4129	4130	4131	4254	4377	4500	4499	4498	4497	4374	4251
4253	4254	4377	4376	4129	4130	4131	4132	4255	4378	4501	4500	4499	4498	4375	4252
4254	4255	4378	4377	4130	4131	4132	4133	4256	4379	4502	4501	4500	4499	4376	4253
4255	4256	4379	4378	4131	4132	4133	4134	4257	4380	4503	4502	4501	4500	4377	4254
4256	4257	4380	4379	4132	4133	4134	4135	4258	4381	4504	4503	4502	4501	4378	4255
4257	4258	4381	4380	4133	4134	4135	4136	4259	4382	4505	4504	4503	4502	4379	4256
4258	4259	4382	4381	4134	4135	4136	4137	4260	4383	4506	4505	4504	4503	4380	4257
4259	4260	4383	4382	4135	4136	4137	4138	4261	4384	4507	4506	4505	4504	4381	4258
4260	4261	4384	4383	4136	4137	4138	4139	4262	4385	4508	4507	4506	4505	4382	4259
4261	4262	4385	4384	4137	4138	4139	4140	4263	4386	4509	4508	4507	4506	4383	4260
4262	4263	4386	4385	4138	4139	4140	4141	4264	4387	4510	4509	4508	4507	4384	4261
4263	4264	4387	4386	4139	4140	4141	4142	4265	4388	4511	4510	4509	4508	4385	4262
4264	4265	4388	4387	4140	4141	4142	4143	4266	4389	4512	4511	4510	4509	4386	4263
4265	4266	4389	4388	4141	4142	4143	4144	4267	4390	4513	4512	4511	4510	4387	4264
4266	4267	4390	4389	4142	4143	4144	4145	4268	4391	4514	4513	4512	4511	4388	4265
4267	4268	4391	4390	4143	4144	4145	4146	4269	4392	4515	4514	4513	4512	4389	4266
4268	4269	4392	4391	4144	4145	4146	4147	4270	4393	4516	4515	4514	4513	4390	4267
4269	4270	4393	4392	4145	4146	4147	4148	4271	4394	4517	4516	4515	4514	4391	4268
4270	4271	4394	4393	4146	4147	4148	4149	4272	4395	4518	4517	4516	4515	4392	4269
4271	4272	4395	4394	4147	4148	4149	4150	4273	4396	4519	4518	4517	4516	4393	4270
4272	4273	4396	4395	4148	4149	4150	4151	4274	4397	4520	4519	4518	4517	4394	4271
4273	4274	4397	4396	4149	4150	4151	4152	4275	4398	4521	4520	4519	4518	4395	4272
4274	4275	4398	4397	4150	4151	4152	4153	4276	4399	4522	4521	4520	4519	4396	4273
4275	4276	4399	4398	4151	4152	4153	4154	4277	4400	4523	4522	4521	4520	4397	4274
4276	4277	4400	4399	4152	4153	4154	4155	4278	4401	4524	4523	4522	4521	4398	4275
4277	4278	4401	4400	4153	4154	4155	4156	4279	4402	4525	4524	4523	4522	4399	4276
4278	4279	4402	4401	4154	4155	4156	4157	4280	4403	4526	4525	4524	4523	4400	4277
4279	4280	4403	4402	4155	4156	4157	4158	4281	4404	4527	4526	4525	4524	4401	4278
4280	4281	4404	4403	4156	4157	4158	4159	4282	4405	4528	4527	4526	4525	4402	4279
4281	4282	4405	4404	4157	4158	4159	4160	4283	4406	4529	4528	4527	4526	4403	4280
4282	4283	4406	4405	4158	4159	4160	4161	4284	4407	4530	4529	4528	4527	4404	4281
4283	4284	4407	4406	4159	4160	4161	4162	4285	4408	4531	4530	4529	4528	4405	4282
4284	4285	4408	4407	4160	4161	4162	4163	4286	4409	4532	4531	4530	4529	4406	4283
4285	4286	4409	4408	4161	4162	4163	4164	4287	4410	4533	4532	4531	4530	4407	4284
4286	4287	4410	4409	4162	4163	4164	4165	4288	4411	4534	4533	4532	4531	4408	4285
4287	4288	4411	4410	4163	4164	4165	4166	4289	4412	4535	4534	4533	4532	4409	4286
4288	4289	4412	4411	4164	4165	4166	4167	4290	4413	4536	4535	4534	4533	4410	4287
4289	4290	4413	4412	4165	4166	4167	4168	4291	4414	4537	4536	4535	4534	4411	4288
4290	4291	4414	4413	4166	4167	4168	4169	4292	4415	4538	4537	4536	4535	4412	4289
4291	4292	4415	4414	4167	4168	4169	4170	4293	4416	4539	4538	4537	4536	4413	4290
4292	4293	4416	4415	4168	4169	4170	4171	4294	4417	4540	4539	4538	4537	4414	4291
4293	4294	4417	4416	4169	4170	4171	4172	4295	4418	4541	4540	4539	4538	4415	4292
4294	4295	4418	4417	4170	4171	4172	4173	4296	4419	4542	4541	4540	4539	4416	4293
4295	4296	4419	4418	4171	4172	4173	4174	4297	4420	4543	4542	4541	4540	4417	4294
4296	4297	4420	4419	4172	4173	4174	4175	4298	4421	4544	4543	4542	4541	4418	4295
4297	4298	4421	4420	4173	4174	4175	4176	4299	4422	4545	4544	4543	4542	4419	4296
4298	4299	4422	4421	4174	4175	4176	4177	4300	4423	4546	4545	4544	4543	4420	4297
4299	4300	4423	4422	4175	4176	4177	4178	4301	4424	4547	4546	4545	4544	4421	4298
4300	4301	4424	4423	4176	4177	4178	4179	4302	4425	4548	4547	4546	4545	4422	4299
4301	4302	4425	4424	4177	4178	4179	4180	4303	4426	4549	4548	4547	4546	4423	4300
4302	4303	4426	4425	4178	4179	4180	4181	4304	4427	4550	4549	4548	4547	4424	4301
4306	4307	4430	4429	4182	4183	4184	4185	4308	4431	4554	4553	4552	4551	4428	4305
4307	4308	4431	4430	4183	4184	4185	4186	4309	4432	4555	4554	4553	4552	4429	4306
4308	4309	4432	4431	4184	4185	4186	4187	4310	4433	4556	4555	4554	4553	4430	4307
4309	4310	4433	4432	4185	4186	4187	4188	4311	4434	4557	4556	4555	4554	4431	4308
4310	4311	4434	4433	4186	4187	4188	4189	4312	4435	4558	4557	4556	4555	4432	4309
4311	4312	4435	4434	4187	4188	4189	4190	4313	4436	4559	4558	4557	4556	4433	4310
4312	4313	4436	4435	4188	4189	4190	4191	4314	4437	4560	4559	4558	4557	4434	4311
4313	4314	4437	4436	4189	4190	4191	4192	4315	4438	4561	4560	4559	4558	4435	4312
4314	4315	4438	4437	4190	4191	4192	4193	4316	4439	4562	4561	4560	4559	4436	4313
4315	4316	4439	4438	4191	4192	4193	4194	4317	4440	4563	4562	4561	4560	4437	4314
4316	4317	4440	4439	4192	4193	4194	4195	4318	4441	4564	4563	4562	4561	4438	4315
4317	4318	4441	4440	4193	4194	4195	4196	4319	4442	4565	4564	4563	4562	4439	4316
4318	4319	4442	4441	4194	4195	4196	4197	4320	4443	4566	4565	4564	4563	4440	4317
4319	4320	4443	4442	4195	4196	4197	4198	4321	4444	4567	4566	4565	4564	4441	4318
4320	4321	4444	4443	4196	4197	4198	4199	4322	4445	4568	4567	4566	4565	4442	4319
4321	4322	4445	4444	4197	4198	4199	4200	4323	4446	4569	4568	4567	4566	4443	4320
4322	4323	4446	4445	4198	4199	4200	4201	4324	4447	4570	4569	4568	4567	4444	4321
4323	4324	4447	4446	4199	4200	4201	4202	4325	4448	4571	4570	4569	4568	4445	4322
4324	4325	4448	4447	4200	4201	4202	4203	4326	4449	4572	4571	4570	4569	4446	4323
4325	4326	4449	4448	4201	4202	4203	4204	4327	4450	4573	4572	4571	4570	4447	4324
4326	4327	4450	4449	4202	4203	4204	4205	4328	4451	4574	4573	4572	4571	4448	4325
4327	4328	4451	4450	4203	4204	4205	4206	4329	4452	4575	4574	4573	4572	4449	4326
4328	4329	4452	4451	4204	4205	4206	4207	4330	4453	4576	4575	4574	4573	4450	4327
4329	4330	4453	4452	4205	4206	4207	4208	4331	4454	4577	4576	4575	4574	4451	4328
4330	4331	4454	4453	4206	4207	4208	4209	4332	4455	4578	4577	4576	4575	4452	4329
4331	4332	4455	4454	4207	4208	4209	4210	4333	4456	4579	4578	4577	4576	4453	4330
4332	4333	4456	4455	4208	4209	4210	4211	4334	4457	4580	4579	4578	4577	4454	4331
4333	4334	4457	4456	4209	4210	4211	4212	4335	4458	4581	4580	4579	4578	4455	4332
4334	4335	4458	4457	4210	4211	4212	4213	4336	4459	4582	4581	4580	4579	4456	4333
4335	4336	4459	4458	4211	4212	4213	4214	4337	4460	4583	4582	4581	4580	4457	4334
4336	4337	4460	4459	4212	4213	4214	4215	4338	4461	4584	4583	4582	4581	4458	4335
4337	4338	4461	4460	4213	4214	4215	4216	4339	4462	4585	4584	4583	4582	4459	4336
4338	4339	4462	4461	4214	4215	4216	4217	4340	4463	4586	4585	4584	4583	4460	4337
4339	4340	4463	4462	4215	4216	4217	4218	4341	4464	4587	4586	4585	4584	4461	4338
4340	4341	4464	4463	4216	4217	4218	4219	4342	4465	4588	4587	4586	4585	4462	4339
4341	4342	4465	4464	4217	4218	4219	4220	4343	4466	4589	4588	4587	4586	4463	4340
4342	4343	4466	4465	4218	4219	4220	4221	4344	4467	4590	4589	4588	4587	4464	4341
4343	4344	4467	4466	4219	4220	4221	4222	4345	4468	4591	4590	4589	4588	4465	4342
4344	4345	4468	4467	4220	4221	4222	4223	4346	4469	4592	4591	4590	4589	4466	4343
4345	4346	4469	4468	4221	4222	4223	4224	4347	4470	4593	4592	4591	4590	4467	4344
4346	4347	4470	4469	4222	4223	4224	4225	4348	4471	4594	4593	4592	4591	4468	4345
4347	4348	4471	4470	4223	4224	4225	4226	4349	4472	4595	4594	4593	4592	4469	4346
4348	4349	4472	4471	4224	4225	4226	4227	4350	4473	4596	4595	4594	4593	4470	4347
4349	4350	4473	4472	4225	4226	4227	4228	4351	4474	4597	4596	4595	4594	4471	4348
4350	4351	4474	4473	4226	4227	4228	4229	4352	4475	4598	4597	4596	4595	4472	4349
4351	4352	4475	4474	4227	4228	4229	4230	4353	4476	4599	4598	4597	4596	4473	4350
4352	4353	4476	4475	4228	4229	4230	4231	4354	4477	4600	4599	4598	4597	4474	4351
4353	4354	4477	4476	4229	4230	4231	4232	4355	4478	4601	4600	4599	4598	4475	4352
4354	4355	4478	4477	4230	4231	4232	4233	4356	4479	4602	4601	4600	4599	4476	4353
4355	4356	4479	4478	4231	4232	4233	4234	4357	4480	4603	4602	4601	4600	4477	4354
4356	4357	4480	4479	4232	4233	4234	4235	4358	4481	4604	4603	4602	4601	4478	4355
4357	4358	4481	4480	4233	4234	4235	4236	4359	4482	4605	4604	4603	4602	4479	4356
4358	4359	4482	4481	4234	4235	4236	4237	4360	4483	4606	4605	4604	4603	4480	4357
4359	4360	4483	4482	4235	4236	4237	4238	4361	4484	4607	4606	4605	4604	4481	4358
4360	4361	4484	4483	4236	4237	4238	4239	4362	4485	4608	4607	4606	4605	4482	4359
4361	4362	4485	4484	4237	4238	4239	4240	4363	4486	4609	4608	4607	4606	4483	4360
4362	4363	4486	4485	4238	4239	4240	4241	4364	4487	4610	4609	4608	4607	4484	4361
4363	4364	4487	4486	4239	4240	4241	4242	4365	4488	4611	4610	4609	4608	4485	4362
4364	4365	4488	4487	4240	4241	4242	4243	4366	4489	4612	4611	4610	4609	4486	4363
4365	4366	4489	4488	4241	4242	4243	4244	4367	4490	4613	4612	4611	4610	4487	4364
4366	4367	4490	4489	4242	4243	4244	4245	4368	4491	4614	4613	4612	4611	4488	4365
4367	4368	4491	4490	4243	4244	4245	4246	4369	4492	4615	4614	4613	4612	4489	4366
4368	4369	4492	4491	4244	4245	4246	4247	4370	4493	4616	4615	4614	4613	4490	4367
4369	4370	4493	4492	4245	4246	4247	4248	4371	4494	4617	4616	4615	4614	4491	4368
4370	4371	4494	4493	4246	4247	4248	4249	4372	4495	4618	4617	4616	4615	4492	4369
4371	4372	4495	4494	4247	4248	4249	4250	4373	4496	4619	4618	4617	4616	4493	4370
4372	4373	4496	4495	4248	4249	4250	4251	4374	4497	4620	4619	4618	4617	4494	4371
4373	4374	4497	4496	4249	4250	4251	4252	4375	4498	4621	4620	4619	4618	4495	4372
4374	4375	4498	4497	4250	4251	4252	4253	4376	4499	4622	4621	4620	4619	4496	4373
4375	4376	4499	4498	4251	4252	4253	4254	4377	4500	4623	4622	4621	4620	4497	4374
4376	4377	4500	4499	4252	4253	4254	4255	4378	4501	4624	4623	4622	4621	4498	4375
4377	4378	4501	4500	4253	4254	4255	4256	4379	4502	4625	4624	4623	4622	4499	4376
4378	4379	4502	4501	4254	4255	4256	4257	4380	4503	4626	4625	4624	4623	4500	4377
4379	4380	4503	4502	4255	4256	4257	4258	4381	4504	4627	4626	4625	4624	4501	4378
4380	4381	4504	4503	4256	4257	4258	4259	4382	4505	4628	4627	4626	4625	4502	4379
4381	4382	4505	4504	4257	4258	4259	4260	4383	4506	4629	4628	4627	4626	4503	4380
4382	4383	4506	4505	4258	4259	4260	4261	4384	4507	4630	4629	4628	4627	4504	4381
4383	4384	4507	4506	4259	4260	4261	4262	4385	4508	4631	4630	4629	4628	4505	4382
4384	4385	4508	4507	4260	4261	4262	4263	4386	4509	4632	4631	4630	4629	4506	4383
4385	4386	4509	4508	4261	4262	4263	4264	4387	4510	4633	4632	4631	4630	4507	4384
4386	4387	4510	4509	4262	4263	4264	4265	4388	4511	4634	4633	4632	4631	4508	4385
4387	4388	4511	4510	4263	4264	4265	4266	4389	4512	4635	4634	4633	4632	4509	4386
4388	4389	4512	4511	4264	4265	4266	4267	4390	4513	4636	4635	4634	4633	4510	4387
4389	4390	4513	4512	4265	4266	4267	4268	4391	4514	4637	4636	4635	4634	4511	4388
4390	4391	4514	4513	4266	4267	4268	4269	4392	4515	4638	4637	4636	4635	4512	4389
4391	4392	4515	4514	4267	4268	4269	4270	4393	4516	4639	4638	4637	4636	4513	4390
4392	4393	4516	4515	4268	4269	4270	4271	4394	4517	4640	4639	4638	4637	4514	4391
4393	4394	4517	4516	4269	4270	4271	4272	4395	4518	4641	4640	4639	4638	4515	4392
4394	4395	4518	4517	4270	4271	4272	4273	4396	4519	4642	4641	4640	4639	4516	4393
4395	4396	4519	4518	4271	4272	4273	4274	4397	4520	4643	4642	4641	4640	4517	4394
4396	4397	4520	4519	4272	4273	4274	4275	4398	4521	4644	4643	4642	4641	4518	4395
4397	4398	4521	4520	4273	4274	4275	4276	4399	4522	4645	4644	4643	4642	4519	4396
4398	4399	4522	4521	4274	4275	4276	4277	4400	4523	4646	4645	4644	4643	4520	4397
4399	4400	4523	4522	4275	4276	4277	4278	4401	4524	4647	4646	4645	4644	4521	4398
4400	4401	4524	4523	4276	4277	4278	4279	4402	4525	4648	4647	4646	4645	4522	4399
4401	4402	4525	4524	4277	4278	4279	4280	4403	4526	4649	4648	4647	4646	4523	4400
4402	4403	4526	4525	4278	4279	4280	4281	4404	4527	4650	4649	4648	4647	4524	4401
4403	4404	4527	4526	4279	4280	4281	4282	4405	4528	4651	4650	4649	4648	4525	4402
4404	4405	4528	4527	4280	4281	4282	4283	4406	4529	4652	4651	4650	4649	4526	4403
4405	4406	4529	4528	4281	4282	4283	4284	4407	4530	4653	4652	4651	4650	4527	4404
4406	4407	4530	4529	4282	4283	4284	4285	4408	4531	4654	4653	4652	4651	4528	4405
4407	4408	4531	4530	4283	4284	4285	4286	4409	4532	4655	4654	4653	4652	4529	4406
4408	4409	4532	4531	4284	4285	4286	4287	4410	4533	4656	4655	4654	4653	4530	4407
4409	4410	4533	4532	4285	4286	4287	4288	4411	4534	4657	4656	4655	4654	4531	4408
4410	4411	4534	4533	4286	4287	4288	4289	4412	4535	4658	4657	4656	4655	4532	4409
4411	4412	4535	4534	4287	4288	4289	4290	4413	4536	4659	4658	4657	4656	4533	4410
4412	4413	4536	4535	4288	4289	4290	4291	4414	4537	4660	4659	4658	4657	4534	4411
4413	4414	4537	4536	4289	4290	4291	4292	4415	4538	4661	4660	4659	4658	4535	4412
4414	4415	4538	4537	4290	4291	4292	4293	4416	4539	4662	4661	4660	4659	4536	4413
4415	4416	4539	4538	4291	4292	4293	4294	4417	4540	4663	4662	4661	4660	4537	4414
4416	4417	4540	4539	4292	4293	4294	4295	4418	4541	4664	4663	4662	4661	4538	4415
4417	4418	4541	4540	4293	4294	4295	4296	4419	4542	4665	4664	4663	4662	4539	4416
4418	4419	4542	4541	4294	4295	4296	4297	4420	4543	4666	4665	4664	4663	4540	4417
4419	4420	4543	4542	4295	4296	4297	4298	4421	4544	4667	4666	4665	4664	4541	4418
4420	4421	4544	4543	4296	4297	4298	4299	4422	4545	4668	4667	4666	4665	4542	4419
4421	4422	4545	4544	4297	4298	4299	4300	4423	4546	4669	4668	4667	4666	4543	4420
4422	4423	4546	4545	4298	4299	4300	4301	4424	4547	4670	4669	4668	4667	4544	4421
4423	4424	4547	4546	4299	4300	4301	4302	4425	4548	4671	4670	4669	4668	4545	4422
4424	4425	4548	4547	4300	4301	4302	4303	4426	4549	4672	4671	4670	4669	4546	4423
4425	4426	4549	4548	4301	4302	4303	4304	4427	4550	4673	4672	4671	4670	4547	4424
4429	4430	4553	4552	4305	4306	4307	4308	4431	4554	4677	4676	4675	4674	4551	4428
4430	4431	4554	4553	4306	4307	4308	4309	4432	4555	4678	4677	4676	4675	4552	4429
4431	4432	4555	4554	4307	4308	4309	4310	4433	4556	4679	4678	4677	4676	4553	4430
4432	4433	4556	4555	4308	4309	4310	4311	4434	4557	4680	4679	4678	4677	4554	4431
4433	4434	4557	4556	4309	4310	4311	4312	4435	4558	4681	4680	4679	4678	4555	4432
4434	4435	4558	4557	4310	4311	4312	4313	4436	4559	4682	4681	4680	4679	4556	4433
4435	4436	4559	4558	4311	4312	4313	4314	4437	4560	4683	4682	4681	4680	4557	4434
4436	4437	4560	4559	4312	4313	4314	4315	4438	4561	4684	4683	4682	4681	4558	4435
4437	4438	4561	4560	4313	4314	4315	4316	4439	4562	4685	4684	4683	4682	4559	4436
4438	4439	4562	4561	4314	4315	4316	4317	4440	4563	4686	4685	4684	4683	4560	4437
4439	4440	4563	4562	4315	4316	4317	4318	4441	4564	4687	4686	4685	4684	4561	4438
4440	4441	4564	4563	4316	4317	4318	4319	4442	4565	4688	4687	4686	4685	4562	4439
4441	4442	4565	4564	4317	4318	4319	4320	4443	4566	4689	4688	4687	4686	4563	4440
4442	4443	4566	4565	4318	4319	4320	4321	4444	4567	4690	4689	4688	4687	4564	4441
4443	4444	4567	4566	4319	4320	4321	4322	4445	4568	4691	4690	4689	4688	4565	4442
4444	4445	4568	4567	4320	4321	4322	4323	4446	4569	4692	4691	4690	4689	4566	4443
4445	4446	4569	4568	4321	4322	4323	4324	4447	4570	4693	4692	4691	4690	4567	4444
4446	4447	4570	4569	4322	4323	4324	4325	4448	4571	4694	4693	4692	4691	4568	4445
4447	4448	4571	4570	4323	4324	4325	4326	4449	4572	4695	4694	4693	4692	4569	4446
4448	4449	4572	4571	4324	4325	4326	4327	4450	4573	4696	4695	4694	4693	4570	4447
4449	4450	4573	4572	4325	4326	4327	4328	4451	4574	4697	4696	4695	4694	4571	4448
4450	4451	4574	4573	4326	4327	4328	4329	4452	4575	4698	4697	4696	4695	4572	4449
4451	4452	4575	4574	4327	4328	4329	4330	4453	4576	4699	4698	4697	4696	4573	4450
4452	4453	4576	4575	4328	4329	4330	4331	4454	4577	4700	4699	4698	4697	4574	4451
4453	4454	4577	4576	4329	4330	4331	4332	4455	4578	4701	4700	4699	4698	4575	4452
4454	4455	4578	4577	4330	4331	4332	4333	4456	4579	4702	4701	4700	4699	4576	4453
4455	4456	4579	4578	4331	4332	4333	4334	4457	4580	4703	4702	4701	4700	4577	4454
4456	4457	4580	4579	4332	4333	4334	4335	4458	4581	4704	4703	4702	4701	4578	4455
4457	4458	4581	4580	4333	4334	4335	4336	4459	4582	4705	4704	4703	4702	4579	4456
4458	4459	4582	4581	4334	4335	4336	4337	4460	4583	4706	4705	4704	4703	4580	4457
4459	4460	4583	4582	4335	4336	4337	4338	4461	4584	4707	4706	4705	4704	4581	4458
4460	4461	4584	4583	4336	4337	4338	4339	4462	4585	4708	4707	4706	4705	4582	4459
4461	4462	4585	4584	4337	4338	4339	4340	4463	4586	4709	4708	4707	4706	4583	4460
4462	4463	4586	4585	4338	4339	4340	4341	4464	4587	4710	4709	4708	4707	4584	4461
4463	4464	4587	4586	4339	4340	4341	4342	4465	4588	4711	4710	4709	4708	4585	4462
4464	4465	4588	4587	4340	4341	4342	4343	4466	4589	4712	4711	4710	4709	4586	4463
4465	4466	4589	4588	4341	4342	4343	4344	4467	4590	4713	4712	4711	4710	4587	4464
4466	4467	4590	4589	4342	4343	4344	4345	4468	4591	4714	4713	4712	4711	4588	4465
4467	4468	4591	4590	4343	4344	4345	4346	4469	4592	4715	4714	4713	4712	4589	4466
4468	4469	4592	4591	4344	4345	4346	4347	4470	4593	4716	4715	4714	4713	4590	4467
4469	4470	4593	4592	4345	4346	4347	4348	4471	4594	4717	4716	4715	4714	4591	4468
4470	4471	4594	4593	4346	4347	4348	4349	4472	4595	4718	4717	4716	4715	4592	4469
4471	4472	4595	4594	4347	4348	4349	4350	4473	4596	4719	4718	4717	4716	4593	4470
4472	4473	4596	4595	4348	4349	4350	4351	4474	4597	4720	4719	4718	4717	4594	4471
4473	4474	4597	4596	4349	4350	4351	4352	4475	4598	4721	4720	4719	4718	4595	4472
4474	4475	4598	4597	4350	4351	4352	4353	4476	4599	4722	4721	4720	4719	4596	4473
4475	4476	4599	4598	4351	4352	4353	4354	4477	4600	4723	4722	4721	4720	4597	4474
4476	4477	4600	4599	4352	4353	4354	4355	4478	4601	4724	4723	4722	4721	4598	4475
4477	4478	4601	4600	4353	4354	4355	4356	4479	4602	4725	4724	4723	4722	4599	4476
4478	4479	4602	4601	4354	4355	4356	4357	4480	4603	4726	4725	4724	4723	4600	4477
4479	4480	4603	4602	4355	4356	4357	4358	4481	4604	4727	4726	4725	4724	4601	4478
4480	4481	4604	4603	4356	4357	4358	4359	4482	4605	4728	4727	4726	4725	4602	4479
4481	4482	4605	4604	4357	4358	4359	4360	4483	4606	4729	4728	4727	4726	4603	4480
4482	4483	4606	4605	4358	4359	4360	4361	4484	4607	4730	4729	4728	4727	4604	4481
4483	4484	4607	4606	4359	4360	4361	4362	4485	4608	4731	4730	4729	4728	4605	4482
4484	4485	4608	4607	4360	4361	4362	4363	4486	4609	4732	4731	4730	4729	4606	4483
4485	4486	4609	4608	4361	4362	4363	4364	4487	4610	4733	4732	4731	4730	4607	4484
4486	4487	4610	4609	4362	4363	4364	4365	4488	4611	4734	4733	4732	4731	4608	4485
4487	4488	4611	4610	4363	4364	4365	4366	4489	4612	4735	4734	4733	4732	4609	4486
4488	4489	4612	4611	4364	4365	4366	4367	4490	4613	4736	4735	4734	4733	4610	4487
4489	4490	4613	4612	4365	4366	4367	4368	4491	4614	4737	4736	4735	4734	4611	4488
4490	4491	4614	4613	4366	4367	4368	4369	4492	4615	4738	4737	4736	4735	4612	4489
4491	4492	4615	4614	4367	4368	4369	4370	4493	4616	4739	4738	4737	4736	4613	4490
4492	4493	4616	4615	4368	4369	4370	4371	4494	4617	4740	4739	4738	4737	4614	4491
4493	4494	4617	4616	4369	4370	4371	4372	4495	4618	4741	4740	4739	4738	4615	4492
4494	4495	4618	4617	4370	4371	4372	4373	4496	4619	4742	4741	4740	4739	4616	4493
4495	4496	4619	4618	4371	4372	4373	4374	4497	4620	4743	4742	4741	4740	4617	4494
4496	4497	4620	4619	4372	4373	4374	4375	4498	4621	4744	4743	4742	4741	4618	4495
4497	4498	4621	4620	4373	4374	4375	4376	4499	4622	4745	4744	4743	4742	4619	4496
4498	4499	4622	4621	4374	4375	4376	4377	4500	4623	4746	4745	4744	4743	4620	4497
4499	4500	4623	4622	4375	4376	4377	4378	4501	4624	4747	4746	4745	4744	4621	4498
4500	4501	4624	4623	4376	4377	4378	4379	4502	4625	4748	4747	4746	4745	4622	4499
4501	4502	4625	4624	4377	4378	4379	4380	4503	4626	4749	4748	4747	4746	4623	4500
4502	4503	4626	4625	4378	4379	4380	4381	4504	4627	4750	4749	4748	4747	4624	4501
4503	4504	4627	4626	4379	4380	4381	4382	4505	4628	4751	4750	4749	4748	4625	4502
4504	4505	4628	4627	4380	4381	4382	4383	4506	4629	4752	4751	4750	4749	4626	4503
4505	4506	4629	4628	4381	4382	4383	4384	4507	4630	4753	4752	4751	4750	4627	4504
4506	4507	4630	4629	4382	4383	4384	4385	4508	4631	4754	4753	4752	4751	4628	4505
4507	4508	4631	4630	4383	4384	4385	4386	4509	4632	4755	4754	4753	4752	4629	4506
4508	4509	4632	4631	4384	4385	4386	4387	4510	4633	4756	4755	4754	4753	4630	4507
4509	4510	4633	4632	4385	4386	4387	4388	4511	4634	4757	4756	4755	4754	4631	4508
4510	4511	4634	4633	4386	4387	4388	4389	4512	4635	4758	4757	4756	4755	4632	4509
4511	4512	4635	4634	4387	4388	4389	4390	4513	4636	4759	4758	4757	4756	4633	4510
4512	4513	4636	4635	4388	4389	4390	4391	4514	4637	4760	4759	4758	4757	4634	4511
4513	4514	4637	4636	4389	4390	4391	4392	4515	4638	4761	4760	4759	4758	4635	4512
4514	4515	4638	4637	4390	4391	4392	4393	4516	4639	4762	4761	4760	4759	4636	4513
4515	4516	4639	4638	4391	4392	4393	4394	4517	4640	4763	4762	4761	4760	4637	4514
4516	4517	4640	4639	4392	4393	4394	4395	4518	4641	4764	4763	4762	4761	4638	4515
4517	4518	4641	4640	4393	4394	4395	4396	4519	4642	4765	4764	4763	4762	4639	4516
4518	4519	4642	4641	4394	4395	4396	4397	4520	4643	4766	4765	4764	4763	4640	4517
4519	4520	4643	4642	4395	4396	4397	4398	4521	4644	4767	4766	4765	4764	4641	4518
4520	4521	4644	4643	4396	4397	4398	4399	4522	4645	4768	4767	4766	4765	4642	4519
4521	4522	4645	4644	4397	4398	4399	4400	4523	4646	4769	4768	4767	4766	4643	4520
4522	4523	4646	4645	4398	4399	4400	4401	4524	4647	4770	4769	4768	4767	4644	4521
4523	4524	4647	4646	4399	4400	4401	4402	4525	4648	4771	4770	4769	4768	4645	4522
4524	4525	4648	4647	4400	4401	4402	4403	4526	4649	4772	4771	4770	4769	4646	4523
4525	4526	4649	4648	4401	4402	4403	4404	4527	4650	4773	4772	4771	4770	4647	4524
4526	4527	4650	4649	4402	4403	4404	4405	4528	4651	4774	4773	4772	4771	4648	4525
4527	4528	4651	4650	4403	4404	4405	4406	4529	4652	4775	4774	4773	4772	4649	4526
4528	4529	4652	4651	4404	4405	4406	4407	4530	4653	4776	4775	4774	4773	4650	4527
4529	4530	4653	4652	4405	4406	4407	4408	4531	4654	4777	4776	4775	4774	4651	4528
4530	4531	4654	4653	4406	4407	4408	4409	4532	4655	4778	4777	4776	4775	4652	4529
4531	4532	4655	4654	4407	4408	4409	4410	4533	4656	4779	4778	4777	4776	4653	4530
4532	4533	4656	4655	4408	4409	4410	4411	4534	4657	4780	4779	4778	4777	4654	4531
4533	4534	4657	4656	4409	4410	4411	4412	4535	4658	4781	4780	4779	4778	4655	4532
4534	4535	4658	4657	4410	4411	4412	4413	4536	4659	4782	4781	4780	4779	4656	4533
4535	4536	4659	4658	4411	4412	4413	4414	4537	4660	4783	4782	4781	4780	4657	4534
4536	4537	4660	4659	4412	4413	4414	4415	4538	4661	4784	4783	4782	4781	4658	4535
4537	4538	4661	4660	4413	4414	4415	4416	4539	4662	4785	4784	4783	4782	4659	4536
4538	4539	4662	4661	4414	4415	4416	4417	4540	4663	4786	4785	4784	4783	4660	4537
4539	4540	4663	4662	4415	4416	4417	4418	4541	4664	4787	4786	4785	4784	4661	4538
4540	4541	4664	4663	4416	4417	4418	4419	4542	4665	4788	4787	4786	4785	4662	4539
4541	4542	4665	4664	4417	4418	4419	4420	4543	4666	4789	4788	4787	4786	4663	4540
4542	4543	4666	4665	4418	4419	4420	4421	4544	4667	4790	4789	4788	4787	4664	4541
4543	4544	4667	4666	4419	4420	4421	4422	4545	4668	4791	4790	4789	4788	4665	4542
4544	4545	4668	4667	4420	4421	4422	4423	4546	4669	4792	4791	4790	4789	4666	4543
4545	4546	4669	4668	4421	4422	4423	4424	4547	4670	4793	4792	4791	4790	4667	4544
4546	4547	4670	4669	4422	4423	4424	4425	4548	4671	4794	4793	4792	4791	4668	4545
4547	4548	4671	4670	4423	4424	4425	4426	4549	4672	4795	4794	4793	4792	4669	4546
4548	4549	4672	4671	4424	4425	4426	4427	4550	4673	4796	4795	4794	4793	4670	4547
4552	4553	4676	4675	4428	4429	4430	4431	4554	4677	4800	4799	4798	4797	4674	4551
4553	4554	4677	4676	4429	4430	4431	4432	4555	4678	4801	4800	4799	4798	4675	4552
4554	4555	4678	4677	4430	4431	4432	4433	4556	4679	4802	4801	4800	4799	4676	4553
4555	4556	4679	4678	4431	4432	4433	4434	4557	4680	4803	4802	4801	4800	4677	4554
4556	4557	4680	4679	4432	4433	4434	4435	4558	4681	4804	4803	4802	4801	4678	4555
4557	4558	4681	4680	4433	4434	4435	4436	4559	4682	4805	4804	4803	4802	4679	4556
4558	4559	4682	4681	4434	4435	4436	4437	4560	4683	4806	4805	4804	4803	4680	4557
4559	4560	4683	4682	4435	4436	4437	4438	4561	4684	4807	4806	4805	4804	4681	4558
4560	4561	4684	4683	4436	4437	4438	4439	4562	4685	4808	4807	4806	4805	4682	4559
4561	4562	4685	4684	4437	4438	4439	4440	4563	4686	4809	4808	4807	4806	4683	4560
4562	4563	4686	4685	4438	4439	4440	4441	4564	4687	4810	4809	4808	4807	4684	4561
4563	4564	4687	4686	4439	4440	4441	4442	4565	4688	4811	4810	4809	4808	4685	4562
4564	4565	4688	4687	4440	4441	4442	4443	4566	4689	4812	4811	4810	4809	4686	4563
4565	4566	4689	4688	4441	4442	4443	4444	4567	4690	4813	4812	4811	4810	4687	4564
4566	4567	4690	4689	4442	4443	4444	4445	4568	4691	4814	4813	4812	4811	4688	4565
4567	4568	4691	4690	4443	4444	4445	4446	4569	4692	4815	4814	4813	4812	4689	4566
4568	4569	4692	4691	4444	4445	4446	4447	4570	4693	4816	4815	4814	4813	4690	4567
4569	4570	4693	4692	4445	4446	4447	4448	4571	4694	4817	4816	4815	4814	4691	4568
4570	4571	4694	4693	4446	4447	4448	4449	4572	4695	4818	4817	4816	4815	4692	4569
4571	4572	4695	4694	4447	4448	4449	4450	4573	4696	4819	4818	4817	4816	4693	4570
4572	4573	4696	4695	4448	4449	4450	4451	4574	4697	4820	4819	4818	4817	4694	4571
4573	4574	4697	4696	4449	4450	4451	4452	4575	4698	4821	4820	4819	4818	4695	4572
4574	4575	4698	4697	4450	4451	4452	4453	4576	4699	4822	4821	4820	4819	4696	4573
4575	4576	4699	4698	4451	4452	4453	4454	4577	4700	4823	4822	4821	4820	4697	4574
4576	4577	4700	4699	4452	4453	4454	4455	4578	4701	4824	4823	4822	4821	4698	4575
4577	4578	4701	4700	4453	4454	4455	4456	4579	4702	4825	4824	4823	4822	4699	4576
4578	4579	4702	4701	4454	4455	4456	4457	4580	4703	4826	4825	4824	4823	4700	4577
4579	4580	4703	4702	4455	4456	4457	4458	4581	4704	4827	4826	4825	4824	4701	4578
4580	4581	4704	4703	4456	4457	4458	4459	4582	4705	4828	4827	4826	4825	4702	4579
4581	4582	4705	4704	4457	4458	4459	4460	4583	4706	4829	4828	4827	4826	4703	4580
4582	4583	4706	4705	4458	4459	4460	4461	4584	4707	4830	4829	4828	4827	4704	4581
4583	4584	4707	4706	4459	4460	4461	4462	4585	4708	4831	4830	4829	4828	4705	4582
4584	4585	4708	4707	4460	4461	4462	4463	4586	4709	4832	4831	4830	4829	4706	4583
4585	4586	4709	4708	4461	4462	4463	4464	4587	4710	4833	4832	4831	4830	4707	4584
4586	4587	4710	4709	4462	4463	4464	4465	4588	4711	4834	4833	4832	4831	4708	4585
4587	4588	4711	4710	4463	4464	4465	4466	4589	4712	4835	4834	4833	4832	4709	4586
4588	4589	4712	4711	4464	4465	4466	4467	4590	4713	4836	4835	4834	4833	4710	4587
4589	4590	4713	4712	4465	4466	4467	4468	4591	4714	4837	4836	4835	4834	4711	4588
4590	4591	4714	4713	4466	4467	4468	4469	4592	4715	4838	4837	4836	4835	4712	4589
4591	4592	4715	4714	4467	4468	4469	4470	4593	4716	4839	4838	4837	4836	4713	4590
4592	4593	4716	4715	4468	4469	4470	4471	4594	4717	4840	4839	4838	4837	4714	4591
4593	4594	4717	4716	4469	4470	4471	4472	4595	4718	4841	4840	4839	4838	4715	4592
4594	4595	4718	4717	4470	4471	4472	4473	4596	4719	4842	4841	4840	4839	4716	4593
4595	4596	4719	4718	4471	4472	4473	4474	4597	4720	4843	4842	4841	4840	4717	4594
4596	4597	4720	4719	4472	4473	4474	4475	4598	4721	4844	4843	4842	4841	4718	4595
4597	4598	4721	4720	4473	4474	4475	4476	4599	4722	4845	4844	4843	4842	4719	4596
4598	4599	4722	4721	4474	4475	4476	4477	4600	4723	4846	4845	4844	4843	4720	4597
4599	4600	4723	4722	4475	4476	4477	4478	4601	4724	4847	4846	4845	4844	4721	4598
4600	4601	4724	4723	4476	4477	4478	4479	4602	4725	4848	4847	4846	4845	4722	4599
4601	4602	4725	4724	4477	4478	4479	4480	4603	4726	4849	4848	4847	4846	4723	4600
4602	4603	4726	4725	4478	4479	4480	4481	4604	4727	4850	4849	4848	4847	4724	4601
4603	4604	4727	4726	4479	4480	4481	4482	4605	4728	4851	4850	4849	4848	4725	4602
4604	4605	4728	4727	4480	4481	4482	4483	4606	4729	4852	4851	4850	4849	4726	4603
4605	4606	4729	4728	4481	4482	4483	4484	4607	4730	4853	4852	4851	4850	4727	4604
4606	4607	4730	4729	4482	4483	4484	4485	4608	4731	4854	4853	4852	4851	4728	4605
4607	4608	4731	4730	4483	4484	4485	4486	4609	4732	4855	4854	4853	4852	4729	4606
4608	4609	4732	4731	4484	4485	4486	4487	4610	4733	4856	4855	4854	4853	4730	4607
4609	4610	4733	4732	4485	4486	4487	4488	4611	4734	4857	4856	4855	4854	4731	4608
4610	4611	4734	4733	4486	4487	4488	4489	4612	4735	4858	4857	4856	4855	4732	4609
4611	4612	4735	4734	4487	4488	4489	4490	4613	4736	4859	4858	4857	4856	4733	4610
4612	4613	4736	4735	4488	4489	4490	4491	4614	4737	4860	4859	4858	4857	4734	4611
4613	4614	4737	4736	4489	4490	4491	4492	4615	4738	4861	4860	4859	4858	4735	4612
4614	4615	4738	4737	4490	4491	4492	4493	4616	4739	4862	4861	4860	4859	4736	4613
4615	4616	4739	4738	4491	4492	4493	4494	4617	4740	4863	4862	4861	4860	4737	4614
4616	4617	4740	4739	4492	4493	4494	4495	4618	4741	4864	4863	4862	4861	4738	4615
4617	4618	4741	4740	4493	4494	4495	4496	4619	4742	4865	4864	4863	4862	4739	4616
4618	4619	4742	4741	4494	4495	4496	4497	4620	4743	4866	4865	4864	4863	4740	4617
4619	4620	4743	4742	4495	4496	4497	4498	4621	4744	4867	4866	4865	4864	4741	4618
4620	4621	4744	4743	4496	4497	4498	4499	4622	4745	4868	4867	4866	4865	4742	4619
4621	4622	4745	4744	4497	4498	4499	4500	4623	4746	4869	4868	4867	4866	4743	4620
4622	4623	4746	4745	4498	4499	4500	4501	4624	4747	4870	4869	4868	4867	4744	4621
4623	4624	4747	4746	4499	4500	4501	4502	4625	4748	4871	4870	4869	4868	4745	4622
4624	4625	4748	4747	4500	4501	4502	4503	4626	4749	4872	4871	4870	4869	4746	4623
4625	4626	4749	4748	4501	4502	4503	4504	4627	4750	4873	4872	4871	4870	4747	4624
4626	4627	4750	4749	4502	4503	4504	4505	4628	4751	4874	4873	4872	4871	4748	4625
4627	4628	4751	4750	4503	4504	4505	4506	4629	4752	4875	4874	4873	4872	4749	4626
4628	4629	4752	4751	4504	4505	4506	4507	4630	4753	4876	4875	4874	4873	4750	4627
4629	4630	4753	4752	4505	4506	4507	4508	4631	4754	4877	4876	4875	4874	4751	4628
4630	4631	4754	4753	4506	4507	4508	4509	4632	4755	4878	4877	4876	4875	4752	4629
4631	4632	4755	4754	4507	4508	4509	4510	4633	4756	4879	4878	4877	4876	4753	4630
4632	4633	4756	4755	4508	4509	4510	4511	4634	4757	4880	4879	4878	4877	4754	4631
4633	4634	4757	4756	4509	4510	4511	4512	4635	4758	4881	4880	4879	4878	4755	4632
4634	4635	4758	4757	4510	4511	4512	4513	4636	4759	4882	4881	4880	4879	4756	4633
4635	4636	4759	4758	4511	4512	4513	4514	4637	4760	4883	4882	4881	4880	4757	4634
4636	4637	4760	4759	4512	4513	4514	4515	4638	4761	4884	4883	4882	4881	4758	4635
4637	4638	4761	4760	4513	4514	4515	4516	4639	4762	4885	4884	4883	4882	4759	4636
4638	4639	4762	4761	4514	4515	4516	4517	4640	4763	4886	4885	4884	4883	4760	4637
4639	4640	4763	4762	4515	4516	4517	4518	4641	4764	4887	4886	4885	4884	4761	4638
4640	4641	4764	4763	4516	4517	4518	4519	4642	4765	4888	4887	4886	4885	4762	4639
4641	4642	4765	4764	4517	4518	4519	4520	4643	4766	4889	4888	4887	4886	4763	4640
4642	4643	4766	4765	4518	4519	4520	4521	4644	4767	4890	4889	4888	4887	4764	4641
4643	4644	4767	4766	4519	4520	4521	4522	4645	4768	4891	4890	4889	4888	4765	4642
4644	4645	4768	4767	4520	4521	4522	4523	4646	4769	4892	4891	4890	4889	4766	4643
4645	4646	4769	4768	4521	4522	4523	4524	4647	4770	4893	4892	4891	4890	4767	4644
4646	4647	4770	4769	4522	4523	4524	4525	4648	4771	4894	4893	4892	4891	4768	4645
4647	4648	4771	4770	4523	4524	4525	4526	4649	4772	4895	4894	4893	4892	4769	4646
4648	4649	4772	4771	4524	4525	4526	4527	4650	4773	4896	4895	4894	4893	4770	4647
4649	4650	4773	4772	4525	4526	4527	4528	4651	4774	4897	4896	4895	4894	4771	4648
4650	4651	4774	4773	4526	4527	4528	4529	4652	4775	4898	4897	4896	4895	4772	4649
4651	4652	4775	4774	4527	4528	4529	4530	4653	4776	4899	4898	4897	4896	4773	4650
4652	4653	4776	4775	4528	4529	4530	4531	4654	4777	4900	4899	4898	4897	4774	4651
4653	4654	4777	4776	4529	4530	4531	4532	4655	4778	4901	4900	4899	4898	4775	4652
4654	4655	4778	4777	4530	4531	4532	4533	4656	4779	4902	4901	4900	4899	4776	4653
4655	4656	4779	4778	4531	4532	4533	4534	4657	4780	4903	4902	4901	4900	4777	4654
4656	4657	4780	4779	4532	4533	4534	4535	4658	4781	4904	4903	4902	4901	4778	4655
4657	4658	4781	4780	4533	4534	4535	4536	4659	4782	4905	4904	4903	4902	4779	4656
4658	4659	4782	4781	4534	4535	4536	4537	4660	4783	4906	4905	4904	4903	4780	4657
4659	4660	4783	4782	4535	4536	4537	4538	4661	4784	4907	4906	4905	4904	4781	4658
4660	4661	4784	4783	4536	4537	4538	4539	4662	4785	4908	4907	4906	4905	4782	4659
4661	4662	4785	4784	4537	4538	4539	4540	4663	4786	4909	4908	4907	4906	4783	4660
4662	4663	4786	4785	4538	4539	4540	4541	4664	4787	4910	4909	4908	4907	4784	4661
4663	4664	4787	4786	4539	4540	4541	4542	4665	4788	4911	4910	4909	4908	4785	4662
4664	4665	4788	4787	4540	4541	4542	4543	4666	4789	4912	4911	4910	4909	4786	4663
4665	4666	4789	4788	4541	4542	4543	4544	4667	4790	4913	4912	4911	4910	4787	4664
4666	4667	4790	4789	4542	4543	4544	4545	4668	4791	4914	4913	4912	4911	4788	4665
4667	4668	4791	4790	4543	4544	4545	4546	4669	4792	4915	4914	4913	4912	4789	4666
4668	4669	4792	4791	4544	4545	4546	4547	4670	4793	4916	4915	4914	4913	4790	4667
4669	4670	4793	4792	4545	4546	4547	4548	4671	4794	4917	4916	4915	4914	4791	4668
4670	4671	4794	4793	4546	4547	4548	4549	4672	4795	4918	4917	4916	4915	4792	4669
4671	4672	4795	4794	4547	4548	4549	4550	4673	4796	4919	4918	4917	4916	4793	4670
4675	4676	4799	4798	4551	4552	4553	4554	4677	4800	4923	4922	4921	4920	4797	4674
4676	4677	4800	4799	4552	4553	4554	4555	4678	4801	4924	4923	4922	4921	4798	4675
4677	4678	4801	4800	4553	4554	4555	4556	4679	4802	4925	4924	4923	4922	4799	4676
4678	4679	4802	4801	4554	4555	4556	4557	4680	4803	4926	4925	4924	4923	4800	4677
4679	4680	4803	4802	4555	4556	4557	4558	4681	4804	4927	4926	4925	4924	4801	4678
4680	4681	4804	4803	4556	4557	4558	4559	4682	4805	4928	4927	4926	4925	4802	4679
4681	4682	4805	4804	4557	4558	4559	4560	4683	4806	4929	4928	4927	4926	4803	4680
4682	4683	4806	4805	4558	4559	4560	4561	4684	4807	4930	4929	4928	4927	4804	4681
4683	4684	4807	4806	4559	4560	4561	4562	4685	4808	4931	4930	4929	4928	4805	4682
4684	4685	4808	4807	4560	4561	4562	4563	4686	4809	4932	4931	4930	4929	4806	4683
4685	4686	4809	4808	4561	4562	4563	4564	4687	4810	4933	4932	4931	4930	4807	4684
4686	4687	4810	4809	4562	4563	4564	4565	4688	4811	4934	4933	4932	4931	4808	4685
4687	4688	4811	4810	4563	4564	4565	4566	4689	4812	4935	4934	4933	4932	4809	4686
4688	4689	4812	4811	4564	4565	4566	4567	4690	4813	4936	4935	4934	4933	4810	4687
4689	4690	4813	4812	4565	4566	4567	4568	4691	4814	4937	4936	4935	4934	4811	4688
4690	4691	4814	4813	4566	4567	4568	4569	4692	4815	4938	4937	4936	4935	4812	4689
4691	4692	4815	4814	4567	4568	4569	4570	4693	4816	4939	4938	4937	4936	4813	4690
4692	4693	4816	4815	4568	4569	4570	4571	4694	4817	4940	4939	4938	4937	4814	4691
4693	4694	4817	4816	4569	4570	4571	4572	4695	4818	4941	4940	4939	4938	4815	4692
4694	4695	4818	4817	4570	4571	4572	4573	4696	4819	4942	4941	4940	4939	4816	4693
4695	4696	4819	4818	4571	4572	4573	4574	4697	4820	4943	4942	4941	4940	4817	4694
4696	4697	4820	4819	4572	4573	4574	4575	4698	4821	4944	4943	4942	4941	4818	4695
4697	4698	4821	4820	4573	4574	4575	4576	4699	4822	4945	4944	4943	4942	4819	4696
4698	4699	4822	4821	4574	4575	4576	4577	4700	4823	4946	4945	4944	4943	4820	4697
4699	4700	4823	4822	4575	4576	4577	4578	4701	4824	4947	4946	4945	4944	4821	4698
4700	4701	4824	4823	4576	4577	4578	4579	4702	4825	4948	4947	4946	4945	4822	4699
4701	4702	4825	4824	4577	4578	4579	4580	4703	4826	4949	4948	4947	4946	4823	4700
4702	4703	4826	4825	4578	4579	4580	4581	4704	4827	4950	4949	4948	4947	4824	4701
4703	4704	4827	4826	4579	4580	4581	4582	4705	4828	4951	4950	4949	4948	4825	4702
4704	4705	4828	4827	4580	4581	4582	4583	4706	4829	4952	4951	4950	4949	4826	4703
4705	4706	4829	4828	4581	4582	4583	4584	4707	4830	4953	4952	4951	4950	4827	4704
4706	4707	4830	4829	4582	4583	4584	4585	4708	4831	4954	4953	4952	4951	4828	4705
4707	4708	4831	4830	4583	4584	4585	4586	4709	4832	4955	4954	4953	4952	4829	4706
4708	4709	4832	4831	4584	4585	4586	4587	4710	4833	4956	4955	4954	4953	4830	4707
4709	4710	4833	4832	4585	4586	4587	4588	4711	4834	4957	4956	4955	4954	4831	4708
4710	4711	4834	4833	4586	4587	4588	4589	4712	4835	4958	4957	4956	4955	4832	4709
4711	4712	4835	4834	4587	4588	4589	4590	4713	4836	4959	4958	4957	4956	4833	4710
4712	4713	4836	4835	4588	4589	4590	4591	4714	4837	4960	4959	4958	4957	4834	4711
4713	4714	4837	4836	4589	4590	4591	4592	4715	4838	4961	4960	4959	4958	4835	4712
4714	4715	4838	4837	4590	4591	4592	4593	4716	4839	4962	4961	4960	4959	4836	4713
4715	4716	4839	4838	4591	4592	4593	4594	4717	4840	4963	4962	4961	4960	4837	4714
4716	4717	4840	4839	4592	4593	4594	4595	4718	4841	4964	4963	4962	4961	4838	4715
4717	4718	4841	4840	4593	4594	4595	4596	4719	4842	4965	4964	4963	4962	4839	4716
4718	4719	4842	4841	4594	4595	4596	4597	4720	4843	4966	4965	4964	4963	4840	4717
4719	4720	4843	4842	4595	4596	4597	4598	4721	4844	4967	4966	4965	4964	4841	4718
4720	4721	4844	4843	4596	4597	4598	4599	4722	4845	4968	4967	4966	4965	4842	4719
4721	4722	4845	4844	4597	4598	4599	4600	4723	4846	4969	4968	4967	4966	4843	4720
4722	4723	4846	4845	4598	4599	4600	4601	4724	4847	4970	4969	4968	4967	4844	4721
4723	4724	4847	4846	4599	4600	4601	4602	4725	4848	4971	4970	4969	4968	4845	4722
4724	4725	4848	4847	4600	4601	4602	4603	4726	4849	4972	4971	4970	4969	4846	4723
4725	4726	4849	4848	4601	4602	4603	4604	4727	4850	4973	4972	4971	4970	4847	4724
4726	4727	4850	4849	4602	4603	4604	4605	4728	4851	4974	4973	4972	4971	4848	4725
4727	4728	4851	4850	4603	4604	4605	4606	4729	4852	4975	4974	4973	4972	4849	4726
4728	4729	4852	4851	4604	4605	4606	4607	4730	4853	4976	4975	4974	4973	4850	4727
4729	4730	4853	4852	4605	4606	4607	4608	4731	4854	4977	4976	4975	4974	4851	4728
4730	4731	4854	4853	4606	4607	4608	4609	4732	4855	4978	4977	4976	4975	4852	4729
4731	4732	4855	4854	4607	4608	4609	4610	4733	4856	4979	4978	4977	4976	4853	4730
4732	4733	4856	4855	4608	4609	4610	4611	4734	4857	4980	4979	4978	4977	4854	4731
4733	4734	4857	4856	4609	4610	4611	4612	4735	4858	4981	4980	4979	4978	4855	4732
4734	4735	4858	4857	4610	4611	4612	4613	4736	4859	4982	4981	4980	4979	4856	4733
4735	4736	4859	4858	4611	4612	4613	4614	4737	4860	4983	4982	4981	4980	4857	4734
4736	4737	4860	4859	4612	4613	4614	4615	4738	4861	4984	4983	4982	4981	4858	4735
4737	4738	4861	4860	4613	4614	4615	4616	4739	4862	4985	4984	4983	4982	4859	4736
4738	4739	4862	4861	4614	4615	4616	4617	4740	4863	4986	4985	4984	4983	4860	4737
4739	4740	4863	4862	4615	4616	4617	4618	4741	4864	4987	4986	4985	4984	4861	4738
4740	4741	4864	4863	4616	4617	4618	4619	4742	4865	4988	4987	4986	4985	4862	4739
4741	4742	4865	4864	4617	4618	4619	4620	4743	4866	4989	4988	4987	4986	4863	4740
4742	4743	4866	4865	4618	4619	4620	4621	4744	4867	4990	4989	4988	4987	4864	4741
4743	4744	4867	4866	4619	4620	4621	4622	4745	4868	4991	4990	4989	4988	4865	4742
4744	4745	4868	4867	4620	4621	4622	4623	4746	4869	4992	4991	4990	4989	4866	4743
4745	4746	4869	4868	4621	4622	4623	4624	4747	4870	4993	4992	4991	4990	4867	4744
4746	4747	4870	4869	4622	4623	4624	4625	4748	4871	4994	4993	4992	4991	4868	4745
4747	4748	4871	4870	4623	4624	4625	4626	4749	4872	4995	4994	4993	4992	4869	4746
4748	4749	4872	4871	4624	4625	4626	4627	4750	4873	4996	4995	4994	4993	4870	4747
4749	4750	4873	4872	4625	4626	4627	4628	4751	4874	4997	4996	4995	4994	4871	4748
4750	4751	4874	4873	4626	4627	4628	4629	4752	4875	4998	4997	4996	4995	4872	4749
4751	4752	4875	4874	4627	4628	4629	4630	4753	4876	4999	4998	4997	4996	4873	4750
4752	4753	4876	4875	4628	4629	4630	4631	4754	4877	5000	4999	4998	4997	4874	4751
4753	4754	4877	4876	4629	4630	4631	4632	4755	4878	5001	5000	4999	4998	4875	4752
4754	4755	4878	4877	4630	4631	4632	4633	4756	4879	5002	5001	5000	4999	4876	4753
4755	4756	4879	4878	4631	4632	4633	4634	4757	4880	5003	5002	5001	5000	4877	4754
4756	4757	4880	4879	4632	4633	4634	4635	4758	4881	5004	5003	5002	5001	4878	4755
4757	4758	4881	4880	4633	4634	4635	4636	4759	4882	5005	5004	5003	5002	4879	4756
4758	4759	4882	4881	4634	4635	4636	4637	4760	4883	5006	5005	5004	5003	4880	4757
4759	4760	4883	4882	4635	4636	4637	4638	4761	4884	5007	5006	5005	5004	4881	4758
4760	4761	4884	4883	4636	4637	4638	4639	4762	4885	5008	5007	5006	5005	4882	4759
4761	4762	4885	4884	4637	4638	4639	4640	4763	4886	5009	5008	5007	5006	4883	4760
4762	4763	4886	4885	4638	4639	4640	4641	4764	4887	5010	5009	5008	5007	4884	4761
4763	4764	4887	4886	4639	4640	4641	4642	4765	4888	5011	5010	5009	5008	4885	4762
4764	4765	4888	4887	4640	4641	4642	4643	4766	4889	5012	5011	5010	5009	4886	4763
4765	4766	4889	4888	4641	4642	4643	4644	4767	4890	5013	5012	5011	5010	4887	4764
4766	4767	4890	4889	4642	4643	4644	4645	4768	4891	5014	5013	5012	5011	4888	4765
4767	4768	4891	4890	4643	4644	4645	4646	4769	4892	5015	5014	5013	5012	4889	4766
4768	4769	4892	4891	4644	4645	4646	4647	4770	4893	5016	5015	5014	5013	4890	4767
4769	4770	4893	4892	4645	4646	4647	4648	4771	4894	5017	5016	5015	5014	4891	4768
4770	4771	4894	4893	4646	4647	4648	4649	4772	4895	5018	5017	5016	5015	4892	4769
4771	4772	4895	4894	4647	4648	4649	4650	4773	4896	5019	5018	5017	5016	4893	4770
4772	4773	4896	4895	4648	4649	4650	4651	4774	4897	5020	5019	5018	5017	4894	4771
4773	4774	4897	4896	4649	4650	4651	4652	4775	4898	5021	5020	5019	5018	4895	4772
4774	4775	4898	4897	4650	4651	4652	4653	4776	4899	5022	5021	5020	5019	4896	4773
4775	4776	4899	4898	4651	4652	4653	4654	4777	4900	5023	5022	5021	5020	4897	4774
4776	4777	4900	4899	4652	4653	4654	4655	4778	4901	5024	5023	5022	5021	4898	4775
4777	4778	4901	4900	4653	4654	4655	4656	4779	4902	5025	5024	5023	5022	4899	4776
4778	4779	4902	4901	4654	4655	4656	4657	4780	4903	5026	5025	5024	5023	4900	4777
4779	4780	4903	4902	4655	4656	4657	4658	4781	4904	5027	5026	5025	5024	4901	4778
4780	4781	4904	4903	4656	4657	4658	4659	4782	4905	5028	5027	5026	5025	4902	4779
4781	4782	4905	4904	4657	4658	4659	4660	4783	4906	5029	5028	5027	5026	4903	4780
4782	4783	4906	4905	4658	4659	4660	4661	4784	4907	5030	5029	5028	5027	4904	4781
4783	4784	4907	4906	4659	4660	4661	4662	4785	4908	5031	5030	5029	5028	4905	4782
4784	4785	4908	4907	4660	4661	4662	4663	4786	4909	5032	5031	5030	5029	4906	4783
4785	4786	4909	4908	4661	4662	4663	4664	4787	4910	5033	5032	5031	5030	4907	4784
4786	4787	4910	4909	4662	4663	4664	4665	4788	4911	5034	5033	5032	5031	4908	4785
4787	4788	4911	4910	4663	4664	4665	4666	4789	4912	5035	5034	5033	5032	4909	4786
4788	4789	4912	4911	4664	4665	4666	4667	4790	4913	5036	5035	5034	5033	4910	4787
4789	4790	4913	4912	4665	4666	4667	4668	4791	4914	5037	5036	5035	5034	4911	4788
4790	4791	4914	4913	4666	4667	4668	4669	4792	4915	5038	5037	5036	5035	4912	4789
4791	4792	4915	4914	4667	4668	4669	4670	4793	4916	5039	5038	5037	5036	4913	4790
4792	4793	4916	4915	4668	4669	4670	4671	4794	4917	5040	5039	5038	5037	4914	4791
4793	4794	4917	4916	4669	4670	4671	4672	4795	4918	5041	5040	5039	5038	4915	4792
4794	4795	4918	4917	4670	4671	4672	4673	4796	4919	5042	5041	5040	5039	4916	4793
4798	4799	4922	4921	4674	4675	4676	4677	4800	4923	5046	5045	5044	5043	4920	4797
4799	4800	4923	4922	4675	4676	4677	4678	4801	4924	5047	5046	5045	5044	4921	4798
4800	4801	4924	4923	4676	4677	4678	4679	4802	4925	5048	5047	5046	5045	4922	4799
4801	4802	4925	4924	4677	4678	4679	4680	4803	4926	5049	5048	5047	5046	4923	4800
4802	4803	4926	4925	4678	4679	4680	4681	4804	4927	5050	5049	5048	5047	4924	4801
4803	4804	4927	4926	4679	4680	4681	4682	4805	4928	5051	5050	5049	5048	4925	4802
4804	4805	4928	4927	4680	4681	4682	4683	4806	4929	5052	5051	5050	5049	4926	4803
4805	4806	4929	4928	4681	4682	4683	4684	4807	4930	5053	5052	5051	5050	4927	4804
4806	4807	4930	4929	4682	4683	4684	4685	4808	4931	5054	5053	5052	5051	4928	4805
4807	4808	4931	4930	4683	4684	4685	4686	4809	4932	5055	5054	5053	5052	4929	4806
4808	4809	4932	4931	4684	4685	4686	4687	4810	4933	5056	5055	5054	5053	4930	4807
4809	4810	4933	4932	4685	4686	4687	4688	4811	4934	5057	5056	5055	5054	4931	4808
4810	4811	4934	4933	4686	4687	4688	4689	4812	4935	5058	5057	5056	5055	4932	4809
4811	4812	4935	4934	4687	4688	4689	4690	4813	4936	5059	5058	5057	5056	4933	4810
4812	4813	4936	4935	4688	4689	4690	4691	4814	4937	5060	5059	5058	5057	4934	4811
4813	4814	4937	4936	4689	4690	4691	4692	4815	4938	5061	5060	5059	5058	4935	4812
4814	4815	4938	4937	4690	4691	4692	4693	4816	4939	5062	5061	5060	5059	4936	4813
4815	4816	4939	4938	4691	4692	4693	4694	4817	4940	5063	5062	5061	5060	4937	4814
4816	4817	4940	4939	4692	4693	4694	4695	4818	4941	5064	5063	5062	5061	4938	4815
4817	4818	4941	4940	4693	4694	4695	4696	4819	4942	5065	5064	5063	5062	4939	4816
4818	4819	4942	4941	4694	4695	4696	4697	4820	4943	5066	5065	5064	5063	4940	4817
4819	4820	4943	4942	4695	4696	4697	4698	4821	4944	5067	5066	5065	5064	4941	4818
4820	4821	4944	4943	4696	4697	4698	4699	4822	4945	5068	5067	5066	5065	4942	4819
4821	4822	4945	4944	4697	4698	4699	4700	4823	4946	5069	5068	5067	5066	4943	4820
4822	4823	4946	4945	4698	4699	4700	4701	4824	4947	5070	5069	5068	5067	4944	4821
4823	4824	4947	4946	4699	4700	4701	4702	4825	4948	5071	5070	5069	5068	4945	4822
4824	4825	4948	4947	4700	4701	4702	4703	4826	4949	5072	5071	5070	5069	4946	4823
4825	4826	4949	4948	4701	4702	4703	4704	4827	4950	5073	5072	5071	5070	4947	4824
4826	4827	4950	4949	4702	4703	4704	4705	4828	4951	5074	5073	5072	5071	4948	4825
4827	4828	4951	4950	4703	4704	4705	4706	4829	4952	5075	5074	5073	5072	4949	4826
4828	4829	4952	4951	4704	4705	4706	4707	4830	4953	5076	5075	5074	5073	4950	4827
4829	4830	4953	4952	4705	4706	4707	4708	4831	4954	5077	5076	5075	5074	4951	4828
4830	4831	4954	4953	4706	4707	4708	4709	4832	4955	5078	5077	5076	5075	4952	4829
4831	4832	4955	4954	4707	4708	4709	4710	4833	4956	5079	5078	5077	5076	4953	4830
4832	4833	4956	4955	4708	4709	4710	4711	4834	4957	5080	5079	5078	5077	4954	4831
4833	4834	4957	4956	4709	4710	4711	4712	4835	4958	5081	5080	5079	5078	4955	4832
4834	4835	4958	4957	4710	4711	4712	4713	4836	4959	5082	5081	5080	5079	4956	4833
4835	4836	4959	4958	4711	4712	4713	4714	4837	4960	5083	5082	5081	5080	4957	4834
4836	4837	4960	4959	4712	4713	4714	4715	4838	4961	5084	5083	5082	5081	4958	4835
4837	4838	4961	4960	4713	4714	4715	4716	4839	4962	5085	5084	5083	5082	4959	4836
4838	4839	4962	4961	4714	4715	4716	4717	4840	4963	5086	5085	5084	5083	4960	4837
4839	4840	4963	4962	4715	4716	4717	4718	4841	4964	5087	5086	5085	5084	4961	4838
4840	4841	4964	4963	4716	4717	4718	4719	4842	4965	5088	5087	5086	5085	4962	4839
4841	4842	4965	4964	4717	4718	4719	4720	4843	4966	5089	5088	5087	5086	4963	4840
4842	4843	4966	4965	4718	4719	4720	4721	4844	4967	5090	5089	5088	5087	4964	4841
4843	4844	4967	4966	4719	4720	4721	4722	4845	4968	5091	5090	5089	5088	4965	4842
4844	4845	4968	4967	4720	4721	4722	4723	4846	4969	5092	5091	5090	5089	4966	4843
4845	4846	4969	4968	4721	4722	4723	4724	4847	4970	5093	5092	5091	5090	4967	4844
4846	4847	4970	4969	4722	4723	4724	4725	4848	4971	5094	5093	5092	5091	4968	4845
4847	4848	4971	4970	4723	4724	4725	4726	4849	4972	5095	5094	5093	5092	4969	4846
4848	4849	4972	4971	4724	4725	4726	4727	4850	4973	5096	5095	5094	5093	4970	4847
4849	4850	4973	4972	4725	4726	4727	4728	4851	4974	5097	5096	5095	5094	4971	4848
4850	4851	4974	4973	4726	4727	4728	4729	4852	4975	5098	5097	5096	5095	4972	4849
4851	4852	4975	4974	4727	4728	4729	4730	4853	4976	5099	5098	5097	5096	4973	4850
4852	4853	4976	4975	4728	4729	4730	4731	4854	4977	5100	5099	5098	5097	4974	4851
4853	4854	4977	4976	4729	4730	4731	4732	4855	4978	5101	5100	5099	5098	4975	4852
4854	4855	4978	4977	4730	4731	4732	4733	4856	4979	5102	5101	5100	5099	4976	4853
4855	4856	4979	4978	4731	4732	4733	4734	4857	4980	5103	5102	5101	5100	4977	4854
4856	4857	4980	4979	4732	4733	4734	4735	4858	4981	5104	5103	5102	5101	4978	4855
4857	4858	4981	4980	4733	4734	4735	4736	4859	4982	5105	5104	5103	5102	4979	4856
4858	4859	4982	4981	4734	4735	4736	4737	4860	4983	5106	5105	5104	5103	4980	4857
4859	4860	4983	4982	4735	4736	4737	4738	4861	4984	5107	5106	5105	5104	4981	4858
4860	4861	4984	4983	4736	4737	4738	4739	4862	4985	5108	5107	5106	5105	4982	4859
4861	4862	4985	4984	4737	4738	4739	4740	4863	4986	5109	5108	5107	5106	4983	4860
4862	4863	4986	4985	4738	4739	4740	4741	4864	4987	5110	5109	5108	5107	4984	4861
4863	4864	4987	4986	4739	4740	4741	4742	4865	4988	5111	5110	5109	5108	4985	4862
4864	4865	4988	4987	4740	4741	4742	4743	4866	4989	5112	5111	5110	5109	4986	4863
4865	4866	4989	4988	4741	4742	4743	4744	4867	4990	5113	5112	5111	5110	4987	4864
4866	4867	4990	4989	4742	4743	4744	4745	4868	4991	5114	5113	5112	5111	4988	4865
4867	4868	4991	4990	4743	4744	4745	4746	4869	4992	5115	5114	5113	5112	4989	4866
4868	4869	4992	4991	4744	4745	4746	4747	4870	4993	5116	5115	5114	5113	4990	4867
4869	4870	4993	4992	4745	4746	4747	4748	4871	4994	5117	5116	5115	5114	4991	4868
4870	4871	4994	4993	4746	4747	4748	4749	4872	4995	5118	5117	5116	5115	4992	4869
4871	4872	4995	4994	4747	4748	4749	4750	4873	4996	5119	5118	5117	5116	4993	4870
4872	4873	4996	4995	4748	4749	4750	4751	4874	4997	5120	5119	5118	5117	4994	4871
4873	4874	4997	4996	4749	4750	4751	4752	4875	4998	5121	5120	5119	5118	4995	4872
4874	4875	4998	4997	4750	4751	4752	4753	4876	4999	5122	5121	5120	5119	4996	4873
4875	4876	4999	4998	4751	4752	4753	4754	4877	5000	5123	5122	5121	5120	4997	4874
4876	4877	5000	4999	4752	4753	4754	4755	4878	5001	5124	5123	5122	5121	4998	4875
4877	4878	5001	5000	4753	4754	4755	4756	4879	5002	5125	5124	5123	5122	4999	4876
4878	4879	5002	5001	4754	4755	4756	4757	4880	5003	5126	5125	5124	5123	5000	4877
4879	4880	5003	5002	4755	4756	4757	4758	4881	5004	5127	5126	5125	5124	5001	4878
4880	4881	5004	5003	4756	4757	4758	4759	4882	5005	5128	5127	5126	5125	5002	4879
4881	4882	5005	5004	4757	4758	4759	4760	4883	5006	5129	5128	5127	5126	5003	4880
4882	4883	5006	5005	4758	4759	4760	4761	4884	5007	5130	5129	5128	5127	5004	4881
4883	4884	5007	5006	4759	4760	4761	4762	4885	5008	5131	5130	5129	5128	5005	4882
4884	4885	5008	5007	4760	4761	4762	4763	4886	5009	5132	5131	5130	5129	5006	4883
4885	4886	5009	5008	4761	4762	4763	4764	4887	5010	5133	5132	5131	5130	5007	4884
4886	4887	5010	5009	4762	4763	4764	4765	4888	5011	5134	5133	5132	5131	5008	4885
4887	4888	5011	5010	4763	4764	4765	4766	4889	5012	5135	5134	5133	5132	5009	4886
4888	4889	5012	5011	4764	4765	4766	4767	4890	5013	5136	5135	5134	5133	5010	4887
4889	4890	5013	5012	4765	4766	4767	4768	4891	5014	5137	5136	5135	5134	5011	4888
4890	4891	5014	5013	4766	4767	4768	4769	4892	5015	5138	5137	5136	5135	5012	4889
4891	4892	5015	5014	4767	4768	4769	4770	4893	5016	5139	5138	5137	5136	5013	4890
4892	4893	5016	5015	4768	4769	4770	4771	4894	5017	5140	5139	5138	5137	5014	4891
4893	4894	5017	5016	4769	4770	4771	4772	4895	5018	5141	5140	5139	5138	5015	4892
4894	4895	5018	5017	4770	4771	4772	4773	4896	5019	5142	5141	5140	5139	5016	4893
4895	4896	5019	5018	4771	4772	4773	4774	4897	5020	5143	5142	5141	5140	5017	4894
4896	4897	5020	5019	4772	4773	4774	4775	4898	5021	5144	5143	5142	5141	5018	4895
4897	4898	5021	5020	4773	4774	4775	4776	4899	5022	5145	5144	5143	5142	5019	4896
4898	4899	5022	5021	4774	4775	4776	4777	4900	5023	5146	5145	5144	5143	5020	4897
4899	4900	5023	5022	4775	4776	4777	4778	4901	5024	5147	5146	5145	5144	5021	4898
4900	4901	5024	5023	4776	4777	4778	4779	4902	5025	5148	5147	5146	5145	5022	4899
4901	4902	5025	5024	4777	4778	4779	4780	4903	5026	5149	5148	5147	5146	5023	4900
4902	4903	5026	5025	4778	4779	4780	4781	4904	5027	5150	5149	5148	5147	5024	4901
4903	4904	5027	5026	4779	4780	4781	4782	4905	5028	5151	5150	5149	5148	5025	4902
4904	4905	5028	5027	4780	4781	4782	4783	4906	5029	5152	5151	5150	5149	5026	4903
4905	4906	5029	5028	4781	4782	4783	4784	4907	5030	5153	5152	5151	5150	5027	4904
4906	4907	5030	5029	4782	4783	4784	4785	4908	5031	5154	5153	5152	5151	5028	4905
4907	4908	5031	5030	4783	4784	4785	4786	4909	5032	5155	5154	5153	5152	5029	4906
4908	4909	5032	5031	4784	4785	4786	4787	4910	5033	5156	5155	5154	5153	5030	4907
4909	4910	5033	5032	4785	4786	4787	4788	4911	5034	5157	5156	5155	5154	5031	4908
4910	4911	5034	5033	4786	4787	4788	4789	4912	5035	5158	5157	5156	5155	5032	4909
4911	4912	5035	5034	4787	4788	4789	4790	4913	5036	5159	5158	5157	5156	5033	4910
4912	4913	5036	5035	4788	4789	4790	4791	4914	5037	5160	5159	5158	5157	5034	4911
4913	4914	5037	5036	4789	4790	4791	4792	4915	5038	5161	5160	5159	5158	5035	4912
4914	4915	5038	5037	4790	4791	4792	4793	4916	5039	5162	5161	5160	5159	5036	4913
4915	4916	5039	5038	4791	4792	4793	4794	4917	5040	5163	5162	5161	5160	5037	4914
4916	4917	5040	5039	4792	4793	4794	4795	4918	5041	5164	5163	5162	5161	5038	4915
4917	4918	5041	5040	4793	4794	4795	4796	4919	5042	5165	5164	5163	5162	5039	4916
4921	4922	5045	5044	4797	4798	4799	4800	4923	5046	5169	5168	5167	5166	5043	4920
4922	4923	5046	5045	4798	4799	4800	4801	4924	5047	5170	5169	5168	5167	5044	4921
4923	4924	5047	5046	4799	4800	4801	4802	4925	5048	5171	5170	5169	5168	5045	4922
4924	4925	5048	5047	4800	4801	4802	4803	4926	5049	5172	5171	5170	5169	5046	4923
4925	4926	5049	5048	4801	4802	4803	4804	4927	5050	5173	5172	5171	5170	5047	4924
4926	4927	5050	5049	4802	4803	4804	4805	4928	5051	5174	5173	5172	5171	5048	4925
4927	4928	5051	5050	4803	4804	4805	4806	4929	5052	5175	5174	5173	5172	5049	4926
4928	4929	5052	5051	4804	4805	4806	4807	4930	5053	5176	5175	5174	5173	5050	4927
4929	4930	5053	5052	4805	4806	4807	4808	4931	5054	5177	5176	5175	5174	5051	4928
4930	4931	5054	5053	4806	4807	4808	4809	4932	5055	5178	5177	5176	5175	5052	4929
4931	4932	5055	5054	4807	4808	4809	4810	4933	5056	5179	5178	5177	5176	5053	4930
4932	4933	5056	5055	4808	4809	4810	4811	4934	5057	5180	5179	5178	5177	5054	4931
4933	4934	5057	5056	4809	4810	4811	4812	4935	5058	5181	5180	5179	5178	5055	4932
4934	4935	5058	5057	4810	4811	4812	4813	4936	5059	5182	5181	5180	5179	5056	4933
4935	4936	5059	5058	4811	4812	4813	4814	4937	5060	5183	5182	5181	5180	5057	4934
4936	4937	5060	5059	4812	4813	4814	4815	4938	5061	5184	5183	5182	5181	5058	4935
4937	4938	5061	5060	4813	4814	4815	4816	4939	5062	5185	5184	5183	5182	5059	4936
4938	4939	5062	5061	4814	4815	4816	4817	4940	5063	5186	5185	5184	5183	5060	4937
4939	4940	5063	5062	4815	4816	4817	4818	4941	5064	5187	5186	5185	5184	5061	4938
4940	4941	5064	5063	4816	4817	4818	4819	4942	5065	5188	5187	5186	5185	5062	4939
4941	4942	5065	5064	4817	4818	4819	4820	4943	5066	5189	5188	5187	5186	5063	4940
4942	4943	5066	5065	4818	4819	4820	4821	4944	5067	5190	5189	5188	5187	5064	4941
4943	4944	5067	5066	4819	4820	4821	4822	4945	5068	5191	5190	5189	5188	5065	4942
4944	4945	5068	5067	4820	4821	4822	4823	4946	5069	5192	5191	5190	5189	5066	4943
4945	4946	5069	5068	4821	4822	4823	4824	4947	5070	5193	5192	5191	5190	5067	4944
4946	4947	5070	5069	4822	4823	4824	4825	4948	5071	5194	5193	5192	5191	5068	4945
4947	4948	5071	5070	4823	4824	4825	4826	4949	5072	5195	5194	5193	5192	5069	4946
4948	4949	5072	5071	4824	4825	4826	4827	4950	5073	5196	5195	5194	5193	5070	4947
4949	4950	5073	5072	4825	4826	4827	4828	4951	5074	5197	5196	5195	5194	5071	4948
4950	4951	5074	5073	4826	4827	4828	4829	4952	5075	5198	5197	5196	5195	5072	4949
4951	4952	5075	5074	4827	4828	4829	4830	4953	5076	5199	5198	5197	5196	5073	4950
4952	4953	5076	5075	4828	4829	4830	4831	4954	5077	5200	5199	5198	5197	5074	4951
4953	4954	5077	5076	4829	4830	4831	4832	4955	5078	5201	5200	5199	5198	5075	4952
4954	4955	5078	5077	4830	4831	4832	4833	4956	5079	5202	5201	5200	5199	5076	4953
4955	4956	5079	5078	4831	4832	4833	4834	4957	5080	5203	5202	5201	5200	5077	4954
4956	4957	5080	5079	4832	4833	4834	4835	4958	5081	5204	5203	5202	5201	5078	4955
4957	4958	5081	5080	4833	4834	4835	4836	4959	5082	5205	5204	5203	5202	5079	4956
4958	4959	5082	5081	4834	4835	4836	4837	4960	5083	5206	5205	5204	5203	5080	4957
4959	4960	5083	5082	4835	4836	4837	4838	4961	5084	5207	5206	5205	5204	5081	4958
4960	4961	5084	5083	4836	4837	4838	4839	4962	5085	5208	5207	5206	5205	5082	4959
4961	4962	5085	5084	4837	4838	4839	4840	4963	5086	5209	5208	5207	5206	5083	4960
4962	4963	5086	5085	4838	4839	4840	4841	4964	5087	5210	5209	5208	5207	5084	4961
4963	4964	5087	5086	4839	4840	4841	4842	4965	5088	5211	5210	5209	5208	5085	4962
4964	4965	5088	5087	4840	4841	4842	4843	4966	5089	5212	5211	5210	5209	5086	4963
4965	4966	5089	5088	4841	4842	4843	4844	4967	5090	5213	5212	5211	5210	5087	4964
4966	4967	5090	5089	4842	4843	4844	4845	4968	5091	5214	5213	5212	5211	5088	4965
4967	4968	5091	5090	4843	4844	4845	4846	4969	5092	5215	5214	5213	5212	5089	4966
4968	4969	5092	5091	4844	4845	4846	4847	4970	5093	5216	5215	5214	5213	5090	4967
4969	4970	5093	5092	4845	4846	4847	4848	4971	5094	5217	5216	5215	5214	5091	4968
4970	4971	5094	5093	4846	4847	4848	4849	4972	5095	5218	5217	5216	5215	5092	4969
4971	4972	5095	5094	4847	4848	4849	4850	4973	5096	5219	5218	5217	5216	5093	4970
4972	4973	5096	5095	4848	4849	4850	4851	4974	5097	5220	5219	5218	5217	5094	4971
4973	4974	5097	5096	4849	4850	4851	4852	4975	5098	5221	5220	5219	5218	5095	4972
4974	4975	5098	5097	4850	4851	4852	4853	4976	5099	5222	5221	5220	5219	5096	4973
4975	4976	5099	5098	4851	4852	4853	4854	4977	5100	5223	5222	5221	5220	5097	4974
4976	4977	5100	5099	4852	4853	4854	4855	4978	5101	5224	5223	5222	5221	5098	4975
4977	4978	5101	5100	4853	4854	4855	4856	4979	5102	5225	5224	5223	5222	5099	4976
4978	4979	5102	5101	4854	4855	4856	4857	4980	5103	5226	5225	5224	5223	5100	4977
4979	4980	5103	5102	4855	4856	4857	4858	4981	5104	5227	5226	5225	5224	5101	4978
4980	4981	5104	5103	4856	4857	4858	4859	4982	5105	5228	5227	5226	5225	5102	4979
4981	4982	5105	5104	4857	4858	4859	4860	4983	5106	5229	5228	5227	5226	5103	4980
4982	4983	5106	5105	4858	4859	4860	4861	4984	5107	5230	5229	5228	5227	5104	4981
4983	4984	5107	5106	4859	4860	4861	4862	4985	5108	5231	5230	5229	5228	5105	4982
4984	4985	5108	5107	4860	4861	4862	4863	4986	5109	5232	5231	5230	5229	5106	4983
4985	4986	5109	5108	4861	4862	4863	4864	4987	5110	5233	5232	5231	5230	5107	4984
4986	4987	5110	5109	4862	4863	4864	4865	4988	5111	5234	5233	5232	5231	5108	4985
4987	4988	5111	5110	4863	4864	4865	4866	4989	5112	5235	5234	5233	5232	5109	4986
4988	4989	5112	5111	4864	4865	4866	4867	4990	5113	5236	5235	5234	5233	5110	4987
4989	4990	5113	5112	4865	4866	4867	4868	4991	5114	5237	5236	5235	5234	5111	4988
4990	4991	5114	5113	4866	4867	4868	4869	4992	5115	5238	5237	5236	5235	5112	4989
4991	4992	5115	5114	4867	4868	4869	4870	4993	5116	5239	5238	5237	5236	5113	4990
4992	4993	5116	5115	4868	4869	4870	4871	4994	5117	5240	5239	5238	5237	5114	4991
4993	4994	5117	5116	4869	4870	4871	4872	4995	5118	5241	5240	5239	5238	5115	4992
4994	4995	5118	5117	4870	4871	4872	4873	4996	5119	5242	5241	5240	5239	5116	4993
4995	4996	5119	5118	4871	4872	4873	4874	4997	5120	5243	5242	5241	5240	5117	4994
4996	4997	5120	5119	4872	4873	4874	4875	4998	5121	5244	5243	5242	5241	5118	4995
4997	4998	5121	5120	4873	4874	4875	4876	4999	5122	5245	5244	5243	5242	5119	4996
4998	4999	5122	5121	4874	4875	4876	4877	5000	5123	5246	5245	5244	5243	5120	4997
4999	5000	5123	5122	4875	4876	4877	4878	5001	5124	5247	5246	5245	5244	5121	4998
5000	5001	5124	5123	4876	4877	4878	4879	5002	5125	5248	5247	5246	5245	5122	4999
5001	5002	5125	5124	4877	4878	4879	4880	5003	5126	5249	5248	5247	5246	5123	5000
5002	5003	5126	5125	4878	4879	4880	4881	5004	5127	5250	5249	5248	5247	5124	5001
5003	5004	5127	5126	4879	4880	4881	4882	5005	5128	5251	5250	5249	5248	5125	5002
5004	5005	5128	5127	4880	4881	4882	4883	5006	5129	5252	5251	5250	5249	5126	5003
5005	5006	5129	5128	4881	4882	4883	4884	5007	5130	5253	5252	5251	5250	5127	5004
5006	5007	5130	5129	4882	4883	4884	4885	5008	5131	5254	5253	5252	5251	5128	5005
5007	5008	5131	5130	4883	4884	4885	4886	5009	5132	5255	5254	5253	5252	5129	5006
5008	5009	5132	5131	4884	4885	4886	4887	5010	5133	5256	5255	5254	5253	5130	5007
5009	5010	5133	5132	4885	4886	4887	4888	5011	5134	5257	5256	5255	5254	5131	5008
5010	5011	5134	5133	4886	4887	4888	4889	5012	5135	5258	5257	5256	5255	5132	5009
5011	5012	5135	5134	4887	4888	4889	4890	5013	5136	5259	5258	5257	5256	5133	5010
5012	5013	5136	5135	4888	4889	4890	4891	5014	5137	5260	5259	5258	5257	5134	5011
5013	5014	5137	5136	4889	4890	4891	4892	5015	5138	5261	5260	5259	5258	5135	5012
5014	5015	5138	5137	4890	4891	4892	4893	5016	5139	5262	5261	5260	5259	5136	5013
5015	5016	5139	5138	4891	4892	4893	4894	5017	5140	5263	5262	5261	5260	5137	5014
5016	5017	5140	5139	4892	4893	4894	4895	5018	5141	5264	5263	5262	5261	5138	5015
5017	5018	5141	5140	4893	4894	4895	4896	5019	5142	5265	5264	5263	5262	5139	5016
5018	5019	5142	5141	4894	4895	4896	4897	5020	5143	5266	5265	5264	5263	5140	5017
5019	5020	5143	5142	4895	4896	4897	4898	5021	5144	5267	5266	5265	5264	5141	5018
5020	5021	5144	5143	4896	4897	4898	4899	5022	5145	5268	5267	5266	5265	5142	5019
5021	5022	5145	5144	4897	4898	4899	4900	5023	5146	5269	5268	5267	5266	5143	5020
5022	5023	5146	5145	4898	4899	4900	4901	5024	5147	5270	5269	5268	5267	5144	5021
5023	5024	5147	5146	4899	4900	4901	4902	5025	5148	5271	5270	5269	5268	5145	5022
5024	5025	5148	5147	4900	4901	4902	4903	5026	5149	5272	5271	5270	5269	5146	5023
5025	5026	5149	5148	4901	4902	4903	4904	5027	5150	5273	5272	5271	5270	5147	5024
5026	5027	5150	5149	4902	4903	4904	4905	5028	5151	5274	5273	5272	5271	5148	5025
5027	5028	5151	5150	4903	4904	4905	4906	5029	5152	5275	5274	5273	5272	5149	5026
5028	5029	5152	5151	4904	4905	4906	4907	5030	5153	5276	5275	5274	5273	5150	5027
5029	5030	5153	5152	4905	4906	4907	4908	5031	5154	5277	5276	5275	5274	5151	5028
5030	5031	5154	5153	4906	4907	4908	4909	5032	5155	5278	5277	5276	5275	5152	5029
5031	5032	5155	5154	4907	4908	4909	4910	5033	5156	5279	5278	5277	5276	5153	5030
5032	5033	5156	5155	4908	4909	4910	4911	5034	5157	5280	5279	5278	5277	5154	5031
5033	5034	5157	5156	4909	4910	4911	4912	5035	5158	5281	5280	5279	5278	5155	5032
5034	5035	5158	5157	4910	4911	4912	4913	5036	5159	5282	5281	5280	5279	5156	5033
5035	5036	5159	5158	4911	4912	4913	4914	5037	5160	5283	5282	5281	5280	5157	5034
5036	5037	5160	5159	4912	4913	4914	4915	5038	5161	5284	5283	5282	5281	5158	5035
5037	5038	5161	5160	4913	4914	4915	4916	5039	5162	5285	5284	5283	5282	5159	5036
5038	5039	5162	5161	4914	4915	4916	4917	5040	5163	5286	5285	5284	5283	5160	5037
5039	5040	5163	5162	4915	4916	4917	4918	5041	5164	5287	5286	5285	5284	5161	5038
5040	5041	5164	5163	4916	4917	4918	4919	5042	5165	5288	5287	5286	5285	5162	5039
5044	5045	5168	5167	4920	4921	4922	4923	5046	5169	5292	5291	5290	5289	5166	5043
5045	5046	5169	5168	4921	4922	4923	4924	5047	5170	5293	5292	5291	5290	5167	5044
5046	5047	5170	5169	4922	4923	4924	4925	5048	5171	5294	5293	5292	5291	5168	5045
5047	5048	5171	5170	4923	4924	4925	4926	5049	5172	5295	5294	5293	5292	5169	5046
5048	5049	5172	5171	4924	4925	4926	4927	5050	5173	5296	5295	5294	5293	5170	5047
5049	5050	5173	5172	4925	4926	4927	4928	5051	5174	5297	5296	5295	5294	5171	5048
5050	5051	5174	5173	4926	4927	4928	4929	5052	5175	5298	5297	5296	5295	5172	5049
5051	5052	5175	5174	4927	4928	4929	4930	5053	5176	5299	5298	5297	5296	5173	5050
5052	5053	5176	5175	4928	4929	4930	4931	5054	5177	5300	5299	5298	5297	5174	5051
5053	5054	5177	5176	4929	4930	4931	4932	5055	5178	5301	5300	5299	5298	5175	5052
5054	5055	5178	5177	4930	4931	4932	4933	5056	5179	5302	5301	5300	5299	5176	5053
5055	5056	5179	5178	4931	4932	4933	4934	5057	5180	5303	5302	5301	5300	5177	5054
5056	5057	5180	5179	4932	4933	4934	4935	5058	5181	5304	5303	5302	5301	5178	5055
5057	5058	5181	5180	4933	4934	4935	4936	5059	5182	5305	5304	5303	5302	5179	5056
5058	5059	5182	5181	4934	4935	4936	4937	5060	5183	5306	5305	5304	5303	5180	5057
5059	5060	5183	5182	4935	4936	4937	4938	5061	5184	5307	5306	5305	5304	5181	5058
5060	5061	5184	5183	4936	4937	4938	4939	5062	5185	5308	5307	5306	5305	5182	5059
5061	5062	5185	5184	4937	4938	4939	4940	5063	5186	5309	5308	5307	5306	5183	5060
5062	5063	5186	5185	4938	4939	4940	4941	5064	5187	5310	5309	5308	5307	5184	5061
5063	5064	5187	5186	4939	4940	4941	4942	5065	5188	5311	5310	5309	5308	5185	5062
5064	5065	5188	5187	4940	4941	4942	4943	5066	5189	5312	5311	5310	5309	5186	5063
5065	5066	5189	5188	4941	4942	4943	4944	5067	5190	5313	5312	5311	5310	5187	5064
5066	5067	5190	5189	4942	4943	4944	4945	5068	5191	5314	5313	5312	5311	5188	5065
5067	5068	5191	5190	4943	4944	4945	4946	5069	5192	5315	5314	5313	5312	5189	5066
5068	5069	5192	5191	4944	4945	4946	4947	5070	5193	5316	5315	5314	5313	5190	5067
5069	5070	5193	5192	4945	4946	4947	4948	5071	5194	5317	5316	5315	5314	5191	5068
5070	5071	5194	5193	4946	4947	4948	4949	5072	5195	5318	5317	5316	5315	5192	5069
5071	5072	5195	5194	4947	4948	4949	4950	5073	5196	5319	5318	5317	5316	5193	5070
5072	5073	5196	5195	4948	4949	4950	4951	5074	5197	5320	5319	5318	5317	5194	5071
5073	5074	5197	5196	4949	4950	4951	4952	5075	5198	5321	5320	5319	5318	5195	5072
5074	5075	5198	5197	4950	4951	4952	4953	5076	5199	5322	5321	5320	5319	5196	5073
5075	5076	5199	5198	4951	4952	4953	4954	5077	5200	5323	5322	5321	5320	5197	5074
5076	5077	5200	5199	4952	4953	4954	4955	5078	5201	5324	5323	5322	5321	5198	5075
5077	5078	5201	5200	4953	4954	4955	4956	5079	5202	5325	5324	5323	5322	5199	5076
5078	5079	5202	5201	4954	4955	4956	4957	5080	5203	5326	5325	5324	5323	5200	5077
5079	5080	5203	5202	4955	4956	4957	4958	5081	5204	5327	5326	5325	5324	5201	5078
5080	5081	5204	5203	4956	4957	4958	4959	5082	5205	5328	5327	5326	5325	5202	5079
5081	5082	5205	5204	4957	4958	4959	4960	5083	5206	5329	5328	5327	5326	5203	5080
5082	5083	5206	5205	4958	4959	4960	4961	5084	5207	5330	5329	5328	5327	5204	5081
5083	5084	5207	5206	4959	4960	4961	4962	5085	5208	5331	5330	5329	5328	5205	5082
5084	5085	5208	5207	4960	4961	4962	4963	5086	5209	5332	5331	5330	5329	5206	5083
5085	5086	5209	5208	4961	4962	4963	4964	5087	5210	5333	5332	5331	5330	5207	5084
5086	5087	5210	5209	4962	4963	4964	4965	5088	5211	5334	5333	5332	5331	5208	5085
5087	5088	5211	5210	4963	4964	4965	4966	5089	5212	5335	5334	5333	5332	5209	5086
5088	5089	5212	5211	4964	4965	4966	4967	5090	5213	5336	5335	5334	5333	5210	5087
5089	5090	5213	5212	4965	4966	4967	4968	5091	5214	5337	5336	5335	5334	5211	5088
5090	5091	5214	5213	4966	4967	4968	4969	5092	5215	5338	5337	5336	5335	5212	5089
5091	5092	5215	5214	4967	4968	4969	4970	5093	5216	5339	5338	5337	5336	5213	5090
5092	5093	5216	5215	4968	4969	4970	4971	5094	5217	5340	5339	5338	5337	5214	5091
5093	5094	5217	5216	4969	4970	4971	4972	5095	5218	5341	5340	5339	5338	5215	5092
5094	5095	5218	5217	4970	4971	4972	4973	5096	5219	5342	5341	5340	5339	5216	5093
5095	5096	5219	5218	4971	4972	4973	4974	5097	5220	5343	5342	5341	5340	5217	5094
5096	5097	5220	5219	4972	4973	4974	4975	5098	5221	5344	5343	5342	5341	5218	5095
5097	5098	5221	5220	4973	4974	4975	4976	5099	5222	5345	5344	5343	5342	5219	5096
5098	5099	5222	5221	4974	4975	4976	4977	5100	5223	5346	5345	5344	5343	5220	5097
5099	5100	5223	5222	4975	4976	4977	4978	5101	5224	5347	5346	5345	5344	5221	5098
5100	5101	5224	5223	4976	4977	4978	4979	5102	5225	5348	5347	5346	5345	5222	5099
5101	5102	5225	5224	4977	4978	4979	4980	5103	5226	5349	5348	5347	5346	5223	5100
5102	5103	5226	5225	4978	4979	4980	4981	5104	5227	5350	5349	5348	5347	5224	5101
5103	5104	5227	5226	4979	4980	4981	4982	5105	5228	5351	5350	5349	5348	5225	5102
5104	5105	5228	5227	4980	4981	4982	4983	5106	5229	5352	5351	5350	5349	5226	5103
5105	5106	5229	5228	4981	4982	4983	4984	5107	5230	5353	5352	5351	5350	5227	5104
5106	5107	5230	5229	4982	4983	4984	4985	5108	5231	5354	5353	5352	5351	5228	5105
5107	5108	5231	5230	4983	4984	4985	4986	5109	5232	5355	5354	5353	5352	5229	5106
5108	5109	5232	5231	4984	4985	4986	4987	5110	5233	5356	5355	5354	5353	5230	5107
5109	5110	5233	5232	4985	4986	4987	4988	5111	5234	5357	5356	5355	5354	5231	5108
5110	5111	5234	5233	4986	4987	4988	4989	5112	5235	5358	5357	5356	5355	5232	5109
5111	5112	5235	5234	4987	4988	4989	4990	5113	5236	5359	5358	5357	5356	5233	5110
5112	5113	5236	5235	4988	4989	4990	4991	5114	5237	5360	5359	5358	5357	5234	5111
5113	5114	5237	5236	4989	4990	4991	4992	5115	5238	5361	5360	5359	5358	5235	5112
5114	5115	5238	5237	4990	4991	4992	4993	5116	5239	5362	5361	5360	5359	5236	5113
5115	5116	5239	5238	4991	4992	4993	4994	5117	5240	5363	5362	5361	5360	5237	5114
5116	5117	5240	5239	4992	4993	4994	4995	5118	5241	5364	5363	5362	5361	5238	5115
5117	5118	5241	5240	4993	4994	4995	4996	5119	5242	5365	5364	5363	5362	5239	5116
5118	5119	5242	5241	4994	4995	4996	4997	5120	5243	5366	5365	5364	5363	5240	5117
5119	5120	5243	5242	4995	4996	4997	4998	5121	5244	5367	5366	5365	5364	5241	5118
5120	5121	5244	5243	4996	4997	4998	4999	5122	5245	5368	5367	5366	5365	5242	5119
5121	5122	5245	5244	4997	4998	4999	5000	5123	5246	5369	5368	5367	5366	5243	5120
5122	5123	5246	5245	4998	4999	5000	5001	5124	5247	5370	5369	5368	5367	5244	5121
5123	5124	5247	5246	4999	5000	5001	5002	5125	5248	5371	5370	5369	5368	5245	5122
5124	5125	5248	5247	5000	5001	5002	5003	5126	5249	5372	5371	5370	5369	5246	5123
5125	5126	5249	5248	5001	5002	5003	5004	5127	5250	5373	5372	5371	5370	5247	5124
5126	5127	5250	5249	5002	5003	5004	5005	5128	5251	5374	5373	5372	5371	5248	5125
5127	5128	5251	5250	5003	5004	5005	5006	5129	5252	5375	5374	5373	5372	5249	5126
5128	5129	5252	5251	5004	5005	5006	5007	5130	5253	5376	5375	5374	5373	5250	5127
5129	5130	5253	5252	5005	5006	5007	5008	5131	5254	5377	5376	5375	5374	5251	5128
5130	5131	5254	5253	5006	5007	5008	5009	5132	5255	5378	5377	5376	5375	5252	5129
5131	5132	5255	5254	5007	5008	5009	5010	5133	5256	5379	5378	5377	5376	5253	5130
5132	5133	5256	5255	5008	5009	5010	5011	5134	5257	5380	5379	5378	5377	5254	5131
5133	5134	5257	5256	5009	5010	5011	5012	5135	5258	5381	5380	5379	5378	5255	5132
5134	5135	5258	5257	5010	5011	5012	5013	5136	5259	5382	5381	5380	5379	5256	5133
5135	5136	5259	5258	5011	5012	5013	5014	5137	5260	5383	5382	5381	5380	5257	5134
5136	5137	5260	5259	5012	5013	5014	5015	5138	5261	5384	5383	5382	5381	5258	5135
5137	5138	5261	5260	5013	5014	5015	5016	5139	5262	5385	5384	5383	5382	5259	5136
5138	5139	5262	5261	5014	5015	5016	5017	5140	5263	5386	5385	5384	5383	5260	5137
5139	5140	5263	5262	5015	5016	5017	5018	5141	5264	5387	5386	5385	5384	5261	5138
5140	5141	5264	5263	5016	5017	5018	5019	5142	5265	5388	5387	5386	5385	5262	5139
5141	5142	5265	5264	5017	5018	5019	5020	5143	5266	5389	5388	5387	5386	5263	5140
5142	5143	5266	5265	5018	5019	5020	5021	5144	5267	5390	5389	5388	5387	5264	5141
5143	5144	5267	5266	5019	5020	5021	5022	5145	5268	5391	5390	5389	5388	5265	5142
5144	5145	5268	5267	5020	5021	5022	5023	5146	5269	5392	5391	5390	5389	5266	5143
5145	5146	5269	5268	5021	5022	5023	5024	5147	5270	5393	5392	5391	5390	5267	5144
5146	5147	5270	5269	5022	5023	5024	5025	5148	5271	5394	5393	5392	5391	5268	5145
5147	5148	5271	5270	5023	5024	5025	5026	5149	5272	5395	5394	5393	5392	5269	5146
5148	5149	5272	5271	5024	5025	5026	5027	5150	5273	5396	5395	5394	5393	5270	5147
5149	5150	5273	5272	5025	5026	5027	5028	5151	5274	5397	5396	5395	5394	5271	5148
5150	5151	5274	5273	5026	5027	5028	5029	5152	5275	5398	5397	5396	5395	5272	5149
5151	5152	5275	5274	5027	5028	5029	5030	5153	5276	5399	5398	5397	5396	5273	5150
5152	5153	5276	5275	5028	5029	5030	5031	5154	5277	5400	5399	5398	5397	5274	5151
5153	5154	5277	5276	5029	5030	5031	5032	5155	5278	5401	5400	5399	5398	5275	5152
5154	5155	5278	5277	5030	5031	5032	5033	5156	5279	5402	5401	5400	5399	5276	5153
5155	5156	5279	5278	5031	5032	5033	5034	5157	5280	5403	5402	5401	5400	5277	5154
5156	5157	5280	5279	5032	5033	5034	5035	5158	5281	5404	5403	5402	5401	5278	5155
5157	5158	5281	5280	5033	5034	5035	5036	5159	5282	5405	5404	5403	5402	5279	5156
5158	5159	5282	5281	5034	5035	5036	5037	5160	5283	5406	5405	5404	5403	5280	5157
5159	5160	5283	5282	5035	5036	5037	5038	5161	5284	5407	5406	5405	5404	5281	5158
5160	5161	5284	5283	5036	5037	5038	5039	5162	5285	5408	5407	5406	5405	5282	5159
5161	5162	5285	5284	5037	5038	5039	5040	5163	5286	5409	5408	5407	5406	5283	5160
5162	5163	5286	5285	5038	5039	5040	5041	5164	5287	5410	5409	5408	5407	5284	5161
5163	5164	5287	5286	5039	5040	5041	5042	5165	5288	5411	5410	5409	5408	5285	5162
5167	5168	5291	5290	5043	5044	5045	5046	5169	5292	5415	5414	5413	5412	5289	5166
5168	5169	5292	5291	5044	5045	5046	5047	5170	5293	5416	5415	5414	5413	5290	5167
5169	5170	5293	5292	5045	5046	5047	5048	5171	5294	5417	5416	5415	5414	5291	5168
5170	5171	5294	5293	5046	5047	5048	5049	5172	5295	5418	5417	5416	5415	5292	5169
5171	5172	5295	5294	5047	5048	5049	5050	5173	5296	5419	5418	5417	5416	5293	5170
5172	5173	5296	5295	5048	5049	5050	5051	5174	5297	5420	5419	5418	5417	5294	5171
5173	5174	5297	5296	5049	5050	5051	5052	5175	5298	5421	5420	5419	5418	5295	5172
5174	5175	5298	5297	5050	5051	5052	5053	5176	5299	5422	5421	5420	5419	5296	5173
5175	5176	5299	5298	5051	5052	5053	5054	5177	5300	5423	5422	5421	5420	5297	5174
5176	5177	5300	5299	5052	5053	5054	5055	5178	5301	5424	5423	5422	5421	5298	5175
5177	5178	5301	5300	5053	5054	5055	5056	5179	5302	5425	5424	5423	5422	5299	5176
5178	5179	5302	5301	5054	5055	5056	5057	5180	5303	5426	5425	5424	5423	5300	5177
5179	5180	5303	5302	5055	5056	5057	5058	5181	5304	5427	5426	5425	5424	5301	5178
5180	5181	5304	5303	5056	5057	5058	5059	5182	5305	5428	5427	5426	5425	5302	5179
5181	5182	5305	5304	5057	5058	5059	5060	5183	5306	5429	5428	5427	5426	5303	5180
5182	5183	5306	5305	5058	5059	5060	5061	5184	5307	5430	5429	5428	5427	5304	5181
5183	5184	5307	5306	5059	5060	5061	5062	5185	5308	5431	5430	5429	5428	5305	5182
5184	5185	5308	5307	5060	5061	5062	5063	5186	5309	5432	5431	5430	5429	5306	5183
5185	5186	5309	5308	5061	5062	5063	5064	5187	5310	5433	5432	5431	5430	5307	5184
5186	5187	5310	5309	5062	5063	5064	5065	5188	5311	5434	5433	5432	5431	5308	5185
5187	5188	5311	5310	5063	5064	5065	5066	5189	5312	5435	5434	5433	5432	5309	5186
5188	5189	5312	5311	5064	5065	5066	5067	5190	5313	5436	5435	5434	5433	5310	5187
5189	5190	5313	5312	5065	5066	5067	5068	5191	5314	5437	5436	5435	5434	5311	5188
5190	5191	5314	5313	5066	5067	5068	5069	5192	5315	5438	5437	5436	5435	5312	5189
5191	5192	5315	5314	5067	5068	5069	5070	5193	5316	5439	5438	5437	5436	5313	5190
5192	5193	5316	5315	5068	5069	5070	5071	5194	5317	5440	5439	5438	5437	5314	5191
5193	5194	5317	5316	5069	5070	5071	5072	5195	5318	5441	5440	5439	5438	5315	5192
5194	5195	5318	5317	5070	5071	5072	5073	5196	5319	5442	5441	5440	5439	5316	5193
5195	5196	5319	5318	5071	5072	5073	5074	5197	5320	5443	5442	5441	5440	5317	5194
5196	5197	5320	5319	5072	5073	5074	5075	5198	5321	5444	5443	5442	5441	5318	5195
5197	5198	5321	5320	5073	5074	5075	5076	5199	5322	5445	5444	5443	5442	5319	5196
5198	5199	5322	5321	5074	5075	5076	5077	5200	5323	5446	5445	5444	5443	5320	5197
5199	5200	5323	5322	5075	5076	5077	5078	5201	5324	5447	5446	5445	5444	5321	5198
5200	5201	5324	5323	5076	5077	5078	5079	5202	5325	5448	5447	5446	5445	5322	5199
5201	5202	5325	5324	5077	5078	5079	5080	5203	5326	5449	5448	5447	5446	5323	5200
5202	5203	5326	5325	5078	5079	5080	5081	5204	5327	5450	5449	5448	5447	5324	5201
5203	5204	5327	5326	5079	5080	5081	5082	5205	5328	5451	5450	5449	5448	5325	5202
5204	5205	5328	5327	5080	5081	5082	5083	5206	5329	5452	5451	5450	5449	5326	5203
5205	5206	5329	5328	5081	5082	5083	5084	5207	5330	5453	5452	5451	5450	5327	5204
5206	5207	5330	5329	5082	5083	5084	5085	5208	5331	5454	5453	5452	5451	5328	5205
5207	5208	5331	5330	5083	5084	5085	5086	5209	5332	5455	5454	5453	5452	5329	5206
5208	5209	5332	5331	5084	5085	5086	5087	5210	5333	5456	5455	5454	5453	5330	5207
5209	5210	5333	5332	5085	5086	5087	5088	5211	5334	5457	5456	5455	5454	5331	5208
5210	5211	5334	5333	5086	5087	5088	5089	5212	5335	5458	5457	5456	5455	5332	5209
5211	5212	5335	5334	5087	5088	5089	5090	5213	5336	5459	5458	5457	5456	5333	5210
5212	5213	5336	5335	5088	5089	5090	5091	5214	5337	5460	5459	5458	5457	5334	5211
5213	5214	5337	5336	5089	5090	5091	5092	5215	5338	5461	5460	5459	5458	5335	5212
5214	5215	5338	5337	5090	5091	5092	5093	5216	5339	5462	5461	5460	5459	5336	5213
5215	5216	5339	5338	5091	5092	5093	5094	5217	5340	5463	5462	5461	5460	5337	5214
5216	5217	5340	5339	5092	5093	5094	5095	5218	5341	5464	5463	5462	5461	5338	5215
5217	5218	5341	5340	5093	5094	5095	5096	5219	5342	5465	5464	5463	5462	5339	5216
5218	5219	5342	5341	5094	5095	5096	5097	5220	5343	5466	5465	5464	5463	5340	5217
5219	5220	5343	5342	5095	5096	5097	5098	5221	5344	5467	5466	5465	5464	5341	5218
5220	5221	5344	5343	5096	5097	5098	5099	5222	5345	5468	5467	5466	5465	5342	5219
5221	5222	5345	5344	5097	5098	5099	5100	5223	5346	5469	5468	5467	5466	5343	5220
5222	5223	5346	5345	5098	5099	5100	5101	5224	5347	5470	5469	5468	5467	5344	5221
5223	5224	5347	5346	5099	5100	5101	5102	5225	5348	5471	5470	5469	5468	5345	5222
5224	5225	5348	5347	5100	5101	5102	5103	5226	5349	5472	5471	5470	5469	5346	5223
5225	5226	5349	5348	5101	5102	5103	5104	5227	5350	5473	5472	5471	5470	5347	5224
5226	5227	5350	5349	5102	5103	5104	5105	5228	5351	5474	5473	5472	5471	5348	5225
5227	5228	5351	5350	5103	5104	5105	5106	5229	5352	5475	5474	5473	5472	5349	5226
5228	5229	5352	5351	5104	5105	5106	5107	5230	5353	5476	5475	5474	5473	5350	5227
5229	5230	5353	5352	5105	5106	5107	5108	5231	5354	5477	5476	5475	5474	5351	5228
5230	5231	5354	5353	5106	5107	5108	5109	5232	5355	5478	5477	5476	5475	5352	5229
5231	5232	5355	5354	5107	5108	5109	5110	5233	5356	5479	5478	5477	5476	5353	5230
5232	5233	5356	5355	5108	5109	5110	5111	5234	5357	5480	5479	5478	5477	5354	5231
5233	5234	5357	5356	5109	5110	5111	5112	5235	5358	5481	5480	5479	5478	5355	5232
5234	5235	5358	5357	5110	5111	5112	5113	5236	5359	5482	5481	5480	5479	5356	5233
5235	5236	5359	5358	5111	5112	5113	5114	5237	5360	5483	5482	5481	5480	5357	5234
5236	5237	5360	5359	5112	5113	5114	5115	5238	5361	5484	5483	5482	5481	5358	5235
5237	5238	5361	5360	5113	5114	5115	5116	5239	5362	5485	5484	5483	5482	5359	5236
5238	5239	5362	5361	5114	5115	5116	5117	5240	5363	5486	5485	5484	5483	5360	5237
5239	5240	5363	5362	5115	5116	5117	5118	5241	5364	5487	5486	5485	5484	5361	5238
5240	5241	5364	5363	5116	5117	5118	5119	5242	5365	5488	5487	5486	5485	5362	5239
5241	5242	5365	5364	5117	5118	5119	5120	5243	5366	5489	5488	5487	5486	5363	5240
5242	5243	5366	5365	5118	5119	5120	5121	5244	5367	5490	5489	5488	5487	5364	5241
5243	5244	5367	5366	5119	5120	5121	5122	5245	5368	5491	5490	5489	5488	5365	5242
5244	5245	5368	5367	5120	5121	5122	5123	5246	5369	5492	5491	5490	5489	5366	5243
5245	5246	5369	5368	5121	5122	5123	5124	5247	5370	5493	5492	5491	5490	5367	5244
5246	5247	5370	5369	5122	5123	5124	5125	5248	5371	5494	5493	5492	5491	5368	5245
5247	5248	5371	5370	5123	5124	5125	5126	5249	5372	5495	5494	5493	5492	5369	5246
5248	5249	5372	5371	5124	5125	5126	5127	5250	5373	5496	5495	5494	5493	5370	5247
5249	5250	5373	5372	5125	5126	5127	5128	5251	5374	5497	5496	5495	5494	5371	5248
5250	5251	5374	5373	5126	5127	5128	5129	5252	5375	5498	5497	5496	5495	5372	5249
5251	5252	5375	5374	5127	5128	5129	5130	5253	5376	5499	5498	5497	5496	5373	5250
5252	5253	5376	5375	5128	5129	5130	5131	5254	5377	5500	5499	5498	5497	5374	5251
5253	5254	5377	5376	5129	5130	5131	5132	5255	5378	5501	5500	5499	5498	5375	5252
5254	5255	5378	5377	5130	5131	5132	5133	5256	5379	5502	5501	5500	5499	5376	5253
5255	5256	5379	5378	5131	5132	5133	5134	5257	5380	5503	5502	5501	5500	5377	5254
5256	5257	5380	5379	5132	5133	5134	5135	5258	5381	5504	5503	5502	5501	5378	5255
5257	5258	5381	5380	5133	5134	5135	5136	5259	5382	5505	5504	5503	5502	5379	5256
5258	5259	5382	5381	5134	5135	5136	5137	5260	5383	5506	5505	5504	5503	5380	5257
5259	5260	5383	5382	5135	5136	5137	5138	5261	5384	5507	5506	5505	5504	5381	5258
5260	5261	5384	5383	5136	5137	5138	5139	5262	5385	5508	5507	5506	5505	5382	5259
5261	5262	5385	5384	5137	5138	5139	5140	5263	5386	5509	5508	5507	5506	5383	5260
5262	5263	5386	5385	5138	5139	5140	5141	5264	5387	5510	5509	5508	5507	5384	5261
5263	5264	5387	5386	5139	5140	5141	5142	5265	5388	5511	5510	5509	5508	5385	5262
5264	5265	5388	5387	5140	5141	5142	5143	5266	5389	5512	5511	5510	5509	5386	5263
5265	5266	5389	5388	5141	5142	5143	5144	5267	5390	5513	5512	5511	5510	5387	5264
5266	5267	5390	5389	5142	5143	5144	5145	5268	5391	5514	5513	5512	5511	5388	5265
5267	5268	5391	5390	5143	5144	5145	5146	5269	5392	5515	5514	5513	5512	5389	5266
5268	5269	5392	5391	5144	5145	5146	5147	5270	5393	5516	5515	5514	5513	5390	5267
5269	5270	5393	5392	5145	5146	5147	5148	5271	5394	5517	5516	5515	5514	5391	5268
5270	5271	5394	5393	5146	5147	5148	5149	5272	5395	5518	5517	5516	5515	5392	5269
5271	5272	5395	5394	5147	5148	5149	5150	5273	5396	5519	5518	5517	5516	5393	5270
5272	5273	5396	5395	5148	5149	5150	5151	5274	5397	5520	5519	5518	5517	5394	5271
5273	5274	5397	5396	5149	5150	5151	5152	5275	5398	5521	5520	5519	5518	5395	5272
5274	5275	5398	5397	5150	5151	5152	5153	5276	5399	5522	5521	5520	5519	5396	5273
5275	5276	5399	5398	5151	5152	5153	5154	5277	5400	5523	5522	5521	5520	5397	5274
5276	5277	5400	5399	5152	5153	5154	5155	5278	5401	5524	5523	5522	5521	5398	5275
5277	5278	5401	5400	5153	5154	5155	5156	5279	5402	5525	5524	5523	5522	5399	5276
5278	5279	5402	5401	5154	5155	5156	5157	5280	5403	5526	5525	5524	5523	5400	5277
5279	5280	5403	5402	5155	5156	5157	5158	5281	5404	5527	5526	5525	5524	5401	5278
5280	5281	5404	5403	5156	5157	5158	5159	5282	5405	5528	5527	5526	5525	5402	5279
5281	5282	5405	5404	5157	5158	5159	5160	5283	5406	5529	5528	5527	5526	5403	5280
5282	5283	5406	5405	5158	5159	5160	5161	5284	5407	5530	5529	5528	5527	5404	5281
5283	5284	5407	5406	5159	5160	5161	5162	5285	5408	5531	5530	5529	5528	5405	5282
5284	5285	5408	5407	5160	5161	5162	5163	5286	5409	5532	5531	5530	5529	5406	5283
5285	5286	5409	5408	5161	5162	5163	5164	5287	5410	5533	5532	5531	5530	5407	5284
5286	5287	5410	5409	5162	5163	5164	5165	5288	5411	5534	5533	5532	5531	5408	5285
5290	5291	5414	5413	5166	5167	5168	5169	5292	5415	5538	5537	5536	5535	5412	5289
5291	5292	5415	5414	5167	5168	5169	5170	5293	5416	5539	5538	5537	5536	5413	5290
5292	5293	5416	5415	5168	5169	5170	5171	5294	5417	5540	5539	5538	5537	5414	5291
5293	5294	5417	5416	5169	5170	5171	5172	5295	5418	5541	5540	5539	5538	5415	5292
5294	5295	5418	5417	5170	5171	5172	5173	5296	5419	5542	5541	5540	5539	5416	5293
5295	5296	5419	5418	5171	5172	5173	5174	5297	5420	5543	5542	5541	5540	5417	5294
5296	5297	5420	5419	5172	5173	5174	5175	5298	5421	5544	5543	5542	5541	5418	5295
5297	5298	5421	5420	5173	5174	5175	5176	5299	5422	5545	5544	5543	5542	5419	5296
5298	5299	5422	5421	5174	5175	5176	5177	5300	5423	5546	5545	5544	5543	5420	5297
5299	5300	5423	5422	5175	5176	5177	5178	5301	5424	5547	5546	5545	5544	5421	5298
5300	5301	5424	5423	5176	5177	5178	5179	5302	5425	5548	5547	5546	5545	5422	5299
5301	5302	5425	5424	5177	5178	5179	5180	5303	5426	5549	5548	5547	5546	5423	5300
5302	5303	5426	5425	5178	5179	5180	5181	5304	5427	5550	5549	5548	5547	5424	5301
5303	5304	5427	5426	5179	5180	5181	5182	5305	5428	5551	5550	5549	5548	5425	5302
5304	5305	5428	5427	5180	5181	5182	5183	5306	5429	5552	5551	5550	5549	5426	5303
5305	5306	5429	5428	5181	5182	5183	5184	5307	5430	5553	5552	5551	5550	5427	5304
5306	5307	5430	5429	5182	5183	5184	5185	5308	5431	5554	5553	5552	5551	5428	5305
5307	5308	5431	5430	5183	5184	5185	5186	5309	5432	5555	5554	5553	5552	5429	5306
5308	5309	5432	5431	5184	5185	5186	5187	5310	5433	5556	5555	5554	5553	5430	5307
5309	5310	5433	5432	5185	5186	5187	5188	5311	5434	5557	5556	5555	5554	5431	5308
5310	5311	5434	5433	5186	5187	5188	5189	5312	5435	5558	5557	5556	5555	5432	5309
5311	5312	5435	5434	5187	5188	5189	5190	5313	5436	5559	5558	5557	5556	5433	5310
5312	5313	5436	5435	5188	5189	5190	5191	5314	5437	5560	5559	5558	5557	5434	5311
5313	5314	5437	5436	5189	5190	5191	5192	5315	5438	5561	5560	5559	5558	5435	5312
5314	5315	5438	5437	5190	5191	5192	5193	5316	5439	5562	5561	5560	5559	5436	5313
5315	5316	5439	5438	5191	5192	5193	5194	5317	5440	5563	5562	5561	5560	5437	5314
5316	5317	5440	5439	5192	5193	5194	5195	5318	5441	5564	5563	5562	5561	5438	5315
5317	5318	5441	5440	5193	5194	5195	5196	5319	5442	5565	5564	5563	5562	5439	5316
5318	5319	5442	5441	5194	5195	5196	5197	5320	5443	5566	5565	5564	5563	5440	5317
5319	5320	5443	5442	5195	5196	5197	5198	5321	5444	5567	5566	5565	5564	5441	5318
5320	5321	5444	5443	5196	5197	5198	5199	5322	5445	5568	5567	5566	5565	5442	5319
5321	5322	5445	5444	5197	5198	5199	5200	5323	5446	5569	5568	5567	5566	5443	5320
5322	5323	5446	5445	5198	5199	5200	5201	5324	5447	5570	5569	5568	5567	5444	5321
5323	5324	5447	5446	5199	5200	5201	5202	5325	5448	5571	5570	5569	5568	5445	5322
5324	5325	5448	5447	5200	5201	5202	5203	5326	5449	5572	5571	5570	5569	5446	5323
5325	5326	5449	5448	5201	5202	5203	5204	5327	5450	5573	5572	5571	5570	5447	5324
5326	5327	5450	5449	5202	5203	5204	5205	5328	5451	5574	5573	5572	5571	5448	5325
5327	5328	5451	5450	5203	5204	5205	5206	5329	5452	5575	5574	5573	5572	5449	5326
5328	5329	5452	5451	5204	5205	5206	5207	5330	5453	5576	5575	5574	5573	5450	5327
5329	5330	5453	5452	5205	5206	5207	5208	5331	5454	5577	5576	5575	5574	5451	5328
5330	5331	5454	5453	5206	5207	5208	5209	5332	5455	5578	5577	5576	5575	5452	5329
5331	5332	5455	5454	5207	5208	5209	5210	5333	5456	5579	5578	5577	5576	5453	5330
5332	5333	5456	5455	5208	5209	5210	5211	5334	5457	5580	5579	5578	5577	5454	5331
5333	5334	5457	5456	5209	5210	5211	5212	5335	5458	5581	5580	5579	5578	5455	5332
5334	5335	5458	5457	5210	5211	5212	5213	5336	5459	5582	5581	5580	5579	5456	5333
5335	5336	5459	5458	5211	5212	5213	5214	5337	5460	5583	5582	5581	5580	5457	5334
5336	5337	5460	5459	5212	5213	5214	5215	5338	5461	5584	5583	5582	5581	5458	5335
5337	5338	5461	5460	5213	5214	5215	5216	5339	5462	5585	5584	5583	5582	5459	5336
5338	5339	5462	5461	5214	5215	5216	5217	5340	5463	5586	5585	5584	5583	5460	5337
5339	5340	5463	5462	5215	5216	5217	5218	5341	5464	5587	5586	5585	5584	5461	5338
5340	5341	5464	5463	5216	5217	5218	5219	5342	5465	5588	5587	5586	5585	5462	5339
5341	5342	5465	5464	5217	5218	5219	5220	5343	5466	5589	5588	5587	5586	5463	5340
5342	5343	5466	5465	5218	5219	5220	5221	5344	5467	5590	5589	5588	5587	5464	5341
5343	5344	5467	5466	5219	5220	5221	5222	5345	5468	5591	5590	5589	5588	5465	5342
5344	5345	5468	5467	5220	5221	5222	5223	5346	5469	5592	5591	5590	5589	5466	5343
5345	5346	5469	5468	5221	5222	5223	5224	5347	5470	5593	5592	5591	5590	5467	5344
5346	5347	5470	5469	5222	5223	5224	5225	5348	5471	5594	5593	5592	5591	5468	5345
5347	5348	5471	5470	5223	5224	5225	5226	5349	5472	5595	5594	5593	5592	5469	5346
5348	5349	5472	5471	5224	5225	5226	5227	5350	5473	5596	5595	5594	5593	5470	5347
5349	5350	5473	5472	5225	5226	5227	5228	5351	5474	5597	5596	5595	5594	5471	5348
5350	5351	5474	5473	5226	5227	5228	5229	5352	5475	5598	5597	5596	5595	5472	5349
5351	5352	5475	5474	5227	5228	5229	5230	5353	5476	5599	5598	5597	5596	5473	5350
5352	5353	5476	5475	5228	5229	5230	5231	5354	5477	5600	5599	5598	5597	5474	5351
5353	5354	5477	5476	5229	5230	5231	5232	5355	5478	5601	5600	5599	5598	5475	5352
5354	5355	5478	5477	5230	5231	5232	5233	5356	5479	5602	5601	5600	5599	5476	5353
5355	5356	5479	5478	5231	5232	5233	5234	5357	5480	5603	5602	5601	5600	5477	5354
5356	5357	5480	5479	5232	5233	5234	5235	5358	5481	5604	5603	5602	5601	5478	5355
5357	5358	5481	5480	5233	5234	5235	5236	5359	5482	5605	5604	5603	5602	5479	5356
5358	5359	5482	5481	5234	5235	5236	5237	5360	5483	5606	5605	5604	5603	5480	5357
5359	5360	5483	5482	5235	5236	5237	5238	5361	5484	5607	5606	5605	5604	5481	5358
5360	5361	5484	5483	5236	5237	5238	5239	5362	5485	5608	5607	5606	5605	5482	5359
5361	5362	5485	5484	5237	5238	5239	5240	5363	5486	5609	5608	5607	5606	5483	5360
5362	5363	5486	5485	5238	5239	5240	5241	5364	5487	5610	5609	5608	5607	5484	5361
5363	5364	5487	5486	5239	5240	5241	5242	5365	5488	5611	5610	5609	5608	5485	5362
5364	5365	5488	5487	5240	5241	5242	5243	5366	5489	5612	5611	5610	5609	5486	5363
5365	5366	5489	5488	5241	5242	5243	5244	5367	5490	5613	5612	5611	5610	5487	5364
5366	5367	5490	5489	5242	5243	5244	5245	5368	5491	5614	5613	5612	5611	5488	5365
5367	5368	5491	5490	5243	5244	5245	5246	5369	5492	5615	5614	5613	5612	5489	5366
5368	5369	5492	5491	5244	5245	5246	5247	5370	5493	5616	5615	5614	5613	5490	5367
5369	5370	5493	5492	5245	5246	5247	5248	5371	5494	5617	5616	5615	5614	5491	5368
5370	5371	5494	5493	5246	5247	5248	5249	5372	5495	5618	5617	5616	5615	5492	5369
5371	5372	5495	5494	5247	5248	5249	5250	5373	5496	5619	5618	5617	5616	5493	5370
5372	5373	5496	5495	5248	5249	5250	5251	5374	5497	5620	5619	5618	5617	5494	5371
5373	5374	5497	5496	5249	5250	5251	5252	5375	5498	5621	5620	5619	5618	5495	5372
5374	5375	5498	5497	5250	5251	5252	5253	5376	5499	5622	5621	5620	5619	5496	5373
5375	5376	5499	5498	5251	5252	5253	5254	5377	5500	5623	5622	5621	5620	5497	5374
5376	5377	5500	5499	5252	5253	5254	5255	5378	5501	5624	5623	5622	5621	5498	5375
5377	5378	5501	5500	5253	5254	5255	5256	5379	5502	5625	5624	5623	5622	5499	5376
5378	5379	5502	5501	5254	5255	5256	5257	5380	5503	5626	5625	5624	5623	5500	5377
5379	5380	5503	5502	5255	5256	5257	5258	5381	5504	5627	5626	5625	5624	5501	5378
5380	5381	5504	5503	5256	5257	5258	5259	5382	5505	5628	5627	5626	5625	5502	5379
5381	5382	5505	5504	5257	5258	5259	5260	5383	5506	5629	5628	5627	5626	5503	5380
5382	5383	5506	5505	5258	5259	5260	5261	5384	5507	5630	5629	5628	5627	5504	5381
5383	5384	5507	5506	5259	5260	5261	5262	5385	5508	5631	5630	5629	5628	5505	5382
5384	5385	5508	5507	5260	5261	5262	5263	5386	5509	5632	5631	5630	5629	5506	5383
5385	5386	5509	5508	5261	5262	5263	5264	5387	5510	5633	5632	5631	5630	5507	5384
5386	5387	5510	5509	5262	5263	5264	5265	5388	5511	5634	5633	5632	5631	5508	5385
5387	5388	5511	5510	5263	5264	5265	5266	5389	5512	5635	5634	5633	5632	5509	5386
5388	5389	5512	5511	5264	5265	5266	5267	5390	5513	5636	5635	5634	5633	5510	5387
5389	5390	5513	5512	5265	5266	5267	5268	5391	5514	5637	5636	5635	5634	5511	5388
5390	5391	5514	5513	5266	5267	5268	5269	5392	5515	5638	5637	5636	5635	5512	5389
5391	5392	5515	5514	5267	5268	5269	5270	5393	5516	5639	5638	5637	5636	5513	5390
5392	5393	5516	5515	5268	5269	5270	5271	5394	5517	5640	5639	5638	5637	5514	5391
5393	5394	5517	5516	5269	5270	5271	5272	5395	5518	5641	5640	5639	5638	5515	5392
5394	5395	5518	5517	5270	5271	5272	5273	5396	5519	5642	5641	5640	5639	5516	5393
5395	5396	5519	5518	5271	5272	5273	5274	5397	5520	5643	5642	5641	5640	5517	5394
5396	5397	5520	5519	5272	5273	5274	5275	5398	5521	5644	5643	5642	5641	5518	5395
5397	5398	5521	5520	5273	5274	5275	5276	5399	5522	5645	5644	5643	5642	5519	5396
5398	5399	5522	5521	5274	5275	5276	5277	5400	5523	5646	5645	5644	5643	5520	5397
5399	5400	5523	5522	5275	5276	5277	5278	5401	5524	5647	5646	5645	5644	5521	5398
5400	5401	5524	5523	5276	5277	5278	5279	5402	5525	5648	5647	5646	5645	5522	5399
5401	5402	5525	5524	5277	5278	5279	5280	5403	5526	5649	5648	5647	5646	5523	5400
5402	5403	5526	5525	5278	5279	5280	5281	5404	5527	5650	5649	5648	5647	5524	5401
5403	5404	5527	5526	5279	5280	5281	5282	5405	5528	5651	5650	5649	5648	5525	5402
5404	5405	5528	5527	5280	5281	5282	5283	5406	5529	5652	5651	5650	5649	5526	5403
5405	5406	5529	5528	5281	5282	5283	5284	5407	5530	5653	5652	5651	5650	5527	5404
5406	5407	5530	5529	5282	5283	5284	5285	5408	5531	5654	5653	5652	5651	5528	5405
5407	5408	5531	5530	5283	5284	5285	5286	5409	5532	5655	5654	5653	5652	5529	5406
5408	5409	5532	5531	5284	5285	5286	5287	5410	5533	5656	5655	5654	5653	5530	5407
5409	5410	5533	5532	5285	5286	5287	5288	5411	5534	5657	5656	5655	5654	5531	5408
5413	5414	5537	5536	5289	5290	5291	5292	5415	5538	5661	5660	5659	5658	5535	5412
5414	5415	5538	5537	5290	5291	5292	5293	5416	5539	5662	5661	5660	5659	5536	5413
5415	5416	5539	5538	5291	5292	5293	5294	5417	5540	5663	5662	5661	5660	5537	5414
5416	5417	5540	5539	5292	5293	5294	5295	5418	5541	5664	5663	5662	5661	5538	5415
5417	5418	5541	5540	5293	5294	5295	5296	5419	5542	5665	5664	5663	5662	5539	5416
5418	5419	5542	5541	5294	5295	5296	5297	5420	5543	5666	5665	5664	5663	5540	5417
5419	5420	5543	5542	5295	5296	5297	5298	5421	5544	5667	5666	5665	5664	5541	5418
5420	5421	5544	5543	5296	5297	5298	5299	5422	5545	5668	5667	5666	5665	5542	5419
5421	5422	5545	5544	5297	5298	5299	5300	5423	5546	5669	5668	5667	5666	5543	5420
5422	5423	5546	5545	5298	5299	5300	5301	5424	5547	5670	5669	5668	5667	5544	5421
5423	5424	5547	5546	5299	5300	5301	5302	5425	5548	5671	5670	5669	5668	5545	5422
5424	5425	5548	5547	5300	5301	5302	5303	5426	5549	5672	5671	5670	5669	5546	5423
5425	5426	5549	5548	5301	5302	5303	5304	5427	5550	5673	5672	5671	5670	5547	5424
5426	5427	5550	5549	5302	5303	5304	5305	5428	5551	5674	5673	5672	5671	5548	5425
5427	5428	5551	5550	5303	5304	5305	5306	5429	5552	5675	5674	5673	5672	5549	5426
5428	5429	5552	5551	5304	5305	5306	5307	5430	5553	5676	5675	5674	5673	5550	5427
5429	5430	5553	5552	5305	5306	5307	5308	5431	5554	5677	5676	5675	5674	5551	5428
5430	5431	5554	5553	5306	5307	5308	5309	5432	5555	5678	5677	5676	5675	5552	5429
5431	5432	5555	5554	5307	5308	5309	5310	5433	5556	5679	5678	5677	5676	5553	5430
5432	5433	5556	5555	5308	5309	5310	5311	5434	5557	5680	5679	5678	5677	5554	5431
5433	5434	5557	5556	5309	5310	5311	5312	5435	5558	5681	5680	5679	5678	5555	5432
5434	5435	5558	5557	5310	5311	5312	5313	5436	5559	5682	5681	5680	5679	5556	5433
5435	5436	5559	5558	5311	5312	5313	5314	5437	5560	5683	5682	5681	5680	5557	5434
5436	5437	5560	5559	5312	5313	5314	5315	5438	5561	5684	5683	5682	5681	5558	5435
5437	5438	5561	5560	5313	5314	5315	5316	5439	5562	5685	5684	5683	5682	5559	5436
5438	5439	5562	5561	5314	5315	5316	5317	5440	5563	5686	5685	5684	5683	5560	5437
5439	5440	5563	5562	5315	5316	5317	5318	5441	5564	5687	5686	5685	5684	5561	5438
5440	5441	5564	5563	5316	5317	5318	5319	5442	5565	5688	5687	5686	5685	5562	5439
5441	5442	5565	5564	5317	5318	5319	5320	5443	5566	5689	5688	5687	5686	5563	5440
5442	5443	5566	5565	5318	5319	5320	5321	5444	5567	5690	5689	5688	5687	5564	5441
5443	5444	5567	5566	5319	5320	5321	5322	5445	5568	5691	5690	5689	5688	5565	5442
5444	5445	5568	5567	5320	5321	5322	5323	5446	5569	5692	5691	5690	5689	5566	5443
5445	5446	5569	5568	5321	5322	5323	5324	5447	5570	5693	5692	5691	5690	5567	5444
5446	5447	5570	5569	5322	5323	5324	5325	5448	5571	5694	5693	5692	5691	5568	5445
5447	5448	5571	5570	5323	5324	5325	5326	5449	5572	5695	5694	5693	5692	5569	5446
5448	5449	5572	5571	5324	5325	5326	5327	5450	5573	5696	5695	5694	5693	5570	5447
5449	5450	5573	5572	5325	5326	5327	5328	5451	5574	5697	5696	5695	5694	5571	5448
5450	5451	5574	5573	5326	5327	5328	5329	5452	5575	5698	5697	5696	5695	5572	5449
5451	5452	5575	5574	5327	5328	5329	5330	5453	5576	5699	5698	5697	5696	5573	5450
5452	5453	5576	5575	5328	5329	5330	5331	5454	5577	5700	5699	5698	5697	5574	5451
5453	5454	5577	5576	5329	5330	5331	5332	5455	5578	5701	5700	5699	5698	5575	5452
5454	5455	5578	5577	5330	5331	5332	5333	5456	5579	5702	5701	5700	5699	5576	5453
5455	5456	5579	5578	5331	5332	5333	5334	5457	5580	5703	5702	5701	5700	5577	5454
5456	5457	5580	5579	5332	5333	5334	5335	5458	5581	5704	5703	5702	5701	5578	5455
5457	5458	5581	5580	5333	5334	5335	5336	5459	5582	5705	5704	5703	5702	5579	5456
5458	5459	5582	5581	5334	5335	5336	5337	5460	5583	5706	5705	5704	5703	5580	5457
5459	5460	5583	5582	5335	5336	5337	5338	5461	5584	5707	5706	5705	5704	5581	5458
5460	5461	5584	5583	5336	5337	5338	5339	5462	5585	5708	5707	5706	5705	5582	5459
5461	5462	5585	5584	5337	5338	5339	5340	5463	5586	5709	5708	5707	5706	5583	5460
5462	5463	5586	5585	5338	5339	5340	5341	5464	5587	5710	5709	5708	5707	5584	5461
5463	5464	5587	5586	5339	5340	5341	5342	5465	5588	5711	5710	5709	5708	5585	5462
5464	5465	5588	5587	5340	5341	5342	5343	5466	5589	5712	5711	5710	5709	5586	5463
5465	5466	5589	5588	5341	5342	5343	5344	5467	5590	5713	5712	5711	5710	5587	5464
5466	5467	5590	5589	5342	5343	5344	5345	5468	5591	5714	5713	5712	5711	5588	5465
5467	5468	5591	5590	5343	5344	5345	5346	5469	5592	5715	5714	5713	5712	5589	5466
5468	5469	5592	5591	5344	5345	5346	5347	5470	5593	5716	5715	5714	5713	5590	5467
5469	5470	5593	5592	5345	5346	5347	5348	5471	5594	5717	5716	5715	5714	5591	5468
5470	5471	5594	5593	5346	5347	5348	5349	5472	5595	5718	5717	5716	5715	5592	5469
5471	5472	5595	5594	5347	5348	5349	5350	5473	5596	5719	5718	5717	5716	5593	5470
5472	5473	5596	5595	5348	5349	5350	5351	5474	5597	5720	5719	5718	5717	5594	5471
5473	5474	5597	5596	5349	5350	5351	5352	5475	5598	5721	5720	5719	5718	5595	5472
5474	5475	5598	5597	5350	5351	5352	5353	5476	5599	5722	5721	5720	5719	5596	5473
5475	5476	5599	5598	5351	5352	5353	5354	5477	5600	5723	5722	5721	5720	5597	5474
5476	5477	5600	5599	5352	5353	5354	5355	5478	5601	5724	5723	5722	5721	5598	5475
5477	5478	5601	5600	5353	5354	5355	5356	5479	5602	5725	5724	5723	5722	5599	5476
5478	5479	5602	5601	5354	5355	5356	5357	5480	5603	5726	5725	5724	5723	5600	5477
5479	5480	5603	5602	5355	5356	5357	5358	5481	5604	5727	5726	5725	5724	5601	5478
5480	5481	5604	5603	5356	5357	5358	5359	5482	5605	5728	5727	5726	5725	5602	5479
5481	5482	5605	5604	5357	5358	5359	5360	5483	5606	5729	5728	5727	5726	5603	5480
5482	5483	5606	5605	5358	5359	5360	5361	5484	5607	5730	5729	5728	5727	5604	5481
5483	5484	5607	5606	5359	5360	5361	5362	5485	5608	5731	5730	5729	5728	5605	5482
5484	5485	5608	5607	5360	5361	5362	5363	5486	5609	5732	5731	5730	5729	5606	5483
5485	5486	5609	5608	5361	5362	5363	5364	5487	5610	5733	5732	5731	5730	5607	5484
5486	5487	5610	5609	5362	5363	5364	5365	5488	5611	5734	5733	5732	5731	5608	5485
5487	5488	5611	5610	5363	5364	5365	5366	5489	5612	5735	5734	5733	5732	5609	5486
5488	5489	5612	5611	5364	5365	5366	5367	5490	5613	5736	5735	5734	5733	5610	5487
5489	5490	5613	5612	5365	5366	5367	5368	5491	5614	5737	5736	5735	5734	5611	5488
5490	5491	5614	5613	5366	5367	5368	5369	5492	5615	5738	5737	5736	5735	5612	5489
5491	5492	5615	5614	5367	5368	5369	5370	5493	5616	5739	5738	5737	5736	5613	5490
5492	5493	5616	5615	5368	5369	5370	5371	5494	5617	5740	5739	5738	5737	5614	5491
5493	5494	5617	5616	5369	5370	5371	5372	5495	5618	5741	5740	5739	5738	5615	5492
5494	5495	5618	5617	5370	5371	5372	5373	5496	5619	5742	5741	5740	5739	5616	5493
5495	5496	5619	5618	5371	5372	5373	5374	5497	5620	5743	5742	5741	5740	5617	5494
5496	5497	5620	5619	5372	5373	5374	5375	5498	5621	5744	5743	5742	5741	5618	5495
5497	5498	5621	5620	5373	5374	5375	5376	5499	5622	5745	5744	5743	5742	5619	5496
5498	5499	5622	5621	5374	5375	5376	5377	5500	5623	5746	5745	5744	5743	5620	5497
5499	5500	5623	5622	5375	5376	5377	5378	5501	5624	5747	5746	5745	5744	5621	5498
5500	5501	5624	5623	5376	5377	5378	5379	5502	5625	5748	5747	5746	5745	5622	5499
5501	5502	5625	5624	5377	5378	5379	5380	5503	5626	5749	5748	5747	5746	5623	5500
5502	5503	5626	5625	5378	5379	5380	5381	5504	5627	5750	5749	5748	5747	5624	5501
5503	5504	5627	5626	5379	5380	5381	5382	5505	5628	5751	5750	5749	5748	5625	5502
5504	5505	5628	5627	5380	5381	5382	5383	5506	5629	5752	5751	5750	5749	5626	5503
5505	5506	5629	5628	5381	5382	5383	5384	5507	5630	5753	5752	5751	5750	5627	5504
5506	5507	5630	5629	5382	5383	5384	5385	5508	5631	5754	5753	5752	5751	5628	5505
5507	5508	5631	5630	5383	5384	5385	5386	5509	5632	5755	5754	5753	5752	5629	5506
5508	5509	5632	5631	5384	5385	5386	5387	5510	5633	5756	5755	5754	5753	5630	5507
5509	5510	5633	5632	5385	5386	5387	5388	5511	5634	5757	5756	5755	5754	5631	5508
5510	5511	5634	5633	5386	5387	5388	5389	5512	5635	5758	5757	5756	5755	5632	5509
5511	5512	5635	5634	5387	5388	5389	5390	5513	5636	5759	5758	5757	5756	5633	5510
5512	5513	5636	5635	5388	5389	5390	5391	5514	5637	5760	5759	5758	5757	5634	5511
5513	5514	5637	5636	5389	5390	5391	5392	5515	5638	5761	5760	5759	5758	5635	5512
5514	5515	5638	5637	5390	5391	5392	5393	5516	5639	5762	5761	5760	5759	5636	5513
5515	5516	5639	5638	5391	5392	5393	5394	5517	5640	5763	5762	5761	5760	5637	5514
5516	5517	5640	5639	5392	5393	5394	5395	5518	5641	5764	5763	5762	5761	5638	5515
5517	5518	5641	5640	5393	5394	5395	5396	5519	5642	5765	5764	5763	5762	5639	5516
5518	5519	5642	5641	5394	5395	5396	5397	5520	5643	5766	5765	5764	5763	5640	5517
5519	5520	5643	5642	5395	5396	5397	5398	5521	5644	5767	5766	5765	5764	5641	5518
5520	5521	5644	5643	5396	5397	5398	5399	5522	5645	5768	5767	5766	5765	5642	5519
5521	5522	5645	5644	5397	5398	5399	5400	5523	5646	5769	5768	5767	5766	5643	5520
5522	5523	5646	5645	5398	5399	5400	5401	5524	5647	5770	5769	5768	5767	5644	5521
5523	5524	5647	5646	5399	5400	5401	5402	5525	5648	5771	5770	5769	5768	5645	5522
5524	5525	5648	5647	5400	5401	5402	5403	5526	5649	5772	5771	5770	5769	5646	5523
5525	5526	5649	5648	5401	5402	5403	5404	5527	5650	5773	5772	5771	5770	5647	5524
5526	5527	5650	5649	5402	5403	5404	5405	5528	5651	5774	5773	5772	5771	5648	5525
5527	5528	5651	5650	5403	5404	5405	5406	5529	5652	5775	5774	5773	5772	5649	5526
5528	5529	5652	5651	5404	5405	5406	5407	5530	5653	5776	5775	5774	5773	5650	5527
5529	5530	5653	5652	5405	5406	5407	5408	5531	5654	5777	5776	5775	5774	5651	5528
5530	5531	5654	5653	5406	5407	5408	5409	5532	5655	5778	5777	5776	5775	5652	5529
5531	5532	5655	5654	5407	5408	5409	5410	5533	5656	5779	5778	5777	5776	5653	5530
5532	5533	5656	5655	5408	5409	5410	5411	5534	5657	5780	5779	5778	5777	5654	5531
5536	5537	5660	5659	5412	5413	5414	5415	5538	5661	5784	5783	5782	5781	5658	5535
5537	5538	5661	5660	5413	5414	5415	5416	5539	5662	5785	5784	5783	5782	5659	5536
5538	5539	5662	5661	5414	5415	5416	5417	5540	5663	5786	5785	5784	5783	5660	5537
5539	5540	5663	5662	5415	5416	5417	5418	5541	5664	5787	5786	5785	5784	5661	5538
5540	5541	5664	5663	5416	5417	5418	5419	5542	5665	5788	5787	5786	5785	5662	5539
5541	5542	5665	5664	5417	5418	5419	5420	5543	5666	5789	5788	5787	5786	5663	5540
5542	5543	5666	5665	5418	5419	5420	5421	5544	5667	5790	5789	5788	5787	5664	5541
5543	5544	5667	5666	5419	5420	5421	5422	5545	5668	5791	5790	5789	5788	5665	5542
5544	5545	5668	5667	5420	5421	5422	5423	5546	5669	5792	5791	5790	5789	5666	5543
5545	5546	5669	5668	5421	5422	5423	5424	5547	5670	5793	5792	5791	5790	5667	5544
5546	5547	5670	5669	5422	5423	5424	5425	5548	5671	5794	5793	5792	5791	5668	5545
5547	5548	5671	5670	5423	5424	5425	5426	5549	5672	5795	5794	5793	5792	5669	5546
5548	5549	5672	5671	5424	5425	5426	5427	5550	5673	5796	5795	5794	5793	5670	5547
5549	5550	5673	5672	5425	5426	5427	5428	5551	5674	5797	5796	5795	5794	5671	5548
5550	5551	5674	5673	5426	5427	5428	5429	5552	5675	5798	5797	5796	5795	5672	5549
5551	5552	5675	5674	5427	5428	5429	5430	5553	5676	5799	5798	5797	5796	5673	5550
5552	5553	5676	5675	5428	5429	5430	5431	5554	5677	5800	5799	5798	5797	5674	5551
5553	5554	5677	5676	5429	5430	5431	5432	5555	5678	5801	5800	5799	5798	5675	5552
5554	5555	5678	5677	5430	5431	5432	5433	5556	5679	5802	5801	5800	5799	5676	5553
5555	5556	5679	5678	5431	5432	5433	5434	5557	5680	5803	5802	5801	5800	5677	5554
5556	5557	5680	5679	5432	5433	5434	5435	5558	5681	5804	5803	5802	5801	5678	5555
5557	5558	5681	5680	5433	5434	5435	5436	5559	5682	5805	5804	5803	5802	5679	5556
5558	5559	5682	5681	5434	5435	5436	5437	5560	5683	5806	5805	5804	5803	5680	5557
5559	5560	5683	5682	5435	5436	5437	5438	5561	5684	5807	5806	5805	5804	5681	5558
5560	5561	5684	5683	5436	5437	5438	5439	5562	5685	5808	5807	5806	5805	5682	5559
5561	5562	5685	5684	5437	5438	5439	5440	5563	5686	5809	5808	5807	5806	5683	5560
5562	5563	5686	5685	5438	5439	5440	5441	5564	5687	5810	5809	5808	5807	5684	5561
5563	5564	5687	5686	5439	5440	5441	5442	5565	5688	5811	5810	5809	5808	5685	5562
5564	5565	5688	5687	5440	5441	5442	5443	5566	5689	5812	5811	5810	5809	5686	5563
5565	5566	5689	5688	5441	5442	5443	5444	5567	5690	5813	5812	5811	5810	5687	5564
5566	5567	5690	5689	5442	5443	5444	5445	5568	5691	5814	5813	5812	5811	5688	5565
5567	5568	5691	5690	5443	5444	5445	5446	5569	5692	5815	5814	5813	5812	5689	5566
5568	5569	5692	5691	5444	5445	5446	5447	5570	5693	5816	5815	5814	5813	5690	5567
5569	5570	5693	5692	5445	5446	5447	5448	5571	5694	5817	5816	5815	5814	5691	5568
5570	5571	5694	5693	5446	5447	5448	5449	5572	5695	5818	5817	5816	5815	5692	5569
5571	5572	5695	5694	5447	5448	5449	5450	5573	5696	5819	5818	5817	5816	5693	5570
5572	5573	5696	5695	5448	5449	5450	5451	5574	5697	5820	5819	5818	5817	5694	5571
5573	5574	5697	5696	5449	5450	5451	5452	5575	5698	5821	5820	5819	5818	5695	5572
5574	5575	5698	5697	5450	5451	5452	5453	5576	5699	5822	5821	5820	5819	5696	5573
5575	5576	5699	5698	5451	5452	5453	5454	5577	5700	5823	5822	5821	5820	5697	5574
5576	5577	5700	5699	5452	5453	5454	5455	5578	5701	5824	5823	5822	5821	5698	5575
5577	5578	5701	5700	5453	5454	5455	5456	5579	5702	5825	5824	5823	5822	5699	5576
5578	5579	5702	5701	5454	5455	5456	5457	5580	5703	5826	5825	5824	5823	5700	5577
5579	5580	5703	5702	5455	5456	5457	5458	5581	5704	5827	5826	5825	5824	5701	5578
5580	5581	5704	5703	5456	5457	5458	5459	5582	5705	5828	5827	5826	5825	5702	5579
5581	5582	5705	5704	5457	5458	5459	5460	5583	5706	5829	5828	5827	5826	5703	5580
5582	5583	5706	5705	5458	5459	5460	5461	5584	5707	5830	5829	5828	5827	5704	5581
5583	5584	5707	5706	5459	5460	5461	5462	5585	5708	5831	5830	5829	5828	5705	5582
5584	5585	5708	5707	5460	5461	5462	5463	5586	5709	5832	5831	5830	5829	5706	5583
5585	5586	5709	5708	5461	5462	5463	5464	5587	5710	5833	5832	5831	5830	5707	5584
5586	5587	5710	5709	5462	5463	5464	5465	5588	5711	5834	5833	5832	5831	5708	5585
5587	5588	5711	5710	5463	5464	5465	5466	5589	5712	5835	5834	5833	5832	5709	5586
5588	5589	5712	5711	5464	5465	5466	5467	5590	5713	5836	5835	5834	5833	5710	5587
5589	5590	5713	5712	5465	5466	5467	5468	5591	5714	5837	5836	5835	5834	5711	5588
5590	5591	5714	5713	5466	5467	5468	5469	5592	5715	5838	5837	5836	5835	5712	5589
5591	5592	5715	5714	5467	5468	5469	5470	5593	5716	5839	5838	5837	5836	5713	5590
5592	5593	5716	5715	5468	5469	5470	5471	5594	5717	5840	5839	5838	5837	5714	5591
5593	5594	5717	5716	5469	5470	5471	5472	5595	5718	5841	5840	5839	5838	5715	5592
5594	5595	5718	5717	5470	5471	5472	5473	5596	5719	5842	5841	5840	5839	5716	5593
5595	5596	5719	5718	5471	5472	5473	5474	5597	5720	5843	5842	5841	5840	5717	5594
5596	5597	5720	5719	5472	5473	5474	5475	5598	5721	5844	5843	5842	5841	5718	5595
5597	5598	5721	5720	5473	5474	5475	5476	5599	5722	5845	5844	5843	5842	5719	5596
5598	5599	5722	5721	5474	5475	5476	5477	5600	5723	5846	5845	5844	5843	5720	5597
5599	5600	5723	5722	5475	5476	5477	5478	5601	5724	5847	5846	5845	5844	5721	5598
5600	5601	5724	5723	5476	5477	5478	5479	5602	5725	5848	5847	5846	5845	5722	5599
5601	5602	5725	5724	5477	5478	5479	5480	5603	5726	5849	5848	5847	5846	5723	5600
5602	5603	5726	5725	5478	5479	5480	5481	5604	5727	5850	5849	5848	5847	5724	5601
5603	5604	5727	5726	5479	5480	5481	5482	5605	5728	5851	5850	5849	5848	5725	5602
5604	5605	5728	5727	5480	5481	5482	5483	5606	5729	5852	5851	5850	5849	5726	5603
5605	5606	5729	5728	5481	5482	5483	5484	5607	5730	5853	5852	5851	5850	5727	5604
5606	5607	5730	5729	5482	5483	5484	5485	5608	5731	5854	5853	5852	5851	5728	5605
5607	5608	5731	5730	5483	5484	5485	5486	5609	5732	5855	5854	5853	5852	5729	5606
5608	5609	5732	5731	5484	5485	5486	5487	5610	5733	5856	5855	5854	5853	5730	5607
5609	5610	5733	5732	5485	5486	5487	5488	5611	5734	5857	5856	5855	5854	5731	5608
5610	5611	5734	5733	5486	5487	5488	5489	5612	5735	5858	5857	5856	5855	5732	5609
5611	5612	5735	5734	5487	5488	5489	5490	5613	5736	5859	5858	5857	5856	5733	5610
5612	5613	5736	5735	5488	5489	5490	5491	5614	5737	5860	5859	5858	5857	5734	5611
5613	5614	5737	5736	5489	5490	5491	5492	5615	5738	5861	5860	5859	5858	5735	5612
5614	5615	5738	5737	5490	5491	5492	5493	5616	5739	5862	5861	5860	5859	5736	5613
5615	5616	5739	5738	5491	5492	5493	5494	5617	5740	5863	5862	5861	5860	5737	5614
5616	5617	5740	5739	5492	5493	5494	5495	5618	5741	5864	5863	5862	5861	5738	5615
5617	5618	5741	5740	5493	5494	5495	5496	5619	5742	5865	5864	5863	5862	5739	5616
5618	5619	5742	5741	5494	5495	5496	5497	5620	5743	5866	5865	5864	5863	5740	5617
5619	5620	5743	5742	5495	5496	5497	5498	5621	5744	5867	5866	5865	5864	5741	5618
5620	5621	5744	5743	5496	5497	5498	5499	5622	5745	5868	5867	5866	5865	5742	5619
5621	5622	5745	5744	5497	5498	5499	5500	5623	5746	5869	5868	5867	5866	5743	5620
5622	5623	5746	5745	5498	5499	5500	5501	5624	5747	5870	5869	5868	5867	5744	5621
5623	5624	5747	5746	5499	5500	5501	5502	5625	5748	5871	5870	5869	5868	5745	5622
5624	5625	5748	5747	5500	5501	5502	5503	5626	5749	5872	5871	5870	5869	5746	5623
5625	5626	5749	5748	5501	5502	5503	5504	5627	5750	5873	5872	5871	5870	5747	5624
5626	5627	5750	5749	5502	5503	5504	5505	5628	5751	5874	5873	5872	5871	5748	5625
5627	5628	5751	5750	5503	5504	5505	5506	5629	5752	5875	5874	5873	5872	5749	5626
5628	5629	5752	5751	5504	5505	5506	5507	5630	5753	5876	5875	5874	5873	5750	5627
5629	5630	5753	5752	5505	5506	5507	5508	5631	5754	5877	5876	5875	5874	5751	5628
5630	5631	5754	5753	5506	5507	5508	5509	5632	5755	5878	5877	5876	5875	5752	5629
5631	5632	5755	5754	5507	5508	5509	5510	5633	5756	5879	5878	5877	5876	5753	5630
5632	5633	5756	5755	5508	5509	5510	5511	5634	5757	5880	5879	5878	5877	5754	5631
5633	5634	5757	5756	5509	5510	5511	5512	5635	5758	5881	5880	5879	5878	5755	5632
5634	5635	5758	5757	5510	5511	5512	5513	5636	5759	5882	5881	5880	5879	5756	5633
5635	5636	5759	5758	5511	5512	5513	5514	5637	5760	5883	5882	5881	5880	5757	5634
5636	5637	5760	5759	5512	5513	5514	5515	5638	5761	5884	5883	5882	5881	5758	5635
5637	5638	5761	5760	5513	5514	5515	5516	5639	5762	5885	5884	5883	5882	5759	5636
5638	5639	5762	5761	5514	5515	5516	5517	5640	5763	5886	5885	5884	5883	5760	5637
5639	5640	5763	5762	5515	5516	5517	5518	5641	5764	5887	5886	5885	5884	5761	5638
5640	5641	5764	5763	5516	5517	5518	5519	5642	5765	5888	5887	5886	5885	5762	5639
5641	5642	5765	5764	5517	5518	5519	5520	5643	5766	5889	5888	5887	5886	5763	5640
5642	5643	5766	5765	5518	5519	5520	5521	5644	5767	5890	5889	5888	5887	5764	5641
5643	5644	5767	5766	5519	5520	5521	5522	5645	5768	5891	5890	5889	5888	5765	5642
5644	5645	5768	5767	5520	5521	5522	5523	5646	5769	5892	5891	5890	5889	5766	5643
5645	5646	5769	5768	5521	5522	5523	5524	5647	5770	5893	5892	5891	5890	5767	5644
5646	5647	5770	5769	5522	5523	5524	5525	5648	5771	5894	5893	5892	5891	5768	5645
5647	5648	5771	5770	5523	5524	5525	5526	5649	5772	5895	5894	5893	5892	5769	5646
5648	5649	5772	5771	5524	5525	5526	5527	5650	5773	5896	5895	5894	5893	5770	5647
5649	5650	5773	5772	5525	5526	5527	5528	5651	5774	5897	5896	5895	5894	5771	5648
5650	5651	5774	5773	5526	5527	5528	5529	5652	5775	5898	5897	5896	5895	5772	5649
5651	5652	5775	5774	5527	5528	5529	5530	5653	5776	5899	5898	5897	5896	5773	5650
5652	5653	5776	5775	5528	5529	5530	5531	5654	5777	5900	5899	5898	5897	5774	5651
5653	5654	5777	5776	5529	5530	5531	5532	5655	5778	5901	5900	5899	5898	5775	5652
5654	5655	5778	5777	5530	5531	5532	5533	5656	5779	5902	5901	5900	5899	5776	5653
5655	5656	5779	5778	5531	5532	5533	5534	5657	5780	5903	5902	5901	5900	5777	5654
5659	5660	5783	5782	5535	5536	5537	5538	5661	5784	5907	5906	5905	5904	5781	5658
5660	5661	5784	5783	5536	5537	5538	5539	5662	5785	5908	5907	5906	5905	5782	5659
5661	5662	5785	5784	5537	5538	5539	5540	5663	5786	5909	5908	5907	5906	5783	5660
5662	5663	5786	5785	5538	5539	5540	5541	5664	5787	5910	5909	5908	5907	5784	5661
5663	5664	5787	5786	5539	5540	5541	5542	5665	5788	5911	5910	5909	5908	5785	5662
5664	5665	5788	5787	5540	5541	5542	5543	5666	5789	5912	5911	5910	5909	5786	5663
5665	5666	5789	5788	5541	5542	5543	5544	5667	5790	5913	5912	5911	5910	5787	5664
5666	5667	5790	5789	5542	5543	5544	5545	5668	5791	5914	5913	5912	5911	5788	5665
5667	5668	5791	5790	5543	5544	5545	5546	5669	5792	5915	5914	5913	5912	5789	5666
5668	5669	5792	5791	5544	5545	5546	5547	5670	5793	5916	5915	5914	5913	5790	5667
5669	5670	5793	5792	5545	5546	5547	5548	5671	5794	5917	5916	5915	5914	5791	5668
5670	5671	5794	5793	5546	5547	5548	5549	5672	5795	5918	5917	5916	5915	5792	5669
5671	5672	5795	5794	5547	5548	5549	5550	5673	5796	5919	5918	5917	5916	5793	5670
5672	5673	5796	5795	5548	5549	5550	5551	5674	5797	5920	5919	5918	5917	5794	5671
5673	5674	5797	5796	5549	5550	5551	5552	5675	5798	5921	5920	5919	5918	5795	5672
5674	5675	5798	5797	5550	5551	5552	5553	5676	5799	5922	5921	5920	5919	5796	5673
5675	5676	5799	5798	5551	5552	5553	5554	5677	5800	5923	5922	5921	5920	5797	5674
5676	5677	5800	5799	5552	5553	5554	5555	5678	5801	5924	5923	5922	5921	5798	5675
5677	5678	5801	5800	5553	5554	5555	5556	5679	5802	5925	5924	5923	5922	5799	5676
5678	5679	5802	5801	5554	5555	5556	5557	5680	5803	5926	5925	5924	5923	5800	5677
5679	5680	5803	5802	5555	5556	5557	5558	5681	5804	5927	5926	5925	5924	5801	5678
5680	5681	5804	5803	5556	5557	5558	5559	5682	5805	5928	5927	5926	5925	5802	5679
5681	5682	5805	5804	5557	5558	5559	5560	5683	5806	5929	5928	5927	5926	5803	5680
5682	5683	5806	5805	5558	5559	5560	5561	5684	5807	5930	5929	5928	5927	5804	5681
5683	5684	5807	5806	5559	5560	5561	5562	5685	5808	5931	5930	5929	5928	5805	5682
5684	5685	5808	5807	5560	5561	5562	5563	5686	5809	5932	5931	5930	5929	5806	5683
5685	5686	5809	5808	5561	5562	5563	5564	5687	5810	5933	5932	5931	5930	5807	5684
5686	5687	5810	5809	5562	5563	5564	5565	5688	5811	5934	5933	5932	5931	5808	5685
5687	5688	5811	5810	5563	5564	5565	5566	5689	5812	5935	5934	5933	5932	5809	5686
5688	5689	5812	5811	5564	5565	5566	5567	5690	5813	5936	5935	5934	5933	5810	5687
5689	5690	5813	5812	5565	5566	5567	5568	5691	5814	5937	5936	5935	5934	5811	5688
5690	5691	5814	5813	5566	5567	5568	5569	5692	5815	5938	5937	5936	5935	5812	5689
5691	5692	5815	5814	5567	5568	5569	5570	5693	5816	5939	5938	5937	5936	5813	5690
5692	5693	5816	5815	5568	5569	5570	5571	5694	5817	5940	5939	5938	5937	5814	5691
5693	5694	5817	5816	5569	5570	5571	5572	5695	5818	5941	5940	5939	5938	5815	5692
5694	5695	5818	5817	5570	5571	5572	5573	5696	5819	5942	5941	5940	5939	5816	5693
5695	5696	5819	5818	5571	5572	5573	5574	5697	5820	5943	5942	5941	5940	5817	5694
5696	5697	5820	5819	5572	5573	5574	5575	5698	5821	5944	5943	5942	5941	5818	5695
5697	5698	5821	5820	5573	5574	5575	5576	5699	5822	5945	5944	5943	5942	5819	5696
5698	5699	5822	5821	5574	5575	5576	5577	5700	5823	5946	5945	5944	5943	5820	5697
5699	5700	5823	5822	5575	5576	5577	5578	5701	5824	5947	5946	5945	5944	5821	5698
5700	5701	5824	5823	5576	5577	5578	5579	5702	5825	5948	5947	5946	5945	5822	5699
5701	5702	5825	5824	5577	5578	5579	5580	5703	5826	5949	5948	5947	5946	5823	5700
5702	5703	5826	5825	5578	5579	5580	5581	5704	5827	5950	5949	5948	5947	5824	5701
5703	5704	5827	5826	5579	5580	5581	5582	5705	5828	5951	5950	5949	5948	5825	5702
5704	5705	5828	5827	5580	5581	5582	5583	5706	5829	5952	5951	5950	5949	5826	5703
5705	5706	5829	5828	5581	5582	5583	5584	5707	5830	5953	5952	5951	5950	5827	5704
5706	5707	5830	5829	5582	5583	5584	5585	5708	5831	5954	5953	5952	5951	5828	5705
5707	5708	5831	5830	5583	5584	5585	5586	5709	5832	5955	5954	5953	5952	5829	5706
5708	5709	5832	5831	5584	5585	5586	5587	5710	5833	5956	5955	5954	5953	5830	5707
5709	5710	5833	5832	5585	5586	5587	5588	5711	5834	5957	5956	5955	5954	5831	5708
5710	5711	5834	5833	5586	5587	5588	5589	5712	5835	5958	5957	5956	5955	5832	5709
5711	5712	5835	5834	5587	5588	5589	5590	5713	5836	5959	5958	5957	5956	5833	5710
5712	5713	5836	5835	5588	5589	5590	5591	5714	5837	5960	5959	5958	5957	5834	5711
5713	5714	5837	5836	5589	5590	5591	5592	5715	5838	5961	5960	5959	5958	5835	5712
5714	5715	5838	5837	5590	5591	5592	5593	5716	5839	5962	5961	5960	5959	5836	5713
5715	5716	5839	5838	5591	5592	5593	5594	5717	5840	5963	5962	5961	5960	5837	5714
5716	5717	5840	5839	5592	5593	5594	5595	5718	5841	5964	5963	5962	5961	5838	5715
5717	5718	5841	5840	5593	5594	5595	5596	5719	5842	5965	5964	5963	5962	5839	5716
5718	5719	5842	5841	5594	5595	5596	5597	5720	5843	5966	5965	5964	5963	5840	5717
5719	5720	5843	5842	5595	5596	5597	5598	5721	5844	5967	5966	5965	5964	5841	5718
5720	5721	5844	5843	5596	5597	5598	5599	5722	5845	5968	5967	5966	5965	5842	5719
5721	5722	5845	5844	5597	5598	5599	5600	5723	5846	5969	5968	5967	5966	5843	5720
5722	5723	5846	5845	5598	5599	5600	5601	5724	5847	5970	5969	5968	5967	5844	5721
5723	5724	5847	5846	5599	5600	5601	5602	5725	5848	5971	5970	5969	5968	5845	5722
5724	5725	5848	5847	5600	5601	5602	5603	5726	5849	5972	5971	5970	5969	5846	5723
5725	5726	5849	5848	5601	5602	5603	5604	5727	5850	5973	5972	5971	5970	5847	5724
5726	5727	5850	5849	5602	5603	5604	5605	5728	5851	5974	5973	5972	5971	5848	5725
5727	5728	5851	5850	5603	5604	5605	5606	5729	5852	5975	5974	5973	5972	5849	5726
5728	5729	5852	5851	5604	5605	5606	5607	5730	5853	5976	5975	5974	5973	5850	5727
5729	5730	5853	5852	5605	5606	5607	5608	5731	5854	5977	5976	5975	5974	5851	5728
5730	5731	5854	5853	5606	5607	5608	5609	5732	5855	5978	5977	5976	5975	5852	5729
5731	5732	5855	5854	5607	5608	5609	5610	5733	5856	5979	5978	5977	5976	5853	5730
5732	5733	5856	5855	5608	5609	5610	5611	5734	5857	5980	5979	5978	5977	5854	5731
5733	5734	5857	5856	5609	5610	5611	5612	5735	5858	5981	5980	5979	5978	5855	5732
5734	5735	5858	5857	5610	5611	5612	5613	5736	5859	5982	5981	5980	5979	5856	5733
5735	5736	5859	5858	5611	5612	5613	5614	5737	5860	5983	5982	5981	5980	5857	5734
5736	5737	5860	5859	5612	5613	5614	5615	5738	5861	5984	5983	5982	5981	5858	5735
5737	5738	5861	5860	5613	5614	5615	5616	5739	5862	5985	5984	5983	5982	5859	5736
5738	5739	5862	5861	5614	5615	5616	5617	5740	5863	5986	5985	5984	5983	5860	5737
5739	5740	5863	5862	5615	5616	5617	5618	5741	5864	5987	5986	5985	5984	5861	5738
5740	5741	5864	5863	5616	5617	5618	5619	5742	5865	5988	5987	5986	5985	5862	5739
5741	5742	5865	5864	5617	5618	5619	5620	5743	5866	5989	5988	5987	5986	5863	5740
5742	5743	5866	5865	5618	5619	5620	5621	5744	5867	5990	5989	5988	5987	5864	5741
5743	5744	5867	5866	5619	5620	5621	5622	5745	5868	5991	5990	5989	5988	5865	5742
5744	5745	5868	5867	5620	5621	5622	5623	5746	5869	5992	5991	5990	5989	5866	5743
5745	5746	5869	5868	5621	5622	5623	5624	5747	5870	5993	5992	5991	5990	5867	5744
5746	5747	5870	5869	5622	5623	5624	5625	5748	5871	5994	5993	5992	5991	5868	5745
5747	5748	5871	5870	5623	5624	5625	5626	5749	5872	5995	5994	5993	5992	5869	5746
5748	5749	5872	5871	5624	5625	5626	5627	5750	5873	5996	5995	5994	5993	5870	5747
5749	5750	5873	5872	5625	5626	5627	5628	5751	5874	5997	5996	5995	5994	5871	5748
5750	5751	5874	5873	5626	5627	5628	5629	5752	5875	5998	5997	5996	5995	5872	5749
5751	5752	5875	5874	5627	5628	5629	5630	5753	5876	5999	5998	5997	5996	5873	5750
5752	5753	5876	5875	5628	5629	5630	5631	5754	5877	6000	5999	5998	5997	5874	5751
5753	5754	5877	5876	5629	5630	5631	5632	5755	5878	6001	6000	5999	5998	5875	5752
5754	5755	5878	5877	5630	5631	5632	5633	5756	5879	6002	6001	6000	5999	5876	5753
5755	5756	5879	5878	5631	5632	5633	5634	5757	5880	6003	6002	6001	6000	5877	5754
5756	5757	5880	5879	5632	5633	5634	5635	5758	5881	6004	6003	6002	6001	5878	5755
5757	5758	5881	5880	5633	5634	5635	5636	5759	5882	6005	6004	6003	6002	5879	5756
5758	5759	5882	5881	5634	5635	5636	5637	5760	5883	6006	6005	6004	6003	5880	5757
5759	5760	5883	5882	5635	5636	5637	5638	5761	5884	6007	6006	6005	6004	5881	5758
5760	5761	5884	5883	5636	5637	5638	5639	5762	5885	6008	6007	6006	6005	5882	5759
5761	5762	5885	5884	5637	5638	5639	5640	5763	5886	6009	6008	6007	6006	5883	5760
5762	5763	5886	5885	5638	5639	5640	5641	5764	5887	6010	6009	6008	6007	5884	5761
5763	5764	5887	5886	5639	5640	5641	5642	5765	5888	6011	6010	6009	6008	5885	5762
5764	5765	5888	5887	5640	5641	5642	5643	5766	5889	6012	6011	6010	6009	5886	5763
5765	5766	5889	5888	5641	5642	5643	5644	5767	5890	6013	6012	6011	6010	5887	5764
5766	5767	5890	5889	5642	5643	5644	5645	5768	5891	6014	6013	6012	6011	5888	5765
5767	5768	5891	5890	5643	5644	5645	5646	5769	5892	6015	6014	6013	6012	5889	5766
5768	5769	5892	5891	5644	5645	5646	5647	5770	5893	6016	6015	6014	6013	5890	5767
5769	5770	5893	5892	5645	5646	5647	5648	5771	5894	6017	6016	6015	6014	5891	5768
5770	5771	5894	5893	5646	5647	5648	5649	5772	5895	6018	6017	6016	6015	5892	5769
5771	5772	5895	5894	5647	5648	5649	5650	5773	5896	6019	6018	6017	6016	5893	5770
5772	5773	5896	5895	5648	5649	5650	5651	5774	5897	6020	6019	6018	6017	5894	5771
5773	5774	5897	5896	5649	5650	5651	5652	5775	5898	6021	6020	6019	6018	5895	5772
5774	5775	5898	5897	5650	5651	5652	5653	5776	5899	6022	6021	6020	6019	5896	5773
5775	5776	5899	5898	5651	5652	5653	5654	5777	5900	6023	6022	6021	6020	5897	5774
5776	5777	5900	5899	5652	5653	5654	5655	5778	5901	6024	6023	6022	6021	5898	5775
5777	5778	5901	5900	5653	5654	5655	5656	5779	5902	6025	6024	6023	6022	5899	5776
5778	5779	5902	5901	5654	5655	5656	5657	5780	5903	6026	6025	6024	6023	5900	5777
5782	5783	5906	5905	5658	5659	5660	5661	5784	5907	6030	6029	6028	6027	5904	5781
5783	5784	5907	5906	5659	5660	5661	5662	5785	5908	6031	6030	6029	6028	5905	5782
5784	5785	5908	5907	5660	5661	5662	5663	5786	5909	6032	6031	6030	6029	5906	5783
5785	5786	5909	5908	5661	5662	5663	5664	5787	5910	6033	6032	6031	6030	5907	5784
5786	5787	5910	5909	5662	5663	5664	5665	5788	5911	6034	6033	6032	6031	5908	5785
5787	5788	5911	5910	5663	5664	5665	5666	5789	5912	6035	6034	6033	6032	5909	5786
5788	5789	5912	5911	5664	5665	5666	5667	5790	5913	6036	6035	6034	6033	5910	5787
5789	5790	5913	5912	5665	5666	5667	5668	5791	5914	6037	6036	6035	6034	5911	5788
5790	5791	5914	5913	5666	5667	5668	5669	5792	5915	6038	6037	6036	6035	5912	5789
5791	5792	5915	5914	5667	5668	5669	5670	5793	5916	6039	6038	6037	6036	5913	5790
5792	5793	5916	5915	5668	5669	5670	5671	5794	5917	6040	6039	6038	6037	5914	5791
5793	5794	5917	5916	5669	5670	5671	5672	5795	5918	6041	6040	6039	6038	5915	5792
5794	5795	5918	5917	5670	5671	5672	5673	5796	5919	6042	6041	6040	6039	5916	5793
5795	5796	5919	5918	5671	5672	5673	5674	5797	5920	6043	6042	6041	6040	5917	5794
5796	5797	5920	5919	5672	5673	5674	5675	5798	5921	6044	6043	6042	6041	5918	5795
5797	5798	5921	5920	5673	5674	5675	5676	5799	5922	6045	6044	6043	6042	5919	5796
5798	5799	5922	5921	5674	5675	5676	5677	5800	5923	6046	6045	6044	6043	5920	5797
5799	5800	5923	5922	5675	5676	5677	5678	5801	5924	6047	6046	6045	6044	5921	5798
5800	5801	5924	5923	5676	5677	5678	5679	5802	5925	6048	6047	6046	6045	5922	5799
5801	5802	5925	5924	5677	5678	5679	5680	5803	5926	6049	6048	6047	6046	5923	5800
5802	5803	5926	5925	5678	5679	5680	5681	5804	5927	6050	6049	6048	6047	5924	5801
5803	5804	5927	5926	5679	5680	5681	5682	5805	5928	6051	6050	6049	6048	5925	5802
5804	5805	5928	5927	5680	5681	5682	5683	5806	5929	6052	6051	6050	6049	5926	5803
5805	5806	5929	5928	5681	5682	5683	5684	5807	5930	6053	6052	6051	6050	5927	5804
5806	5807	5930	5929	5682	5683	5684	5685	5808	5931	6054	6053	6052	6051	5928	5805
5807	5808	5931	5930	5683	5684	5685	5686	5809	5932	6055	6054	6053	6052	5929	5806
5808	5809	5932	5931	5684	5685	5686	5687	5810	5933	6056	6055	6054	6053	5930	5807
5809	5810	5933	5932	5685	5686	5687	5688	5811	5934	6057	6056	6055	6054	5931	5808
5810	5811	5934	5933	5686	5687	5688	5689	5812	5935	6058	6057	6056	6055	5932	5809
5811	5812	5935	5934	5687	5688	5689	5690	5813	5936	6059	6058	6057	6056	5933	5810
5812	5813	5936	5935	5688	5689	5690	5691	5814	5937	6060	6059	6058	6057	5934	5811
5813	5814	5937	5936	5689	5690	5691	5692	5815	5938	6061	6060	6059	6058	5935	5812
5814	5815	5938	5937	5690	5691	5692	5693	5816	5939	6062	6061	6060	6059	5936	5813
5815	5816	5939	5938	5691	5692	5693	5694	5817	5940	6063	6062	6061	6060	5937	5814
5816	5817	5940	5939	5692	5693	5694	5695	5818	5941	6064	6063	6062	6061	5938	5815
5817	5818	5941	5940	5693	5694	5695	5696	5819	5942	6065	6064	6063	6062	5939	5816
5818	5819	5942	5941	5694	5695	5696	5697	5820	5943	6066	6065	6064	6063	5940	5817
5819	5820	5943	5942	5695	5696	5697	5698	5821	5944	6067	6066	6065	6064	5941	5818
5820	5821	5944	5943	5696	5697	5698	5699	5822	5945	6068	6067	6066	6065	5942	5819
5821	5822	5945	5944	5697	5698	5699	5700	5823	5946	6069	6068	6067	6066	5943	5820
5822	5823	5946	5945	5698	5699	5700	5701	5824	5947	6070	6069	6068	6067	5944	5821
5823	5824	5947	5946	5699	5700	5701	5702	5825	5948	6071	6070	6069	6068	5945	5822
5824	5825	5948	5947	5700	5701	5702	5703	5826	5949	6072	6071	6070	6069	5946	5823
5825	5826	5949	5948	5701	5702	5703	5704	5827	5950	6073	6072	6071	6070	5947	5824
5826	5827	5950	5949	5702	5703	5704	5705	5828	5951	6074	6073	6072	6071	5948	5825
5827	5828	5951	5950	5703	5704	5705	5706	5829	5952	6075	6074	6073	6072	5949	5826
5828	5829	5952	5951	5704	5705	5706	5707	5830	5953	6076	6075	6074	6073	5950	5827
5829	5830	5953	5952	5705	5706	5707	5708	5831	5954	6077	6076	6075	6074	5951	5828
5830	5831	5954	5953	5706	5707	5708	5709	5832	5955	6078	6077	6076	6075	5952	5829
5831	5832	5955	5954	5707	5708	5709	5710	5833	5956	6079	6078	6077	6076	5953	5830
5832	5833	5956	5955	5708	5709	5710	5711	5834	5957	6080	6079	6078	6077	5954	5831
5833	5834	5957	5956	5709	5710	5711	5712	5835	5958	6081	6080	6079	6078	5955	5832
5834	5835	5958	5957	5710	5711	5712	5713	5836	5959	6082	6081	6080	6079	5956	5833
5835	5836	5959	5958	5711	5712	5713	5714	5837	5960	6083	6082	6081	6080	5957	5834
5836	5837	5960	5959	5712	5713	5714	5715	5838	5961	6084	6083	6082	6081	5958	5835
5837	5838	5961	5960	5713	5714	5715	5716	5839	5962	6085	6084	6083	6082	5959	5836
5838	5839	5962	5961	5714	5715	5716	5717	5840	5963	6086	6085	6084	6083	5960	5837
5839	5840	5963	5962	5715	5716	5717	5718	5841	5964	6087	6086	6085	6084	5961	5838
5840	5841	5964	5963	5716	5717	5718	5719	5842	5965	6088	6087	6086	6085	5962	5839
5841	5842	5965	5964	5717	5718	5719	5720	5843	5966	6089	6088	6087	6086	5963	5840
5842	5843	5966	5965	5718	5719	5720	5721	5844	5967	6090	6089	6088	6087	5964	5841
5843	5844	5967	5966	5719	5720	5721	5722	5845	5968	6091	6090	6089	6088	5965	5842
5844	5845	5968	5967	5720	5721	5722	5723	5846	5969	6092	6091	6090	6089	5966	5843
5845	5846	5969	5968	5721	5722	5723	5724	5847	5970	6093	6092	6091	6090	5967	5844
5846	5847	5970	5969	5722	5723	5724	5725	5848	5971	6094	6093	6092	6091	5968	5845
5847	5848	5971	5970	5723	5724	5725	5726	5849	5972	6095	6094	6093	6092	5969	5846
5848	5849	5972	5971	5724	5725	5726	5727	5850	5973	6096	6095	6094	6093	5970	5847
5849	5850	5973	5972	5725	5726	5727	5728	5851	5974	6097	6096	6095	6094	5971	5848
5850	5851	5974	5973	5726	5727	5728	5729	5852	5975	6098	6097	6096	6095	5972	5849
5851	5852	5975	5974	5727	5728	5729	5730	5853	5976	6099	6098	6097	6096	5973	5850
5852	5853	5976	5975	5728	5729	5730	5731	5854	5977	6100	6099	6098	6097	5974	5851
5853	5854	5977	5976	5729	5730	5731	5732	5855	5978	6101	6100	6099	6098	5975	5852
5854	5855	5978	5977	5730	5731	5732	5733	5856	5979	6102	6101	6100	6099	5976	5853
5855	5856	5979	5978	5731	5732	5733	5734	5857	5980	6103	6102	6101	6100	5977	5854
5856	5857	5980	5979	5732	5733	5734	5735	5858	5981	6104	6103	6102	6101	5978	5855
5857	5858	5981	5980	5733	5734	5735	5736	5859	5982	6105	6104	6103	6102	5979	5856
5858	5859	5982	5981	5734	5735	5736	5737	5860	5983	6106	6105	6104	6103	5980	5857
5859	5860	5983	5982	5735	5736	5737	5738	5861	5984	6107	6106	6105	6104	5981	5858
5860	5861	5984	5983	5736	5737	5738	5739	5862	5985	6108	6107	6106	6105	5982	5859
5861	5862	5985	5984	5737	5738	5739	5740	5863	5986	6109	6108	6107	6106	5983	5860
5862	5863	5986	5985	5738	5739	5740	5741	5864	5987	6110	6109	6108	6107	5984	5861
5863	5864	5987	5986	5739	5740	5741	5742	5865	5988	6111	6110	6109	6108	5985	5862
5864	5865	5988	5987	5740	5741	5742	5743	5866	5989	6112	6111	6110	6109	5986	5863
5865	5866	5989	5988	5741	5742	5743	5744	5867	5990	6113	6112	6111	6110	5987	5864
5866	5867	5990	5989	5742	5743	5744	5745	5868	5991	6114	6113	6112	6111	5988	5865
5867	5868	5991	5990	5743	5744	5745	5746	5869	5992	6115	6114	6113	6112	5989	5866
5868	5869	5992	5991	5744	5745	5746	5747	5870	5993	6116	6115	6114	6113	5990	5867
5869	5870	5993	5992	5745	5746	5747	5748	5871	5994	6117	6116	6115	6114	5991	5868
5870	5871	5994	5993	5746	5747	5748	5749	5872	5995	6118	6117	6116	6115	5992	5869
5871	5872	5995	5994	5747	5748	5749	5750	5873	5996	6119	6118	6117	6116	5993	5870
5872	5873	5996	5995	5748	5749	5750	5751	5874	5997	6120	6119	6118	6117	5994	5871
5873	5874	5997	5996	5749	5750	5751	5752	5875	5998	6121	6120	6119	6118	5995	5872
5874	5875	5998	5997	5750	5751	5752	5753	5876	5999	6122	6121	6120	6119	5996	5873
5875	5876	5999	5998	5751	5752	5753	5754	5877	6000	6123	6122	6121	6120	5997	5874
5876	5877	6000	5999	5752	5753	5754	5755	5878	6001	6124	6123	6122	6121	5998	5875
5877	5878	6001	6000	5753	5754	5755	5756	5879	6002	6125	6124	6123	6122	5999	5876
5878	5879	6002	6001	5754	5755	5756	5757	5880	6003	6126	6125	6124	6123	6000	5877
5879	5880	6003	6002	5755	5756	5757	5758	5881	6004	6127	6126	6125	6124	6001	5878
5880	5881	6004	6003	5756	5757	5758	5759	5882	6005	6128	6127	6126	6125	6002	5879
5881	5882	6005	6004	5757	5758	5759	5760	5883	6006	6129	6128	6127	6126	6003	5880
5882	5883	6006	6005	5758	5759	5760	5761	5884	6007	6130	6129	6128	6127	6004	5881
5883	5884	6007	6006	5759	5760	5761	5762	5885	6008	6131	6130	6129	6128	6005	5882
5884	5885	6008	6007	5760	5761	5762	5763	5886	6009	6132	6131	6130	6129	6006	5883
5885	5886	6009	6008	5761	5762	5763	5764	5887	6010	6133	6132	6131	6130	6007	5884
5886	5887	6010	6009	5762	5763	5764	5765	5888	6011	6134	6133	6132	6131	6008	5885
5887	5888	6011	6010	5763	5764	5765	5766	5889	6012	6135	6134	6133	6132	6009	5886
5888	5889	6012	6011	5764	5765	5766	5767	5890	6013	6136	6135	6134	6133	6010	5887
5889	5890	6013	6012	5765	5766	5767	5768	5891	6014	6137	6136	6135	6134	6011	5888
5890	5891	6014	6013	5766	5767	5768	5769	5892	6015	6138	6137	6136	6135	6012	5889
5891	5892	6015	6014	5767	5768	5769	5770	5893	6016	6139	6138	6137	6136	6013	5890
5892	5893	6016	6015	5768	5769	5770	5771	5894	6017	6140	6139	6138	6137	6014	5891
5893	5894	6017	6016	5769	5770	5771	5772	5895	6018	6141	6140	6139	6138	6015	5892
5894	5895	6018	6017	5770	5771	5772	5773	5896	6019	6142	6141	6140	6139	6016	5893
5895	5896	6019	6018	5771	5772	5773	5774	5897	6020	6143	6142	6141	6140	6017	5894
5896	5897	6020	6019	5772	5773	5774	5775	5898	6021	6144	6143	6142	6141	6018	5895
5897	5898	6021	6020	5773	5774	5775	5776	5899	6022	6145	6144	6143	6142	6019	5896
5898	5899	6022	6021	5774	5775	5776	5777	5900	6023	6146	6145	6144	6143	6020	5897
5899	5900	6023	6022	5775	5776	5777	5778	5901	6024	6147	6146	6145	6144	6021	5898
5900	5901	6024	6023	5776	5777	5778	5779	5902	6025	6148	6147	6146	6145	6022	5899
5901	5902	6025	6024	5777	5778	5779	5780	5903	6026	6149	6148	6147	6146	6023	5900
5905	5906	6029	6028	5781	5782	5783	5784	5907	6030	6153	6152	6151	6150	6027	5904
5906	5907	6030	6029	5782	5783	5784	5785	5908	6031	6154	6153	6152	6151	6028	5905
5907	5908	6031	6030	5783	5784	5785	5786	5909	6032	6155	6154	6153	6152	6029	5906
5908	5909	6032	6031	5784	5785	5786	5787	5910	6033	6156	6155	6154	6153	6030	5907
5909	5910	6033	6032	5785	5786	5787	5788	5911	6034	6157	6156	6155	6154	6031	5908
5910	5911	6034	6033	5786	5787	5788	5789	5912	6035	6158	6157	6156	6155	6032	5909
5911	5912	6035	6034	5787	5788	5789	5790	5913	6036	6159	6158	6157	6156	6033	5910
5912	5913	6036	6035	5788	5789	5790	5791	5914	6037	6160	6159	6158	6157	6034	5911
5913	5914	6037	6036	5789	5790	5791	5792	5915	6038	6161	6160	6159	6158	6035	5912
5914	5915	6038	6037	5790	5791	5792	5793	5916	6039	6162	6161	6160	6159	6036	5913
5915	5916	6039	6038	5791	5792	5793	5794	5917	6040	6163	6162	6161	6160	6037	5914
5916	5917	6040	6039	5792	5793	5794	5795	5918	6041	6164	6163	6162	6161	6038	5915
5917	5918	6041	6040	5793	5794	5795	5796	5919	6042	6165	6164	6163	6162	6039	5916
5918	5919	6042	6041	5794	5795	5796	5797	5920	6043	6166	6165	6164	6163	6040	5917
5919	5920	6043	6042	5795	5796	5797	5798	5921	6044	6167	6166	6165	6164	6041	5918
5920	5921	6044	6043	5796	5797	5798	5799	5922	6045	6168	6167	6166	6165	6042	5919
5921	5922	6045	6044	5797	5798	5799	5800	5923	6046	6169	6168	6167	6166	6043	5920
5922	5923	6046	6045	5798	5799	5800	5801	5924	6047	6170	6169	6168	6167	6044	5921
5923	5924	6047	6046	5799	5800	5801	5802	5925	6048	6171	6170	6169	6168	6045	5922
5924	5925	6048	6047	5800	5801	5802	5803	5926	6049	6172	6171	6170	6169	6046	5923
5925	5926	6049	6048	5801	5802	5803	5804	5927	6050	6173	6172	6171	6170	6047	5924
5926	5927	6050	6049	5802	5803	5804	5805	5928	6051	6174	6173	6172	6171	6048	5925
5927	5928	6051	6050	5803	5804	5805	5806	5929	6052	6175	6174	6173	6172	6049	5926
5928	5929	6052	6051	5804	5805	5806	5807	5930	6053	6176	6175	6174	6173	6050	5927
5929	5930	6053	6052	5805	5806	5807	5808	5931	6054	6177	6176	6175	6174	6051	5928
5930	5931	6054	6053	5806	5807	5808	5809	5932	6055	6178	6177	6176	6175	6052	5929
5931	5932	6055	6054	5807	5808	5809	5810	5933	6056	6179	6178	6177	6176	6053	5930
5932	5933	6056	6055	5808	5809	5810	5811	5934	6057	6180	6179	6178	6177	6054	5931
5933	5934	6057	6056	5809	5810	5811	5812	5935	6058	6181	6180	6179	6178	6055	5932
5934	5935	6058	6057	5810	5811	5812	5813	5936	6059	6182	6181	6180	6179	6056	5933
5935	5936	6059	6058	5811	5812	5813	5814	5937	6060	6183	6182	6181	6180	6057	5934
5936	5937	6060	6059	5812	5813	5814	5815	5938	6061	6184	6183	6182	6181	6058	5935
5937	5938	6061	6060	5813	5814	5815	5816	5939	6062	6185	6184	6183	6182	6059	5936
5938	5939	6062	6061	5814	5815	5816	5817	5940	6063	6186	6185	6184	6183	6060	5937
5939	5940	6063	6062	5815	5816	5817	5818	5941	6064	6187	6186	6185	6184	6061	5938
5940	5941	6064	6063	5816	5817	5818	5819	5942	6065	6188	6187	6186	6185	6062	5939
5941	5942	6065	6064	5817	5818	5819	5820	5943	6066	6189	6188	6187	6186	6063	5940
5942	5943	6066	6065	5818	5819	5820	5821	5944	6067	6190	6189	6188	6187	6064	5941
5943	5944	6067	6066	5819	5820	5821	5822	5945	6068	6191	6190	6189	6188	6065	5942
5944	5945	6068	6067	5820	5821	5822	5823	5946	6069	6192	6191	6190	6189	6066	5943
5945	5946	6069	6068	5821	5822	5823	5824	5947	6070	6193	6192	6191	6190	6067	5944
5946	5947	6070	6069	5822	5823	5824	5825	5948	6071	6194	6193	6192	6191	6068	5945
5947	5948	6071	6070	5823	5824	5825	5826	5949	6072	6195	6194	6193	6192	6069	5946
5948	5949	6072	6071	5824	5825	5826	5827	5950	6073	6196	6195	6194	6193	6070	5947
5949	5950	6073	6072	5825	5826	5827	5828	5951	6074	6197	6196	6195	6194	6071	5948
5950	5951	6074	6073	5826	5827	5828	5829	5952	6075	6198	6197	6196	6195	6072	5949
5951	5952	6075	6074	5827	5828	5829	5830	5953	6076	6199	6198	6197	6196	6073	5950
5952	5953	6076	6075	5828	5829	5830	5831	5954	6077	6200	6199	6198	6197	6074	5951
5953	5954	6077	6076	5829	5830	5831	5832	5955	6078	6201	6200	6199	6198	6075	5952
5954	5955	6078	6077	5830	5831	5832	5833	5956	6079	6202	6201	6200	6199	6076	5953
5955	5956	6079	6078	5831	5832	5833	5834	5957	6080	6203	6202	6201	6200	6077	5954
5956	5957	6080	6079	5832	5833	5834	5835	5958	6081	6204	6203	6202	6201	6078	5955
5957	5958	6081	6080	5833	5834	5835	5836	5959	6082	6205	6204	6203	6202	6079	5956
5958	5959	6082	6081	5834	5835	5836	5837	5960	6083	6206	6205	6204	6203	6080	5957
5959	5960	6083	6082	5835	5836	5837	5838	5961	6084	6207	6206	6205	6204	6081	5958
5960	5961	6084	6083	5836	5837	5838	5839	5962	6085	6208	6207	6206	6205	6082	5959
5961	5962	6085	6084	5837	5838	5839	5840	5963	6086	6209	6208	6207	6206	6083	5960
5962	5963	6086	6085	5838	5839	5840	5841	5964	6087	6210	6209	6208	6207	6084	5961
5963	5964	6087	6086	5839	5840	5841	5842	5965	6088	6211	6210	6209	6208	6085	5962
5964	5965	6088	6087	5840	5841	5842	5843	5966	6089	6212	6211	6210	6209	6086	5963
5965	5966	6089	6088	5841	5842	5843	5844	5967	6090	6213	6212	6211	6210	6087	5964
5966	5967	6090	6089	5842	5843	5844	5845	5968	6091	6214	6213	6212	6211	6088	5965
5967	5968	6091	6090	5843	5844	5845	5846	5969	6092	6215	6214	6213	6212	6089	5966
5968	5969	6092	6091	5844	5845	5846	5847	5970	6093	6216	6215	6214	6213	6090	5967
5969	5970	6093	6092	5845	5846	5847	5848	5971	6094	6217	6216	6215	6214	6091	5968
5970	5971	6094	6093	5846	5847	5848	5849	5972	6095	6218	6217	6216	6215	6092	5969
5971	5972	6095	6094	5847	5848	5849	5850	5973	6096	6219	6218	6217	6216	6093	5970
5972	5973	6096	6095	5848	5849	5850	5851	5974	6097	6220	6219	6218	6217	6094	5971
5973	5974	6097	6096	5849	5850	5851	5852	5975	6098	6221	6220	6219	6218	6095	5972
5974	5975	6098	6097	5850	5851	5852	5853	5976	6099	6222	6221	6220	6219	6096	5973
5975	5976	6099	6098	5851	5852	5853	5854	5977	6100	6223	6222	6221	6220	6097	5974
5976	5977	6100	6099	5852	5853	5854	5855	5978	6101	6224	6223	6222	6221	6098	5975
5977	5978	6101	6100	5853	5854	5855	5856	5979	6102	6225	6224	6223	6222	6099	5976
5978	5979	6102	6101	5854	5855	5856	5857	5980	6103	6226	6225	6224	6223	6100	5977
5979	5980	6103	6102	5855	5856	5857	5858	5981	6104	6227	6226	6225	6224	6101	5978
5980	5981	6104	6103	5856	5857	5858	5859	5982	6105	6228	6227	6226	6225	6102	5979
5981	5982	6105	6104	5857	5858	5859	5860	5983	6106	6229	6228	6227	6226	6103	5980
5982	5983	6106	6105	5858	5859	5860	5861	5984	6107	6230	6229	6228	6227	6104	5981
5983	5984	6107	6106	5859	5860	5861	5862	5985	6108	6231	6230	6229	6228	6105	5982
5984	5985	6108	6107	5860	5861	5862	5863	5986	6109	6232	6231	6230	6229	6106	5983
5985	5986	6109	6108	5861	5862	5863	5864	5987	6110	6233	6232	6231	6230	6107	5984
5986	5987	6110	6109	5862	5863	5864	5865	5988	6111	6234	6233	6232	6231	6108	5985
5987	5988	6111	6110	5863	5864	5865	5866	5989	6112	6235	6234	6233	6232	6109	5986
5988	5989	6112	6111	5864	5865	5866	5867	5990	6113	6236	6235	6234	6233	6110	5987
5989	5990	6113	6112	5865	5866	5867	5868	5991	6114	6237	6236	6235	6234	6111	5988
5990	5991	6114	6113	5866	5867	5868	5869	5992	6115	6238	6237	6236	6235	6112	5989
5991	5992	6115	6114	5867	5868	5869	5870	5993	6116	6239	6238	6237	6236	6113	5990
5992	5993	6116	6115	5868	5869	5870	5871	5994	6117	6240	6239	6238	6237	6114	5991
5993	5994	6117	6116	5869	5870	5871	5872	5995	6118	6241	6240	6239	6238	6115	5992
5994	5995	6118	6117	5870	5871	5872	5873	5996	6119	6242	6241	6240	6239	6116	5993
5995	5996	6119	6118	5871	5872	5873	5874	5997	6120	6243	6242	6241	6240	6117	5994
5996	5997	6120	6119	5872	5873	5874	5875	5998	6121	6244	6243	6242	6241	6118	5995
5997	5998	6121	6120	5873	5874	5875	5876	5999	6122	6245	6244	6243	6242	6119	5996
5998	5999	6122	6121	5874	5875	5876	5877	6000	6123	6246	6245	6244	6243	6120	5997
5999	6000	6123	6122	5875	5876	5877	5878	6001	6124	6247	6246	6245	6244	6121	5998
6000	6001	6124	6123	5876	5877	5878	5879	6002	6125	6248	6247	6246	6245	6122	5999
6001	6002	6125	6124	5877	5878	5879	5880	6003	6126	6249	6248	6247	6246	6123	6000
6002	6003	6126	6125	5878	5879	5880	5881	6004	6127	6250	6249	6248	6247	6124	6001
6003	6004	6127	6126	5879	5880	5881	5882	6005	6128	6251	6250	6249	6248	6125	6002
6004	6005	6128	6127	5880	5881	5882	5883	6006	6129	6252	6251	6250	6249	6126	6003
6005	6006	6129	6128	5881	5882	5883	5884	6007	6130	6253	6252	6251	6250	6127	6004
6006	6007	6130	6129	5882	5883	5884	5885	6008	6131	6254	6253	6252	6251	6128	6005
6007	6008	6131	6130	5883	5884	5885	5886	6009	6132	6255	6254	6253	6252	6129	6006
6008	6009	6132	6131	5884	5885	5886	5887	6010	6133	6256	6255	6254	6253	6130	6007
6009	6010	6133	6132	5885	5886	5887	5888	6011	6134	6257	6256	6255	6254	6131	6008
6010	6011	6134	6133	5886	5887	5888	5889	6012	6135	6258	6257	6256	6255	6132	6009
6011	6012	6135	6134	5887	5888	5889	5890	6013	6136	6259	6258	6257	6256	6133	6010
6012	6013	6136	6135	5888	5889	5890	5891	6014	6137	6260	6259	6258	6257	6134	6011
6013	6014	6137	6136	5889	5890	5891	5892	6015	6138	6261	6260	6259	6258	6135	6012
6014	6015	6138	6137	5890	5891	5892	5893	6016	6139	6262	6261	6260	6259	6136	6013
6015	6016	6139	6138	5891	5892	5893	5894	6017	6140	6263	6262	6261	6260	6137	6014
6016	6017	6140	6139	5892	5893	5894	5895	6018	6141	6264	6263	6262	6261	6138	6015
6017	6018	6141	6140	5893	5894	5895	5896	6019	6142	6265	6264	6263	6262	6139	6016
6018	6019	6142	6141	5894	5895	5896	5897	6020	6143	6266	6265	6264	6263	6140	6017
6019	6020	6143	6142	5895	5896	5897	5898	6021	6144	6267	6266	6265	6264	6141	6018
6020	6021	6144	6143	5896	5897	5898	5899	6022	6145	6268	6267	6266	6265	6142	6019
6021	6022	6145	6144	5897	5898	5899	5900	6023	6146	6269	6268	6267	6266	6143	6020
6022	6023	6146	6145	5898	5899	5900	5901	6024	6147	6270	6269	6268	6267	6144	6021
6023	6024	6147	6146	5899	5900	5901	5902	6025	6148	6271	6270	6269	6268	6145	6022
6024	6025	6148	6147	5900	5901	5902	5903	6026	6149	6272	6271	6270	6269	6146	6023
6028	6029	6152	6151	5904	5905	5906	5907	6030	6153	6276	6275	6274	6273	6150	6027
6029	6030	6153	6152	5905	5906	5907	5908	6031	6154	6277	6276	6275	6274	6151	6028
6030	6031	6154	6153	5906	5907	5908	5909	6032	6155	6278	6277	6276	6275	6152	6029
6031	6032	6155	6154	5907	5908	5909	5910	6033	6156	6279	6278	6277	6276	6153	6030
6032	6033	6156	6155	5908	5909	5910	5911	6034	6157	6280	6279	6278	6277	6154	6031
6033	6034	6157	6156	5909	5910	5911	5912	6035	6158	6281	6280	6279	6278	6155	6032
6034	6035	6158	6157	5910	5911	5912	5913	6036	6159	6282	6281	6280	6279	6156	6033
6035	6036	6159	6158	5911	5912	5913	5914	6037	6160	6283	6282	6281	6280	6157	6034
6036	6037	6160	6159	5912	5913	5914	5915	6038	6161	6284	6283	6282	6281	6158	6035
6037	6038	6161	6160	5913	5914	5915	5916	6039	6162	6285	6284	6283	6282	6159	6036
6038	6039	6162	6161	5914	5915	5916	5917	6040	6163	6286	6285	6284	6283	6160	6037
6039	6040	6163	6162	5915	5916	5917	5918	6041	6164	6287	6286	6285	6284	6161	6038
6040	6041	6164	6163	5916	5917	5918	5919	6042	6165	6288	6287	6286	6285	6162	6039
6041	6042	6165	6164	5917	5918	5919	5920	6043	6166	6289	6288	6287	6286	6163	6040
6042	6043	6166	6165	5918	5919	5920	5921	6044	6167	6290	6289	6288	6287	6164	6041
6043	6044	6167	6166	5919	5920	5921	5922	6045	6168	6291	6290	6289	6288	6165	6042
6044	6045	6168	6167	5920	5921	5922	5923	6046	6169	6292	6291	6290	6289	6166	6043
6045	6046	6169	6168	5921	5922	5923	5924	6047	6170	6293	6292	6291	6290	6167	6044
6046	6047	6170	6169	5922	5923	5924	5925	6048	6171	6294	6293	6292	6291	6168	6045
6047	6048	6171	6170	5923	5924	5925	5926	6049	6172	6295	6294	6293	6292	6169	6046
6048	6049	6172	6171	5924	5925	5926	5927	6050	6173	6296	6295	6294	6293	6170	6047
6049	6050	6173	6172	5925	5926	5927	5928	6051	6174	6297	6296	6295	6294	6171	6048
6050	6051	6174	6173	5926	5927	5928	5929	6052	6175	6298	6297	6296	6295	6172	6049
6051	6052	6175	6174	5927	5928	5929	5930	6053	6176	6299	6298	6297	6296	6173	6050
6052	6053	6176	6175	5928	5929	5930	5931	6054	6177	6300	6299	6298	6297	6174	6051
6053	6054	6177	6176	5929	5930	5931	5932	6055	6178	6301	6300	6299	6298	6175	6052
6054	6055	6178	6177	5930	5931	5932	5933	6056	6179	6302	6301	6300	6299	6176	6053
6055	6056	6179	6178	5931	5932	5933	5934	6057	6180	6303	6302	6301	6300	6177	6054
6056	6057	6180	6179	5932	5933	5934	5935	6058	6181	6304	6303	6302	6301	6178	6055
6057	6058	6181	6180	5933	5934	5935	5936	6059	6182	6305	6304	6303	6302	6179	6056
6058	6059	6182	6181	5934	5935	5936	5937	6060	6183	6306	6305	6304	6303	6180	6057
6059	6060	6183	6182	5935	5936	5937	5938	6061	6184	6307	6306	6305	6304	6181	6058
6060	6061	6184	6183	5936	5937	5938	5939	6062	6185	6308	6307	6306	6305	6182	6059
6061	6062	6185	6184	5937	5938	5939	5940	6063	6186	6309	6308	6307	6306	6183	6060
6062	6063	6186	6185	5938	5939	5940	5941	6064	6187	6310	6309	6308	6307	6184	6061
6063	6064	6187	6186	5939	5940	5941	5942	6065	6188	6311	6310	6309	6308	6185	6062
6064	6065	6188	6187	5940	5941	5942	5943	6066	6189	6312	6311	6310	6309	6186	6063
6065	6066	6189	6188	5941	5942	5943	5944	6067	6190	6313	6312	6311	6310	6187	6064
6066	6067	6190	6189	5942	5943	5944	5945	6068	6191	6314	6313	6312	6311	6188	6065
6067	6068	6191	6190	5943	5944	5945	5946	6069	6192	6315	6314	6313	6312	6189	6066
6068	6069	6192	6191	5944	5945	5946	5947	6070	6193	6316	6315	6314	6313	6190	6067
6069	6070	6193	6192	5945	5946	5947	5948	6071	6194	6317	6316	6315	6314	6191	6068
6070	6071	6194	6193	5946	5947	5948	5949	6072	6195	6318	6317	6316	6315	6192	6069
6071	6072	6195	6194	5947	5948	5949	5950	6073	6196	6319	6318	6317	6316	6193	6070
6072	6073	6196	6195	5948	5949	5950	5951	6074	6197	6320	6319	6318	6317	6194	6071
6073	6074	6197	6196	5949	5950	5951	5952	6075	6198	6321	6320	6319	6318	6195	6072
6074	6075	6198	6197	5950	5951	5952	5953	6076	6199	6322	6321	6320	6319	6196	6073
6075	6076	6199	6198	5951	5952	5953	5954	6077	6200	6323	6322	6321	6320	6197	6074
6076	6077	6200	6199	5952	5953	5954	5955	6078	6201	6324	6323	6322	6321	6198	6075
6077	6078	6201	6200	5953	5954	5955	5956	6079	6202	6325	6324	6323	6322	6199	6076
6078	6079	6202	6201	5954	5955	5956	5957	6080	6203	6326	6325	6324	6323	6200	6077
6079	6080	6203	6202	5955	5956	5957	5958	6081	6204	6327	6326	6325	6324	6201	6078
6080	6081	6204	6203	5956	5957	5958	5959	6082	6205	6328	6327	6326	6325	6202	6079
6081	6082	6205	6204	5957	5958	5959	5960	6083	6206	6329	6328	6327	6326	6203	6080
6082	6083	6206	6205	5958	5959	5960	5961	6084	6207	6330	6329	6328	6327	6204	6081
6083	6084	6207	6206	5959	5960	5961	5962	6085	6208	6331	6330	6329	6328	6205	6082
6084	6085	6208	6207	5960	5961	5962	5963	6086	6209	6332	6331	6330	6329	6206	6083
6085	6086	6209	6208	5961	5962	5963	5964	6087	6210	6333	6332	6331	6330	6207	6084
6086	6087	6210	6209	5962	5963	5964	5965	6088	6211	6334	6333	6332	6331	6208	6085
6087	6088	6211	6210	5963	5964	5965	5966	6089	6212	6335	6334	6333	6332	6209	6086
6088	6089	6212	6211	5964	5965	5966	5967	6090	6213	6336	6335	6334	6333	6210	6087
6089	6090	6213	6212	5965	5966	5967	5968	6091	6214	6337	6336	6335	6334	6211	6088
6090	6091	6214	6213	5966	5967	5968	5969	6092	6215	6338	6337	6336	6335	6212	6089
6091	6092	6215	6214	5967	5968	5969	5970	6093	6216	6339	6338	6337	6336	6213	6090
6092	6093	6216	6215	5968	5969	5970	5971	6094	6217	6340	6339	6338	6337	6214	6091
6093	6094	6217	6216	5969	5970	5971	5972	6095	6218	6341	6340	6339	6338	6215	6092
6094	6095	6218	6217	5970	5971	5972	5973	6096	6219	6342	6341	6340	6339	6216	6093
6095	6096	6219	6218	5971	5972	5973	5974	6097	6220	6343	6342	6341	6340	6217	6094
6096	6097	6220	6219	5972	5973	5974	5975	6098	6221	6344	6343	6342	6341	6218	6095
6097	6098	6221	6220	5973	5974	5975	5976	6099	6222	6345	6344	6343	6342	6219	6096
6098	6099	6222	6221	5974	5975	5976	5977	6100	6223	6346	6345	6344	6343	6220	6097
6099	6100	6223	6222	5975	5976	5977	5978	6101	6224	6347	6346	6345	6344	6221	6098
6100	6101	6224	6223	5976	5977	5978	5979	6102	6225	6348	6347	6346	6345	6222	6099
6101	6102	6225	6224	5977	5978	5979	5980	6103	6226	6349	6348	6347	6346	6223	6100
6102	6103	6226	6225	5978	5979	5980	5981	6104	6227	6350	6349	6348	6347	6224	6101
6103	6104	6227	6226	5979	5980	5981	5982	6105	6228	6351	6350	6349	6348	6225	6102
6104	6105	6228	6227	5980	5981	5982	5983	6106	6229	6352	6351	6350	6349	6226	6103
6105	6106	6229	6228	5981	5982	5983	5984	6107	6230	6353	6352	6351	6350	6227	6104
6106	6107	6230	6229	5982	5983	5984	5985	6108	6231	6354	6353	6352	6351	6228	6105
6107	6108	6231	6230	5983	5984	5985	5986	6109	6232	6355	6354	6353	6352	6229	6106
6108	6109	6232	6231	5984	5985	5986	5987	6110	6233	6356	6355	6354	6353	6230	6107
6109	6110	6233	6232	5985	5986	5987	5988	6111	6234	6357	6356	6355	6354	6231	6108
6110	6111	6234	6233	5986	5987	5988	5989	6112	6235	6358	6357	6356	6355	6232	6109
6111	6112	6235	6234	5987	5988	5989	5990	6113	6236	6359	6358	6357	6356	6233	6110
6112	6113	6236	6235	5988	5989	5990	5991	6114	6237	6360	6359	6358	6357	6234	6111
6113	6114	6237	6236	5989	5990	5991	5992	6115	6238	6361	6360	6359	6358	6235	6112
6114	6115	6238	6237	5990	5991	5992	5993	6116	6239	6362	6361	6360	6359	6236	6113
6115	6116	6239	6238	5991	5992	5993	5994	6117	6240	6363	6362	6361	6360	6237	6114
6116	6117	6240	6239	5992	5993	5994	5995	6118	6241	6364	6363	6362	6361	6238	6115
6117	6118	6241	6240	5993	5994	5995	5996	6119	6242	6365	6364	6363	6362	6239	6116
6118	6119	6242	6241	5994	5995	5996	5997	6120	6243	6366	6365	6364	6363	6240	6117
6119	6120	6243	6242	5995	5996	5997	5998	6121	6244	6367	6366	6365	6364	6241	6118
6120	6121	6244	6243	5996	5997	5998	5999	6122	6245	6368	6367	6366	6365	6242	6119
6121	6122	6245	6244	5997	5998	5999	6000	6123	6246	6369	6368	6367	6366	6243	6120
6122	6123	6246	6245	5998	5999	6000	6001	6124	6247	6370	6369	6368	6367	6244	6121
6123	6124	6247	6246	5999	6000	6001	6002	6125	6248	6371	6370	6369	6368	6245	6122
6124	6125	6248	6247	6000	6001	6002	6003	6126	6249	6372	6371	6370	6369	6246	6123
6125	6126	6249	6248	6001	6002	6003	6004	6127	6250	6373	6372	6371	6370	6247	6124
6126	6127	6250	6249	6002	6003	6004	6005	6128	6251	6374	6373	6372	6371	6248	6125
6127	6128	6251	6250	6003	6004	6005	6006	6129	6252	6375	6374	6373	6372	6249	6126
6128	6129	6252	6251	6004	6005	6006	6007	6130	6253	6376	6375	6374	6373	6250	6127
6129	6130	6253	6252	6005	6006	6007	6008	6131	6254	6377	6376	6375	6374	6251	6128
6130	6131	6254	6253	6006	6007	6008	6009	6132	6255	6378	6377	6376	6375	6252	6129
6131	6132	6255	6254	6007	6008	6009	6010	6133	6256	6379	6378	6377	6376	6253	6130
6132	6133	6256	6255	6008	6009	6010	6011	6134	6257	6380	6379	6378	6377	6254	6131
6133	6134	6257	6256	6009	6010	6011	6012	6135	6258	6381	6380	6379	6378	6255	6132
6134	6135	6258	6257	6010	6011	6012	6013	6136	6259	6382	6381	6380	6379	6256	6133
6135	6136	6259	6258	6011	6012	6013	6014	6137	6260	6383	6382	6381	6380	6257	6134
6136	6137	6260	6259	6012	6013	6014	6015	6138	6261	6384	6383	6382	6381	6258	6135
6137	6138	6261	6260	6013	6014	6015	6016	6139	6262	6385	6384	6383	6382	6259	6136
6138	6139	6262	6261	6014	6015	6016	6017	6140	6263	6386	6385	6384	6383	6260	6137
6139	6140	6263	6262	6015	6016	6017	6018	6141	6264	6387	6386	6385	6384	6261	6138
6140	6141	6264	6263	6016	6017	6018	6019	6142	6265	6388	6387	6386	6385	6262	6139
6141	6142	6265	6264	6017	6018	6019	6020	6143	6266	6389	6388	6387	6386	6263	6140
6142	6143	6266	6265	6018	6019	6020	6021	6144	6267	6390	6389	6388	6387	6264	6141
6143	6144	6267	6266	6019	6020	6021	6022	6145	6268	6391	6390	6389	6388	6265	6142
6144	6145	6268	6267	6020	6021	6022	6023	6146	6269	6392	6391	6390	6389	6266	6143
6145	6146	6269	6268	6021	6022	6023	6024	6147	6270	6393	6392	6391	6390	6267	6144
6146	6147	6270	6269	6022	6023	6024	6025	6148	6271	6394	6393	6392	6391	6268	6145
6147	6148	6271	6270	6023	6024	6025	6026	6149	6272	6395	6394	6393	6392	6269	6146
6151	6152	6275	6274	6027	6028	6029	6030	6153	6276	6399	6398	6397	6396	6273	6150
6152	6153	6276	6275	6028	6029	6030	6031	6154	6277	6400	6399	6398	6397	6274	6151
6153	6154	6277	6276	6029	6030	6031	6032	6155	6278	6401	6400	6399	6398	6275	6152
6154	6155	6278	6277	6030	6031	6032	6033	6156	6279	6402	6401	6400	6399	6276	6153
6155	6156	6279	6278	6031	6032	6033	6034	6157	6280	6403	6402	6401	6400	6277	6154
6156	6157	6280	6279	6032	6033	6034	6035	6158	6281	6404	6403	6402	6401	6278	6155
6157	6158	6281	6280	6033	6034	6035	6036	6159	6282	6405	6404	6403	6402	6279	6156
6158	6159	6282	6281	6034	6035	6036	6037	6160	6283	6406	6405	6404	6403	6280	6157
6159	6160	6283	6282	6035	6036	6037	6038	6161	6284	6407	6406	6405	6404	6281	6158
6160	6161	6284	6283	6036	6037	6038	6039	6162	6285	6408	6407	6406	6405	6282	6159
6161	6162	6285	6284	6037	6038	6039	6040	6163	6286	6409	6408	6407	6406	6283	6160
6162	6163	6286	6285	6038	6039	6040	6041	6164	6287	6410	6409	6408	6407	6284	6161
6163	6164	6287	6286	6039	6040	6041	6042	6165	6288	6411	6410	6409	6408	6285	6162
6164	6165	6288	6287	6040	6041	6042	6043	6166	6289	6412	6411	6410	6409	6286	6163
6165	6166	6289	6288	6041	6042	6043	6044	6167	6290	6413	6412	6411	6410	6287	6164
6166	6167	6290	6289	6042	6043	6044	6045	6168	6291	6414	6413	6412	6411	6288	6165
6167	6168	6291	6290	6043	6044	6045	6046	6169	6292	6415	6414	6413	6412	6289	6166
6168	6169	6292	6291	6044	6045	6046	6047	6170	6293	6416	6415	6414	6413	6290	6167
6169	6170	6293	6292	6045	6046	6047	6048	6171	6294	6417	6416	6415	6414	6291	6168
6170	6171	6294	6293	6046	6047	6048	6049	6172	6295	6418	6417	6416	6415	6292	6169
6171	6172	6295	6294	6047	6048	6049	6050	6173	6296	6419	6418	6417	6416	6293	6170
6172	6173	6296	6295	6048	6049	6050	6051	6174	6297	6420	6419	6418	6417	6294	6171
6173	6174	6297	6296	6049	6050	6051	6052	6175	6298	6421	6420	6419	6418	6295	6172
6174	6175	6298	6297	6050	6051	6052	6053	6176	6299	6422	6421	6420	6419	6296	6173
6175	6176	6299	6298	6051	6052	6053	6054	6177	6300	6423	6422	6421	6420	6297	6174
6176	6177	6300	6299	6052	6053	6054	6055	6178	6301	6424	6423	6422	6421	6298	6175
6177	6178	6301	6300	6053	6054	6055	6056	6179	6302	6425	6424	6423	6422	6299	6176
6178	6179	6302	6301	6054	6055	6056	6057	6180	6303	6426	6425	6424	6423	6300	6177
6179	6180	6303	6302	6055	6056	6057	6058	6181	6304	6427	6426	6425	6424	6301	6178
6180	6181	6304	6303	6056	6057	6058	6059	6182	6305	6428	6427	6426	6425	6302	6179
6181	6182	6305	6304	6057	6058	6059	6060	6183	6306	6429	6428	6427	6426	6303	6180
6182	6183	6306	6305	6058	6059	6060	6061	6184	6307	6430	6429	6428	6427	6304	6181
6183	6184	6307	6306	6059	6060	6061	6062	6185	6308	6431	6430	6429	6428	6305	6182
6184	6185	6308	6307	6060	6061	6062	6063	6186	6309	6432	6431	6430	6429	6306	6183
6185	6186	6309	6308	6061	6062	6063	6064	6187	6310	6433	6432	6431	6430	6307	6184
6186	6187	6310	6309	6062	6063	6064	6065	6188	6311	6434	6433	6432	6431	6308	6185
6187	6188	6311	6310	6063	6064	6065	6066	6189	6312	6435	6434	6433	6432	6309	6186
6188	6189	6312	6311	6064	6065	6066	6067	6190	6313	6436	6435	6434	6433	6310	6187
6189	6190	6313	6312	6065	6066	6067	6068	6191	6314	6437	6436	6435	6434	6311	6188
6190	6191	6314	6313	6066	6067	6068	6069	6192	6315	6438	6437	6436	6435	6312	6189
6191	6192	6315	6314	6067	6068	6069	6070	6193	6316	6439	6438	6437	6436	6313	6190
6192	6193	6316	6315	6068	6069	6070	6071	6194	6317	6440	6439	6438	6437	6314	6191
6193	6194	6317	6316	6069	6070	6071	6072	6195	6318	6441	6440	6439	6438	6315	6192
6194	6195	6318	6317	6070	6071	6072	6073	6196	6319	6442	6441	6440	6439	6316	6193
6195	6196	6319	6318	6071	6072	6073	6074	6197	6320	6443	6442	6441	6440	6317	6194
6196	6197	6320	6319	6072	6073	6074	6075	6198	6321	6444	6443	6442	6441	6318	6195
6197	6198	6321	6320	6073	6074	6075	6076	6199	6322	6445	6444	6443	6442	6319	6196
6198	6199	6322	6321	6074	6075	6076	6077	6200	6323	6446	6445	6444	6443	6320	6197
6199	6200	6323	6322	6075	6076	6077	6078	6201	6324	6447	6446	6445	6444	6321	6198
6200	6201	6324	6323	6076	6077	6078	6079	6202	6325	6448	6447	6446	6445	6322	6199
6201	6202	6325	6324	6077	6078	6079	6080	6203	6326	6449	6448	6447	6446	6323	6200
6202	6203	6326	6325	6078	6079	6080	6081	6204	6327	6450	6449	6448	6447	6324	6201
6203	6204	6327	6326	6079	6080	6081	6082	6205	6328	6451	6450	6449	6448	6325	6202
6204	6205	6328	6327	6080	6081	6082	6083	6206	6329	6452	6451	6450	6449	6326	6203
6205	6206	6329	6328	6081	6082	6083	6084	6207	6330	6453	6452	6451	6450	6327	6204
6206	6207	6330	6329	6082	6083	6084	6085	6208	6331	6454	6453	6452	6451	6328	6205
6207	6208	6331	6330	6083	6084	6085	6086	6209	6332	6455	6454	6453	6452	6329	6206
6208	6209	6332	6331	6084	6085	6086	6087	6210	6333	6456	6455	6454	6453	6330	6207
6209	6210	6333	6332	6085	6086	6087	6088	6211	6334	6457	6456	6455	6454	6331	6208
6210	6211	6334	6333	6086	6087	6088	6089	6212	6335	6458	6457	6456	6455	6332	6209
6211	6212	6335	6334	6087	6088	6089	6090	6213	6336	6459	6458	6457	6456	6333	6210
6212	6213	6336	6335	6088	6089	6090	6091	6214	6337	6460	6459	6458	6457	6334	6211
6213	6214	6337	6336	6089	6090	6091	6092	6215	6338	6461	6460	6459	6458	6335	6212
6214	6215	6338	6337	6090	6091	6092	6093	6216	6339	6462	6461	6460	6459	6336	6213
6215	6216	6339	6338	6091	6092	6093	6094	6217	6340	6463	6462	6461	6460	6337	6214
6216	6217	6340	6339	6092	6093	6094	6095	6218	6341	6464	6463	6462	6461	6338	6215
6217	6218	6341	6340	6093	6094	6095	6096	6219	6342	6465	6464	6463	6462	6339	6216
6218	6219	6342	6341	6094	6095	6096	6097	6220	6343	6466	6465	6464	6463	6340	6217
6219	6220	6343	6342	6095	6096	6097	6098	6221	6344	6467	6466	6465	6464	6341	6218
6220	6221	6344	6343	6096	6097	6098	6099	6222	6345	6468	6467	6466	6465	6342	6219
6221	6222	6345	6344	6097	6098	6099	6100	6223	6346	6469	6468	6467	6466	6343	6220
6222	6223	6346	6345	6098	6099	6100	6101	6224	6347	6470	6469	6468	6467	6344	6221
6223	6224	6347	6346	6099	6100	6101	6102	6225	6348	6471	6470	6469	6468	6345	6222
6224	6225	6348	6347	6100	6101	6102	6103	6226	6349	6472	6471	6470	6469	6346	6223
6225	6226	6349	6348	6101	6102	6103	6104	6227	6350	6473	6472	6471	6470	6347	6224
6226	6227	6350	6349	6102	6103	6104	6105	6228	6351	6474	6473	6472	6471	6348	6225
6227	6228	6351	6350	6103	6104	6105	6106	6229	6352	6475	6474	6473	6472	6349	6226
6228	6229	6352	6351	6104	6105	6106	6107	6230	6353	6476	6475	6474	6473	6350	6227
6229	6230	6353	6352	6105	6106	6107	6108	6231	6354	6477	6476	6475	6474	6351	6228
6230	6231	6354	6353	6106	6107	6108	6109	6232	6355	6478	6477	6476	6475	6352	6229
6231	6232	6355	6354	6107	6108	6109	6110	6233	6356	6479	6478	6477	6476	6353	6230
6232	6233	6356	6355	6108	6109	6110	6111	6234	6357	6480	6479	6478	6477	6354	6231
6233	6234	6357	6356	6109	6110	6111	6112	6235	6358	6481	6480	6479	6478	6355	6232
6234	6235	6358	6357	6110	6111	6112	6113	6236	6359	6482	6481	6480	6479	6356	6233
6235	6236	6359	6358	6111	6112	6113	6114	6237	6360	6483	6482	6481	6480	6357	6234
6236	6237	6360	6359	6112	6113	6114	6115	6238	6361	6484	6483	6482	6481	6358	6235
6237	6238	6361	6360	6113	6114	6115	6116	6239	6362	6485	6484	6483	6482	6359	6236
6238	6239	6362	6361	6114	6115	6116	6117	6240	6363	6486	6485	6484	6483	6360	6237
6239	6240	6363	6362	6115	6116	6117	6118	6241	6364	6487	6486	6485	6484	6361	6238
6240	6241	6364	6363	6116	6117	6118	6119	6242	6365	6488	6487	6486	6485	6362	6239
6241	6242	6365	6364	6117	6118	6119	6120	6243	6366	6489	6488	6487	6486	6363	6240
6242	6243	6366	6365	6118	6119	6120	6121	6244	6367	6490	6489	6488	6487	6364	6241
6243	6244	6367	6366	6119	6120	6121	6122	6245	6368	6491	6490	6489	6488	6365	6242
6244	6245	6368	6367	6120	6121	6122	6123	6246	6369	6492	6491	6490	6489	6366	6243
6245	6246	6369	6368	6121	6122	6123	6124	6247	6370	6493	6492	6491	6490	6367	6244
6246	6247	6370	6369	6122	6123	6124	6125	6248	6371	6494	6493	6492	6491	6368	6245
6247	6248	6371	6370	6123	6124	6125	6126	6249	6372	6495	6494	6493	6492	6369	6246
6248	6249	6372	6371	6124	6125	6126	6127	6250	6373	6496	6495	6494	6493	6370	6247
6249	6250	6373	6372	6125	6126	6127	6128	6251	6374	6497	6496	6495	6494	6371	6248
6250	6251	6374	6373	6126	6127	6128	6129	6252	6375	6498	6497	6496	6495	6372	6249
6251	6252	6375	6374	6127	6128	6129	6130	6253	6376	6499	6498	6497	6496	6373	6250
6252	6253	6376	6375	6128	6129	6130	6131	6254	6377	6500	6499	6498	6497	6374	6251
6253	6254	6377	6376	6129	6130	6131	6132	6255	6378	6501	6500	6499	6498	6375	6252
6254	6255	6378	6377	6130	6131	6132	6133	6256	6379	6502	6501	6500	6499	6376	6253
6255	6256	6379	6378	6131	6132	6133	6134	6257	6380	6503	6502	6501	6500	6377	6254
6256	6257	6380	6379	6132	6133	6134	6135	6258	6381	6504	6503	6502	6501	6378	6255
6257	6258	6381	6380	6133	6134	6135	6136	6259	6382	6505	6504	6503	6502	6379	6256
6258	6259	6382	6381	6134	6135	6136	6137	6260	6383	6506	6505	6504	6503	6380	6257
6259	6260	6383	6382	6135	6136	6137	6138	6261	6384	6507	6506	6505	6504	6381	6258
6260	6261	6384	6383	6136	6137	6138	6139	6262	6385	6508	6507	6506	6505	6382	6259
6261	6262	6385	6384	6137	6138	6139	6140	6263	6386	6509	6508	6507	6506	6383	6260
6262	6263	6386	6385	6138	6139	6140	6141	6264	6387	6510	6509	6508	6507	6384	6261
6263	6264	6387	6386	6139	6140	6141	6142	6265	6388	6511	6510	6509	6508	6385	6262
6264	6265	6388	6387	6140	6141	6142	6143	6266	6389	6512	6511	6510	6509	6386	6263
6265	6266	6389	6388	6141	6142	6143	6144	6267	6390	6513	6512	6511	6510	6387	6264
6266	6267	6390	6389	6142	6143	6144	6145	6268	6391	6514	6513	6512	6511	6388	6265
6267	6268	6391	6390	6143	6144	6145	6146	6269	6392	6515	6514	6513	6512	6389	6266
6268	6269	6392	6391	6144	6145	6146	6147	6270	6393	6516	6515	6514	6513	6390	6267
6269	6270	6393	6392	6145	6146	6147	6148	6271	6394	6517	6516	6515	6514	6391	6268
6270	6271	6394	6393	6146	6147	6148	6149	6272	6395	6518	6517	6516	6515	6392	6269
6274	6275	6398	6397	6150	6151	6152	6153	6276	6399	6522	6521	6520	6519	6396	6273
6275	6276	6399	6398	6151	6152	6153	6154	6277	6400	6523	6522	6521	6520	6397	6274
6276	6277	6400	6399	6152	6153	6154	6155	6278	6401	6524	6523	6522	6521	6398	6275
6277	6278	6401	6400	6153	6154	6155	6156	6279	6402	6525	6524	6523	6522	6399	6276
6278	6279	6402	6401	6154	6155	6156	6157	6280	6403	6526	6525	6524	6523	6400	6277
6279	6280	6403	6402	6155	6156	6157	6158	6281	6404	6527	6526	6525	6524	6401	6278
6280	6281	6404	6403	6156	6157	6158	6159	6282	6405	6528	6527	6526	6525	6402	6279
6281	6282	6405	6404	6157	6158	6159	6160	6283	6406	6529	6528	6527	6526	6403	6280
6282	6283	6406	6405	6158	6159	6160	6161	6284	6407	6530	6529	6528	6527	6404	6281
6283	6284	6407	6406	6159	6160	6161	6162	6285	6408	6531	6530	6529	6528	6405	6282
6284	6285	6408	6407	6160	6161	6162	6163	6286	6409	6532	6531	6530	6529	6406	6283
6285	6286	6409	6408	6161	6162	6163	6164	6287	6410	6533	6532	6531	6530	6407	6284
6286	6287	6410	6409	6162	6163	6164	6165	6288	6411	6534	6533	6532	6531	6408	6285
6287	6288	6411	6410	6163	6164	6165	6166	6289	6412	6535	6534	6533	6532	6409	6286
6288	6289	6412	6411	6164	6165	6166	6167	6290	6413	6536	6535	6534	6533	6410	6287
6289	6290	6413	6412	6165	6166	6167	6168	6291	6414	6537	6536	6535	6534	6411	6288
6290	6291	6414	6413	6166	6167	6168	6169	6292	6415	6538	6537	6536	6535	6412	6289
6291	6292	6415	6414	6167	6168	6169	6170	6293	6416	6539	6538	6537	6536	6413	6290
6292	6293	6416	6415	6168	6169	6170	6171	6294	6417	6540	6539	6538	6537	6414	6291
6293	6294	6417	6416	6169	6170	6171	6172	6295	6418	6541	6540	6539	6538	6415	6292
6294	6295	6418	6417	6170	6171	6172	6173	6296	6419	6542	6541	6540	6539	6416	6293
6295	6296	6419	6418	6171	6172	6173	6174	6297	6420	6543	6542	6541	6540	6417	6294
6296	6297	6420	6419	6172	6173	6174	6175	6298	6421	6544	6543	6542	6541	6418	6295
6297	6298	6421	6420	6173	6174	6175	6176	6299	6422	6545	6544	6543	6542	6419	6296
6298	6299	6422	6421	6174	6175	6176	6177	6300	6423	6546	6545	6544	6543	6420	6297
6299	6300	6423	6422	6175	6176	6177	6178	6301	6424	6547	6546	6545	6544	6421	6298
6300	6301	6424	6423	6176	6177	6178	6179	6302	6425	6548	6547	6546	6545	6422	6299
6301	6302	6425	6424	6177	6178	6179	6180	6303	6426	6549	6548	6547	6546	6423	6300
6302	6303	6426	6425	6178	6179	6180	6181	6304	6427	6550	6549	6548	6547	6424	6301
6303	6304	6427	6426	6179	6180	6181	6182	6305	6428	6551	6550	6549	6548	6425	6302
6304	6305	6428	6427	6180	6181	6182	6183	6306	6429	6552	6551	6550	6549	6426	6303
6305	6306	6429	6428	6181	6182	6183	6184	6307	6430	6553	6552	6551	6550	6427	6304
6306	6307	6430	6429	6182	6183	6184	6185	6308	6431	6554	6553	6552	6551	6428	6305
6307	6308	6431	6430	6183	6184	6185	6186	6309	6432	6555	6554	6553	6552	6429	6306
6308	6309	6432	6431	6184	6185	6186	6187	6310	6433	6556	6555	6554	6553	6430	6307
6309	6310	6433	6432	6185	6186	6187	6188	6311	6434	6557	6556	6555	6554	6431	6308
6310	6311	6434	6433	6186	6187	6188	6189	6312	6435	6558	6557	6556	6555	6432	6309
6311	6312	6435	6434	6187	6188	6189	6190	6313	6436	6559	6558	6557	6556	6433	6310
6312	6313	6436	6435	6188	6189	6190	6191	6314	6437	6560	6559	6558	6557	6434	6311
6313	6314	6437	6436	6189	6190	6191	6192	6315	6438	6561	6560	6559	6558	6435	6312
6314	6315	6438	6437	6190	6191	6192	6193	6316	6439	6562	6561	6560	6559	6436	6313
6315	6316	6439	6438	6191	6192	6193	6194	6317	6440	6563	6562	6561	6560	6437	6314
6316	6317	6440	6439	6192	6193	6194	6195	6318	6441	6564	6563	6562	6561	6438	6315
6317	6318	6441	6440	6193	6194	6195	6196	6319	6442	6565	6564	6563	6562	6439	6316
6318	6319	6442	6441	6194	6195	6196	6197	6320	6443	6566	6565	6564	6563	6440	6317
6319	6320	6443	6442	6195	6196	6197	6198	6321	6444	6567	6566	6565	6564	6441	6318
6320	6321	6444	6443	6196	6197	6198	6199	6322	6445	6568	6567	6566	6565	6442	6319
6321	6322	6445	6444	6197	6198	6199	6200	6323	6446	6569	6568	6567	6566	6443	6320
6322	6323	6446	6445	6198	6199	6200	6201	6324	6447	6570	6569	6568	6567	6444	6321
6323	6324	6447	6446	6199	6200	6201	6202	6325	6448	6571	6570	6569	6568	6445	6322
6324	6325	6448	6447	6200	6201	6202	6203	6326	6449	6572	6571	6570	6569	6446	6323
6325	6326	6449	6448	6201	6202	6203	6204	6327	6450	6573	6572	6571	6570	6447	6324
6326	6327	6450	6449	6202	6203	6204	6205	6328	6451	6574	6573	6572	6571	6448	6325
6327	6328	6451	6450	6203	6204	6205	6206	6329	6452	6575	6574	6573	6572	6449	6326
6328	6329	6452	6451	6204	6205	6206	6207	6330	6453	6576	6575	6574	6573	6450	6327
6329	6330	6453	6452	6205	6206	6207	6208	6331	6454	6577	6576	6575	6574	6451	6328
6330	6331	6454	6453	6206	6207	6208	6209	6332	6455	6578	6577	6576	6575	6452	6329
6331	6332	6455	6454	6207	6208	6209	6210	6333	6456	6579	6578	6577	6576	6453	6330
6332	6333	6456	6455	6208	6209	6210	6211	6334	6457	6580	6579	6578	6577	6454	6331
6333	6334	6457	6456	6209	6210	6211	6212	6335	6458	6581	6580	6579	6578	6455	6332
6334	6335	6458	6457	6210	6211	6212	6213	6336	6459	6582	6581	6580	6579	6456	6333
6335	6336	6459	6458	6211	6212	6213	6214	6337	6460	6583	6582	6581	6580	6457	6334
6336	6337	6460	6459	6212	6213	6214	6215	6338	6461	6584	6583	6582	6581	6458	6335
6337	6338	6461	6460	6213	6214	6215	6216	6339	6462	6585	6584	6583	6582	6459	6336
6338	6339	6462	6461	6214	6215	6216	6217	6340	6463	6586	6585	6584	6583	6460	6337
6339	6340	6463	6462	6215	6216	6217	6218	6341	6464	6587	6586	6585	6584	6461	6338
6340	6341	6464	6463	6216	6217	6218	6219	6342	6465	6588	6587	6586	6585	6462	6339
6341	6342	6465	6464	6217	6218	6219	6220	6343	6466	6589	6588	6587	6586	6463	6340
6342	6343	6466	6465	6218	6219	6220	6221	6344	6467	6590	6589	6588	6587	6464	6341
6343	6344	6467	6466	6219	6220	6221	6222	6345	6468	6591	6590	6589	6588	6465	6342
6344	6345	6468	6467	6220	6221	6222	6223	6346	6469	6592	6591	6590	6589	6466	6343
6345	6346	6469	6468	6221	6222	6223	6224	6347	6470	6593	6592	6591	6590	6467	6344
6346	6347	6470	6469	6222	6223	6224	6225	6348	6471	6594	6593	6592	6591	6468	6345
6347	6348	6471	6470	6223	6224	6225	6226	6349	6472	6595	6594	6593	6592	6469	6346
6348	6349	6472	6471	6224	6225	6226	6227	6350	6473	6596	6595	6594	6593	6470	6347
6349	6350	6473	6472	6225	6226	6227	6228	6351	6474	6597	6596	6595	6594	6471	6348
6350	6351	6474	6473	6226	6227	6228	6229	6352	6475	6598	6597	6596	6595	6472	6349
6351	6352	6475	6474	6227	6228	6229	6230	6353	6476	6599	6598	6597	6596	6473	6350
6352	6353	6476	6475	6228	6229	6230	6231	6354	6477	6600	6599	6598	6597	6474	6351
6353	6354	6477	6476	6229	6230	6231	6232	6355	6478	6601	6600	6599	6598	6475	6352
6354	6355	6478	6477	6230	6231	6232	6233	6356	6479	6602	6601	6600	6599	6476	6353
6355	6356	6479	6478	6231	6232	6233	6234	6357	6480	6603	6602	6601	6600	6477	6354
6356	6357	6480	6479	6232	6233	6234	6235	6358	6481	6604	6603	6602	6601	6478	6355
6357	6358	6481	6480	6233	6234	6235	6236	6359	6482	6605	6604	6603	6602	6479	6356
6358	6359	6482	6481	6234	6235	6236	6237	6360	6483	6606	6605	6604	6603	6480	6357
6359	6360	6483	6482	6235	6236	6237	6238	6361	6484	6607	6606	6605	6604	6481	6358
6360	6361	6484	6483	6236	6237	6238	6239	6362	6485	6608	6607	6606	6605	6482	6359
6361	6362	6485	6484	6237	6238	6239	6240	6363	6486	6609	6608	6607	6606	6483	6360
6362	6363	6486	6485	6238	6239	6240	6241	6364	6487	6610	6609	6608	6607	6484	6361
6363	6364	6487	6486	6239	6240	6241	6242	6365	6488	6611	6610	6609	6608	6485	6362
6364	6365	6488	6487	6240	6241	6242	6243	6366	6489	6612	6611	6610	6609	6486	6363
6365	6366	6489	6488	6241	6242	6243	6244	6367	6490	6613	6612	6611	6610	6487	6364
6366	6367	6490	6489	6242	6243	6244	6245	6368	6491	6614	6613	6612	6611	6488	6365
6367	6368	6491	6490	6243	6244	6245	6246	6369	6492	6615	6614	6613	6612	6489	6366
6368	6369	6492	6491	6244	6245	6246	6247	6370	6493	6616	6615	6614	6613	6490	6367
6369	6370	6493	6492	6245	6246	6247	6248	6371	6494	6617	6616	6615	6614	6491	6368
6370	6371	6494	6493	6246	6247	6248	6249	6372	6495	6618	6617	6616	6615	6492	6369
6371	6372	6495	6494	6247	6248	6249	6250	6373	6496	6619	6618	6617	6616	6493	6370
6372	6373	6496	6495	6248	6249	6250	6251	6374	6497	6620	6619	6618	6617	6494	6371
6373	6374	6497	6496	6249	6250	6251	6252	6375	6498	6621	6620	6619	6618	6495	6372
6374	6375	6498	6497	6250	6251	6252	6253	6376	6499	6622	6621	6620	6619	6496	6373
6375	6376	6499	6498	6251	6252	6253	6254	6377	6500	6623	6622	6621	6620	6497	6374
6376	6377	6500	6499	6252	6253	6254	6255	6378	6501	6624	6623	6622	6621	6498	6375
6377	6378	6501	6500	6253	6254	6255	6256	6379	6502	6625	6624	6623	6622	6499	6376
6378	6379	6502	6501	6254	6255	6256	6257	6380	6503	6626	6625	6624	6623	6500	6377
6379	6380	6503	6502	6255	6256	6257	6258	6381	6504	6627	6626	6625	6624	6501	6378
6380	6381	6504	6503	6256	6257	6258	6259	6382	6505	6628	6627	6626	6625	6502	6379
6381	6382	6505	6504	6257	6258	6259	6260	6383	6506	6629	6628	6627	6626	6503	6380
6382	6383	6506	6505	6258	6259	6260	6261	6384	6507	6630	6629	6628	6627	6504	6381
6383	6384	6507	6506	6259	6260	6261	6262	6385	6508	6631	6630	6629	6628	6505	6382
6384	6385	6508	6507	6260	6261	6262	6263	6386	6509	6632	6631	6630	6629	6506	6383
6385	6386	6509	6508	6261	6262	6263	6264	6387	6510	6633	6632	6631	6630	6507	6384
6386	6387	6510	6509	6262	6263	6264	6265	6388	6511	6634	6633	6632	6631	6508	6385
6387	6388	6511	6510	6263	6264	6265	6266	6389	6512	6635	6634	6633	6632	6509	6386
6388	6389	6512	6511	6264	6265	6266	6267	6390	6513	6636	6635	6634	6633	6510	6387
6389	6390	6513	6512	6265	6266	6267	6268	6391	6514	6637	6636	6635	6634	6511	6388
6390	6391	6514	6513	6266	6267	6268	6269	6392	6515	6638	6637	6636	6635	6512	6389
6391	6392	6515	6514	6267	6268	6269	6270	6393	6516	6639	6638	6637	6636	6513	6390
6392	6393	6516	6515	6268	6269	6270	6271	6394	6517	6640	6639	6638	6637	6514	6391
6393	6394	6517	6516	6269	6270	6271	6272	6395	6518	6641	6640	6639	6638	6515	6392
6397	6398	6521	6520	6273	6274	6275	6276	6399	6522	6645	6644	6643	6642	6519	6396
6398	6399	6522	6521	6274	6275	6276	6277	6400	6523	6646	6645	6644	6643	6520	6397
6399	6400	6523	6522	6275	6276	6277	6278	6401	6524	6647	6646	6645	6644	6521	6398
6400	6401	6524	6523	6276	6277	6278	6279	6402	6525	6648	6647	6646	6645	6522	6399
6401	6402	6525	6524	6277	6278	6279	6280	6403	6526	6649	6648	6647	6646	6523	6400
6402	6403	6526	6525	6278	6279	6280	6281	6404	6527	6650	6649	6648	6647	6524	6401
6403	6404	6527	6526	6279	6280	6281	6282	6405	6528	6651	6650	6649	6648	6525	6402
6404	6405	6528	6527	6280	6281	6282	6283	6406	6529	6652	6651	6650	6649	6526	6403
6405	6406	6529	6528	6281	6282	6283	6284	6407	6530	6653	6652	6651	6650	6527	6404
6406	6407	6530	6529	6282	6283	6284	6285	6408	6531	6654	6653	6652	6651	6528	6405
6407	6408	6531	6530	6283	6284	6285	6286	6409	6532	6655	6654	6653	6652	6529	6406
6408	6409	6532	6531	6284	6285	6286	6287	6410	6533	6656	6655	6654	6653	6530	6407
6409	6410	6533	6532	6285	6286	6287	6288	6411	6534	6657	6656	6655	6654	6531	6408
6410	6411	6534	6533	6286	6287	6288	6289	6412	6535	6658	6657	6656	6655	6532	6409
6411	6412	6535	6534	6287	6288	6289	6290	6413	6536	6659	6658	6657	6656	6533	6410
6412	6413	6536	6535	6288	6289	6290	6291	6414	6537	6660	6659	6658	6657	6534	6411
6413	6414	6537	6536	6289	6290	6291	6292	6415	6538	6661	6660	6659	6658	6535	6412
6414	6415	6538	6537	6290	6291	6292	6293	6416	6539	6662	6661	6660	6659	6536	6413
6415	6416	6539	6538	6291	6292	6293	6294	6417	6540	6663	6662	6661	6660	6537	6414
6416	6417	6540	6539	6292	6293	6294	6295	6418	6541	6664	6663	6662	6661	6538	6415
6417	6418	6541	6540	6293	6294	6295	6296	6419	6542	6665	6664	6663	6662	6539	6416
6418	6419	6542	6541	6294	6295	6296	6297	6420	6543	6666	6665	6664	6663	6540	6417
6419	6420	6543	6542	6295	6296	6297	6298	6421	6544	6667	6666	6665	6664	6541	6418
6420	6421	6544	6543	6296	6297	6298	6299	6422	6545	6668	6667	6666	6665	6542	6419
6421	6422	6545	6544	6297	6298	6299	6300	6423	6546	6669	6668	6667	6666	6543	6420
6422	6423	6546	6545	6298	6299	6300	6301	6424	6547	6670	6669	6668	6667	6544	6421
6423	6424	6547	6546	6299	6300	6301	6302	6425	6548	6671	6670	6669	6668	6545	6422
6424	6425	6548	6547	6300	6301	6302	6303	6426	6549	6672	6671	6670	6669	6546	6423
6425	6426	6549	6548	6301	6302	6303	6304	6427	6550	6673	6672	6671	6670	6547	6424
6426	6427	6550	6549	6302	6303	6304	6305	6428	6551	6674	6673	6672	6671	6548	6425
6427	6428	6551	6550	6303	6304	6305	6306	6429	6552	6675	6674	6673	6672	6549	6426
6428	6429	6552	6551	6304	6305	6306	6307	6430	6553	6676	6675	6674	6673	6550	6427
6429	6430	6553	6552	6305	6306	6307	6308	6431	6554	6677	6676	6675	6674	6551	6428
6430	6431	6554	6553	6306	6307	6308	6309	6432	6555	6678	6677	6676	6675	6552	6429
6431	6432	6555	6554	6307	6308	6309	6310	6433	6556	6679	6678	6677	6676	6553	6430
6432	6433	6556	6555	6308	6309	6310	6311	6434	6557	6680	6679	6678	6677	6554	6431
6433	6434	6557	6556	6309	6310	6311	6312	6435	6558	6681	6680	6679	6678	6555	6432
6434	6435	6558	6557	6310	6311	6312	6313	6436	6559	6682	6681	6680	6679	6556	6433
6435	6436	6559	6558	6311	6312	6313	6314	6437	6560	6683	6682	6681	6680	6557	6434
6436	6437	6560	6559	6312	6313	6314	6315	6438	6561	6684	6683	6682	6681	6558	6435
6437	6438	6561	6560	6313	6314	6315	6316	6439	6562	6685	6684	6683	6682	6559	6436
6438	6439	6562	6561	6314	6315	6316	6317	6440	6563	6686	6685	6684	6683	6560	6437
6439	6440	6563	6562	6315	6316	6317	6318	6441	6564	6687	6686	6685	6684	6561	6438
6440	6441	6564	6563	6316	6317	6318	6319	6442	6565	6688	6687	6686	6685	6562	6439
6441	6442	6565	6564	6317	6318	6319	6320	6443	6566	6689	6688	6687	6686	6563	6440
6442	6443	6566	6565	6318	6319	6320	6321	6444	6567	6690	6689	6688	6687	6564	6441
6443	6444	6567	6566	6319	6320	6321	6322	6445	6568	6691	6690	6689	6688	6565	6442
6444	6445	6568	6567	6320	6321	6322	6323	6446	6569	6692	6691	6690	6689	6566	6443
6445	6446	6569	6568	6321	6322	6323	6324	6447	6570	6693	6692	6691	6690	6567	6444
6446	6447	6570	6569	6322	6323	6324	6325	6448	6571	6694	6693	6692	6691	6568	6445
6447	6448	6571	6570	6323	6324	6325	6326	6449	6572	6695	6694	6693	6692	6569	6446
6448	6449	6572	6571	6324	6325	6326	6327	6450	6573	6696	6695	6694	6693	6570	6447
6449	6450	6573	6572	6325	6326	6327	6328	6451	6574	6697	6696	6695	6694	6571	6448
6450	6451	6574	6573	6326	6327	6328	6329	6452	6575	6698	6697	6696	6695	6572	6449
6451	6452	6575	6574	6327	6328	6329	6330	6453	6576	6699	6698	6697	6696	6573	6450
6452	6453	6576	6575	6328	6329	6330	6331	6454	6577	6700	6699	6698	6697	6574	6451
6453	6454	6577	6576	6329	6330	6331	6332	6455	6578	6701	6700	6699	6698	6575	6452
6454	6455	6578	6577	6330	6331	6332	6333	6456	6579	6702	6701	6700	6699	6576	6453
6455	6456	6579	6578	6331	6332	6333	6334	6457	6580	6703	6702	6701	6700	6577	6454
6456	6457	6580	6579	6332	6333	6334	6335	6458	6581	6704	6703	6702	6701	6578	6455
6457	6458	6581	6580	6333	6334	6335	6336	6459	6582	6705	6704	6703	6702	6579	6456
6458	6459	6582	6581	6334	6335	6336	6337	6460	6583	6706	6705	6704	6703	6580	6457
6459	6460	6583	6582	6335	6336	6337	6338	6461	6584	6707	6706	6705	6704	6581	6458
6460	6461	6584	6583	6336	6337	6338	6339	6462	6585	6708	6707	6706	6705	6582	6459
6461	6462	6585	6584	6337	6338	6339	6340	6463	6586	6709	6708	6707	6706	6583	6460
6462	6463	6586	6585	6338	6339	6340	6341	6464	6587	6710	6709	6708	6707	6584	6461
6463	6464	6587	6586	6339	6340	6341	6342	6465	6588	6711	6710	6709	6708	6585	6462
6464	6465	6588	6587	6340	6341	6342	6343	6466	6589	6712	6711	6710	6709	6586	6463
6465	6466	6589	6588	6341	6342	6343	6344	6467	6590	6713	6712	6711	6710	6587	6464
6466	6467	6590	6589	6342	6343	6344	6345	6468	6591	6714	6713	6712	6711	6588	6465
6467	6468	6591	6590	6343	6344	6345	6346	6469	6592	6715	6714	6713	6712	6589	6466
6468	6469	6592	6591	6344	6345	6346	6347	6470	6593	6716	6715	6714	6713	6590	6467
6469	6470	6593	6592	6345	6346	6347	6348	6471	6594	6717	6716	6715	6714	6591	6468
6470	6471	6594	6593	6346	6347	6348	6349	6472	6595	6718	6717	6716	6715	6592	6469
6471	6472	6595	6594	6347	6348	6349	6350	6473	6596	6719	6718	6717	6716	6593	6470
6472	6473	6596	6595	6348	6349	6350	6351	6474	6597	6720	6719	6718	6717	6594	6471
6473	6474	6597	6596	6349	6350	6351	6352	6475	6598	6721	6720	6719	6718	6595	6472
6474	6475	6598	6597	6350	6351	6352	6353	6476	6599	6722	6721	6720	6719	6596	6473
6475	6476	6599	6598	6351	6352	6353	6354	6477	6600	6723	6722	6721	6720	6597	6474
6476	6477	6600	6599	6352	6353	6354	6355	6478	6601	6724	6723	6722	6721	6598	6475
6477	6478	6601	6600	6353	6354	6355	6356	6479	6602	6725	6724	6723	6722	6599	6476
6478	6479	6602	6601	6354	6355	6356	6357	6480	6603	6726	6725	6724	6723	6600	6477
6479	6480	6603	6602	6355	6356	6357	6358	6481	6604	6727	6726	6725	6724	6601	6478
6480	6481	6604	6603	6356	6357	6358	6359	6482	6605	6728	6727	6726	6725	6602	6479
6481	6482	6605	6604	6357	6358	6359	6360	6483	6606	6729	6728	6727	6726	6603	6480
6482	6483	6606	6605	6358	6359	6360	6361	6484	6607	6730	6729	6728	6727	6604	6481
6483	6484	6607	6606	6359	6360	6361	6362	6485	6608	6731	6730	6729	6728	6605	6482
6484	6485	6608	6607	6360	6361	6362	6363	6486	6609	6732	6731	6730	6729	6606	6483
6485	6486	6609	6608	6361	6362	6363	6364	6487	6610	6733	6732	6731	6730	6607	6484
6486	6487	6610	6609	6362	6363	6364	6365	6488	6611	6734	6733	6732	6731	6608	6485
6487	6488	6611	6610	6363	6364	6365	6366	6489	6612	6735	6734	6733	6732	6609	6486
6488	6489	6612	6611	6364	6365	6366	6367	6490	6613	6736	6735	6734	6733	6610	6487
6489	6490	6613	6612	6365	6366	6367	6368	6491	6614	6737	6736	6735	6734	6611	6488
6490	6491	6614	6613	6366	6367	6368	6369	6492	6615	6738	6737	6736	6735	6612	6489
6491	6492	6615	6614	6367	6368	6369	6370	6493	6616	6739	6738	6737	6736	6613	6490
6492	6493	6616	6615	6368	6369	6370	6371	6494	6617	6740	6739	6738	6737	6614	6491
6493	6494	6617	6616	6369	6370	6371	6372	6495	6618	6741	6740	6739	6738	6615	6492
6494	6495	6618	6617	6370	6371	6372	6373	6496	6619	6742	6741	6740	6739	6616	6493
6495	6496	6619	6618	6371	6372	6373	6374	6497	6620	6743	6742	6741	6740	6617	6494
6496	6497	6620	6619	6372	6373	6374	6375	6498	6621	6744	6743	6742	6741	6618	6495
6497	6498	6621	6620	6373	6374	6375	6376	6499	6622	6745	6744	6743	6742	6619	6496
6498	6499	6622	6621	6374	6375	6376	6377	6500	6623	6746	6745	6744	6743	6620	6497
6499	6500	6623	6622	6375	6376	6377	6378	6501	6624	6747	6746	6745	6744	6621	6498
6500	6501	6624	6623	6376	6377	6378	6379	6502	6625	6748	6747	6746	6745	6622	6499
6501	6502	6625	6624	6377	6378	6379	6380	6503	6626	6749	6748	6747	6746	6623	6500
6502	6503	6626	6625	6378	6379	6380	6381	6504	6627	6750	6749	6748	6747	6624	6501
6503	6504	6627	6626	6379	6380	6381	6382	6505	6628	6751	6750	6749	6748	6625	6502
6504	6505	6628	6627	6380	6381	6382	6383	6506	6629	6752	6751	6750	6749	6626	6503
6505	6506	6629	6628	6381	6382	6383	6384	6507	6630	6753	6752	6751	6750	6627	6504
6506	6507	6630	6629	6382	6383	6384	6385	6508	6631	6754	6753	6752	6751	6628	6505
6507	6508	6631	6630	6383	6384	6385	6386	6509	6632	6755	6754	6753	6752	6629	6506
6508	6509	6632	6631	6384	6385	6386	6387	6510	6633	6756	6755	6754	6753	6630	6507
6509	6510	6633	6632	6385	6386	6387	6388	6511	6634	6757	6756	6755	6754	6631	6508
6510	6511	6634	6633	6386	6387	6388	6389	6512	6635	6758	6757	6756	6755	6632	6509
6511	6512	6635	6634	6387	6388	6389	6390	6513	6636	6759	6758	6757	6756	6633	6510
6512	6513	6636	6635	6388	6389	6390	6391	6514	6637	6760	6759	6758	6757	6634	6511
6513	6514	6637	6636	6389	6390	6391	6392	6515	6638	6761	6760	6759	6758	6635	6512
6514	6515	6638	6637	6390	6391	6392	6393	6516	6639	6762	6761	6760	6759	6636	6513
6515	6516	6639	6638	6391	6392	6393	6394	6517	6640	6763	6762	6761	6760	6637	6514
6516	6517	6640	6639	6392	6393	6394	6395	6518	6641	6764	6763	6762	6761	6638	6515
6520	6521	6644	6643	6396	6397	6398	6399	6522	6645	6768	6767	6766	6765	6642	6519
6521	6522	6645	6644	6397	6398	6399	6400	6523	6646	6769	6768	6767	6766	6643	6520
6522	6523	6646	6645	6398	6399	6400	6401	6524	6647	6770	6769	6768	6767	6644	6521
6523	6524	6647	6646	6399	6400	6401	6402	6525	6648	6771	6770	6769	6768	6645	6522
6524	6525	6648	6647	6400	6401	6402	6403	6526	6649	6772	6771	6770	6769	6646	6523
6525	6526	6649	6648	6401	6402	6403	6404	6527	6650	6773	6772	6771	6770	6647	6524
6526	6527	6650	6649	6402	6403	6404	6405	6528	6651	6774	6773	6772	6771	6648	6525
6527	6528	6651	6650	6403	6404	6405	6406	6529	6652	6775	6774	6773	6772	6649	6526
6528	6529	6652	6651	6404	6405	6406	6407	6530	6653	6776	6775	6774	6773	6650	6527
6529	6530	6653	6652	6405	6406	6407	6408	6531	6654	6777	6776	6775	6774	6651	6528
6530	6531	6654	6653	6406	6407	6408	6409	6532	6655	6778	6777	6776	6775	6652	6529
6531	6532	6655	6654	6407	6408	6409	6410	6533	6656	6779	6778	6777	6776	6653	6530
6532	6533	6656	6655	6408	6409	6410	6411	6534	6657	6780	6779	6778	6777	6654	6531
6533	6534	6657	6656	6409	6410	6411	6412	6535	6658	6781	6780	6779	6778	6655	6532
6534	6535	6658	6657	6410	6411	6412	6413	6536	6659	6782	6781	6780	6779	6656	6533
6535	6536	6659	6658	6411	6412	6413	6414	6537	6660	6783	6782	6781	6780	6657	6534
6536	6537	6660	6659	6412	6413	6414	6415	6538	6661	6784	6783	6782	6781	6658	6535
6537	6538	6661	6660	6413	6414	6415	6416	6539	6662	6785	6784	6783	6782	6659	6536
6538	6539	6662	6661	6414	6415	6416	6417	6540	6663	6786	6785	6784	6783	6660	6537
6539	6540	6663	6662	6415	6416	6417	6418	6541	6664	6787	6786	6785	6784	6661	6538
6540	6541	6664	6663	6416	6417	6418	6419	6542	6665	6788	6787	6786	6785	6662	6539
6541	6542	6665	6664	6417	6418	6419	6420	6543	6666	6789	6788	6787	6786	6663	6540
6542	6543	6666	6665	6418	6419	6420	6421	6544	6667	6790	6789	6788	6787	6664	6541
6543	6544	6667	6666	6419	6420	6421	6422	6545	6668	6791	6790	6789	6788	6665	6542
6544	6545	6668	6667	6420	6421	6422	6423	6546	6669	6792	6791	6790	6789	6666	6543
6545	6546	6669	6668	6421	6422	6423	6424	6547	6670	6793	6792	6791	6790	6667	6544
6546	6547	6670	6669	6422	6423	6424	6425	6548	6671	6794	6793	6792	6791	6668	6545
6547	6548	6671	6670	6423	6424	6425	6426	6549	6672	6795	6794	6793	6792	6669	6546
6548	6549	6672	6671	6424	6425	6426	6427	6550	6673	6796	6795	6794	6793	6670	6547
6549	6550	6673	6672	6425	6426	6427	6428	6551	6674	6797	6796	6795	6794	6671	6548
6550	6551	6674	6673	6426	6427	6428	6429	6552	6675	6798	6797	6796	6795	6672	6549
6551	6552	6675	6674	6427	6428	6429	6430	6553	6676	6799	6798	6797	6796	6673	6550
6552	6553	6676	6675	6428	6429	6430	6431	6554	6677	6800	6799	6798	6797	6674	6551
6553	6554	6677	6676	6429	6430	6431	6432	6555	6678	6801	6800	6799	6798	6675	6552
6554	6555	6678	6677	6430	6431	6432	6433	6556	6679	6802	6801	6800	6799	6676	6553
6555	6556	6679	6678	6431	6432	6433	6434	6557	6680	6803	6802	6801	6800	6677	6554
6556	6557	6680	6679	6432	6433	6434	6435	6558	6681	6804	6803	6802	6801	6678	6555
6557	6558	6681	6680	6433	6434	6435	6436	6559	6682	6805	6804	6803	6802	6679	6556
6558	6559	6682	6681	6434	6435	6436	6437	6560	6683	6806	6805	6804	6803	6680	6557
6559	6560	6683	6682	6435	6436	6437	6438	6561	6684	6807	6806	6805	6804	6681	6558
6560	6561	6684	6683	6436	6437	6438	6439	6562	6685	6808	6807	6806	6805	6682	6559
6561	6562	6685	6684	6437	6438	6439	6440	6563	6686	6809	6808	6807	6806	6683	6560
6562	6563	6686	6685	6438	6439	6440	6441	6564	6687	6810	6809	6808	6807	6684	6561
6563	6564	6687	6686	6439	6440	6441	6442	6565	6688	6811	6810	6809	6808	6685	6562
6564	6565	6688	6687	6440	6441	6442	6443	6566	6689	6812	6811	6810	6809	6686	6563
6565	6566	6689	6688	6441	6442	6443	6444	6567	6690	6813	6812	6811	6810	6687	6564
6566	6567	6690	6689	6442	6443	6444	6445	6568	6691	6814	6813	6812	6811	6688	6565
6567	6568	6691	6690	6443	6444	6445	6446	6569	6692	6815	6814	6813	6812	6689	6566
6568	6569	6692	6691	6444	6445	6446	6447	6570	6693	6816	6815	6814	6813	6690	6567
6569	6570	6693	6692	6445	6446	6447	6448	6571	6694	6817	6816	6815	6814	6691	6568
6570	6571	6694	6693	6446	6447	6448	6449	6572	6695	6818	6817	6816	6815	6692	6569
6571	6572	6695	6694	6447	6448	6449	6450	6573	6696	6819	6818	6817	6816	6693	6570
6572	6573	6696	6695	6448	6449	6450	6451	6574	6697	6820	6819	6818	6817	6694	6571
6573	6574	6697	6696	6449	6450	6451	6452	6575	6698	6821	6820	6819	6818	6695	6572
6574	6575	6698	6697	6450	6451	6452	6453	6576	6699	6822	6821	6820	6819	6696	6573
6575	6576	6699	6698	6451	6452	6453	6454	6577	6700	6823	6822	6821	6820	6697	6574
6576	6577	6700	6699	6452	6453	6454	6455	6578	6701	6824	6823	6822	6821	6698	6575
6577	6578	6701	6700	6453	6454	6455	6456	6579	6702	6825	6824	6823	6822	6699	6576
6578	6579	6702	6701	6454	6455	6456	6457	6580	6703	6826	6825	6824	6823	6700	6577
6579	6580	6703	6702	6455	6456	6457	6458	6581	6704	6827	6826	6825	6824	6701	6578
6580	6581	6704	6703	6456	6457	6458	6459	6582	6705	6828	6827	6826	6825	6702	6579
6581	6582	6705	6704	6457	6458	6459	6460	6583	6706	6829	6828	6827	6826	6703	6580
6582	6583	6706	6705	6458	6459	6460	6461	6584	6707	6830	6829	6828	6827	6704	6581
6583	6584	6707	6706	6459	6460	6461	6462	6585	6708	6831	6830	6829	6828	6705	6582
6584	6585	6708	6707	6460	6461	6462	6463	6586	6709	6832	6831	6830	6829	6706	6583
6585	6586	6709	6708	6461	6462	6463	6464	6587	6710	6833	6832	6831	6830	6707	6584
6586	6587	6710	6709	6462	6463	6464	6465	6588	6711	6834	6833	6832	6831	6708	6585
6587	6588	6711	6710	6463	6464	6465	6466	6589	6712	6835	6834	6833	6832	6709	6586
6588	6589	6712	6711	6464	6465	6466	6467	6590	6713	6836	6835	6834	6833	6710	6587
6589	6590	6713	6712	6465	6466	6467	6468	6591	6714	6837	6836	6835	6834	6711	6588
6590	6591	6714	6713	6466	6467	6468	6469	6592	6715	6838	6837	6836	6835	6712	6589
6591	6592	6715	6714	6467	6468	6469	6470	6593	6716	6839	6838	6837	6836	6713	6590
6592	6593	6716	6715	6468	6469	6470	6471	6594	6717	6840	6839	6838	6837	6714	6591
6593	6594	6717	6716	6469	6470	6471	6472	6595	6718	6841	6840	6839	6838	6715	6592
6594	6595	6718	6717	6470	6471	6472	6473	6596	6719	6842	6841	6840	6839	6716	6593
6595	6596	6719	6718	6471	6472	6473	6474	6597	6720	6843	6842	6841	6840	6717	6594
6596	6597	6720	6719	6472	6473	6474	6475	6598	6721	6844	6843	6842	6841	6718	6595
6597	6598	6721	6720	6473	6474	6475	6476	6599	6722	6845	6844	6843	6842	6719	6596
6598	6599	6722	6721	6474	6475	6476	6477	6600	6723	6846	6845	6844	6843	6720	6597
6599	6600	6723	6722	6475	6476	6477	6478	6601	6724	6847	6846	6845	6844	6721	6598
6600	6601	6724	6723	6476	6477	6478	6479	6602	6725	6848	6847	6846	6845	6722	6599
6601	6602	6725	6724	6477	6478	6479	6480	6603	6726	6849	6848	6847	6846	6723	6600
6602	6603	6726	6725	6478	6479	6480	6481	6604	6727	6850	6849	6848	6847	6724	6601
6603	6604	6727	6726	6479	6480	6481	6482	6605	6728	6851	6850	6849	6848	6725	6602
6604	6605	6728	6727	6480	6481	6482	6483	6606	6729	6852	6851	6850	6849	6726	6603
6605	6606	6729	6728	6481	6482	6483	6484	6607	6730	6853	6852	6851	6850	6727	6604
6606	6607	6730	6729	6482	6483	6484	6485	6608	6731	6854	6853	6852	6851	6728	6605
6607	6608	6731	6730	6483	6484	6485	6486	6609	6732	6855	6854	6853	6852	6729	6606
6608	6609	6732	6731	6484	6485	6486	6487	6610	6733	6856	6855	6854	6853	6730	6607
6609	6610	6733	6732	6485	6486	6487	6488	6611	6734	6857	6856	6855	6854	6731	6608
6610	6611	6734	6733	6486	6487	6488	6489	6612	6735	6858	6857	6856	6855	6732	6609
6611	6612	6735	6734	6487	6488	6489	6490	6613	6736	6859	6858	6857	6856	6733	6610
6612	6613	6736	6735	6488	6489	6490	6491	6614	6737	6860	6859	6858	6857	6734	6611
6613	6614	6737	6736	6489	6490	6491	6492	6615	6738	6861	6860	6859	6858	6735	6612
6614	6615	6738	6737	6490	6491	6492	6493	6616	6739	6862	6861	6860	6859	6736	6613
6615	6616	6739	6738	6491	6492	6493	6494	6617	6740	6863	6862	6861	6860	6737	6614
6616	6617	6740	6739	6492	6493	6494	6495	6618	6741	6864	6863	6862	6861	6738	6615
6617	6618	6741	6740	6493	6494	6495	6496	6619	6742	6865	6864	6863	6862	6739	6616
6618	6619	6742	6741	6494	6495	6496	6497	6620	6743	6866	6865	6864	6863	6740	6617
6619	6620	6743	6742	6495	6496	6497	6498	6621	6744	6867	6866	6865	6864	6741	6618
6620	6621	6744	6743	6496	6497	6498	6499	6622	6745	6868	6867	6866	6865	6742	6619
6621	6622	6745	6744	6497	6498	6499	6500	6623	6746	6869	6868	6867	6866	6743	6620
6622	6623	6746	6745	6498	6499	6500	6501	6624	6747	6870	6869	6868	6867	6744	6621
6623	6624	6747	6746	6499	6500	6501	6502	6625	6748	6871	6870	6869	6868	6745	6622
6624	6625	6748	6747	6500	6501	6502	6503	6626	6749	6872	6871	6870	6869	6746	6623
6625	6626	6749	6748	6501	6502	6503	6504	6627	6750	6873	6872	6871	6870	6747	6624
6626	6627	6750	6749	6502	6503	6504	6505	6628	6751	6874	6873	6872	6871	6748	6625
6627	6628	6751	6750	6503	6504	6505	6506	6629	6752	6875	6874	6873	6872	6749	6626
6628	6629	6752	6751	6504	6505	6506	6507	6630	6753	6876	6875	6874	6873	6750	6627
6629	6630	6753	6752	6505	6506	6507	6508	6631	6754	6877	6876	6875	6874	6751	6628
6630	6631	6754	6753	6506	6507	6508	6509	6632	6755	6878	6877	6876	6875	6752	6629
6631	6632	6755	6754	6507	6508	6509	6510	6633	6756	6879	6878	6877	6876	6753	6630
6632	6633	6756	6755	6508	6509	6510	6511	6634	6757	6880	6879	6878	6877	6754	6631
6633	6634	6757	6756	6509	6510	6511	6512	6635	6758	6881	6880	6879	6878	6755	6632
6634	6635	6758	6757	6510	6511	6512	6513	6636	6759	6882	6881	6880	6879	6756	6633
6635	6636	6759	6758	6511	6512	6513	6514	6637	6760	6883	6882	6881	6880	6757	6634
6636	6637	6760	6759	6512	6513	6514	6515	6638	6761	6884	6883	6882	6881	6758	6635
6637	6638	6761	6760	6513	6514	6515	6516	6639	6762	6885	6884	6883	6882	6759	6636
6638	6639	6762	6761	6514	6515	6516	6517	6640	6763	6886	6885	6884	6883	6760	6637
6639	6640	6763	6762	6515	6516	6517	6518	6641	6764	6887	6886	6885	6884	6761	6638
6643	6644	6767	6766	6519	6520	6521	6522	6645	6768	6891	6890	6889	6888	6765	6642
6644	6645	6768	6767	6520	6521	6522	6523	6646	6769	6892	6891	6890	6889	6766	6643
6645	6646	6769	6768	6521	6522	6523	6524	6647	6770	6893	6892	6891	6890	6767	6644
6646	6647	6770	6769	6522	6523	6524	6525	6648	6771	6894	6893	6892	6891	6768	6645
6647	6648	6771	6770	6523	6524	6525	6526	6649	6772	6895	6894	6893	6892	6769	6646
6648	6649	6772	6771	6524	6525	6526	6527	6650	6773	6896	6895	6894	6893	6770	6647
6649	6650	6773	6772	6525	6526	6527	6528	6651	6774	6897	6896	6895	6894	6771	6648
6650	6651	6774	6773	6526	6527	6528	6529	6652	6775	6898	6897	6896	6895	6772	6649
6651	6652	6775	6774	6527	6528	6529	6530	6653	6776	6899	6898	6897	6896	6773	6650
6652	6653	6776	6775	6528	6529	6530	6531	6654	6777	6900	6899	6898	6897	6774	6651
6653	6654	6777	6776	6529	6530	6531	6532	6655	6778	6901	6900	6899	6898	6775	6652
6654	6655	6778	6777	6530	6531	6532	6533	6656	6779	6902	6901	6900	6899	6776	6653
6655	6656	6779	6778	6531	6532	6533	6534	6657	6780	6903	6902	6901	6900	6777	6654
6656	6657	6780	6779	6532	6533	6534	6535	6658	6781	6904	6903	6902	6901	6778	6655
6657	6658	6781	6780	6533	6534	6535	6536	6659	6782	6905	6904	6903	6902	6779	6656
6658	6659	6782	6781	6534	6535	6536	6537	6660	6783	6906	6905	6904	6903	6780	6657
6659	6660	6783	6782	6535	6536	6537	6538	6661	6784	6907	6906	6905	6904	6781	6658
6660	6661	6784	6783	6536	6537	6538	6539	6662	6785	6908	6907	6906	6905	6782	6659
6661	6662	6785	6784	6537	6538	6539	6540	6663	6786	6909	6908	6907	6906	6783	6660
6662	6663	6786	6785	6538	6539	6540	6541	6664	6787	6910	6909	6908	6907	6784	6661
6663	6664	6787	6786	6539	6540	6541	6542	6665	6788	6911	6910	6909	6908	6785	6662
6664	6665	6788	6787	6540	6541	6542	6543	6666	6789	6912	6911	6910	6909	6786	6663
6665	6666	6789	6788	6541	6542	6543	6544	6667	6790	6913	6912	6911	6910	6787	6664
6666	6667	6790	6789	6542	6543	6544	6545	6668	6791	6914	6913	6912	6911	6788	6665
6667	6668	6791	6790	6543	6544	6545	6546	6669	6792	6915	6914	6913	6912	6789	6666
6668	6669	6792	6791	6544	6545	6546	6547	6670	6793	6916	6915	6914	6913	6790	6667
6669	6670	6793	6792	6545	6546	6547	6548	6671	6794	6917	6916	6915	6914	6791	6668
6670	6671	6794	6793	6546	6547	6548	6549	6672	6795	6918	6917	6916	6915	6792	6669
6671	6672	6795	6794	6547	6548	6549	6550	6673	6796	6919	6918	6917	6916	6793	6670
6672	6673	6796	6795	6548	6549	6550	6551	6674	6797	6920	6919	6918	6917	6794	6671
6673	6674	6797	6796	6549	6550	6551	6552	6675	6798	6921	6920	6919	6918	6795	6672
6674	6675	6798	6797	6550	6551	6552	6553	6676	6799	6922	6921	6920	6919	6796	6673
6675	6676	6799	6798	6551	6552	6553	6554	6677	6800	6923	6922	6921	6920	6797	6674
6676	6677	6800	6799	6552	6553	6554	6555	6678	6801	6924	6923	6922	6921	6798	6675
6677	6678	6801	6800	6553	6554	6555	6556	6679	6802	6925	6924	6923	6922	6799	6676
6678	6679	6802	6801	6554	6555	6556	6557	6680	6803	6926	6925	6924	6923	6800	6677
6679	6680	6803	6802	6555	6556	6557	6558	6681	6804	6927	6926	6925	6924	6801	6678
6680	6681	6804	6803	6556	6557	6558	6559	6682	6805	6928	6927	6926	6925	6802	6679
6681	6682	6805	6804	6557	6558	6559	6560	6683	6806	6929	6928	6927	6926	6803	6680
6682	6683	6806	6805	6558	6559	6560	6561	6684	6807	6930	6929	6928	6927	6804	6681
6683	6684	6807	6806	6559	6560	6561	6562	6685	6808	6931	6930	6929	6928	6805	6682
6684	6685	6808	6807	6560	6561	6562	6563	6686	6809	6932	6931	6930	6929	6806	6683
6685	6686	6809	6808	6561	6562	6563	6564	6687	6810	6933	6932	6931	6930	6807	6684
6686	6687	6810	6809	6562	6563	6564	6565	6688	6811	6934	6933	6932	6931	6808	6685
6687	6688	6811	6810	6563	6564	6565	6566	6689	6812	6935	6934	6933	6932	6809	6686
6688	6689	6812	6811	6564	6565	6566	6567	6690	6813	6936	6935	6934	6933	6810	6687
6689	6690	6813	6812	6565	6566	6567	6568	6691	6814	6937	6936	6935	6934	6811	6688
6690	6691	6814	6813	6566	6567	6568	6569	6692	6815	6938	6937	6936	6935	6812	6689
6691	6692	6815	6814	6567	6568	6569	6570	6693	6816	6939	6938	6937	6936	6813	6690
6692	6693	6816	6815	6568	6569	6570	6571	6694	6817	6940	6939	6938	6937	6814	6691
6693	6694	6817	6816	6569	6570	6571	6572	6695	6818	6941	6940	6939	6938	6815	6692
6694	6695	6818	6817	6570	6571	6572	6573	6696	6819	6942	6941	6940	6939	6816	6693
6695	6696	6819	6818	6571	6572	6573	6574	6697	6820	6943	6942	6941	6940	6817	6694
6696	6697	6820	6819	6572	6573	6574	6575	6698	6821	6944	6943	6942	6941	6818	6695
6697	6698	6821	6820	6573	6574	6575	6576	6699	6822	6945	6944	6943	6942	6819	6696
6698	6699	6822	6821	6574	6575	6576	6577	6700	6823	6946	6945	6944	6943	6820	6697
6699	6700	6823	6822	6575	6576	6577	6578	6701	6824	6947	6946	6945	6944	6821	6698
6700	6701	6824	6823	6576	6577	6578	6579	6702	6825	6948	6947	6946	6945	6822	6699
6701	6702	6825	6824	6577	6578	6579	6580	6703	6826	6949	6948	6947	6946	6823	6700
6702	6703	6826	6825	6578	6579	6580	6581	6704	6827	6950	6949	6948	6947	6824	6701
6703	6704	6827	6826	6579	6580	6581	6582	6705	6828	6951	6950	6949	6948	6825	6702
6704	6705	6828	6827	6580	6581	6582	6583	6706	6829	6952	6951	6950	6949	6826	6703
6705	6706	6829	6828	6581	6582	6583	6584	6707	6830	6953	6952	6951	6950	6827	6704
6706	6707	6830	6829	6582	6583	6584	6585	6708	6831	6954	6953	6952	6951	6828	6705
6707	6708	6831	6830	6583	6584	6585	6586	6709	6832	6955	6954	6953	6952	6829	6706
6708	6709	6832	6831	6584	6585	6586	6587	6710	6833	6956	6955	6954	6953	6830	6707
6709	6710	6833	6832	6585	6586	6587	6588	6711	6834	6957	6956	6955	6954	6831	6708
6710	6711	6834	6833	6586	6587	6588	6589	6712	6835	6958	6957	6956	6955	6832	6709
6711	6712	6835	6834	6587	6588	6589	6590	6713	6836	6959	6958	6957	6956	6833	6710
6712	6713	6836	6835	6588	6589	6590	6591	6714	6837	6960	6959	6958	6957	6834	6711
6713	6714	6837	6836	6589	6590	6591	6592	6715	6838	6961	6960	6959	6958	6835	6712
6714	6715	6838	6837	6590	6591	6592	6593	6716	6839	6962	6961	6960	6959	6836	6713
6715	6716	6839	6838	6591	6592	6593	6594	6717	6840	6963	6962	6961	6960	6837	6714
6716	6717	6840	6839	6592	6593	6594	6595	6718	6841	6964	6963	6962	6961	6838	6715
6717	6718	6841	6840	6593	6594	6595	6596	6719	6842	6965	6964	6963	6962	6839	6716
6718	6719	6842	6841	6594	6595	6596	6597	6720	6843	6966	6965	6964	6963	6840	6717
6719	6720	6843	6842	6595	6596	6597	6598	6721	6844	6967	6966	6965	6964	6841	6718
6720	6721	6844	6843	6596	6597	6598	6599	6722	6845	6968	6967	6966	6965	6842	6719
6721	6722	6845	6844	6597	6598	6599	6600	6723	6846	6969	6968	6967	6966	6843	6720
6722	6723	6846	6845	6598	6599	6600	6601	6724	6847	6970	6969	6968	6967	6844	6721
6723	6724	6847	6846	6599	6600	6601	6602	6725	6848	6971	6970	6969	6968	6845	6722
6724	6725	6848	6847	6600	6601	6602	6603	6726	6849	6972	6971	6970	6969	6846	6723
6725	6726	6849	6848	6601	6602	6603	6604	6727	6850	6973	6972	6971	6970	6847	6724
6726	6727	6850	6849	6602	6603	6604	6605	6728	6851	6974	6973	6972	6971	6848	6725
6727	6728	6851	6850	6603	6604	6605	6606	6729	6852	6975	6974	6973	6972	6849	6726
6728	6729	6852	6851	6604	6605	6606	6607	6730	6853	6976	6975	6974	6973	6850	6727
6729	6730	6853	6852	6605	6606	6607	6608	6731	6854	6977	6976	6975	6974	6851	6728
6730	6731	6854	6853	6606	6607	6608	6609	6732	6855	6978	6977	6976	6975	6852	6729
6731	6732	6855	6854	6607	6608	6609	6610	6733	6856	6979	6978	6977	6976	6853	6730
6732	6733	6856	6855	6608	6609	6610	6611	6734	6857	6980	6979	6978	6977	6854	6731
6733	6734	6857	6856	6609	6610	6611	6612	6735	6858	6981	6980	6979	6978	6855	6732
6734	6735	6858	6857	6610	6611	6612	6613	6736	6859	6982	6981	6980	6979	6856	6733
6735	6736	6859	6858	6611	6612	6613	6614	6737	6860	6983	6982	6981	6980	6857	6734
6736	6737	6860	6859	6612	6613	6614	6615	6738	6861	6984	6983	6982	6981	6858	6735
6737	6738	6861	6860	6613	6614	6615	6616	6739	6862	6985	6984	6983	6982	6859	6736
6738	6739	6862	6861	6614	6615	6616	6617	6740	6863	6986	6985	6984	6983	6860	6737
6739	6740	6863	6862	6615	6616	6617	6618	6741	6864	6987	6986	6985	6984	6861	6738
6740	6741	6864	6863	6616	6617	6618	6619	6742	6865	6988	6987	6986	6985	6862	6739
6741	6742	6865	6864	6617	6618	6619	6620	6743	6866	6989	6988	6987	6986	6863	6740
6742	6743	6866	6865	6618	6619	6620	6621	6744	6867	6990	6989	6988	6987	6864	6741
6743	6744	6867	6866	6619	6620	6621	6622	6745	6868	6991	6990	6989	6988	6865	6742
6744	6745	6868	6867	6620	6621	6622	6623	6746	6869	6992	6991	6990	6989	6866	6743
6745	6746	6869	6868	6621	6622	6623	6624	6747	6870	6993	6992	6991	6990	6867	6744
6746	6747	6870	6869	6622	6623	6624	6625	6748	6871	6994	6993	6992	6991	6868	6745
6747	6748	6871	6870	6623	6624	6625	6626	6749	6872	6995	6994	6993	6992	6869	6746
6748	6749	6872	6871	6624	6625	6626	6627	6750	6873	6996	6995	6994	6993	6870	6747
6749	6750	6873	6872	6625	6626	6627	6628	6751	6874	6997	6996	6995	6994	6871	6748
6750	6751	6874	6873	6626	6627	6628	6629	6752	6875	6998	6997	6996	6995	6872	6749
6751	6752	6875	6874	6627	6628	6629	6630	6753	6876	6999	6998	6997	6996	6873	6750
6752	6753	6876	6875	6628	6629	6630	6631	6754	6877	7000	6999	6998	6997	6874	6751
6753	6754	6877	6876	6629	6630	6631	6632	6755	6878	7001	7000	6999	6998	6875	6752
6754	6755	6878	6877	6630	6631	6632	6633	6756	6879	7002	7001	7000	6999	6876	6753
6755	6756	6879	6878	6631	6632	6633	6634	6757	6880	7003	7002	7001	7000	6877	6754
6756	6757	6880	6879	6632	6633	6634	6635	6758	6881	7004	7003	7002	7001	6878	6755
6757	6758	6881	6880	6633	6634	6635	6636	6759	6882	7005	7004	7003	7002	6879	6756
6758	6759	6882	6881	6634	6635	6636	6637	6760	6883	7006	7005	7004	7003	6880	6757
6759	6760	6883	6882	6635	6636	6637	6638	6761	6884	7007	7006	7005	7004	6881	6758
6760	6761	6884	6883	6636	6637	6638	6639	6762	6885	7008	7007	7006	7005	6882	6759
6761	6762	6885	6884	6637	6638	6639	6640	6763	6886	7009	7008	7007	7006	6883	6760
6762	6763	6886	6885	6638	6639	6640	6641	6764	6887	7010	7009	7008	7007	6884	6761
6766	6767	6890	6889	6642	6643	6644	6645	6768	6891	7014	7013	7012	7011	6888	6765
6767	6768	6891	6890	6643	6644	6645	6646	6769	6892	7015	7014	7013	7012	6889	6766
6768	6769	6892	6891	6644	6645	6646	6647	6770	6893	7016	7015	7014	7013	6890	6767
6769	6770	6893	6892	6645	6646	6647	6648	6771	6894	7017	7016	7015	7014	6891	6768
6770	6771	6894	6893	6646	6647	6648	6649	6772	6895	7018	7017	7016	7015	6892	6769
6771	6772	6895	6894	6647	6648	6649	6650	6773	6896	7019	7018	7017	7016	6893	6770
6772	6773	6896	6895	6648	6649	6650	6651	6774	6897	7020	7019	7018	7017	6894	6771
6773	6774	6897	6896	6649	6650	6651	6652	6775	6898	7021	7020	7019	7018	6895	6772
6774	6775	6898	6897	6650	6651	6652	6653	6776	6899	7022	7021	7020	7019	6896	6773
6775	6776	6899	6898	6651	6652	6653	6654	6777	6900	7023	7022	7021	7020	6897	6774
6776	6777	6900	6899	6652	6653	6654	6655	6778	6901	7024	7023	7022	7021	6898	6775
6777	6778	6901	6900	6653	6654	6655	6656	6779	6902	7025	7024	7023	7022	6899	6776
6778	6779	6902	6901	6654	6655	6656	6657	6780	6903	7026	7025	7024	7023	6900	6777
6779	6780	6903	6902	6655	6656	6657	6658	6781	6904	7027	7026	7025	7024	6901	6778
6780	6781	6904	6903	6656	6657	6658	6659	6782	6905	7028	7027	7026	7025	6902	6779
6781	6782	6905	6904	6657	6658	6659	6660	6783	6906	7029	7028	7027	7026	6903	6780
6782	6783	6906	6905	6658	6659	6660	6661	6784	6907	7030	7029	7028	7027	6904	6781
6783	6784	6907	6906	6659	6660	6661	6662	6785	6908	7031	7030	7029	7028	6905	6782
6784	6785	6908	6907	6660	6661	6662	6663	6786	6909	7032	7031	7030	7029	6906	6783
6785	6786	6909	6908	6661	6662	6663	6664	6787	6910	7033	7032	7031	7030	6907	6784
6786	6787	6910	6909	6662	6663	6664	6665	6788	6911	7034	7033	7032	7031	6908	6785
6787	6788	6911	6910	6663	6664	6665	6666	6789	6912	7035	7034	7033	7032	6909	6786
6788	6789	6912	6911	6664	6665	6666	6667	6790	6913	7036	7035	7034	7033	6910	6787
6789	6790	6913	6912	6665	6666	6667	6668	6791	6914	7037	7036	7035	7034	6911	6788
6790	6791	6914	6913	6666	6667	6668	6669	6792	6915	7038	7037	7036	7035	6912	6789
6791	6792	6915	6914	6667	6668	6669	6670	6793	6916	7039	7038	7037	7036	6913	6790
6792	6793	6916	6915	6668	6669	6670	6671	6794	6917	7040	7039	7038	7037	6914	6791
6793	6794	6917	6916	6669	6670	6671	6672	6795	6918	7041	7040	7039	7038	6915	6792
6794	6795	6918	6917	6670	6671	6672	6673	6796	6919	7042	7041	7040	7039	6916	6793
6795	6796	6919	6918	6671	6672	6673	6674	6797	6920	7043	7042	7041	7040	6917	6794
6796	6797	6920	6919	6672	6673	6674	6675	6798	6921	7044	7043	7042	7041	6918	6795
6797	6798	6921	6920	6673	6674	6675	6676	6799	6922	7045	7044	7043	7042	6919	6796
6798	6799	6922	6921	6674	6675	6676	6677	6800	6923	7046	7045	7044	7043	6920	6797
6799	6800	6923	6922	6675	6676	6677	6678	6801	6924	7047	7046	7045	7044	6921	6798
6800	6801	6924	6923	6676	6677	6678	6679	6802	6925	7048	7047	7046	7045	6922	6799
6801	6802	6925	6924	6677	6678	6679	6680	6803	6926	7049	7048	7047	7046	6923	6800
6802	6803	6926	6925	6678	6679	6680	6681	6804	6927	7050	7049	7048	7047	6924	6801
6803	6804	6927	6926	6679	6680	6681	6682	6805	6928	7051	7050	7049	7048	6925	6802
6804	6805	6928	6927	6680	6681	6682	6683	6806	6929	7052	7051	7050	7049	6926	6803
6805	6806	6929	6928	6681	6682	6683	6684	6807	6930	7053	7052	7051	7050	6927	6804
6806	6807	6930	6929	6682	6683	6684	6685	6808	6931	7054	7053	7052	7051	6928	6805
6807	6808	6931	6930	6683	6684	6685	6686	6809	6932	7055	7054	7053	7052	6929	6806
6808	6809	6932	6931	6684	6685	6686	6687	6810	6933	7056	7055	7054	7053	6930	6807
6809	6810	6933	6932	6685	6686	6687	6688	6811	6934	7057	7056	7055	7054	6931	6808
6810	6811	6934	6933	6686	6687	6688	6689	6812	6935	7058	7057	7056	7055	6932	6809
6811	6812	6935	6934	6687	6688	6689	6690	6813	6936	7059	7058	7057	7056	6933	6810
6812	6813	6936	6935	6688	6689	6690	6691	6814	6937	7060	7059	7058	7057	6934	6811
6813	6814	6937	6936	6689	6690	6691	6692	6815	6938	7061	7060	7059	7058	6935	6812
6814	6815	6938	6937	6690	6691	6692	6693	6816	6939	7062	7061	7060	7059	6936	6813
6815	6816	6939	6938	6691	6692	6693	6694	6817	6940	7063	7062	7061	7060	6937	6814
6816	6817	6940	6939	6692	6693	6694	6695	6818	6941	7064	7063	7062	7061	6938	6815
6817	6818	6941	6940	6693	6694	6695	6696	6819	6942	7065	7064	7063	7062	6939	6816
6818	6819	6942	6941	6694	6695	6696	6697	6820	6943	7066	7065	7064	7063	6940	6817
6819	6820	6943	6942	6695	6696	6697	6698	6821	6944	7067	7066	7065	7064	6941	6818
6820	6821	6944	6943	6696	6697	6698	6699	6822	6945	7068	7067	7066	7065	6942	6819
6821	6822	6945	6944	6697	6698	6699	6700	6823	6946	7069	7068	7067	7066	6943	6820
6822	6823	6946	6945	6698	6699	6700	6701	6824	6947	7070	7069	7068	7067	6944	6821
6823	6824	6947	6946	6699	6700	6701	6702	6825	6948	7071	7070	7069	7068	6945	6822
6824	6825	6948	6947	6700	6701	6702	6703	6826	6949	7072	7071	7070	7069	6946	6823
6825	6826	6949	6948	6701	6702	6703	6704	6827	6950	7073	7072	7071	7070	6947	6824
6826	6827	6950	6949	6702	6703	6704	6705	6828	6951	7074	7073	7072	7071	6948	6825
6827	6828	6951	6950	6703	6704	6705	6706	6829	6952	7075	7074	7073	7072	6949	6826
6828	6829	6952	6951	6704	6705	6706	6707	6830	6953	7076	7075	7074	7073	6950	6827
6829	6830	6953	6952	6705	6706	6707	6708	6831	6954	7077	7076	7075	7074	6951	6828
6830	6831	6954	6953	6706	6707	6708	6709	6832	6955	7078	7077	7076	7075	6952	6829
6831	6832	6955	6954	6707	6708	6709	6710	6833	6956	7079	7078	7077	7076	6953	6830
6832	6833	6956	6955	6708	6709	6710	6711	6834	6957	7080	7079	7078	7077	6954	6831
6833	6834	6957	6956	6709	6710	6711	6712	6835	6958	7081	7080	7079	7078	6955	6832
6834	6835	6958	6957	6710	6711	6712	6713	6836	6959	7082	7081	7080	7079	6956	6833
6835	6836	6959	6958	6711	6712	6713	6714	6837	6960	7083	7082	7081	7080	6957	6834
6836	6837	6960	6959	6712	6713	6714	6715	6838	6961	7084	7083	7082	7081	6958	6835
6837	6838	6961	6960	6713	6714	6715	6716	6839	6962	7085	7084	7083	7082	6959	6836
6838	6839	6962	6961	6714	6715	6716	6717	6840	6963	7086	7085	7084	7083	6960	6837
6839	6840	6963	6962	6715	6716	6717	6718	6841	6964	7087	7086	7085	7084	6961	6838
6840	6841	6964	6963	6716	6717	6718	6719	6842	6965	7088	7087	7086	7085	6962	6839
6841	6842	6965	6964	6717	6718	6719	6720	6843	6966	7089	7088	7087	7086	6963	6840
6842	6843	6966	6965	6718	6719	6720	6721	6844	6967	7090	7089	7088	7087	6964	6841
6843	6844	6967	6966	6719	6720	6721	6722	6845	6968	7091	7090	7089	7088	6965	6842
6844	6845	6968	6967	6720	6721	6722	6723	6846	6969	7092	7091	7090	7089	6966	6843
6845	6846	6969	6968	6721	6722	6723	6724	6847	6970	7093	7092	7091	7090	6967	6844
6846	6847	6970	6969	6722	6723	6724	6725	6848	6971	7094	7093	7092	7091	6968	6845
6847	6848	6971	6970	6723	6724	6725	6726	6849	6972	7095	7094	7093	7092	6969	6846
6848	6849	6972	6971	6724	6725	6726	6727	6850	6973	7096	7095	7094	7093	6970	6847
6849	6850	6973	6972	6725	6726	6727	6728	6851	6974	7097	7096	7095	7094	6971	6848
6850	6851	6974	6973	6726	6727	6728	6729	6852	6975	7098	7097	7096	7095	6972	6849
6851	6852	6975	6974	6727	6728	6729	6730	6853	6976	7099	7098	7097	7096	6973	6850
6852	6853	6976	6975	6728	6729	6730	6731	6854	6977	7100	7099	7098	7097	6974	6851
6853	6854	6977	6976	6729	6730	6731	6732	6855	6978	7101	7100	7099	7098	6975	6852
6854	6855	6978	6977	6730	6731	6732	6733	6856	6979	7102	7101	7100	7099	6976	6853
6855	6856	6979	6978	6731	6732	6733	6734	6857	6980	7103	7102	7101	7100	6977	6854
6856	6857	6980	6979	6732	6733	6734	6735	6858	6981	7104	7103	7102	7101	6978	6855
6857	6858	6981	6980	6733	6734	6735	6736	6859	6982	7105	7104	7103	7102	6979	6856
6858	6859	6982	6981	6734	6735	6736	6737	6860	6983	7106	7105	7104	7103	6980	6857
6859	6860	6983	6982	6735	6736	6737	6738	6861	6984	7107	7106	7105	7104	6981	6858
6860	6861	6984	6983	6736	6737	6738	6739	6862	6985	7108	7107	7106	7105	6982	6859
6861	6862	6985	6984	6737	6738	6739	6740	6863	6986	7109	7108	7107	7106	6983	6860
6862	6863	6986	6985	6738	6739	6740	6741	6864	6987	7110	7109	7108	7107	6984	6861
6863	6864	6987	6986	6739	6740	6741	6742	6865	6988	7111	7110	7109	7108	6985	6862
6864	6865	6988	6987	6740	6741	6742	6743	6866	6989	7112	7111	7110	7109	6986	6863
6865	6866	6989	6988	6741	6742	6743	6744	6867	6990	7113	7112	7111	7110	6987	6864
6866	6867	6990	6989	6742	6743	6744	6745	6868	6991	7114	7113	7112	7111	6988	6865
6867	6868	6991	6990	6743	6744	6745	6746	6869	6992	7115	7114	7113	7112	6989	6866
6868	6869	6992	6991	6744	6745	6746	6747	6870	6993	7116	7115	7114	7113	6990	6867
6869	6870	6993	6992	6745	6746	6747	6748	6871	6994	7117	7116	7115	7114	6991	6868
6870	6871	6994	6993	6746	6747	6748	6749	6872	6995	7118	7117	7116	7115	6992	6869
6871	6872	6995	6994	6747	6748	6749	6750	6873	6996	7119	7118	7117	7116	6993	6870
6872	6873	6996	6995	6748	6749	6750	6751	6874	6997	7120	7119	7118	7117	6994	6871
6873	6874	6997	6996	6749	6750	6751	6752	6875	6998	7121	7120	7119	7118	6995	6872
6874	6875	6998	6997	6750	6751	6752	6753	6876	6999	7122	7121	7120	7119	6996	6873
6875	6876	6999	6998	6751	6752	6753	6754	6877	7000	7123	7122	7121	7120	6997	6874
6876	6877	7000	6999	6752	6753	6754	6755	6878	7001	7124	7123	7122	7121	6998	6875
6877	6878	7001	7000	6753	6754	6755	6756	6879	7002	7125	7124	7123	7122	6999	6876
6878	6879	7002	7001	6754	6755	6756	6757	6880	7003	7126	7125	7124	7123	7000	6877
6879	6880	7003	7002	6755	6756	6757	6758	6881	7004	7127	7126	7125	7124	7001	6878
6880	6881	7004	7003	6756	6757	6758	6759	6882	7005	7128	7127	7126	7125	7002	6879
6881	6882	7005	7004	6757	6758	6759	6760	6883	7006	7129	7128	7127	7126	7003	6880
6882	6883	7006	7005	6758	6759	6760	6761	6884	7007	7130	7129	7128	7127	7004	6881
6883	6884	7007	7006	6759	6760	6761	6762	6885	7008	7131	7130	7129	7128	7005	6882
6884	6885	7008	7007	6760	6761	6762	6763	6886	7009	7132	7131	7130	7129	7006	6883
6885	6886	7009	7008	6761	6762	6763	6764	6887	7010	7133	7132	7131	7130	7007	6884
6889	6890	7013	7012	6765	6766	6767	6768	6891	7014	7137	7136	7135	7134	7011	6888
6890	6891	7014	7013	6766	6767	6768	6769	6892	7015	7138	7137	7136	7135	7012	6889
6891	6892	7015	7014	6767	6768	6769	6770	6893	7016	7139	7138	7137	7136	7013	6890
6892	6893	7016	7015	6768	6769	6770	6771	6894	7017	7140	7139	7138	7137	7014	6891
6893	6894	7017	7016	6769	6770	6771	6772	6895	7018	7141	7140	7139	7138	7015	6892
6894	6895	7018	7017	6770	6771	6772	6773	6896	7019	7142	7141	7140	7139	7016	6893
6895	6896	7019	7018	6771	6772	6773	6774	6897	7020	7143	7142	7141	7140	7017	6894
6896	6897	7020	7019	6772	6773	6774	6775	6898	7021	7144	7143	7142	7141	7018	6895
6897	6898	7021	7020	6773	6774	6775	6776	6899	7022	7145	7144	7143	7142	7019	6896
6898	6899	7022	7021	6774	6775	6776	6777	6900	7023	7146	7145	7144	7143	7020	6897
6899	6900	7023	7022	6775	6776	6777	6778	6901	7024	7147	7146	7145	7144	7021	6898
6900	6901	7024	7023	6776	6777	6778	6779	6902	7025	7148	7147	7146	7145	7022	6899
6901	6902	7025	7024	6777	6778	6779	6780	6903	7026	7149	7148	7147	7146	7023	6900
6902	6903	7026	7025	6778	6779	6780	6781	6904	7027	7150	7149	7148	7147	7024	6901
6903	6904	7027	7026	6779	6780	6781	6782	6905	7028	7151	7150	7149	7148	7025	6902
6904	6905	7028	7027	6780	6781	6782	6783	6906	7029	7152	7151	7150	7149	7026	6903
6905	6906	7029	7028	6781	6782	6783	6784	6907	7030	7153	7152	7151	7150	7027	6904
6906	6907	7030	7029	6782	6783	6784	6785	6908	7031	7154	7153	7152	7151	7028	6905
6907	6908	7031	7030	6783	6784	6785	6786	6909	7032	7155	7154	7153	7152	7029	6906
6908	6909	7032	7031	6784	6785	6786	6787	6910	7033	7156	7155	7154	7153	7030	6907
6909	6910	7033	7032	6785	6786	6787	6788	6911	7034	7157	7156	7155	7154	7031	6908
6910	6911	7034	7033	6786	6787	6788	6789	6912	7035	7158	7157	7156	7155	7032	6909
6911	6912	7035	7034	6787	6788	6789	6790	6913	7036	7159	7158	7157	7156	7033	6910
6912	6913	7036	7035	6788	6789	6790	6791	6914	7037	7160	7159	7158	7157	7034	6911
6913	6914	7037	7036	6789	6790	6791	6792	6915	7038	7161	7160	7159	7158	7035	6912
6914	6915	7038	7037	6790	6791	6792	6793	6916	7039	7162	7161	7160	7159	7036	6913
6915	6916	7039	7038	6791	6792	6793	6794	6917	7040	7163	7162	7161	7160	7037	6914
6916	6917	7040	7039	6792	6793	6794	6795	6918	7041	7164	7163	7162	7161	7038	6915
6917	6918	7041	7040	6793	6794	6795	6796	6919	7042	7165	7164	7163	7162	7039	6916
6918	6919	7042	7041	6794	6795	6796	6797	6920	7043	7166	7165	7164	7163	7040	6917
6919	6920	7043	7042	6795	6796	6797	6798	6921	7044	7167	7166	7165	7164	7041	6918
6920	6921	7044	7043	6796	6797	6798	6799	6922	7045	7168	7167	7166	7165	7042	6919
6921	6922	7045	7044	6797	6798	6799	6800	6923	7046	7169	7168	7167	7166	7043	6920
6922	6923	7046	7045	6798	6799	6800	6801	6924	7047	7170	7169	7168	7167	7044	6921
6923	6924	7047	7046	6799	6800	6801	6802	6925	7048	7171	7170	7169	7168	7045	6922
6924	6925	7048	7047	6800	6801	6802	6803	6926	7049	7172	7171	7170	7169	7046	6923
6925	6926	7049	7048	6801	6802	6803	6804	6927	7050	7173	7172	7171	7170	7047	6924
6926	6927	7050	7049	6802	6803	6804	6805	6928	7051	7174	7173	7172	7171	7048	6925
6927	6928	7051	7050	6803	6804	6805	6806	6929	7052	7175	7174	7173	7172	7049	6926
6928	6929	7052	7051	6804	6805	6806	6807	6930	7053	7176	7175	7174	7173	7050	6927
6929	6930	7053	7052	6805	6806	6807	6808	6931	7054	7177	7176	7175	7174	7051	6928
6930	6931	7054	7053	6806	6807	6808	6809	6932	7055	7178	7177	7176	7175	7052	6929
6931	6932	7055	7054	6807	6808	6809	6810	6933	7056	7179	7178	7177	7176	7053	6930
6932	6933	7056	7055	6808	6809	6810	6811	6934	7057	7180	7179	7178	7177	7054	6931
6933	6934	7057	7056	6809	6810	6811	6812	6935	7058	7181	7180	7179	7178	7055	6932
6934	6935	7058	7057	6810	6811	6812	6813	6936	7059	7182	7181	7180	7179	7056	6933
6935	6936	7059	7058	6811	6812	6813	6814	6937	7060	7183	7182	7181	7180	7057	6934
6936	6937	7060	7059	6812	6813	6814	6815	6938	7061	7184	7183	7182	7181	7058	6935
6937	6938	7061	7060	6813	6814	6815	6816	6939	7062	7185	7184	7183	7182	7059	6936
6938	6939	7062	7061	6814	6815	6816	6817	6940	7063	7186	7185	7184	7183	7060	6937
6939	6940	7063	7062	6815	6816	6817	6818	6941	7064	7187	7186	7185	7184	7061	6938
6940	6941	7064	7063	6816	6817	6818	6819	6942	7065	7188	7187	7186	7185	7062	6939
6941	6942	7065	7064	6817	6818	6819	6820	6943	7066	7189	7188	7187	7186	7063	6940
6942	6943	7066	7065	6818	6819	6820	6821	6944	7067	7190	7189	7188	7187	7064	6941
6943	6944	7067	7066	6819	6820	6821	6822	6945	7068	7191	7190	7189	7188	7065	6942
6944	6945	7068	7067	6820	6821	6822	6823	6946	7069	7192	7191	7190	7189	7066	6943
6945	6946	7069	7068	6821	6822	6823	6824	6947	7070	7193	7192	7191	7190	7067	6944
6946	6947	7070	7069	6822	6823	6824	6825	6948	7071	7194	7193	7192	7191	7068	6945
6947	6948	7071	7070	6823	6824	6825	6826	6949	7072	7195	7194	7193	7192	7069	6946
6948	6949	7072	7071	6824	6825	6826	6827	6950	7073	7196	7195	7194	7193	7070	6947
6949	6950	7073	7072	6825	6826	6827	6828	6951	7074	7197	7196	7195	7194	7071	6948
6950	6951	7074	7073	6826	6827	6828	6829	6952	7075	7198	7197	7196	7195	7072	6949
6951	6952	7075	7074	6827	6828	6829	6830	6953	7076	7199	7198	7197	7196	7073	6950
6952	6953	7076	7075	6828	6829	6830	6831	6954	7077	7200	7199	7198	7197	7074	6951
6953	6954	7077	7076	6829	6830	6831	6832	6955	7078	7201	7200	7199	7198	7075	6952
6954	6955	7078	7077	6830	6831	6832	6833	6956	7079	7202	7201	7200	7199	7076	6953
6955	6956	7079	7078	6831	6832	6833	6834	6957	7080	7203	7202	7201	7200	7077	6954
6956	6957	7080	7079	6832	6833	6834	6835	6958	7081	7204	7203	7202	7201	7078	6955
6957	6958	7081	7080	6833	6834	6835	6836	6959	7082	7205	7204	7203	7202	7079	6956
6958	6959	7082	7081	6834	6835	6836	6837	6960	7083	7206	7205	7204	7203	7080	6957
6959	6960	7083	7082	6835	6836	6837	6838	6961	7084	7207	7206	7205	7204	7081	6958
6960	6961	7084	7083	6836	6837	6838	6839	6962	7085	7208	7207	7206	7205	7082	6959
6961	6962	7085	7084	6837	6838	6839	6840	6963	7086	7209	7208	7207	7206	7083	6960
6962	6963	7086	7085	6838	6839	6840	6841	6964	7087	7210	7209	7208	7207	7084	6961
6963	6964	7087	7086	6839	6840	6841	6842	6965	7088	7211	7210	7209	7208	7085	6962
6964	6965	7088	7087	6840	6841	6842	6843	6966	7089	7212	7211	7210	7209	7086	6963
6965	6966	7089	7088	6841	6842	6843	6844	6967	7090	7213	7212	7211	7210	7087	6964
6966	6967	7090	7089	6842	6843	6844	6845	6968	7091	7214	7213	7212	7211	7088	6965
6967	6968	7091	7090	6843	6844	6845	6846	6969	7092	7215	7214	7213	7212	7089	6966
6968	6969	7092	7091	6844	6845	6846	6847	6970	7093	7216	7215	7214	7213	7090	6967
6969	6970	7093	7092	6845	6846	6847	6848	6971	7094	7217	7216	7215	7214	7091	6968
6970	6971	7094	7093	6846	6847	6848	6849	6972	7095	7218	7217	7216	7215	7092	6969
6971	6972	7095	7094	6847	6848	6849	6850	6973	7096	7219	7218	7217	7216	7093	6970
6972	6973	7096	7095	6848	6849	6850	6851	6974	7097	7220	7219	7218	7217	7094	6971
6973	6974	7097	7096	6849	6850	6851	6852	6975	7098	7221	7220	7219	7218	7095	6972
6974	6975	7098	7097	6850	6851	6852	6853	6976	7099	7222	7221	7220	7219	7096	6973
6975	6976	7099	7098	6851	6852	6853	6854	6977	7100	7223	7222	7221	7220	7097	6974
6976	6977	7100	7099	6852	6853	6854	6855	6978	7101	7224	7223	7222	7221	7098	6975
6977	6978	7101	7100	6853	6854	6855	6856	6979	7102	7225	7224	7223	7222	7099	6976
6978	6979	7102	7101	6854	6855	6856	6857	6980	7103	7226	7225	7224	7223	7100	6977
6979	6980	7103	7102	6855	6856	6857	6858	6981	7104	7227	7226	7225	7224	7101	6978
6980	6981	7104	7103	6856	6857	6858	6859	6982	7105	7228	7227	7226	7225	7102	6979
6981	6982	7105	7104	6857	6858	6859	6860	6983	7106	7229	7228	7227	7226	7103	6980
6982	6983	7106	7105	6858	6859	6860	6861	6984	7107	7230	7229	7228	7227	7104	6981
6983	6984	7107	7106	6859	6860	6861	6862	6985	7108	7231	7230	7229	7228	7105	6982
6984	6985	7108	7107	6860	6861	6862	6863	6986	7109	7232	7231	7230	7229	7106	6983
6985	6986	7109	7108	6861	6862	6863	6864	6987	7110	7233	7232	7231	7230	7107	6984
6986	6987	7110	7109	6862	6863	6864	6865	6988	7111	7234	7233	7232	7231	7108	6985
6987	6988	7111	7110	6863	6864	6865	6866	6989	7112	7235	7234	7233	7232	7109	6986
6988	6989	7112	7111	6864	6865	6866	6867	6990	7113	7236	7235	7234	7233	7110	6987
6989	6990	7113	7112	6865	6866	6867	6868	6991	7114	7237	7236	7235	7234	7111	6988
6990	6991	7114	7113	6866	6867	6868	6869	6992	7115	7238	7237	7236	7235	7112	6989
6991	6992	7115	7114	6867	6868	6869	6870	6993	7116	7239	7238	7237	7236	7113	6990
6992	6993	7116	7115	6868	6869	6870	6871	6994	7117	7240	7239	7238	7237	7114	6991
6993	6994	7117	7116	6869	6870	6871	6872	6995	7118	7241	7240	7239	7238	7115	6992
6994	6995	7118	7117	6870	6871	6872	6873	6996	7119	7242	7241	7240	7239	7116	6993
6995	6996	7119	7118	6871	6872	6873	6874	6997	7120	7243	7242	7241	7240	7117	6994
6996	6997	7120	7119	6872	6873	6874	6875	6998	7121	7244	7243	7242	7241	7118	6995
6997	6998	7121	7120	6873	6874	6875	6876	6999	7122	7245	7244	7243	7242	7119	6996
6998	6999	7122	7121	6874	6875	6876	6877	7000	7123	7246	7245	7244	7243	7120	6997
6999	7000	7123	7122	6875	6876	6877	6878	7001	7124	7247	7246	7245	7244	7121	6998
7000	7001	7124	7123	6876	6877	6878	6879	7002	7125	7248	7247	7246	7245	7122	6999
7001	7002	7125	7124	6877	6878	6879	6880	7003	7126	7249	7248	7247	7246	7123	7000
7002	7003	7126	7125	6878	6879	6880	6881	7004	7127	7250	7249	7248	7247	7124	7001
7003	7004	7127	7126	6879	6880	6881	6882	7005	7128	7251	7250	7249	7248	7125	7002
7004	7005	7128	7127	6880	6881	6882	6883	7006	7129	7252	7251	7250	7249	7126	7003
7005	7006	7129	7128	6881	6882	6883	6884	7007	7130	7253	7252	7251	7250	7127	7004
7006	7007	7130	7129	6882	6883	6884	6885	7008	7131	7254	7253	7252	7251	7128	7005
7007	7008	7131	7130	6883	6884	6885	6886	7009	7132	7255	7254	7253	7252	7129	7006
7008	7009	7132	7131	6884	6885	6886	6887	7010	7133	7256	7255	7254	7253	7130	7007
7012	7013	7136	7135	6888	6889	6890	6891	7014	7137	7260	7259	7258	7257	7134	7011
7013	7014	7137	7136	6889	6890	6891	6892	7015	7138	7261	7260	7259	7258	7135	7012
7014	7015	7138	7137	6890	6891	6892	6893	7016	7139	7262	7261	7260	7259	7136	7013
7015	7016	7139	7138	6891	6892	6893	6894	7017	7140	7263	7262	7261	7260	7137	7014
7016	7017	7140	7139	6892	6893	6894	6895	7018	7141	7264	7263	7262	7261	7138	7015
7017	7018	7141	7140	6893	6894	6895	6896	7019	7142	7265	7264	7263	7262	7139	7016
7018	7019	7142	7141	6894	6895	6896	6897	7020	7143	7266	7265	7264	7263	7140	7017
7019	7020	7143	7142	6895	6896	6897	6898	7021	7144	7267	7266	7265	7264	7141	7018
7020	7021	7144	7143	6896	6897	6898	6899	7022	7145	7268	7267	7266	7265	7142	7019
7021	7022	7145	7144	6897	6898	6899	6900	7023	7146	7269	7268	7267	7266	7143	7020
7022	7023	7146	7145	6898	6899	6900	6901	7024	7147	7270	7269	7268	7267	7144	7021
7023	7024	7147	7146	6899	6900	6901	6902	7025	7148	7271	7270	7269	7268	7145	7022
7024	7025	7148	7147	6900	6901	6902	6903	7026	7149	7272	7271	7270	7269	7146	7023
7025	7026	7149	7148	6901	6902	6903	6904	7027	7150	7273	7272	7271	7270	7147	7024
7026	7027	7150	7149	6902	6903	6904	6905	7028	7151	7274	7273	7272	7271	7148	7025
7027	7028	7151	7150	6903	6904	6905	6906	7029	7152	7275	7274	7273	7272	7149	7026
7028	7029	7152	7151	6904	6905	6906	6907	7030	7153	7276	7275	7274	7273	7150	7027
7029	7030	7153	7152	6905	6906	6907	6908	7031	7154	7277	7276	7275	7274	7151	7028
7030	7031	7154	7153	6906	6907	6908	6909	7032	7155	7278	7277	7276	7275	7152	7029
7031	7032	7155	7154	6907	6908	6909	6910	7033	7156	7279	7278	7277	7276	7153	7030
7032	7033	7156	7155	6908	6909	6910	6911	7034	7157	7280	7279	7278	7277	7154	7031
7033	7034	7157	7156	6909	6910	6911	6912	7035	7158	7281	7280	7279	7278	7155	7032
7034	7035	7158	7157	6910	6911	6912	6913	7036	7159	7282	7281	7280	7279	7156	7033
7035	7036	7159	7158	6911	6912	6913	6914	7037	7160	7283	7282	7281	7280	7157	7034
7036	7037	7160	7159	6912	6913	6914	6915	7038	7161	7284	7283	7282	7281	7158	7035
7037	7038	7161	7160	6913	6914	6915	6916	7039	7162	7285	7284	7283	7282	7159	7036
7038	7039	7162	7161	6914	6915	6916	6917	7040	7163	7286	7285	7284	7283	7160	7037
7039	7040	7163	7162	6915	6916	6917	6918	7041	7164	7287	7286	7285	7284	7161	7038
7040	7041	7164	7163	6916	6917	6918	6919	7042	7165	7288	7287	7286	7285	7162	7039
7041	7042	7165	7164	6917	6918	6919	6920	7043	7166	7289	7288	7287	7286	7163	7040
7042	7043	7166	7165	6918	6919	6920	6921	7044	7167	7290	7289	7288	7287	7164	7041
7043	7044	7167	7166	6919	6920	6921	6922	7045	7168	7291	7290	7289	7288	7165	7042
7044	7045	7168	7167	6920	6921	6922	6923	7046	7169	7292	7291	7290	7289	7166	7043
7045	7046	7169	7168	6921	6922	6923	6924	7047	7170	7293	7292	7291	7290	7167	7044
7046	7047	7170	7169	6922	6923	6924	6925	7048	7171	7294	7293	7292	7291	7168	7045
7047	7048	7171	7170	6923	6924	6925	6926	7049	7172	7295	7294	7293	7292	7169	7046
7048	7049	7172	7171	6924	6925	6926	6927	7050	7173	7296	7295	7294	7293	7170	7047
7049	7050	7173	7172	6925	6926	6927	6928	7051	7174	7297	7296	7295	7294	7171	7048
7050	7051	7174	7173	6926	6927	6928	6929	7052	7175	7298	7297	7296	7295	7172	7049
7051	7052	7175	7174	6927	6928	6929	6930	7053	7176	7299	7298	7297	7296	7173	7050
7052	7053	7176	7175	6928	6929	6930	6931	7054	7177	7300	7299	7298	7297	7174	7051
7053	7054	7177	7176	6929	6930	6931	6932	7055	7178	7301	7300	7299	7298	7175	7052
7054	7055	7178	7177	6930	6931	6932	6933	7056	7179	7302	7301	7300	7299	7176	7053
7055	7056	7179	7178	6931	6932	6933	6934	7057	7180	7303	7302	7301	7300	7177	7054
7056	7057	7180	7179	6932	6933	6934	6935	7058	7181	7304	7303	7302	7301	7178	7055
7057	7058	7181	7180	6933	6934	6935	6936	7059	7182	7305	7304	7303	7302	7179	7056
7058	7059	7182	7181	6934	6935	6936	6937	7060	7183	7306	7305	7304	7303	7180	7057
7059	7060	7183	7182	6935	6936	6937	6938	7061	7184	7307	7306	7305	7304	7181	7058
7060	7061	7184	7183	6936	6937	6938	6939	7062	7185	7308	7307	7306	7305	7182	7059
7061	7062	7185	7184	6937	6938	6939	6940	7063	7186	7309	7308	7307	7306	7183	7060
7062	7063	7186	7185	6938	6939	6940	6941	7064	7187	7310	7309	7308	7307	7184	7061
7063	7064	7187	7186	6939	6940	6941	6942	7065	7188	7311	7310	7309	7308	7185	7062
7064	7065	7188	7187	6940	6941	6942	6943	7066	7189	7312	7311	7310	7309	7186	7063
7065	7066	7189	7188	6941	6942	6943	6944	7067	7190	7313	7312	7311	7310	7187	7064
7066	7067	7190	7189	6942	6943	6944	6945	7068	7191	7314	7313	7312	7311	7188	7065
7067	7068	7191	7190	6943	6944	6945	6946	7069	7192	7315	7314	7313	7312	7189	7066
7068	7069	7192	7191	6944	6945	6946	6947	7070	7193	7316	7315	7314	7313	7190	7067
7069	7070	7193	7192	6945	6946	6947	6948	7071	7194	7317	7316	7315	7314	7191	7068
7070	7071	7194	7193	6946	6947	6948	6949	7072	7195	7318	7317	7316	7315	7192	7069
7071	7072	7195	7194	6947	6948	6949	6950	7073	7196	7319	7318	7317	7316	7193	7070
7072	7073	7196	7195	6948	6949	6950	6951	7074	7197	7320	7319	7318	7317	7194	7071
7073	7074	7197	7196	6949	6950	6951	6952	7075	7198	7321	7320	7319	7318	7195	7072
7074	7075	7198	7197	6950	6951	6952	6953	7076	7199	7322	7321	7320	7319	7196	7073
7075	7076	7199	7198	6951	6952	6953	6954	7077	7200	7323	7322	7321	7320	7197	7074
7076	7077	7200	7199	6952	6953	6954	6955	7078	7201	7324	7323	7322	7321	7198	7075
7077	7078	7201	7200	6953	6954	6955	6956	7079	7202	7325	7324	7323	7322	7199	7076
7078	7079	7202	7201	6954	6955	6956	6957	7080	7203	7326	7325	7324	7323	7200	7077
7079	7080	7203	7202	6955	6956	6957	6958	7081	7204	7327	7326	7325	7324	7201	7078
7080	7081	7204	7203	6956	6957	6958	6959	7082	7205	7328	7327	7326	7325	7202	7079
7081	7082	7205	7204	6957	6958	6959	6960	7083	7206	7329	7328	7327	7326	7203	7080
7082	7083	7206	7205	6958	6959	6960	6961	7084	7207	7330	7329	7328	7327	7204	7081
7083	7084	7207	7206	6959	6960	6961	6962	7085	7208	7331	7330	7329	7328	7205	7082
7084	7085	7208	7207	6960	6961	6962	6963	7086	7209	7332	7331	7330	7329	7206	7083
7085	7086	7209	7208	6961	6962	6963	6964	7087	7210	7333	7332	7331	7330	7207	7084
7086	7087	7210	7209	6962	6963	6964	6965	7088	7211	7334	7333	7332	7331	7208	7085
7087	7088	7211	7210	6963	6964	6965	6966	7089	7212	7335	7334	7333	7332	7209	7086
7088	7089	7212	7211	6964	6965	6966	6967	7090	7213	7336	7335	7334	7333	7210	7087
7089	7090	7213	7212	6965	6966	6967	6968	7091	7214	7337	7336	7335	7334	7211	7088
7090	7091	7214	7213	6966	6967	6968	6969	7092	7215	7338	7337	7336	7335	7212	7089
7091	7092	7215	7214	6967	6968	6969	6970	7093	7216	7339	7338	7337	7336	7213	7090
7092	7093	7216	7215	6968	6969	6970	6971	7094	7217	7340	7339	7338	7337	7214	7091
7093	7094	7217	7216	6969	6970	6971	6972	7095	7218	7341	7340	7339	7338	7215	7092
7094	7095	7218	7217	6970	6971	6972	6973	7096	7219	7342	7341	7340	7339	7216	7093
7095	7096	7219	7218	6971	6972	6973	6974	7097	7220	7343	7342	7341	7340	7217	7094
7096	7097	7220	7219	6972	6973	6974	6975	7098	7221	7344	7343	7342	7341	7218	7095
7097	7098	7221	7220	6973	6974	6975	6976	7099	7222	7345	7344	7343	7342	7219	7096
7098	7099	7222	7221	6974	6975	6976	6977	7100	7223	7346	7345	7344	7343	7220	7097
7099	7100	7223	7222	6975	6976	6977	6978	7101	7224	7347	7346	7345	7344	7221	7098
7100	7101	7224	7223	6976	6977	6978	6979	7102	7225	7348	7347	7346	7345	7222	7099
7101	7102	7225	7224	6977	6978	6979	6980	7103	7226	7349	7348	7347	7346	7223	7100
7102	7103	7226	7225	6978	6979	6980	6981	7104	7227	7350	7349	7348	7347	7224	7101
7103	7104	7227	7226	6979	6980	6981	6982	7105	7228	7351	7350	7349	7348	7225	7102
7104	7105	7228	7227	6980	6981	6982	6983	7106	7229	7352	7351	7350	7349	7226	7103
7105	7106	7229	7228	6981	6982	6983	6984	7107	7230	7353	7352	7351	7350	7227	7104
7106	7107	7230	7229	6982	6983	6984	6985	7108	7231	7354	7353	7352	7351	7228	7105
7107	7108	7231	7230	6983	6984	6985	6986	7109	7232	7355	7354	7353	7352	7229	7106
7108	7109	7232	7231	6984	6985	6986	6987	7110	7233	7356	7355	7354	7353	7230	7107
7109	7110	7233	7232	6985	6986	6987	6988	7111	7234	7357	7356	7355	7354	7231	7108
7110	7111	7234	7233	6986	6987	6988	6989	7112	7235	7358	7357	7356	7355	7232	7109
7111	7112	7235	7234	6987	6988	6989	6990	7113	7236	7359	7358	7357	7356	7233	7110
7112	7113	7236	7235	6988	6989	6990	6991	7114	7237	7360	7359	7358	7357	7234	7111
7113	7114	7237	7236	6989	6990	6991	6992	7115	7238	7361	7360	7359	7358	7235	7112
7114	7115	7238	7237	6990	6991	6992	6993	7116	7239	7362	7361	7360	7359	7236	7113
7115	7116	7239	7238	6991	6992	6993	6994	7117	7240	7363	7362	7361	7360	7237	7114
7116	7117	7240	7239	6992	6993	6994	6995	7118	7241	7364	7363	7362	7361	7238	7115
7117	7118	7241	7240	6993	6994	6995	6996	7119	7242	7365	7364	7363	7362	7239	7116
7118	7119	7242	7241	6994	6995	6996	6997	7120	7243	7366	7365	7364	7363	7240	7117
7119	7120	7243	7242	6995	6996	6997	6998	7121	7244	7367	7366	7365	7364	7241	7118
7120	7121	7244	7243	6996	6997	6998	6999	7122	7245	7368	7367	7366	7365	7242	7119
7121	7122	7245	7244	6997	6998	6999	7000	7123	7246	7369	7368	7367	7366	7243	7120
7122	7123	7246	7245	6998	6999	7000	7001	7124	7247	7370	7369	7368	7367	7244	7121
7123	7124	7247	7246	6999	7000	7001	7002	7125	7248	7371	7370	7369	7368	7245	7122
7124	7125	7248	7247	7000	7001	7002	7003	7126	7249	7372	7371	7370	7369	7246	7123
7125	7126	7249	7248	7001	7002	7003	7004	7127	7250	7373	7372	7371	7370	7247	7124
7126	7127	7250	7249	7002	7003	7004	7005	7128	7251	7374	7373	7372	7371	7248	7125
7127	7128	7251	7250	7003	7004	7005	7006	7129	7252	7375	7374	7373	7372	7249	7126
7128	7129	7252	7251	7004	7005	7006	7007	7130	7253	7376	7375	7374	7373	7250	7127
7129	7130	7253	7252	7005	7006	7007	7008	7131	7254	7377	7376	7375	7374	7251	7128
7130	7131	7254	7253	7006	7007	7008	7009	7132	7255	7378	7377	7376	7375	7252	7129
7131	7132	7255	7254	7007	7008	7009	7010	7133	7256	7379	7378	7377	7376	7253	7130
7135	7136	7259	7258	7011	7012	7013	7014	7137	7260	7383	7382	7381	7380	7257	7134
7136	7137	7260	7259	7012	7013	7014	7015	7138	7261	7384	7383	7382	7381	7258	7135
7137	7138	7261	7260	7013	7014	7015	7016	7139	7262	7385	7384	7383	7382	7259	7136
7138	7139	7262	7261	7014	7015	7016	7017	7140	7263	7386	7385	7384	7383	7260	7137
7139	7140	7263	7262	7015	7016	7017	7018	7141	7264	7387	7386	7385	7384	7261	7138
7140	7141	7264	7263	7016	7017	7018	7019	7142	7265	7388	7387	7386	7385	7262	7139
7141	7142	7265	7264	7017	7018	7019	7020	7143	7266	7389	7388	7387	7386	7263	7140
7142	7143	7266	7265	7018	7019	7020	7021	7144	7267	7390	7389	7388	7387	7264	7141
7143	7144	7267	7266	7019	7020	7021	7022	7145	7268	7391	7390	7389	7388	7265	7142
7144	7145	7268	7267	7020	7021	7022	7023	7146	7269	7392	7391	7390	7389	7266	7143
7145	7146	7269	7268	7021	7022	7023	7024	7147	7270	7393	7392	7391	7390	7267	7144
7146	7147	7270	7269	7022	7023	7024	7025	7148	7271	7394	7393	7392	7391	7268	7145
7147	7148	7271	7270	7023	7024	7025	7026	7149	7272	7395	7394	7393	7392	7269	7146
7148	7149	7272	7271	7024	7025	7026	7027	7150	7273	7396	7395	7394	7393	7270	7147
7149	7150	7273	7272	7025	7026	7027	7028	7151	7274	7397	7396	7395	7394	7271	7148
7150	7151	7274	7273	7026	7027	7028	7029	7152	7275	7398	7397	7396	7395	7272	7149
7151	7152	7275	7274	7027	7028	7029	7030	7153	7276	7399	7398	7397	7396	7273	7150
7152	7153	7276	7275	7028	7029	7030	7031	7154	7277	7400	7399	7398	7397	7274	7151
7153	7154	7277	7276	7029	7030	7031	7032	7155	7278	7401	7400	7399	7398	7275	7152
7154	7155	7278	7277	7030	7031	7032	7033	7156	7279	7402	7401	7400	7399	7276	7153
7155	7156	7279	7278	7031	7032	7033	7034	7157	7280	7403	7402	7401	7400	7277	7154
7156	7157	7280	7279	7032	7033	7034	7035	7158	7281	7404	7403	7402	7401	7278	7155
7157	7158	7281	7280	7033	7034	7035	7036	7159	7282	7405	7404	7403	7402	7279	7156
7158	7159	7282	7281	7034	7035	7036	7037	7160	7283	7406	7405	7404	7403	7280	7157
7159	7160	7283	7282	7035	7036	7037	7038	7161	7284	7407	7406	7405	7404	7281	7158
7160	7161	7284	7283	7036	7037	7038	7039	7162	7285	7408	7407	7406	7405	7282	7159
7161	7162	7285	7284	7037	7038	7039	7040	7163	7286	7409	7408	7407	7406	7283	7160
7162	7163	7286	7285	7038	7039	7040	7041	7164	7287	7410	7409	7408	7407	7284	7161
7163	7164	7287	7286	7039	7040	7041	7042	7165	7288	7411	7410	7409	7408	7285	7162
7164	7165	7288	7287	7040	7041	7042	7043	7166	7289	7412	7411	7410	7409	7286	7163
7165	7166	7289	7288	7041	7042	7043	7044	7167	7290	7413	7412	7411	7410	7287	7164
7166	7167	7290	7289	7042	7043	7044	7045	7168	7291	7414	7413	7412	7411	7288	7165
7167	7168	7291	7290	7043	7044	7045	7046	7169	7292	7415	7414	7413	7412	7289	7166
7168	7169	7292	7291	7044	7045	7046	7047	7170	7293	7416	7415	7414	7413	7290	7167
7169	7170	7293	7292	7045	7046	7047	7048	7171	7294	7417	7416	7415	7414	7291	7168
7170	7171	7294	7293	7046	7047	7048	7049	7172	7295	7418	7417	7416	7415	7292	7169
7171	7172	7295	7294	7047	7048	7049	7050	7173	7296	7419	7418	7417	7416	7293	7170
7172	7173	7296	7295	7048	7049	7050	7051	7174	7297	7420	7419	7418	7417	7294	7171
7173	7174	7297	7296	7049	7050	7051	7052	7175	7298	7421	7420	7419	7418	7295	7172
7174	7175	7298	7297	7050	7051	7052	7053	7176	7299	7422	7421	7420	7419	7296	7173
7175	7176	7299	7298	7051	7052	7053	7054	7177	7300	7423	7422	7421	7420	7297	7174
7176	7177	7300	7299	7052	7053	7054	7055	7178	7301	7424	7423	7422	7421	7298	7175
7177	7178	7301	7300	7053	7054	7055	7056	7179	7302	7425	7424	7423	7422	7299	7176
7178	7179	7302	7301	7054	7055	7056	7057	7180	7303	7426	7425	7424	7423	7300	7177
7179	7180	7303	7302	7055	7056	7057	7058	7181	7304	7427	7426	7425	7424	7301	7178
7180	7181	7304	7303	7056	7057	7058	7059	7182	7305	7428	7427	7426	7425	7302	7179
7181	7182	7305	7304	7057	7058	7059	7060	7183	7306	7429	7428	7427	7426	7303	7180
7182	7183	7306	7305	7058	7059	7060	7061	7184	7307	7430	7429	7428	7427	7304	7181
7183	7184	7307	7306	7059	7060	7061	7062	7185	7308	7431	7430	7429	7428	7305	7182
7184	7185	7308	7307	7060	7061	7062	7063	7186	7309	7432	7431	7430	7429	7306	7183
7185	7186	7309	7308	7061	7062	7063	7064	7187	7310	7433	7432	7431	7430	7307	7184
7186	7187	7310	7309	7062	7063	7064	7065	7188	7311	7434	7433	7432	7431	7308	7185
7187	7188	7311	7310	7063	7064	7065	7066	7189	7312	7435	7434	7433	7432	7309	7186
7188	7189	7312	7311	7064	7065	7066	7067	7190	7313	7436	7435	7434	7433	7310	7187
7189	7190	7313	7312	7065	7066	7067	7068	7191	7314	7437	7436	7435	7434	7311	7188
7190	7191	7314	7313	7066	7067	7068	7069	7192	7315	7438	7437	7436	7435	7312	7189
7191	7192	7315	7314	7067	7068	7069	7070	7193	7316	7439	7438	7437	7436	7313	7190
7192	7193	7316	7315	7068	7069	7070	7071	7194	7317	7440	7439	7438	7437	7314	7191
7193	7194	7317	7316	7069	7070	7071	7072	7195	7318	7441	7440	7439	7438	7315	7192
7194	7195	7318	7317	7070	7071	7072	7073	7196	7319	7442	7441	7440	7439	7316	7193
7195	7196	7319	7318	7071	7072	7073	7074	7197	7320	7443	7442	7441	7440	7317	7194
7196	7197	7320	7319	7072	7073	7074	7075	7198	7321	7444	7443	7442	7441	7318	7195
7197	7198	7321	7320	7073	7074	7075	7076	7199	7322	7445	7444	7443	7442	7319	7196
7198	7199	7322	7321	7074	7075	7076	7077	7200	7323	7446	7445	7444	7443	7320	7197
7199	7200	7323	7322	7075	7076	7077	7078	7201	7324	7447	7446	7445	7444	7321	7198
7200	7201	7324	7323	7076	7077	7078	7079	7202	7325	7448	7447	7446	7445	7322	7199
7201	7202	7325	7324	7077	7078	7079	7080	7203	7326	7449	7448	7447	7446	7323	7200
7202	7203	7326	7325	7078	7079	7080	7081	7204	7327	7450	7449	7448	7447	7324	7201
7203	7204	7327	7326	7079	7080	7081	7082	7205	7328	7451	7450	7449	7448	7325	7202
7204	7205	7328	7327	7080	7081	7082	7083	7206	7329	7452	7451	7450	7449	7326	7203
7205	7206	7329	7328	7081	7082	7083	7084	7207	7330	7453	7452	7451	7450	7327	7204
7206	7207	7330	7329	7082	7083	7084	7085	7208	7331	7454	7453	7452	7451	7328	7205
7207	7208	7331	7330	7083	7084	7085	7086	7209	7332	7455	7454	7453	7452	7329	7206
7208	7209	7332	7331	7084	7085	7086	7087	7210	7333	7456	7455	7454	7453	7330	7207
7209	7210	7333	7332	7085	7086	7087	7088	7211	7334	7457	7456	7455	7454	7331	7208
7210	7211	7334	7333	7086	7087	7088	7089	7212	7335	7458	7457	7456	7455	7332	7209
7211	7212	7335	7334	7087	7088	7089	7090	7213	7336	7459	7458	7457	7456	7333	7210
7212	7213	7336	7335	7088	7089	7090	7091	7214	7337	7460	7459	7458	7457	7334	7211
7213	7214	7337	7336	7089	7090	7091	7092	7215	7338	7461	7460	7459	7458	7335	7212
7214	7215	7338	7337	7090	7091	7092	7093	7216	7339	7462	7461	7460	7459	7336	7213
7215	7216	7339	7338	7091	7092	7093	7094	7217	7340	7463	7462	7461	7460	7337	7214
7216	7217	7340	7339	7092	7093	7094	7095	7218	7341	7464	7463	7462	7461	7338	7215
7217	7218	7341	7340	7093	7094	7095	7096	7219	7342	7465	7464	7463	7462	7339	7216
7218	7219	7342	7341	7094	7095	7096	7097	7220	7343	7466	7465	7464	7463	7340	7217
7219	7220	7343	7342	7095	7096	7097	7098	7221	7344	7467	7466	7465	7464	7341	7218
7220	7221	7344	7343	7096	7097	7098	7099	7222	7345	7468	7467	7466	7465	7342	7219
7221	7222	7345	7344	7097	7098	7099	7100	7223	7346	7469	7468	7467	7466	7343	7220
7222	7223	7346	7345	7098	7099	7100	7101	7224	7347	7470	7469	7468	7467	7344	7221
7223	7224	7347	7346	7099	7100	7101	7102	7225	7348	7471	7470	7469	7468	7345	7222
7224	7225	7348	7347	7100	7101	7102	7103	7226	7349	7472	7471	7470	7469	7346	7223
7225	7226	7349	7348	7101	7102	7103	7104	7227	7350	7473	7472	7471	7470	7347	7224
7226	7227	7350	7349	7102	7103	7104	7105	7228	7351	7474	7473	7472	7471	7348	7225
7227	7228	7351	7350	7103	7104	7105	7106	7229	7352	7475	7474	7473	7472	7349	7226
7228	7229	7352	7351	7104	7105	7106	7107	7230	7353	7476	7475	7474	7473	7350	7227
7229	7230	7353	7352	7105	7106	7107	7108	7231	7354	7477	7476	7475	7474	7351	7228
7230	7231	7354	7353	7106	7107	7108	7109	7232	7355	7478	7477	7476	7475	7352	7229
7231	7232	7355	7354	7107	7108	7109	7110	7233	7356	7479	7478	7477	7476	7353	7230
7232	7233	7356	7355	7108	7109	7110	7111	7234	7357	7480	7479	7478	7477	7354	7231
7233	7234	7357	7356	7109	7110	7111	7112	7235	7358	7481	7480	7479	7478	7355	7232
7234	7235	7358	7357	7110	7111	7112	7113	7236	7359	7482	7481	7480	7479	7356	7233
7235	7236	7359	7358	7111	7112	7113	7114	7237	7360	7483	7482	7481	7480	7357	7234
7236	7237	7360	7359	7112	7113	7114	7115	7238	7361	7484	7483	7482	7481	7358	7235
7237	7238	7361	7360	7113	7114	7115	7116	7239	7362	7485	7484	7483	7482	7359	7236
7238	7239	7362	7361	7114	7115	7116	7117	7240	7363	7486	7485	7484	7483	7360	7237
7239	7240	7363	7362	7115	7116	7117	7118	7241	7364	7487	7486	7485	7484	7361	7238
7240	7241	7364	7363	7116	7117	7118	7119	7242	7365	7488	7487	7486	7485	7362	7239
7241	7242	7365	7364	7117	7118	7119	7120	7243	7366	7489	7488	7487	7486	7363	7240
7242	7243	7366	7365	7118	7119	7120	7121	7244	7367	7490	7489	7488	7487	7364	7241
7243	7244	7367	7366	7119	7120	7121	7122	7245	7368	7491	7490	7489	7488	7365	7242
7244	7245	7368	7367	7120	7121	7122	7123	7246	7369	7492	7491	7490	7489	7366	7243
7245	7246	7369	7368	7121	7122	7123	7124	7247	7370	7493	7492	7491	7490	7367	7244
7246	7247	7370	7369	7122	7123	7124	7125	7248	7371	7494	7493	7492	7491	7368	7245
7247	7248	7371	7370	7123	7124	7125	7126	7249	7372	7495	7494	7493	7492	7369	7246
7248	7249	7372	7371	7124	7125	7126	7127	7250	7373	7496	7495	7494	7493	7370	7247
7249	7250	7373	7372	7125	7126	7127	7128	7251	7374	7497	7496	7495	7494	7371	7248
7250	7251	7374	7373	7126	7127	7128	7129	7252	7375	7498	7497	7496	7495	7372	7249
7251	7252	7375	7374	7127	7128	7129	7130	7253	7376	7499	7498	7497	7496	7373	7250
7252	7253	7376	7375	7128	7129	7130	7131	7254	7377	7500	7499	7498	7497	7374	7251
7253	7254	7377	7376	7129	7130	7131	7132	7255	7378	7501	7500	7499	7498	7375	7252
7254	7255	7378	7377	7130	7131	7132	7133	7256	7379	7502	7501	7500	7499	7376	7253
7258	7259	7382	7381	7134	7135	7136	7137	7260	7383	7506	7505	7504	7503	7380	7257
7259	7260	7383	7382	7135	7136	7137	7138	7261	7384	7507	7506	7505	7504	7381	7258
7260	7261	7384	7383	7136	7137	7138	7139	7262	7385	7508	7507	7506	7505	7382	7259
7261	7262	7385	7384	7137	7138	7139	7140	7263	7386	7509	7508	7507	7506	7383	7260
7262	7263	7386	7385	7138	7139	7140	7141	7264	7387	7510	7509	7508	7507	7384	7261
7263	7264	7387	7386	7139	7140	7141	7142	7265	7388	7511	7510	7509	7508	7385	7262
7264	7265	7388	7387	7140	7141	7142	7143	7266	7389	7512	7511	7510	7509	7386	7263
7265	7266	7389	7388	7141	7142	7143	7144	7267	7390	7513	7512	7511	7510	7387	7264
7266	7267	7390	7389	7142	7143	7144	7145	7268	7391	7514	7513	7512	7511	7388	7265
7267	7268	7391	7390	7143	7144	7145	7146	7269	7392	7515	7514	7513	7512	7389	7266
7268	7269	7392	7391	7144	7145	7146	7147	7270	7393	7516	7515	7514	7513	7390	7267
7269	7270	7393	7392	7145	7146	7147	7148	7271	7394	7517	7516	7515	7514	7391	7268
7270	7271	7394	7393	7146	7147	7148	7149	7272	7395	7518	7517	7516	7515	7392	7269
7271	7272	7395	7394	7147	7148	7149	7150	7273	7396	7519	7518	7517	7516	7393	7270
7272	7273	7396	7395	7148	7149	7150	7151	7274	7397	7520	7519	7518	7517	7394	7271
7273	7274	7397	7396	7149	7150	7151	7152	7275	7398	7521	7520	7519	7518	7395	7272
7274	7275	7398	7397	7150	7151	7152	7153	7276	7399	7522	7521	7520	7519	7396	7273
7275	7276	7399	7398	7151	7152	7153	7154	7277	7400	7523	7522	7521	7520	7397	7274
7276	7277	7400	7399	7152	7153	7154	7155	7278	7401	7524	7523	7522	7521	7398	7275
7277	7278	7401	7400	7153	7154	7155	7156	7279	7402	7525	7524	7523	7522	7399	7276
7278	7279	7402	7401	7154	7155	7156	7157	7280	7403	7526	7525	7524	7523	7400	7277
7279	7280	7403	7402	7155	7156	7157	7158	7281	7404	7527	7526	7525	7524	7401	7278
7280	7281	7404	7403	7156	7157	7158	7159	7282	7405	7528	7527	7526	7525	7402	7279
7281	7282	7405	7404	7157	7158	7159	7160	7283	7406	7529	7528	7527	7526	7403	7280
7282	7283	7406	7405	7158	7159	7160	7161	7284	7407	7530	7529	7528	7527	7404	7281
7283	7284	7407	7406	7159	7160	7161	7162	7285	7408	7531	7530	7529	7528	7405	7282
7284	7285	7408	7407	7160	7161	7162	7163	7286	7409	7532	7531	7530	7529	7406	7283
7285	7286	7409	7408	7161	7162	7163	7164	7287	7410	7533	7532	7531	7530	7407	7284
7286	7287	7410	7409	7162	7163	7164	7165	7288	7411	7534	7533	7532	7531	7408	7285
7287	7288	7411	7410	7163	7164	7165	7166	7289	7412	7535	7534	7533	7532	7409	7286
7288	7289	7412	7411	7164	7165	7166	7167	7290	7413	7536	7535	7534	7533	7410	7287
7289	7290	7413	7412	7165	7166	7167	7168	7291	7414	7537	7536	7535	7534	7411	7288
7290	7291	7414	7413	7166	7167	7168	7169	7292	7415	7538	7537	7536	7535	7412	7289
7291	7292	7415	7414	7167	7168	7169	7170	7293	7416	7539	7538	7537	7536	7413	7290
7292	7293	7416	7415	7168	7169	7170	7171	7294	7417	7540	7539	7538	7537	7414	7291
7293	7294	7417	7416	7169	7170	7171	7172	7295	7418	7541	7540	7539	7538	7415	7292
7294	7295	7418	7417	7170	7171	7172	7173	7296	7419	7542	7541	7540	7539	7416	7293
7295	7296	7419	7418	7171	7172	7173	7174	7297	7420	7543	7542	7541	7540	7417	7294
7296	7297	7420	7419	7172	7173	7174	7175	7298	7421	7544	7543	7542	7541	7418	7295
7297	7298	7421	7420	7173	7174	7175	7176	7299	7422	7545	7544	7543	7542	7419	7296
7298	7299	7422	7421	7174	7175	7176	7177	7300	7423	7546	7545	7544	7543	7420	7297
7299	7300	7423	7422	7175	7176	7177	7178	7301	7424	7547	7546	7545	7544	7421	7298
7300	7301	7424	7423	7176	7177	7178	7179	7302	7425	7548	7547	7546	7545	7422	7299
7301	7302	7425	7424	7177	7178	7179	7180	7303	7426	7549	7548	7547	7546	7423	7300
7302	7303	7426	7425	7178	7179	7180	7181	7304	7427	7550	7549	7548	7547	7424	7301
7303	7304	7427	7426	7179	7180	7181	7182	7305	7428	7551	7550	7549	7548	7425	7302
7304	7305	7428	7427	7180	7181	7182	7183	7306	7429	7552	7551	7550	7549	7426	7303
7305	7306	7429	7428	7181	7182	7183	7184	7307	7430	7553	7552	7551	7550	7427	7304
7306	7307	7430	7429	7182	7183	7184	7185	7308	7431	7554	7553	7552	7551	7428	7305
7307	7308	7431	7430	7183	7184	7185	7186	7309	7432	7555	7554	7553	7552	7429	7306
7308	7309	7432	7431	7184	7185	7186	7187	7310	7433	7556	7555	7554	7553	7430	7307
7309	7310	7433	7432	7185	7186	7187	7188	7311	7434	7557	7556	7555	7554	7431	7308
7310	7311	7434	7433	7186	7187	7188	7189	7312	7435	7558	7557	7556	7555	7432	7309
7311	7312	7435	7434	7187	7188	7189	7190	7313	7436	7559	7558	7557	7556	7433	7310
7312	7313	7436	7435	7188	7189	7190	7191	7314	7437	7560	7559	7558	7557	7434	7311
7313	7314	7437	7436	7189	7190	7191	7192	7315	7438	7561	7560	7559	7558	7435	7312
7314	7315	7438	7437	7190	7191	7192	7193	7316	7439	7562	7561	7560	7559	7436	7313
7315	7316	7439	7438	7191	7192	7193	7194	7317	7440	7563	7562	7561	7560	7437	7314
7316	7317	7440	7439	7192	7193	7194	7195	7318	7441	7564	7563	7562	7561	7438	7315
7317	7318	7441	7440	7193	7194	7195	7196	7319	7442	7565	7564	7563	7562	7439	7316
7318	7319	7442	7441	7194	7195	7196	7197	7320	7443	7566	7565	7564	7563	7440	7317
7319	7320	7443	7442	7195	7196	7197	7198	7321	7444	7567	7566	7565	7564	7441	7318
7320	7321	7444	7443	7196	7197	7198	7199	7322	7445	7568	7567	7566	7565	7442	7319
7321	7322	7445	7444	7197	7198	7199	7200	7323	7446	7569	7568	7567	7566	7443	7320
7322	7323	7446	7445	7198	7199	7200	7201	7324	7447	7570	7569	7568	7567	7444	7321
7323	7324	7447	7446	7199	7200	7201	7202	7325	7448	7571	7570	7569	7568	7445	7322
7324	7325	7448	7447	7200	7201	7202	7203	7326	7449	7572	7571	7570	7569	7446	7323
7325	7326	7449	7448	7201	7202	7203	7204	7327	7450	7573	7572	7571	7570	7447	7324
7326	7327	7450	7449	7202	7203	7204	7205	7328	7451	7574	7573	7572	7571	7448	7325
7327	7328	7451	7450	7203	7204	7205	7206	7329	7452	7575	7574	7573	7572	7449	7326
7328	7329	7452	7451	7204	7205	7206	7207	7330	7453	7576	7575	7574	7573	7450	7327
7329	7330	7453	7452	7205	7206	7207	7208	7331	7454	7577	7576	7575	7574	7451	7328
7330	7331	7454	7453	7206	7207	7208	7209	7332	7455	7578	7577	7576	7575	7452	7329
7331	7332	7455	7454	7207	7208	7209	7210	7333	7456	7579	7578	7577	7576	7453	7330
7332	7333	7456	7455	7208	7209	7210	7211	7334	7457	7580	7579	7578	7577	7454	7331
7333	7334	7457	7456	7209	7210	7211	7212	7335	7458	7581	7580	7579	7578	7455	7332
7334	7335	7458	7457	7210	7211	7212	7213	7336	7459	7582	7581	7580	7579	7456	7333
7335	7336	7459	7458	7211	7212	7213	7214	7337	7460	7583	7582	7581	7580	7457	7334
7336	7337	7460	7459	7212	7213	7214	7215	7338	7461	7584	7583	7582	7581	7458	7335
7337	7338	7461	7460	7213	7214	7215	7216	7339	7462	7585	7584	7583	7582	7459	7336
7338	7339	7462	7461	7214	7215	7216	7217	7340	7463	7586	7585	7584	7583	7460	7337
7339	7340	7463	7462	7215	7216	7217	7218	7341	7464	7587	7586	7585	7584	7461	7338
7340	7341	7464	7463	7216	7217	7218	7219	7342	7465	7588	7587	7586	7585	7462	7339
7341	7342	7465	7464	7217	7218	7219	7220	7343	7466	7589	7588	7587	7586	7463	7340
7342	7343	7466	7465	7218	7219	7220	7221	7344	7467	7590	7589	7588	7587	7464	7341
7343	7344	7467	7466	7219	7220	7221	7222	7345	7468	7591	7590	7589	7588	7465	7342
7344	7345	7468	7467	7220	7221	7222	7223	7346	7469	7592	7591	7590	7589	7466	7343
7345	7346	7469	7468	7221	7222	7223	7224	7347	7470	7593	7592	7591	7590	7467	7344
7346	7347	7470	7469	7222	7223	7224	7225	7348	7471	7594	7593	7592	7591	7468	7345
7347	7348	7471	7470	7223	7224	7225	7226	7349	7472	7595	7594	7593	7592	7469	7346
7348	7349	7472	7471	7224	7225	7226	7227	7350	7473	7596	7595	7594	7593	7470	7347
7349	7350	7473	7472	7225	7226	7227	7228	7351	7474	7597	7596	7595	7594	7471	7348
7350	7351	7474	7473	7226	7227	7228	7229	7352	7475	7598	7597	7596	7595	7472	7349
7351	7352	7475	7474	7227	7228	7229	7230	7353	7476	7599	7598	7597	7596	7473	7350
7352	7353	7476	7475	7228	7229	7230	7231	7354	7477	7600	7599	7598	7597	7474	7351
7353	7354	7477	7476	7229	7230	7231	7232	7355	7478	7601	7600	7599	7598	7475	7352
7354	7355	7478	7477	7230	7231	7232	7233	7356	7479	7602	7601	7600	7599	7476	7353
7355	7356	7479	7478	7231	7232	7233	7234	7357	7480	7603	7602	7601	7600	7477	7354
7356	7357	7480	7479	7232	7233	7234	7235	7358	7481	7604	7603	7602	7601	7478	7355
7357	7358	7481	7480	7233	7234	7235	7236	7359	7482	7605	7604	7603	7602	7479	7356
7358	7359	7482	7481	7234	7235	7236	7237	7360	7483	7606	7605	7604	7603	7480	7357
7359	7360	7483	7482	7235	7236	7237	7238	7361	7484	7607	7606	7605	7604	7481	7358
7360	7361	7484	7483	7236	7237	7238	7239	7362	7485	7608	7607	7606	7605	7482	7359
7361	7362	7485	7484	7237	7238	7239	7240	7363	7486	7609	7608	7607	7606	7483	7360
7362	7363	7486	7485	7238	7239	7240	7241	7364	7487	7610	7609	7608	7607	7484	7361
7363	7364	7487	7486	7239	7240	7241	7242	7365	7488	7611	7610	7609	7608	7485	7362
7364	7365	7488	7487	7240	7241	7242	7243	7366	7489	7612	7611	7610	7609	7486	7363
7365	7366	7489	7488	7241	7242	7243	7244	7367	7490	7613	7612	7611	7610	7487	7364
7366	7367	7490	7489	7242	7243	7244	7245	7368	7491	7614	7613	7612	7611	7488	7365
7367	7368	7491	7490	7243	7244	7245	7246	7369	7492	7615	7614	7613	7612	7489	7366
7368	7369	7492	7491	7244	7245	7246	7247	7370	7493	7616	7615	7614	7613	7490	7367
7369	7370	7493	7492	7245	7246	7247	7248	7371	7494	7617	7616	7615	7614	7491	7368
7370	7371	7494	7493	7246	7247	7248	7249	7372	7495	7618	7617	7616	7615	7492	7369
7371	7372	7495	7494	7247	7248	7249	7250	7373	7496	7619	7618	7617	7616	7493	7370
7372	7373	7496	7495	7248	7249	7250	7251	7374	7497	7620	7619	7618	7617	7494	7371
7373	7374	7497	7496	7249	7250	7251	7252	7375	7498	7621	7620	7619	7618	7495	7372
7374	7375	7498	7497	7250	7251	7252	7253	7376	7499	7622	7621	7620	7619	7496	7373
7375	7376	7499	7498	7251	7252	7253	7254	7377	7500	7623	7622	7621	7620	7497	7374
7376	7377	7500	7499	7252	7253	7254	7255	7378	7501	7624	7623	7622	7621	7498	7375
7377	7378	7501	7500	7253	7254	7255	7256	7379	7502	7625	7624	7623	7622	7499	7376
7381	7382	7505	7504	7257	7258	7259	7260	7383	7506	7629	7628	7627	7626	7503	7380
7382	7383	7506	7505	7258	7259	7260	7261	7384	7507	7630	7629	7628	7627	7504	7381
7383	7384	7507	7506	7259	7260	7261	7262	7385	7508	7631	7630	7629	7628	7505	7382
7384	7385	7508	7507	7260	7261	7262	7263	7386	7509	7632	7631	7630	7629	7506	7383
7385	7386	7509	7508	7261	7262	7263	7264	7387	7510	7633	7632	7631	7630	7507	7384
7386	7387	7510	7509	7262	7263	7264	7265	7388	7511	7634	7633	7632	7631	7508	7385
7387	7388	7511	7510	7263	7264	7265	7266	7389	7512	7635	7634	7633	7632	7509	7386
7388	7389	7512	7511	7264	7265	7266	7267	7390	7513	7636	7635	7634	7633	7510	7387
7389	7390	7513	7512	7265	7266	7267	7268	7391	7514	7637	7636	7635	7634	7511	7388
7390	7391	7514	7513	7266	7267	7268	7269	7392	7515	7638	7637	7636	7635	7512	7389
7391	7392	7515	7514	7267	7268	7269	7270	7393	7516	7639	7638	7637	7636	7513	7390
7392	7393	7516	7515	7268	7269	7270	7271	7394	7517	7640	7639	7638	7637	7514	7391
7393	7394	7517	7516	7269	7270	7271	7272	7395	7518	7641	7640	7639	7638	7515	7392
7394	7395	7518	7517	7270	7271	7272	7273	7396	7519	7642	7641	7640	7639	7516	7393
7395	7396	7519	7518	7271	7272	7273	7274	7397	7520	7643	7642	7641	7640	7517	7394
7396	7397	7520	7519	7272	7273	7274	7275	7398	7521	7644	7643	7642	7641	7518	7395
7397	7398	7521	7520	7273	7274	7275	7276	7399	7522	7645	7644	7643	7642	7519	7396
7398	7399	7522	7521	7274	7275	7276	7277	7400	7523	7646	7645	7644	7643	7520	7397
7399	7400	7523	7522	7275	7276	7277	7278	7401	7524	7647	7646	7645	7644	7521	7398
7400	7401	7524	7523	7276	7277	7278	7279	7402	7525	7648	7647	7646	7645	7522	7399
7401	7402	7525	7524	7277	7278	7279	7280	7403	7526	7649	7648	7647	7646	7523	7400
7402	7403	7526	7525	7278	7279	7280	7281	7404	7527	7650	7649	7648	7647	7524	7401
7403	7404	7527	7526	7279	7280	7281	7282	7405	7528	7651	7650	7649	7648	7525	7402
7404	7405	7528	7527	7280	7281	7282	7283	7406	7529	7652	7651	7650	7649	7526	7403
7405	7406	7529	7528	7281	7282	7283	7284	7407	7530	7653	7652	7651	7650	7527	7404
7406	7407	7530	7529	7282	7283	7284	7285	7408	7531	7654	7653	7652	7651	7528	7405
7407	7408	7531	7530	7283	7284	7285	7286	7409	7532	7655	7654	7653	7652	7529	7406
7408	7409	7532	7531	7284	7285	7286	7287	7410	7533	7656	7655	7654	7653	7530	7407
7409	7410	7533	7532	7285	7286	7287	7288	7411	7534	7657	7656	7655	7654	7531	7408
7410	7411	7534	7533	7286	7287	7288	7289	7412	7535	7658	7657	7656	7655	7532	7409
7411	7412	7535	7534	7287	7288	7289	7290	7413	7536	7659	7658	7657	7656	7533	7410
7412	7413	7536	7535	7288	7289	7290	7291	7414	7537	7660	7659	7658	7657	7534	7411
7413	7414	7537	7536	7289	7290	7291	7292	7415	7538	7661	7660	7659	7658	7535	7412
7414	7415	7538	7537	7290	7291	7292	7293	7416	7539	7662	7661	7660	7659	7536	7413
7415	7416	7539	7538	7291	7292	7293	7294	7417	7540	7663	7662	7661	7660	7537	7414
7416	7417	7540	7539	7292	7293	7294	7295	7418	7541	7664	7663	7662	7661	7538	7415
7417	7418	7541	7540	7293	7294	7295	7296	7419	7542	7665	7664	7663	7662	7539	7416
7418	7419	7542	7541	7294	7295	7296	7297	7420	7543	7666	7665	7664	7663	7540	7417
7419	7420	7543	7542	7295	7296	7297	7298	7421	7544	7667	7666	7665	7664	7541	7418
7420	7421	7544	7543	7296	7297	7298	7299	7422	7545	7668	7667	7666	7665	7542	7419
7421	7422	7545	7544	7297	7298	7299	7300	7423	7546	7669	7668	7667	7666	7543	7420
7422	7423	7546	7545	7298	7299	7300	7301	7424	7547	7670	7669	7668	7667	7544	7421
7423	7424	7547	7546	7299	7300	7301	7302	7425	7548	7671	7670	7669	7668	7545	7422
7424	7425	7548	7547	7300	7301	7302	7303	7426	7549	7672	7671	7670	7669	7546	7423
7425	7426	7549	7548	7301	7302	7303	7304	7427	7550	7673	7672	7671	7670	7547	7424
7426	7427	7550	7549	7302	7303	7304	7305	7428	7551	7674	7673	7672	7671	7548	7425
7427	7428	7551	7550	7303	7304	7305	7306	7429	7552	7675	7674	7673	7672	7549	7426
7428	7429	7552	7551	7304	7305	7306	7307	7430	7553	7676	7675	7674	7673	7550	7427
7429	7430	7553	7552	7305	7306	7307	7308	7431	7554	7677	7676	7675	7674	7551	7428
7430	7431	7554	7553	7306	7307	7308	7309	7432	7555	7678	7677	7676	7675	7552	7429
7431	7432	7555	7554	7307	7308	7309	7310	7433	7556	7679	7678	7677	7676	7553	7430
7432	7433	7556	7555	7308	7309	7310	7311	7434	7557	7680	7679	7678	7677	7554	7431
7433	7434	7557	7556	7309	7310	7311	7312	7435	7558	7681	7680	7679	7678	7555	7432
7434	7435	7558	7557	7310	7311	7312	7313	7436	7559	7682	7681	7680	7679	7556	7433
7435	7436	7559	7558	7311	7312	7313	7314	7437	7560	7683	7682	7681	7680	7557	7434
7436	7437	7560	7559	7312	7313	7314	7315	7438	7561	7684	7683	7682	7681	7558	7435
7437	7438	7561	7560	7313	7314	7315	7316	7439	7562	7685	7684	7683	7682	7559	7436
7438	7439	7562	7561	7314	7315	7316	7317	7440	7563	7686	7685	7684	7683	7560	7437
7439	7440	7563	7562	7315	7316	7317	7318	7441	7564	7687	7686	7685	7684	7561	7438
7440	7441	7564	7563	7316	7317	7318	7319	7442	7565	7688	7687	7686	7685	7562	7439
7441	7442	7565	7564	7317	7318	7319	7320	7443	7566	7689	7688	7687	7686	7563	7440
7442	7443	7566	7565	7318	7319	7320	7321	7444	7567	7690	7689	7688	7687	7564	7441
7443	7444	7567	7566	7319	7320	7321	7322	7445	7568	7691	7690	7689	7688	7565	7442
7444	7445	7568	7567	7320	7321	7322	7323	7446	7569	7692	7691	7690	7689	7566	7443
7445	7446	7569	7568	7321	7322	7323	7324	7447	7570	7693	7692	7691	7690	7567	7444
7446	7447	7570	7569	7322	7323	7324	7325	7448	7571	7694	7693	7692	7691	7568	7445
7447	7448	7571	7570	7323	7324	7325	7326	7449	7572	7695	7694	7693	7692	7569	7446
7448	7449	7572	7571	7324	7325	7326	7327	7450	7573	7696	7695	7694	7693	7570	7447
7449	7450	7573	7572	7325	7326	7327	7328	7451	7574	7697	7696	7695	7694	7571	7448
7450	7451	7574	7573	7326	7327	7328	7329	7452	7575	7698	7697	7696	7695	7572	7449
7451	7452	7575	7574	7327	7328	7329	7330	7453	7576	7699	7698	7697	7696	7573	7450
7452	7453	7576	7575	7328	7329	7330	7331	7454	7577	7700	7699	7698	7697	7574	7451
7453	7454	7577	7576	7329	7330	7331	7332	7455	7578	7701	7700	7699	7698	7575	7452
7454	7455	7578	7577	7330	7331	7332	7333	7456	7579	7702	7701	7700	7699	7576	7453
7455	7456	7579	7578	7331	7332	7333	7334	7457	7580	7703	7702	7701	7700	7577	7454
7456	7457	7580	7579	7332	7333	7334	7335	7458	7581	7704	7703	7702	7701	7578	7455
7457	7458	7581	7580	7333	7334	7335	7336	7459	7582	7705	7704	7703	7702	7579	7456
7458	7459	7582	7581	7334	7335	7336	7337	7460	7583	7706	7705	7704	7703	7580	7457
7459	7460	7583	7582	7335	7336	7337	7338	7461	7584	7707	7706	7705	7704	7581	7458
7460	7461	7584	7583	7336	7337	7338	7339	7462	7585	7708	7707	7706	7705	7582	7459
7461	7462	7585	7584	7337	7338	7339	7340	7463	7586	7709	7708	7707	7706	7583	7460
7462	7463	7586	7585	7338	7339	7340	7341	7464	7587	7710	7709	7708	7707	7584	7461
7463	7464	7587	7586	7339	7340	7341	7342	7465	7588	7711	7710	7709	7708	7585	7462
7464	7465	7588	7587	7340	7341	7342	7343	7466	7589	7712	7711	7710	7709	7586	7463
7465	7466	7589	7588	7341	7342	7343	7344	7467	7590	7713	7712	7711	7710	7587	7464
7466	7467	7590	7589	7342	7343	7344	7345	7468	7591	7714	7713	7712	7711	7588	7465
7467	7468	7591	7590	7343	7344	7345	7346	7469	7592	7715	7714	7713	7712	7589	7466
7468	7469	7592	7591	7344	7345	7346	7347	7470	7593	7716	7715	7714	7713	7590	7467
7469	7470	7593	7592	7345	7346	7347	7348	7471	7594	7717	7716	7715	7714	7591	7468
7470	7471	7594	7593	7346	7347	7348	7349	7472	7595	7718	7717	7716	7715	7592	7469
7471	7472	7595	7594	7347	7348	7349	7350	7473	7596	7719	7718	7717	7716	7593	7470
7472	7473	7596	7595	7348	7349	7350	7351	7474	7597	7720	7719	7718	7717	7594	7471
7473	7474	7597	7596	7349	7350	7351	7352	7475	7598	7721	7720	7719	7718	7595	7472
7474	7475	7598	7597	7350	7351	7352	7353	7476	7599	7722	7721	7720	7719	7596	7473
7475	7476	7599	7598	7351	7352	7353	7354	7477	7600	7723	7722	7721	7720	7597	7474
7476	7477	7600	7599	7352	7353	7354	7355	7478	7601	7724	7723	7722	7721	7598	7475
7477	7478	7601	7600	7353	7354	7355	7356	7479	7602	7725	7724	7723	7722	7599	7476
7478	7479	7602	7601	7354	7355	7356	7357	7480	7603	7726	7725	7724	7723	7600	7477
7479	7480	7603	7602	7355	7356	7357	7358	7481	7604	7727	7726	7725	7724	7601	7478
7480	7481	7604	7603	7356	7357	7358	7359	7482	7605	7728	7727	7726	7725	7602	7479
7481	7482	7605	7604	7357	7358	7359	7360	7483	7606	7729	7728	7727	7726	7603	7480
7482	7483	7606	7605	7358	7359	7360	7361	7484	7607	7730	7729	7728	7727	7604	7481
7483	7484	7607	7606	7359	7360	7361	7362	7485	7608	7731	7730	7729	7728	7605	7482
7484	7485	7608	7607	7360	7361	7362	7363	7486	7609	7732	7731	7730	7729	7606	7483
7485	7486	7609	7608	7361	7362	7363	7364	7487	7610	7733	7732	7731	7730	7607	7484
7486	7487	7610	7609	7362	7363	7364	7365	7488	7611	7734	7733	7732	7731	7608	7485
7487	7488	7611	7610	7363	7364	7365	7366	7489	7612	7735	7734	7733	7732	7609	7486
7488	7489	7612	7611	7364	7365	7366	7367	7490	7613	7736	7735	7734	7733	7610	7487
7489	7490	7613	7612	7365	7366	7367	7368	7491	7614	7737	7736	7735	7734	7611	7488
7490	7491	7614	7613	7366	7367	7368	7369	7492	7615	7738	7737	7736	7735	7612	7489
7491	7492	7615	7614	7367	7368	7369	7370	7493	7616	7739	7738	7737	7736	7613	7490
7492	7493	7616	7615	7368	7369	7370	7371	7494	7617	7740	7739	7738	7737	7614	7491
7493	7494	7617	7616	7369	7370	7371	7372	7495	7618	7741	7740	7739	7738	7615	7492
7494	7495	7618	7617	7370	7371	7372	7373	7496	7619	7742	7741	7740	7739	7616	7493
7495	7496	7619	7618	7371	7372	7373	7374	7497	7620	7743	7742	7741	7740	7617	7494
7496	7497	7620	7619	7372	7373	7374	7375	7498	7621	7744	7743	7742	7741	7618	7495
7497	7498	7621	7620	7373	7374	7375	7376	7499	7622	7745	7744	7743	7742	7619	7496
7498	7499	7622	7621	7374	7375	7376	7377	7500	7623	7746	7745	7744	7743	7620	7497
7499	7500	7623	7622	7375	7376	7377	7378	7501	7624	7747	7746	7745	7744	7621	7498
7500	7501	7624	7623	7376	7377	7378	7379	7502	7625	7748	7747	7746	7745	7622	7499
