17320
0	-300000
1	-300000
2	-300000
3	-300000
4	-300000
5	-300000
6	-300000
7	-300000
8	-300000
9	-300000
10	-300000
11	-300000
12	-300000
13	-300000
14	-300000
15	-300000
16	-300000
17	-300000
18	-300000
19	-300000
20	-300000
21	-300000
22	-300000
23	-300000
24	-300000
25	-300000
26	-300000
27	-300000
28	-300000
29	-300000
30	-300000
31	-300000
32	-300000
33	-300000
34	-300000
35	-300000
36	-300000
37	-300000
38	-300000
39	-300000
40	-300000
41	-300000
42	-300000
43	-300000
44	-300000
45	-300000
46	-300000
47	-300000
48	-300000
49	-300000
50	-300000
51	-300000
52	-300000
53	-300000
54	-300000
55	-300000
56	-300000
57	-300000
58	-300000
59	-300000
60	-300000
61	-300000
62	-300000
63	-300000
64	-300000
65	-300000
66	-300000
67	-300000
68	-300000
69	-300000
70	-300000
71	-300000
72	-300000
73	-300000
74	-300000
75	-300000
76	-300000
77	-300000
78	-300000
79	-300000
80	-300000
81	-300000
82	-300000
83	-300000
84	-300000
85	-300000
86	-300000
87	-300000
88	-300000
89	-300000
90	-300000
91	-300000
92	-300000
93	-300000
94	-300000
95	-300000
96	-300000
97	-300000
98	-300000
99	-300000
100	-300000
101	-300000
102	-300000
103	-300000
104	-300000
105	-300000
106	-300000
107	-300000
108	-300000
109	-300000
110	-300000
111	-300000
112	-300000
113	-300000
114	-300000
115	-300000
116	-300000
117	-300000
118	-300000
119	-300000
120	-300000
121	-300000
122	-300000
123	-300000
124	-300000
125	-300000
126	-300000
127	-300000
128	-300000
129	-300000
130	-300000
131	-300000
132	-300000
133	-300000
134	-300000
135	-300000
136	-300000
137	-300000
138	-300000
139	-300000
140	-300000
141	-300000
142	-300000
143	-300000
144	-300000
145	-300000
146	-300000
147	-300000
148	-300000
149	-300000
150	-300000
151	-300000
152	-300000
153	-300000
154	-300000
155	-300000
156	-300000
157	-300000
158	-300000
159	-300000
160	-300000
161	-300000
162	-300000
163	-300000
164	-300000
165	-300000
166	-300000
167	-300000
168	-300000
169	-300000
170	-300000
171	-300000
172	-300000
173	-300000
174	-300000
175	-300000
176	-300000
177	-300000
178	-300000
179	-300000
180	-300000
181	-300000
182	-300000
183	-300000
184	-300000
185	-300000
186	-300000
187	-300000
188	-300000
189	-300000
190	-300000
191	-300000
192	-300000
193	-300000
194	-300000
195	-300000
196	-300000
197	-300000
198	-300000
199	-300000
200	-300000
201	-300000
202	-300000
203	-300000
204	-300000
205	-300000
206	-300000
207	-300000
208	-300000
209	-300000
210	-300000
211	-300000
212	-300000
213	-300000
214	-300000
215	-300000
216	-300000
217	-300000
218	-300000
219	-300000
220	-300000
221	-300000
222	-300000
223	-300000
224	-300000
225	-300000
226	-300000
227	-300000
228	-300000
229	-300000
230	-300000
231	-300000
232	-300000
233	-300000
234	-300000
235	-300000
236	-300000
237	-300000
238	-300000
239	-300000
240	-300000
241	-300000
242	-300000
243	-300000
244	-300000
245	-300000
246	-300000
247	-300000
248	-300000
249	-300000
250	-300000
251	-300000
252	-300000
253	-300000
254	-300000
255	-300000
256	-300000
257	-300000
258	-300000
259	-300000
260	-300000
261	-300000
262	-300000
263	-300000
264	-300000
265	-300000
266	-300000
267	-300000
268	-300000
269	-300000
270	-300000
271	-300000
272	-300000
273	-300000
274	-300000
275	-300000
276	-300000
277	-300000
278	-300000
279	-300000
280	-300000
281	-300000
282	-300000
283	-300000
284	-300000
285	-300000
286	-300000
287	-300000
288	-300000
289	-300000
290	-300000
291	-300000
292	-300000
293	-300000
294	-300000
295	-300000
296	-300000
297	-300000
298	-300000
299	-300000
300	-300000
301	-300000
302	-300000
303	-300000
304	-300000
305	-300000
306	-300000
307	-300000
308	-300000
309	-300000
310	-300000
311	-300000
312	-300000
313	-300000
314	-300000
315	-300000
316	-300000
317	-300000
318	-300000
319	-300000
320	-300000
321	-300000
322	-300000
323	-300000
324	-300000
325	-300000
326	-300000
327	-300000
328	-300000
329	-300000
330	-300000
331	-300000
332	-300000
333	-300000
334	-300000
335	-300000
336	-300000
337	-300000
338	-300000
339	-300000
340	-300000
341	-300000
342	-300000
343	-300000
344	-300000
345	-300000
346	-300000
347	-300000
348	-300000
349	-300000
350	-300000
351	-300000
352	-300000
353	-300000
354	-300000
355	-300000
356	-300000
357	-300000
358	-300000
359	-300000
360	-300000
361	-300000
362	-300000
363	-300000
364	-300000
365	-300000
366	-300000
367	-300000
368	-300000
369	-300000
370	-300000
371	-300000
372	-300000
373	-300000
374	-300000
375	-300000
376	-300000
377	-300000
378	-300000
379	-300000
380	-300000
381	-300000
382	-300000
383	-300000
384	-300000
385	-300000
386	-300000
387	-300000
388	-300000
389	-300000
390	-300000
391	-300000
392	-300000
393	-300000
394	-300000
395	-300000
396	-300000
397	-300000
398	-300000
399	-300000
400	-300000
401	-300000
402	-300000
403	-300000
404	-300000
405	-300000
406	-300000
407	-300000
408	-300000
409	-300000
410	-300000
411	-300000
412	-300000
413	-300000
414	-300000
415	-300000
416	-300000
417	-300000
418	-300000
419	-300000
420	-300000
421	-300000
422	-300000
423	-300000
424	-300000
425	-300000
426	-300000
427	-300000
428	-300000
429	-300000
430	-300000
431	-300000
432	-300000
433	-300000
434	-300000
435	-300000
436	-300000
437	-300000
438	-300000
439	-300000
440	-300000
441	-300000
442	-300000
443	-300000
444	-300000
445	-300000
446	-300000
447	-300000
448	-300000
449	-300000
450	-300000
451	-300000
452	-300000
453	-300000
454	-300000
455	-300000
456	-300000
457	-300000
458	-300000
459	-300000
460	-300000
461	-300000
462	-300000
463	-300000
464	-300000
465	-300000
466	-300000
467	-300000
468	-300000
469	-300000
470	-300000
471	-300000
472	-300000
473	-300000
474	-300000
475	-300000
476	-300000
477	-300000
478	-300000
479	-300000
480	-300000
481	-300000
482	-300000
483	-300000
484	-300000
485	-300000
486	-300000
487	-300000
488	-300000
489	-300000
490	-300000
491	-300000
492	-300000
493	-300000
494	-300000
495	-300000
496	-300000
497	-300000
498	-300000
499	-300000
500	-300000
501	-300000
502	-300000
503	-300000
504	-300000
505	-300000
506	-300000
507	-300000
508	-300000
509	-300000
510	-300000
511	-300000
512	-300000
513	-300000
514	-300000
515	-300000
516	-300000
517	-300000
518	-300000
519	-300000
520	-300000
521	-300000
522	-300000
523	-300000
524	-300000
525	-300000
526	-300000
527	-300000
528	-300000
529	-300000
530	-300000
531	-300000
532	-300000
533	-300000
534	-300000
535	-300000
536	-300000
537	-300000
538	-300000
539	-300000
540	-300000
541	-300000
542	-300000
543	-300000
544	-300000
545	-300000
546	-300000
547	-300000
548	-300000
549	-300000
550	-300000
551	-300000
552	-300000
553	-300000
554	-300000
555	-300000
556	-300000
557	-300000
558	-300000
559	-300000
560	-300000
561	-300000
562	-300000
563	-300000
564	-300000
565	-300000
566	-300000
567	-300000
568	-300000
569	-300000
570	-300000
571	-300000
572	-300000
573	-300000
574	-300000
575	-300000
576	-300000
577	-300000
578	-300000
579	-300000
580	-300000
581	-300000
582	-300000
583	-300000
584	-300000
585	-300000
586	-300000
587	-300000
588	-300000
589	-300000
590	-300000
591	-300000
592	-300000
593	-300000
594	-300000
595	-300000
596	-300000
597	-300000
598	-300000
599	-300000
600	-300000
601	-300000
602	-300000
603	-300000
604	-300000
605	-300000
606	-300000
607	-300000
608	-300000
609	-300000
610	-300000
611	-300000
612	-300000
613	-300000
614	-300000
615	-300000
616	-300000
617	-300000
618	-300000
619	-300000
620	-300000
621	-300000
622	-300000
623	-300000
624	-300000
625	-300000
626	-300000
627	-300000
628	-300000
629	-300000
630	-300000
631	-300000
632	-300000
633	-300000
634	-300000
635	-300000
636	-300000
637	-300000
638	-300000
639	-300000
640	-300000
641	-300000
642	-300000
643	-300000
644	-300000
645	-300000
646	-300000
647	-300000
648	-300000
649	-300000
650	-300000
651	-300000
652	-300000
653	-300000
654	-300000
655	-300000
656	-300000
657	-300000
658	-300000
659	-300000
660	-300000
661	-300000
662	-300000
663	-300000
664	-300000
665	-300000
666	-300000
667	-300000
668	-300000
669	-300000
670	-300000
671	-300000
672	-300000
673	-300000
674	-300000
675	-300000
676	-300000
677	-300000
678	-300000
679	-300000
680	-300000
681	-300000
682	-300000
683	-300000
684	-300000
685	-300000
686	-300000
687	-300000
688	-300000
689	-300000
690	-300000
691	-300000
692	-300000
693	-300000
694	-300000
695	-300000
696	-300000
697	-300000
698	-300000
699	-300000
700	-300000
701	-300000
702	-300000
703	-300000
704	-300000
705	-300000
706	-300000
707	-300000
708	-300000
709	-300000
710	-300000
711	-300000
712	-300000
713	-300000
714	-300000
715	-300000
716	-300000
717	-300000
718	-300000
719	-300000
720	-300000
721	-300000
722	-300000
723	-300000
724	-300000
725	-300000
726	-300000
727	-300000
728	-300000
729	-300000
730	-300000
731	-300000
732	-300000
733	-300000
734	-300000
735	-300000
736	-300000
737	-300000
738	-300000
739	-300000
740	-300000
741	-300000
742	-300000
743	-300000
744	-300000
745	-300000
746	-300000
747	-300000
748	-300000
749	-300000
750	-300000
751	-300000
752	-300000
753	-300000
754	-300000
755	-300000
756	-300000
757	-300000
758	-300000
759	-300000
760	-300000
761	-300000
762	-300000
763	-300000
764	-300000
765	-300000
766	-300000
767	-300000
768	-300000
769	-300000
770	-300000
771	-300000
772	-300000
773	-300000
774	-300000
775	-300000
776	-300000
777	-300000
778	-300000
779	-300000
780	-300000
781	-300000
782	-300000
783	-300000
784	-300000
785	-300000
786	-300000
787	-300000
788	-300000
789	-300000
790	-300000
791	-300000
792	-300000
793	-300000
794	-300000
795	-300000
796	-300000
797	-300000
798	-300000
799	-300000
800	-300000
801	-300000
802	-300000
803	-300000
804	-300000
805	-300000
806	-300000
807	-300000
808	-300000
809	-300000
810	-300000
811	-300000
812	-300000
813	-300000
814	-300000
815	-300000
816	-300000
817	-300000
818	-300000
819	-300000
820	-300000
821	-300000
822	-300000
823	-300000
824	-300000
825	-300000
826	-300000
827	-300000
828	-300000
829	-300000
830	-300000
831	-300000
832	-300000
833	-300000
834	-300000
835	-300000
836	-300000
837	-300000
838	-300000
839	-300000
840	-300000
841	-300000
842	-300000
843	-300000
844	-300000
845	-300000
846	-300000
847	-300000
848	-300000
849	-300000
850	-300000
851	-300000
852	-300000
853	-300000
854	-300000
855	-300000
856	-300000
857	-300000
858	-300000
859	-300000
860	-300000
861	-300000
862	-300000
863	-300000
864	-300000
865	-300000
866	-300000
867	-300000
868	-300000
869	-300000
870	-300000
871	-300000
872	-300000
873	-300000
874	-300000
875	-300000
876	-300000
877	-300000
878	-300000
879	-300000
880	-300000
881	-300000
882	-300000
883	-300000
884	-300000
885	-300000
886	-300000
887	-300000
888	-300000
889	-300000
890	-300000
891	-300000
892	-300000
893	-300000
894	-300000
895	-300000
896	-300000
897	-300000
898	-300000
899	-300000
900	-300000
901	-300000
902	-300000
903	-300000
904	-300000
905	-300000
906	-300000
907	-300000
908	-300000
909	-300000
910	-300000
911	-300000
912	-300000
913	-300000
914	-300000
915	-300000
916	-300000
917	-300000
918	-300000
919	-300000
920	-300000
921	-300000
922	-300000
923	-300000
924	-300000
925	-300000
926	-300000
927	-300000
928	-300000
929	-300000
930	-300000
931	-300000
932	-300000
933	-300000
934	-300000
935	-300000
936	-300000
937	-300000
938	-300000
939	-300000
940	-300000
941	-300000
942	-300000
943	-300000
944	-300000
945	-300000
946	-300000
947	-300000
948	-300000
949	-300000
950	-300000
951	-300000
952	-300000
953	-300000
954	-300000
955	-300000
956	-300000
957	-300000
958	-300000
959	-300000
960	-300000
961	-300000
962	-300000
963	-300000
964	-300000
965	-300000
966	-300000
967	-300000
968	-300000
969	-300000
970	-300000
971	-300000
972	-300000
973	-300000
974	-300000
975	-300000
976	-300000
977	-300000
978	-300000
979	-300000
980	-300000
981	-300000
982	-300000
983	-300000
984	-300000
985	-300000
986	-300000
987	-300000
988	-300000
989	-300000
990	-300000
991	-300000
992	-300000
993	-300000
994	-300000
995	-300000
996	-300000
997	-300000
998	-300000
999	-300000
1000	-300000
1001	-300000
1002	-300000
1003	-300000
1004	-300000
1005	-300000
1006	-300000
1007	-300000
1008	-300000
1009	-300000
1010	-300000
1011	-300000
1012	-300000
1013	-300000
1014	-300000
1015	-300000
1016	-300000
1017	-300000
1018	-300000
1019	-300000
1020	-300000
1021	-300000
1022	-300000
1023	-300000
1024	-300000
1025	-300000
1026	-300000
1027	-300000
1028	-300000
1029	-300000
1030	-300000
1031	-300000
1032	-300000
1033	-300000
1034	-300000
1035	-300000
1036	-300000
1037	-300000
1038	-300000
1039	-300000
1040	-300000
1041	-300000
1042	-300000
1043	-300000
1044	-300000
1045	-300000
1046	-300000
1047	-300000
1048	-300000
1049	-300000
1050	-300000
1051	-300000
1052	-300000
1053	-300000
1054	-300000
1055	-300000
1056	-300000
1057	-300000
1058	-300000
1059	-300000
1060	-300000
1061	-300000
1062	-300000
1063	-300000
1064	-300000
1065	-300000
1066	-300000
1067	-300000
1068	-300000
1069	-300000
1070	-300000
1071	-300000
1072	-300000
1073	-300000
1074	-300000
1075	-300000
1076	-300000
1077	-300000
1078	-300000
1079	-300000
1080	-300000
1081	-300000
1082	-300000
1083	-300000
1084	-300000
1085	-300000
1086	-300000
1087	-300000
1088	-300000
1089	-300000
1090	-300000
1091	-300000
1092	-300000
1093	-300000
1094	-300000
1095	-300000
1096	-300000
1097	-300000
1098	-300000
1099	-300000
1100	-300000
1101	-300000
1102	-300000
1103	-300000
1104	-300000
1105	-300000
1106	-300000
1107	-300000
1108	-300000
1109	-300000
1110	-300000
1111	-300000
1112	-300000
1113	-300000
1114	-300000
1115	-300000
1116	-300000
1117	-300000
1118	-300000
1119	-300000
1120	-300000
1121	-300000
1122	-300000
1123	-300000
1124	-300000
1125	-300000
1126	-300000
1127	-300000
1128	-300000
1129	-300000
1130	-300000
1131	-300000
1132	-300000
1133	-300000
1134	-300000
1135	-300000
1136	-300000
1137	-300000
1138	-300000
1139	-300000
1140	-300000
1141	-300000
1142	-300000
1143	-300000
1144	-300000
1145	-300000
1146	-300000
1147	-300000
1148	-300000
1149	-300000
1150	-300000
1151	-300000
1152	-300000
1153	-300000
1154	-300000
1155	-300000
1156	-300000
1157	-300000
1158	-300000
1159	-300000
1160	-300000
1161	-300000
1162	-300000
1163	-300000
1164	-300000
1165	-300000
1166	-300000
1167	-300000
1168	-300000
1169	-300000
1170	-300000
1171	-300000
1172	-300000
1173	-300000
1174	-300000
1175	-300000
1176	-300000
1177	-300000
1178	-300000
1179	-300000
1180	-300000
1181	-300000
1182	-300000
1183	-300000
1184	-300000
1185	-300000
1186	-300000
1187	-300000
1188	-300000
1189	-300000
1190	-300000
1191	-300000
1192	-300000
1193	-300000
1194	-300000
1195	-300000
1196	-300000
1197	-300000
1198	-300000
1199	-300000
1200	-300000
1201	-300000
1202	-300000
1203	-300000
1204	-300000
1205	-300000
1206	-300000
1207	-300000
1208	-300000
1209	-300000
1210	-300000
1211	-300000
1212	-300000
1213	-300000
1214	-300000
1215	-300000
1216	-300000
1217	-300000
1218	-300000
1219	-300000
1220	-300000
1221	-300000
1222	-300000
1223	-300000
1224	-300000
1225	-300000
1226	-300000
1227	-300000
1228	-300000
1229	-300000
1230	-300000
1231	-300000
1232	-300000
1233	-300000
1234	-300000
1235	-300000
1236	-300000
1237	-300000
1238	-300000
1239	-300000
1240	-300000
1241	-300000
1242	-300000
1243	-300000
1244	-300000
1245	-300000
1246	-300000
1247	-300000
1248	-300000
1249	-300000
1250	-300000
1251	-300000
1252	-300000
1253	-300000
1254	-300000
1255	-300000
1256	-300000
1257	-300000
1258	-300000
1259	-300000
1260	-300000
1261	-300000
1262	-300000
1263	-300000
1264	-300000
1265	-300000
1266	-300000
1267	-300000
1268	-300000
1269	-300000
1270	-300000
1271	-300000
1272	-300000
1273	-300000
1274	-300000
1275	-300000
1276	-300000
1277	-300000
1278	-300000
1279	-300000
1280	-300000
1281	-300000
1282	-300000
1283	-300000
1284	-300000
1285	-300000
1286	-300000
1287	-300000
1288	-300000
1289	-300000
1290	-300000
1291	-300000
1292	-300000
1293	-300000
1294	-300000
1295	-300000
1296	-300000
1297	-300000
1298	-300000
1299	-300000
1300	-300000
1301	-300000
1302	-300000
1303	-300000
1304	-300000
1305	-300000
1306	-300000
1307	-300000
1308	-300000
1309	-300000
1310	-300000
1311	-300000
1312	-300000
1313	-300000
1314	-300000
1315	-300000
1316	-300000
1317	-300000
1318	-300000
1319	-300000
1320	-300000
1321	-300000
1322	-300000
1323	-300000
1324	-300000
1325	-300000
1326	-300000
1327	-300000
1328	-300000
1329	-300000
1330	-300000
1331	-300000
1332	-300000
1333	-300000
1334	-300000
1335	-300000
1336	-300000
1337	-300000
1338	-300000
1339	-300000
1340	-300000
1341	-300000
1342	-300000
1343	-300000
1344	-300000
1345	-300000
1346	-300000
1347	-300000
1348	-300000
1349	-300000
1350	-300000
1351	-300000
1352	-300000
1353	-300000
1354	-300000
1355	-300000
1356	-300000
1357	-300000
1358	-300000
1359	-300000
1360	-300000
1361	-300000
1362	-300000
1363	-300000
1364	-300000
1365	-300000
1366	-300000
1367	-300000
1368	-300000
1369	-300000
1370	-300000
1371	-300000
1372	-300000
1373	-300000
1374	-300000
1375	-300000
1376	-300000
1377	-300000
1378	-300000
1379	-300000
1380	-300000
1381	-300000
1382	-300000
1383	-300000
1384	-300000
1385	-300000
1386	-300000
1387	-300000
1388	-300000
1389	-300000
1390	-300000
1391	-300000
1392	-300000
1393	-300000
1394	-300000
1395	-300000
1396	-300000
1397	-300000
1398	-300000
1399	-300000
1400	-300000
1401	-300000
1402	-300000
1403	-300000
1404	-300000
1405	-300000
1406	-300000
1407	-300000
1408	-300000
1409	-300000
1410	-300000
1411	-300000
1412	-300000
1413	-300000
1414	-300000
1415	-300000
1416	-300000
1417	-300000
1418	-300000
1419	-300000
1420	-300000
1421	-300000
1422	-300000
1423	-300000
1424	-300000
1425	-300000
1426	-300000
1427	-300000
1428	-300000
1429	-300000
1430	-300000
1431	-300000
1432	-300000
1433	-300000
1434	-300000
1435	-300000
1436	-300000
1437	-300000
1438	-300000
1439	-300000
1440	-300000
1441	-300000
1442	-300000
1443	-300000
1444	-300000
1445	-300000
1446	-300000
1447	-300000
1448	-300000
1449	-300000
1450	-300000
1451	-300000
1452	-300000
1453	-300000
1454	-300000
1455	-300000
1456	-300000
1457	-300000
1458	-300000
1459	-300000
1460	-300000
1461	-300000
1462	-300000
1463	-300000
1464	-300000
1465	-300000
1466	-300000
1467	-300000
1468	-300000
1469	-300000
1470	-300000
1471	-300000
1472	-300000
1473	-300000
1474	-300000
1475	-300000
1476	-300000
1477	-300000
1478	-300000
1479	-300000
1480	-300000
1481	-300000
1482	-300000
1483	-300000
1484	-300000
1485	-300000
1486	-300000
1487	-300000
1488	-300000
1489	-300000
1490	-300000
1491	-300000
1492	-300000
1493	-300000
1494	-300000
1495	-300000
1496	-300000
1497	-300000
1498	-300000
1499	-300000
1500	-300000
1501	-300000
1502	-300000
1503	-300000
1504	-300000
1505	-300000
1506	-300000
1507	-300000
1508	-300000
1509	-300000
1510	-300000
1511	-300000
1512	-300000
1513	-300000
1514	-300000
1515	-300000
1516	-300000
1517	-300000
1518	-300000
1519	-300000
1520	-300000
1521	-300000
1522	-300000
1523	-300000
1524	-300000
1525	-300000
1526	-300000
1527	-300000
1528	-300000
1529	-300000
1530	-300000
1531	-300000
1532	-300000
1533	-300000
1534	-300000
1535	-300000
1536	-300000
1537	-300000
1538	-300000
1539	-300000
1540	-300000
1541	-300000
1542	-300000
1543	-300000
1544	-300000
1545	-300000
1546	-300000
1547	-300000
1548	-300000
1549	-300000
1550	-300000
1551	-300000
1552	-300000
1553	-300000
1554	-300000
1555	-300000
1556	-300000
1557	-300000
1558	-300000
1559	-300000
1560	-300000
1561	-300000
1562	-300000
1563	-300000
1564	-300000
1565	-300000
1566	-300000
1567	-300000
1568	-300000
1569	-300000
1570	-300000
1571	-300000
1572	-300000
1573	-300000
1574	-300000
1575	-300000
1576	-300000
1577	-300000
1578	-300000
1579	-300000
1580	-300000
1581	-300000
1582	-300000
1583	-300000
1584	-300000
1585	-300000
1586	-300000
1587	-300000
1588	-300000
1589	-300000
1590	-300000
1591	-300000
1592	-300000
1593	-300000
1594	-300000
1595	-300000
1596	-300000
1597	-300000
1598	-300000
1599	-300000
1600	-300000
1601	-300000
1602	-300000
1603	-300000
1604	-300000
1605	-300000
1606	-300000
1607	-300000
1608	-300000
1609	-300000
1610	-300000
1611	-300000
1612	-300000
1613	-300000
1614	-300000
1615	-300000
1616	-300000
1617	-300000
1618	-300000
1619	-300000
1620	-300000
1621	-300000
1622	-300000
1623	-300000
1624	-300000
1625	-300000
1626	-300000
1627	-300000
1628	-300000
1629	-300000
1630	-300000
1631	-300000
1632	-300000
1633	-300000
1634	-300000
1635	-300000
1636	-300000
1637	-300000
1638	-300000
1639	-300000
1640	-300000
1641	-300000
1642	-300000
1643	-300000
1644	-300000
1645	-300000
1646	-300000
1647	-300000
1648	-300000
1649	-300000
1650	-300000
1651	-300000
1652	-300000
1653	-300000
1654	-300000
1655	-300000
1656	-300000
1657	-300000
1658	-300000
1659	-300000
1660	-300000
1661	-300000
1662	-300000
1663	-300000
1664	-300000
1665	-300000
1666	-300000
1667	-300000
1668	-300000
1669	-300000
1670	-300000
1671	-300000
1672	-300000
1673	-300000
1674	-300000
1675	-300000
1676	-300000
1677	-300000
1678	-300000
1679	-300000
1680	-300000
1681	-300000
1682	-300000
1683	-300000
1684	-300000
1685	-300000
1686	-300000
1687	-300000
1688	-300000
1689	-300000
1690	-300000
1691	-300000
1692	-300000
1693	-300000
1694	-300000
1695	-300000
1696	-300000
1697	-300000
1698	-300000
1699	-300000
1700	-300000
1701	-300000
1702	-300000
1703	-300000
1704	-300000
1705	-300000
1706	-300000
1707	-300000
1708	-300000
1709	-300000
1710	-300000
1711	-300000
1712	-300000
1713	-300000
1714	-300000
1715	-300000
1716	-300000
1717	-300000
1718	-300000
1719	-300000
1720	-300000
1721	-300000
1722	-300000
1723	-300000
1724	-300000
1725	-300000
1726	-300000
1727	-300000
1728	-300000
1729	-300000
1730	-300000
1731	-300000
1732	-300000
1733	-300000
1734	-300000
1735	-300000
1736	-300000
1737	-300000
1738	-300000
1739	-300000
1740	-300000
1741	-300000
1742	-300000
1743	-300000
1744	-300000
1745	-300000
1746	-300000
1747	-300000
1748	-300000
1749	-300000
1750	-300000
1751	-300000
1752	-300000
1753	-300000
1754	-300000
1755	-300000
1756	-300000
1757	-300000
1758	-300000
1759	-300000
1760	-300000
1761	-300000
1762	-300000
1763	-300000
1764	-300000
1765	-300000
1766	-300000
1767	-300000
1768	-300000
1769	-300000
1770	-300000
1771	-300000
1772	-300000
1773	-300000
1774	-300000
1775	-300000
1776	-300000
1777	-300000
1778	-300000
1779	-300000
1780	-300000
1781	-300000
1782	-300000
1783	-300000
1784	-300000
1785	-300000
1786	-300000
1787	-300000
1788	-300000
1789	-300000
1790	-300000
1791	-300000
1792	-300000
1793	-300000
1794	-300000
1795	-300000
1796	-300000
1797	-300000
1798	-300000
1799	-300000
1800	-300000
1801	-300000
1802	-300000
1803	-300000
1804	-300000
1805	-300000
1806	-300000
1807	-300000
1808	-300000
1809	-300000
1810	-300000
1811	-300000
1812	-300000
1813	-300000
1814	-300000
1815	-300000
1816	-300000
1817	-300000
1818	-300000
1819	-300000
1820	-300000
1821	-300000
1822	-300000
1823	-300000
1824	-300000
1825	-300000
1826	-300000
1827	-300000
1828	-300000
1829	-300000
1830	-300000
1831	-300000
1832	-300000
1833	-300000
1834	-300000
1835	-300000
1836	-300000
1837	-300000
1838	-300000
1839	-300000
1840	-300000
1841	-300000
1842	-300000
1843	-300000
1844	-300000
1845	-300000
1846	-300000
1847	-300000
1848	-300000
1849	-300000
1850	-300000
1851	-300000
1852	-300000
1853	-300000
1854	-300000
1855	-300000
1856	-300000
1857	-300000
1858	-300000
1859	-300000
1860	-300000
1861	-300000
1862	-300000
1863	-300000
1864	-300000
1865	-300000
1866	-300000
1867	-300000
1868	-300000
1869	-300000
1870	-300000
1871	-300000
1872	-300000
1873	-300000
1874	-300000
1875	-300000
1876	-300000
1877	-300000
1878	-300000
1879	-300000
1880	-300000
1881	-300000
1882	-300000
1883	-300000
1884	-300000
1885	-300000
1886	-300000
1887	-300000
1888	-300000
1889	-300000
1890	-300000
1891	-300000
1892	-300000
1893	-300000
1894	-300000
1895	-300000
1896	-300000
1897	-300000
1898	-300000
1899	-300000
1900	-300000
1901	-300000
1902	-300000
1903	-300000
1904	-300000
1905	-300000
1906	-300000
1907	-300000
1908	-300000
1909	-300000
1910	-300000
1911	-300000
1912	-300000
1913	-300000
1914	-300000
1915	-300000
1916	-300000
1917	-300000
1918	-300000
1919	-300000
1920	-300000
1921	-300000
1922	-300000
1923	-300000
1924	-300000
1925	-300000
1926	-300000
1927	-300000
1928	-300000
1929	-300000
1930	-300000
1931	-300000
1932	-300000
1933	-300000
1934	-300000
1935	-300000
1936	-300000
1937	-300000
1938	-300000
1939	-300000
1940	-300000
1941	-300000
1942	-300000
1943	-300000
1944	-300000
1945	-300000
1946	-300000
1947	-300000
1948	-300000
1949	-300000
1950	-300000
1951	-300000
1952	-300000
1953	-300000
1954	-300000
1955	-300000
1956	-300000
1957	-300000
1958	-300000
1959	-300000
1960	-300000
1961	-300000
1962	-300000
1963	-300000
1964	-300000
1965	-300000
1966	-300000
1967	-300000
1968	-300000
1969	-300000
1970	-300000
1971	-300000
1972	-300000
1973	-300000
1974	-300000
1975	-300000
1976	-300000
1977	-300000
1978	-300000
1979	-300000
1980	-300000
1981	-300000
1982	-300000
1983	-300000
1984	-300000
1985	-300000
1986	-300000
1987	-300000
1988	-300000
1989	-300000
1990	-300000
1991	-300000
1992	-300000
1993	-300000
1994	-300000
1995	-300000
1996	-300000
1997	-300000
1998	-300000
1999	-300000
2000	-300000
2001	-300000
2002	-300000
2003	-300000
2004	-300000
2005	-300000
2006	-300000
2007	-300000
2008	-300000
2009	-300000
2010	-300000
2011	-300000
2012	-300000
2013	-300000
2014	-300000
2015	-300000
2016	-300000
2017	-300000
2018	-300000
2019	-300000
2020	-300000
2021	-300000
2022	-300000
2023	-300000
2024	-300000
2025	-300000
2026	-300000
2027	-300000
2028	-300000
2029	-300000
2030	-300000
2031	-300000
2032	-300000
2033	-300000
2034	-300000
2035	-300000
2036	-300000
2037	-300000
2038	-300000
2039	-300000
2040	-300000
2041	-300000
2042	-300000
2043	-300000
2044	-300000
2045	-300000
2046	-300000
2047	-300000
2048	-300000
2049	-300000
2050	-300000
2051	-300000
2052	-300000
2053	-300000
2054	-300000
2055	-300000
2056	-300000
2057	-300000
2058	-300000
2059	-300000
2060	-300000
2061	-300000
2062	-300000
2063	-300000
2064	-300000
2065	-300000
2066	-300000
2067	-300000
2068	-300000
2069	-300000
2070	-300000
2071	-300000
2072	-300000
2073	-300000
2074	-300000
2075	-300000
2076	-300000
2077	-300000
2078	-300000
2079	-300000
2080	-300000
2081	-300000
2082	-300000
2083	-300000
2084	-300000
2085	-300000
2086	-300000
2087	-300000
2088	-300000
2089	-300000
2090	-300000
2091	-300000
2092	-300000
2093	-300000
2094	-300000
2095	-300000
2096	-300000
2097	-300000
2098	-300000
2099	-300000
2100	-300000
2101	-300000
2102	-300000
2103	-300000
2104	-300000
2105	-300000
2106	-300000
2107	-300000
2108	-300000
2109	-300000
2110	-300000
2111	-300000
2112	-300000
2113	-300000
2114	-300000
2115	-300000
2116	-300000
2117	-300000
2118	-300000
2119	-300000
2120	-300000
2121	-300000
2122	-300000
2123	-300000
2124	-300000
2125	-300000
2126	-300000
2127	-300000
2128	-300000
2129	-300000
2130	-300000
2131	-300000
2132	-300000
2133	-300000
2134	-300000
2135	-300000
2136	-300000
2137	-300000
2138	-300000
2139	-300000
2140	-300000
2141	-300000
2142	-300000
2143	-300000
2144	-300000
2145	-300000
2146	-300000
2147	-300000
2148	-300000
2149	-300000
2150	-300000
2151	-300000
2152	-300000
2153	-300000
2154	-300000
2155	-300000
2156	-300000
2157	-300000
2158	-300000
2159	-300000
2160	-300000
2161	-300000
2162	-300000
2163	-300000
2164	-300000
2165	-300000
2166	-300000
2167	-300000
2168	-300000
2169	-300000
2170	-300000
2171	-300000
2172	-300000
2173	-300000
2174	-300000
2175	-300000
2176	-300000
2177	-300000
2178	-300000
2179	-300000
2180	-300000
2181	-300000
2182	-300000
2183	-300000
2184	-300000
2185	-300000
2186	-300000
2187	-300000
2188	-300000
2189	-300000
2190	-300000
2191	-300000
2192	-300000
2193	-300000
2194	-300000
2195	-300000
2196	-300000
2197	-300000
2198	-300000
2199	-300000
2200	-300000
2201	-300000
2202	-300000
2203	-300000
2204	-300000
2205	-300000
2206	-300000
2207	-300000
2208	-300000
2209	-300000
2210	-300000
2211	-300000
2212	-300000
2213	-300000
2214	-300000
2215	-300000
2216	-300000
2217	-300000
2218	-300000
2219	-300000
2220	-300000
2221	-300000
2222	-300000
2223	-300000
2224	-300000
2225	-300000
2226	-300000
2227	-300000
2228	-300000
2229	-300000
2230	-300000
2231	-300000
2232	-300000
2233	-300000
2234	-300000
2235	-300000
2236	-300000
2237	-300000
2238	-300000
2239	-300000
2240	-300000
2241	-300000
2242	-300000
2243	-300000
2244	-300000
2245	-300000
2246	-300000
2247	-300000
2248	-300000
2249	-300000
2250	-300000
2251	-300000
2252	-300000
2253	-300000
2254	-300000
2255	-300000
2256	-300000
2257	-300000
2258	-300000
2259	-300000
2260	-300000
2261	-300000
2262	-300000
2263	-300000
2264	-300000
2265	-300000
2266	-300000
2267	-300000
2268	-300000
2269	-300000
2270	-300000
2271	-300000
2272	-300000
2273	-300000
2274	-300000
2275	-300000
2276	-300000
2277	-300000
2278	-300000
2279	-300000
2280	-300000
2281	-300000
2282	-300000
2283	-300000
2284	-300000
2285	-300000
2286	-300000
2287	-300000
2288	-300000
2289	-300000
2290	-300000
2291	-300000
2292	-300000
2293	-300000
2294	-300000
2295	-300000
2296	-300000
2297	-300000
2298	-300000
2299	-300000
2300	-300000
2301	-300000
2302	-300000
2303	-300000
2304	-300000
2305	-300000
2306	-300000
2307	-300000
2308	-300000
2309	-300000
2310	-300000
2311	-300000
2312	-300000
2313	-300000
2314	-300000
2315	-300000
2316	-300000
2317	-300000
2318	-300000
2319	-300000
2320	-300000
2321	-300000
2322	-300000
2323	-300000
2324	-300000
2325	-300000
2326	-300000
2327	-300000
2328	-300000
2329	-300000
2330	-300000
2331	-300000
2332	-300000
2333	-300000
2334	-300000
2335	-300000
2336	-300000
2337	-300000
2338	-300000
2339	-300000
2340	-300000
2341	-300000
2342	-300000
2343	-300000
2344	-300000
2345	-300000
2346	-300000
2347	-300000
2348	-300000
2349	-300000
2350	-300000
2351	-300000
2352	-300000
2353	-300000
2354	-300000
2355	-300000
2356	-300000
2357	-300000
2358	-300000
2359	-300000
2360	-300000
2361	-300000
2362	-300000
2363	-300000
2364	-300000
2365	-300000
2366	-300000
2367	-300000
2368	-300000
2369	-300000
2370	-300000
2371	-300000
2372	-300000
2373	-300000
2374	-300000
2375	-300000
2376	-300000
2377	-300000
2378	-300000
2379	-300000
2380	-300000
2381	-300000
2382	-300000
2383	-300000
2384	-300000
2385	-300000
2386	-300000
2387	-300000
2388	-300000
2389	-300000
2390	-300000
2391	-300000
2392	-300000
2393	-300000
2394	-300000
2395	-300000
2396	-300000
2397	-300000
2398	-300000
2399	-300000
2400	-300000
2401	-300000
2402	-300000
2403	-300000
2404	-300000
2405	-300000
2406	-300000
2407	-300000
2408	-300000
2409	-300000
2410	-300000
2411	-300000
2412	-300000
2413	-300000
2414	-300000
2415	-300000
2416	-300000
2417	-300000
2418	-300000
2419	-300000
2420	-300000
2421	-300000
2422	-300000
2423	-300000
2424	-300000
2425	-300000
2426	-300000
2427	-300000
2428	-300000
2429	-300000
2430	-300000
2431	-300000
2432	-300000
2433	-300000
2434	-300000
2435	-300000
2436	-300000
2437	-300000
2438	-300000
2439	-300000
2440	-300000
2441	-300000
2442	-300000
2443	-300000
2444	-300000
2445	-300000
2446	-300000
2447	-300000
2448	-300000
2449	-300000
2450	-300000
2451	-300000
2452	-300000
2453	-300000
2454	-300000
2455	-300000
2456	-300000
2457	-300000
2458	-300000
2459	-300000
2460	-300000
2461	-300000
2462	-300000
2463	-300000
2464	-300000
2465	-300000
2466	-300000
2467	-300000
2468	-300000
2469	-300000
2470	-300000
2471	-300000
2472	-300000
2473	-300000
2474	-300000
2475	-300000
2476	-300000
2477	-300000
2478	-300000
2479	-300000
2480	-300000
2481	-300000
2482	-300000
2483	-300000
2484	-300000
2485	-300000
2486	-300000
2487	-300000
2488	-300000
2489	-300000
2490	-300000
2491	-300000
2492	-300000
2493	-300000
2494	-300000
2495	-300000
2496	-300000
2497	-300000
2498	-300000
2499	-300000
2500	-300000
2501	-300000
2502	-300000
2503	-300000
2504	-300000
2505	-300000
2506	-300000
2507	-300000
2508	-300000
2509	-300000
2510	-300000
2511	-300000
2512	-300000
2513	-300000
2514	-300000
2515	-300000
2516	-300000
2517	-300000
2518	-300000
2519	-300000
2520	-300000
2521	-300000
2522	-300000
2523	-300000
2524	-300000
2525	-300000
2526	-300000
2527	-300000
2528	-300000
2529	-300000
2530	-300000
2531	-300000
2532	-300000
2533	-300000
2534	-300000
2535	-300000
2536	-300000
2537	-300000
2538	-300000
2539	-300000
2540	-300000
2541	-300000
2542	-300000
2543	-300000
2544	-300000
2545	-300000
2546	-300000
2547	-300000
2548	-300000
2549	-300000
2550	-300000
2551	-300000
2552	-300000
2553	-300000
2554	-300000
2555	-300000
2556	-300000
2557	-300000
2558	-300000
2559	-300000
2560	-300000
2561	-300000
2562	-300000
2563	-300000
2564	-300000
2565	-300000
2566	-300000
2567	-300000
2568	-300000
2569	-300000
2570	-300000
2571	-300000
2572	-300000
2573	-300000
2574	-300000
2575	-300000
2576	-300000
2577	-300000
2578	-300000
2579	-300000
2580	-300000
2581	-300000
2582	-300000
2583	-300000
2584	-300000
2585	-300000
2586	-300000
2587	-300000
2588	-300000
2589	-300000
2590	-300000
2591	-300000
2592	-300000
2593	-300000
2594	-300000
2595	-300000
2596	-300000
2597	-300000
2598	-300000
2599	-300000
2600	-300000
2601	-300000
2602	-300000
2603	-300000
2604	-300000
2605	-300000
2606	-300000
2607	-300000
2608	-300000
2609	-300000
2610	-300000
2611	-300000
2612	-300000
2613	-300000
2614	-300000
2615	-300000
2616	-300000
2617	-300000
2618	-300000
2619	-300000
2620	-300000
2621	-300000
2622	-300000
2623	-300000
2624	-300000
2625	-300000
2626	-300000
2627	-300000
2628	-300000
2629	-300000
2630	-300000
2631	-300000
2632	-300000
2633	-300000
2634	-300000
2635	-300000
2636	-300000
2637	-300000
2638	-300000
2639	-300000
2640	-300000
2641	-300000
2642	-300000
2643	-300000
2644	-300000
2645	-300000
2646	-300000
2647	-300000
2648	-300000
2649	-300000
2650	-300000
2651	-300000
2652	-300000
2653	-300000
2654	-300000
2655	-300000
2656	-300000
2657	-300000
2658	-300000
2659	-300000
2660	-300000
2661	-300000
2662	-300000
2663	-300000
2664	-300000
2665	-300000
2666	-300000
2667	-300000
2668	-300000
2669	-300000
2670	-300000
2671	-300000
2672	-300000
2673	-300000
2674	-300000
2675	-300000
2676	-300000
2677	-300000
2678	-300000
2679	-300000
2680	-300000
2681	-300000
2682	-300000
2683	-300000
2684	-300000
2685	-300000
2686	-300000
2687	-300000
2688	-300000
2689	-300000
2690	-300000
2691	-300000
2692	-300000
2693	-300000
2694	-300000
2695	-300000
2696	-300000
2697	-300000
2698	-300000
2699	-300000
2700	-300000
2701	-300000
2702	-300000
2703	-300000
2704	-300000
2705	-300000
2706	-300000
2707	-300000
2708	-300000
2709	-300000
2710	-300000
2711	-300000
2712	-300000
2713	-300000
2714	-300000
2715	-300000
2716	-300000
2717	-300000
2718	-300000
2719	-300000
2720	-300000
2721	-300000
2722	-300000
2723	-300000
2724	-300000
2725	-300000
2726	-300000
2727	-300000
2728	-300000
2729	-300000
2730	-300000
2731	-300000
2732	-300000
2733	-300000
2734	-300000
2735	-300000
2736	-300000
2737	-300000
2738	-300000
2739	-300000
2740	-300000
2741	-300000
2742	-300000
2743	-300000
2744	-300000
2745	-300000
2746	-300000
2747	-300000
2748	-300000
2749	-300000
2750	-300000
2751	-300000
2752	-300000
2753	-300000
2754	-300000
2755	-300000
2756	-300000
2757	-300000
2758	-300000
2759	-300000
2760	-300000
2761	-300000
2762	-300000
2763	-300000
2764	-300000
2765	-300000
2766	-300000
2767	-300000
2768	-300000
2769	-300000
2770	-300000
2771	-300000
2772	-300000
2773	-300000
2774	-300000
2775	-300000
2776	-300000
2777	-300000
2778	-300000
2779	-300000
2780	-300000
2781	-300000
2782	-300000
2783	-300000
2784	-300000
2785	-300000
2786	-300000
2787	-300000
2788	-300000
2789	-300000
2790	-300000
2791	-300000
2792	-300000
2793	-300000
2794	-300000
2795	-300000
2796	-300000
2797	-300000
2798	-300000
2799	-300000
2800	-300000
2801	-300000
2802	-300000
2803	-300000
2804	-300000
2805	-300000
2806	-300000
2807	-300000
2808	-300000
2809	-300000
2810	-300000
2811	-300000
2812	-300000
2813	-300000
2814	-300000
2815	-300000
2816	-300000
2817	-300000
2818	-300000
2819	-300000
2820	-300000
2821	-300000
2822	-300000
2823	-300000
2824	-300000
2825	-300000
2826	-300000
2827	-300000
2828	-300000
2829	-300000
2830	-300000
2831	-300000
2832	-300000
2833	-300000
2834	-300000
2835	-300000
2836	-300000
2837	-300000
2838	-300000
2839	-300000
2840	-300000
2841	-300000
2842	-300000
2843	-300000
2844	-300000
2845	-300000
2846	-300000
2847	-300000
2848	-300000
2849	-300000
2850	-300000
2851	-300000
2852	-300000
2853	-300000
2854	-300000
2855	-300000
2856	-300000
2857	-300000
2858	-300000
2859	-300000
2860	-300000
2861	-300000
2862	-300000
2863	-300000
2864	-300000
2865	-300000
2866	-300000
2867	-300000
2868	-300000
2869	-300000
2870	-300000
2871	-300000
2872	-300000
2873	-300000
2874	-300000
2875	-300000
2876	-300000
2877	-300000
2878	-300000
2879	-300000
2880	-300000
2881	-300000
2882	-300000
2883	-300000
2884	-300000
2885	-300000
2886	-300000
2887	-300000
2888	-300000
2889	-300000
2890	-300000
2891	-300000
2892	-300000
2893	-300000
2894	-300000
2895	-300000
2896	-300000
2897	-300000
2898	-300000
2899	-300000
2900	-300000
2901	-300000
2902	-300000
2903	-300000
2904	-300000
2905	-300000
2906	-300000
2907	-300000
2908	-300000
2909	-300000
2910	-300000
2911	-300000
2912	-300000
2913	-300000
2914	-300000
2915	-300000
2916	-300000
2917	-300000
2918	-300000
2919	-300000
2920	-300000
2921	-300000
2922	-300000
2923	-300000
2924	-300000
2925	-300000
2926	-300000
2927	-300000
2928	-300000
2929	-300000
2930	-300000
2931	-300000
2932	-300000
2933	-300000
2934	-300000
2935	-300000
2936	-300000
2937	-300000
2938	-300000
2939	-300000
2940	-300000
2941	-300000
2942	-300000
2943	-300000
2944	-300000
2945	-300000
2946	-300000
2947	-300000
2948	-300000
2949	-300000
2950	-300000
2951	-300000
2952	-300000
2953	-300000
2954	-300000
2955	-300000
2956	-300000
2957	-300000
2958	-300000
2959	-300000
2960	-300000
2961	-300000
2962	-300000
2963	-300000
2964	-300000
2965	-300000
2966	-300000
2967	-300000
2968	-300000
2969	-300000
2970	-300000
2971	-300000
2972	-300000
2973	-300000
2974	-300000
2975	-300000
2976	-300000
2977	-300000
2978	-300000
2979	-300000
2980	-300000
2981	-300000
2982	-300000
2983	-300000
2984	-300000
2985	-300000
2986	-300000
2987	-300000
2988	-300000
2989	-300000
2990	-300000
2991	-300000
2992	-300000
2993	-300000
2994	-300000
2995	-300000
2996	-300000
2997	-300000
2998	-300000
2999	-300000
3000	-300000
3001	-300000
3002	-300000
3003	-300000
3004	-300000
3005	-300000
3006	-300000
3007	-300000
3008	-300000
3009	-300000
3010	-300000
3011	-300000
3012	-300000
3013	-300000
3014	-300000
3015	-300000
3016	-300000
3017	-300000
3018	-300000
3019	-300000
3020	-300000
3021	-300000
3022	-300000
3023	-300000
3024	-300000
3025	-300000
3026	-300000
3027	-300000
3028	-300000
3029	-300000
3030	-300000
3031	-300000
3032	-300000
3033	-300000
3034	-300000
3035	-300000
3036	-300000
3037	-300000
3038	-300000
3039	-300000
3040	-300000
3041	-300000
3042	-300000
3043	-300000
3044	-300000
3045	-300000
3046	-300000
3047	-300000
3048	-300000
3049	-300000
3050	-300000
3051	-300000
3052	-300000
3053	-300000
3054	-300000
3055	-300000
3056	-300000
3057	-300000
3058	-300000
3059	-300000
3060	-300000
3061	-300000
3062	-300000
3063	-300000
3064	-300000
3065	-300000
3066	-300000
3067	-300000
3068	-300000
3069	-300000
3070	-300000
3071	-300000
3072	-300000
3073	-300000
3074	-300000
3075	-300000
3076	-300000
3077	-300000
3078	-300000
3079	-300000
3080	-300000
3081	-300000
3082	-300000
3083	-300000
3084	-300000
3085	-300000
3086	-300000
3087	-300000
3088	-300000
3089	-300000
3090	-300000
3091	-300000
3092	-300000
3093	-300000
3094	-300000
3095	-300000
3096	-300000
3097	-300000
3098	-300000
3099	-300000
3100	-300000
3101	-300000
3102	-300000
3103	-300000
3104	-300000
3105	-300000
3106	-300000
3107	-300000
3108	-300000
3109	-300000
3110	-300000
3111	-300000
3112	-300000
3113	-300000
3114	-300000
3115	-300000
3116	-300000
3117	-300000
3118	-300000
3119	-300000
3120	-300000
3121	-300000
3122	-300000
3123	-300000
3124	-300000
3125	-300000
3126	-300000
3127	-300000
3128	-300000
3129	-300000
3130	-300000
3131	-300000
3132	-300000
3133	-300000
3134	-300000
3135	-300000
3136	-300000
3137	-300000
3138	-300000
3139	-300000
3140	-300000
3141	-300000
3142	-300000
3143	-300000
3144	-300000
3145	-300000
3146	-300000
3147	-300000
3148	-300000
3149	-300000
3150	-300000
3151	-300000
3152	-300000
3153	-300000
3154	-300000
3155	-300000
3156	-300000
3157	-300000
3158	-300000
3159	-300000
3160	-300000
3161	-300000
3162	-300000
3163	-300000
3164	-300000
3165	-300000
3166	-300000
3167	-300000
3168	-300000
3169	-300000
3170	-300000
3171	-300000
3172	-300000
3173	-300000
3174	-300000
3175	-300000
3176	-300000
3177	-300000
3178	-300000
3179	-300000
3180	-300000
3181	-300000
3182	-300000
3183	-300000
3184	-300000
3185	-300000
3186	-300000
3187	-300000
3188	-300000
3189	-300000
3190	-300000
3191	-300000
3192	-300000
3193	-300000
3194	-300000
3195	-300000
3196	-300000
3197	-300000
3198	-300000
3199	-300000
3200	-300000
3201	-300000
3202	-300000
3203	-300000
3204	-300000
3205	-300000
3206	-300000
3207	-300000
3208	-300000
3209	-300000
3210	-300000
3211	-300000
3212	-300000
3213	-300000
3214	-300000
3215	-300000
3216	-300000
3217	-300000
3218	-300000
3219	-300000
3220	-300000
3221	-300000
3222	-300000
3223	-300000
3224	-300000
3225	-300000
3226	-300000
3227	-300000
3228	-300000
3229	-300000
3230	-300000
3231	-300000
3232	-300000
3233	-300000
3234	-300000
3235	-300000
3236	-300000
3237	-300000
3238	-300000
3239	-300000
3240	-300000
3241	-300000
3242	-300000
3243	-300000
3244	-300000
3245	-300000
3246	-300000
3247	-300000
3248	-300000
3249	-300000
3250	-300000
3251	-300000
3252	-300000
3253	-300000
3254	-300000
3255	-300000
3256	-300000
3257	-300000
3258	-300000
3259	-300000
3260	-300000
3261	-300000
3262	-300000
3263	-300000
3264	-300000
3265	-300000
3266	-300000
3267	-300000
3268	-300000
3269	-300000
3270	-300000
3271	-300000
3272	-300000
3273	-300000
3274	-300000
3275	-300000
3276	-300000
3277	-300000
3278	-300000
3279	-300000
3280	-300000
3281	-300000
3282	-300000
3283	-300000
3284	-300000
3285	-300000
3286	-300000
3287	-300000
3288	-300000
3289	-300000
3290	-300000
3291	-300000
3292	-300000
3293	-300000
3294	-300000
3295	-300000
3296	-300000
3297	-300000
3298	-300000
3299	-300000
3300	-300000
3301	-300000
3302	-300000
3303	-300000
3304	-300000
3305	-300000
3306	-300000
3307	-300000
3308	-300000
3309	-300000
3310	-300000
3311	-300000
3312	-300000
3313	-300000
3314	-300000
3315	-300000
3316	-300000
3317	-300000
3318	-300000
3319	-300000
3320	-300000
3321	-300000
3322	-300000
3323	-300000
3324	-300000
3325	-300000
3326	-300000
3327	-300000
3328	-300000
3329	-300000
3330	-300000
3331	-300000
3332	-300000
3333	-300000
3334	-300000
3335	-300000
3336	-300000
3337	-300000
3338	-300000
3339	-300000
3340	-300000
3341	-300000
3342	-300000
3343	-300000
3344	-300000
3345	-300000
3346	-300000
3347	-300000
3348	-300000
3349	-300000
3350	-300000
3351	-300000
3352	-300000
3353	-300000
3354	-300000
3355	-300000
3356	-300000
3357	-300000
3358	-300000
3359	-300000
3360	-300000
3361	-300000
3362	-300000
3363	-300000
3364	-300000
3365	-300000
3366	-300000
3367	-300000
3368	-300000
3369	-300000
3370	-300000
3371	-300000
3372	-300000
3373	-300000
3374	-300000
3375	-300000
3376	-300000
3377	-300000
3378	-300000
3379	-300000
3380	-300000
3381	-300000
3382	-300000
3383	-300000
3384	-300000
3385	-300000
3386	-300000
3387	-300000
3388	-300000
3389	-300000
3390	-300000
3391	-300000
3392	-300000
3393	-300000
3394	-300000
3395	-300000
3396	-300000
3397	-300000
3398	-300000
3399	-300000
3400	-300000
3401	-300000
3402	-300000
3403	-300000
3404	-300000
3405	-300000
3406	-300000
3407	-300000
3408	-300000
3409	-300000
3410	-300000
3411	-300000
3412	-300000
3413	-300000
3414	-300000
3415	-300000
3416	-300000
3417	-300000
3418	-300000
3419	-300000
3420	-300000
3421	-300000
3422	-300000
3423	-300000
3424	-300000
3425	-300000
3426	-300000
3427	-300000
3428	-300000
3429	-300000
3430	-300000
3431	-300000
3432	-300000
3433	-300000
3434	-300000
3435	-300000
3436	-300000
3437	-300000
3438	-300000
3439	-300000
3440	-300000
3441	-300000
3442	-300000
3443	-300000
3444	-300000
3445	-300000
3446	-300000
3447	-300000
3448	-300000
3449	-300000
3450	-300000
3451	-300000
3452	-300000
3453	-300000
3454	-300000
3455	-300000
3456	-300000
3457	-300000
3458	-300000
3459	-300000
3460	-300000
3461	-300000
3462	-300000
3463	-300000
3464	-300000
3465	-300000
3466	-300000
3467	-300000
3468	-300000
3469	-300000
3470	-300000
3471	-300000
3472	-300000
3473	-300000
3474	-300000
3475	-300000
3476	-300000
3477	-300000
3478	-300000
3479	-300000
3480	-300000
3481	-300000
3482	-300000
3483	-300000
3484	-300000
3485	-300000
3486	-300000
3487	-300000
3488	-300000
3489	-300000
3490	-300000
3491	-300000
3492	-300000
3493	-300000
3494	-300000
3495	-300000
3496	-300000
3497	-300000
3498	-300000
3499	-300000
3500	-300000
3501	-300000
3502	-300000
3503	-300000
3504	-300000
3505	-300000
3506	-300000
3507	-300000
3508	-300000
3509	-300000
3510	-300000
3511	-300000
3512	-300000
3513	-300000
3514	-300000
3515	-300000
3516	-300000
3517	-300000
3518	-300000
3519	-300000
3520	-300000
3521	-300000
3522	-300000
3523	-300000
3524	-300000
3525	-300000
3526	-300000
3527	-300000
3528	-300000
3529	-300000
3530	-300000
3531	-300000
3532	-300000
3533	-300000
3534	-300000
3535	-300000
3536	-300000
3537	-300000
3538	-300000
3539	-300000
3540	-300000
3541	-300000
3542	-300000
3543	-300000
3544	-300000
3545	-300000
3546	-300000
3547	-300000
3548	-300000
3549	-300000
3550	-300000
3551	-300000
3552	-300000
3553	-300000
3554	-300000
3555	-300000
3556	-300000
3557	-300000
3558	-300000
3559	-300000
3560	-300000
3561	-300000
3562	-300000
3563	-300000
3564	-300000
3565	-300000
3566	-300000
3567	-300000
3568	-300000
3569	-300000
3570	-300000
3571	-300000
3572	-300000
3573	-300000
3574	-300000
3575	-300000
3576	-300000
3577	-300000
3578	-300000
3579	-300000
3580	-300000
3581	-300000
3582	-300000
3583	-300000
3584	-300000
3585	-300000
3586	-300000
3587	-300000
3588	-300000
3589	-300000
3590	-300000
3591	-300000
3592	-300000
3593	-300000
3594	-300000
3595	-300000
3596	-300000
3597	-300000
3598	-300000
3599	-300000
3600	-300000
3601	-300000
3602	-300000
3603	-300000
3604	-300000
3605	-300000
3606	-300000
3607	-300000
3608	-300000
3609	-300000
3610	-300000
3611	-300000
3612	-300000
3613	-300000
3614	-300000
3615	-300000
3616	-300000
3617	-300000
3618	-300000
3619	-300000
3620	-300000
3621	-300000
3622	-300000
3623	-300000
3624	-300000
3625	-300000
3626	-300000
3627	-300000
3628	-300000
3629	-300000
3630	-300000
3631	-300000
3632	-300000
3633	-300000
3634	-300000
3635	-300000
3636	-300000
3637	-300000
3638	-300000
3639	-300000
3640	-300000
3641	-300000
3642	-300000
3643	-300000
3644	-300000
3645	-300000
3646	-300000
3647	-300000
3648	-300000
3649	-300000
3650	-300000
3651	-300000
3652	-300000
3653	-300000
3654	-300000
3655	-300000
3656	-300000
3657	-300000
3658	-300000
3659	-300000
3660	-300000
3661	-300000
3662	-300000
3663	-300000
3664	-300000
3665	-300000
3666	-300000
3667	-300000
3668	-300000
3669	-300000
3670	-300000
3671	-300000
3672	-300000
3673	-300000
3674	-300000
3675	-300000
3676	-300000
3677	-300000
3678	-300000
3679	-300000
3680	-300000
3681	-300000
3682	-300000
3683	-300000
3684	-300000
3685	-300000
3686	-300000
3687	-300000
3688	-300000
3689	-300000
3690	-300000
3691	-300000
3692	-300000
3693	-300000
3694	-300000
3695	-300000
3696	-300000
3697	-300000
3698	-300000
3699	-300000
3700	-300000
3701	-300000
3702	-300000
3703	-300000
3704	-300000
3705	-300000
3706	-300000
3707	-300000
3708	-300000
3709	-300000
3710	-300000
3711	-300000
3712	-300000
3713	-300000
3714	-300000
3715	-300000
3716	-300000
3717	-300000
3718	-300000
3719	-300000
3720	-300000
3721	-300000
3722	-300000
3723	-300000
3724	-300000
3725	-300000
3726	-300000
3727	-300000
3728	-300000
3729	-300000
3730	-300000
3731	-300000
3732	-300000
3733	-300000
3734	-300000
3735	-300000
3736	-300000
3737	-300000
3738	-300000
3739	-300000
3740	-300000
3741	-300000
3742	-300000
3743	-300000
3744	-300000
3745	-300000
3746	-300000
3747	-300000
3748	-300000
3749	-300000
3750	-300000
3751	-300000
3752	-300000
3753	-300000
3754	-300000
3755	-300000
3756	-300000
3757	-300000
3758	-300000
3759	-300000
3760	-300000
3761	-300000
3762	-300000
3763	-300000
3764	-300000
3765	-300000
3766	-300000
3767	-300000
3768	-300000
3769	-300000
3770	-300000
3771	-300000
3772	-300000
3773	-300000
3774	-300000
3775	-300000
3776	-300000
3777	-300000
3778	-300000
3779	-300000
3780	-300000
3781	-300000
3782	-300000
3783	-300000
3784	-300000
3785	-300000
3786	-300000
3787	-300000
3788	-300000
3789	-300000
3790	-300000
3791	-300000
3792	-300000
3793	-300000
3794	-300000
3795	-300000
3796	-300000
3797	-300000
3798	-300000
3799	-300000
3800	-300000
3801	-300000
3802	-300000
3803	-300000
3804	-300000
3805	-300000
3806	-300000
3807	-300000
3808	-300000
3809	-300000
3810	-300000
3811	-300000
3812	-300000
3813	-300000
3814	-300000
3815	-300000
3816	-300000
3817	-300000
3818	-300000
3819	-300000
3820	-300000
3821	-300000
3822	-300000
3823	-300000
3824	-300000
3825	-300000
3826	-300000
3827	-300000
3828	-300000
3829	-300000
3830	-300000
3831	-300000
3832	-300000
3833	-300000
3834	-300000
3835	-300000
3836	-300000
3837	-300000
3838	-300000
3839	-300000
3840	-300000
3841	-300000
3842	-300000
3843	-300000
3844	-300000
3845	-300000
3846	-300000
3847	-300000
3848	-300000
3849	-300000
3850	-300000
3851	-300000
3852	-300000
3853	-300000
3854	-300000
3855	-300000
3856	-300000
3857	-300000
3858	-300000
3859	-300000
3860	-300000
3861	-300000
3862	-300000
3863	-300000
3864	-300000
3865	-300000
3866	-300000
3867	-300000
3868	-300000
3869	-300000
3870	-300000
3871	-300000
3872	-300000
3873	-300000
3874	-300000
3875	-300000
3876	-300000
3877	-300000
3878	-300000
3879	-300000
3880	-300000
3881	-300000
3882	-300000
3883	-300000
3884	-300000
3885	-300000
3886	-300000
3887	-300000
3888	-300000
3889	-300000
3890	-300000
3891	-300000
3892	-300000
3893	-300000
3894	-300000
3895	-300000
3896	-300000
3897	-300000
3898	-300000
3899	-300000
3900	-300000
3901	-300000
3902	-300000
3903	-300000
3904	-300000
3905	-300000
3906	-300000
3907	-300000
3908	-300000
3909	-300000
3910	-300000
3911	-300000
3912	-300000
3913	-300000
3914	-300000
3915	-300000
3916	-300000
3917	-300000
3918	-300000
3919	-300000
3920	-300000
3921	-300000
3922	-300000
3923	-300000
3924	-300000
3925	-300000
3926	-300000
3927	-300000
3928	-300000
3929	-300000
3930	-300000
3931	-300000
3932	-300000
3933	-300000
3934	-300000
3935	-300000
3936	-300000
3937	-300000
3938	-300000
3939	-300000
3940	-300000
3941	-300000
3942	-300000
3943	-300000
3944	-300000
3945	-300000
3946	-300000
3947	-300000
3948	-300000
3949	-300000
3950	-300000
3951	-300000
3952	-300000
3953	-300000
3954	-300000
3955	-300000
3956	-300000
3957	-300000
3958	-300000
3959	-300000
3960	-300000
3961	-300000
3962	-300000
3963	-300000
3964	-300000
3965	-300000
3966	-300000
3967	-300000
3968	-300000
3969	-300000
3970	-300000
3971	-300000
3972	-300000
3973	-300000
3974	-300000
3975	-300000
3976	-300000
3977	-300000
3978	-300000
3979	-300000
3980	-300000
3981	-300000
3982	-300000
3983	-300000
3984	-300000
3985	-300000
3986	-300000
3987	-300000
3988	-300000
3989	-300000
3990	-300000
3991	-300000
3992	-300000
3993	-300000
3994	-300000
3995	-300000
3996	-300000
3997	-300000
3998	-300000
3999	-300000
4000	-300000
4001	-300000
4002	-300000
4003	-300000
4004	-300000
4005	-300000
4006	-300000
4007	-300000
4008	-300000
4009	-300000
4010	-300000
4011	-300000
4012	-300000
4013	-300000
4014	-300000
4015	-300000
4016	-300000
4017	-300000
4018	-300000
4019	-300000
4020	-300000
4021	-300000
4022	-300000
4023	-300000
4024	-300000
4025	-300000
4026	-300000
4027	-300000
4028	-300000
4029	-300000
4030	-300000
4031	-300000
4032	-300000
4033	-300000
4034	-300000
4035	-300000
4036	-300000
4037	-300000
4038	-300000
4039	-300000
4040	-300000
4041	-300000
4042	-300000
4043	-300000
4044	-300000
4045	-300000
4046	-300000
4047	-300000
4048	-300000
4049	-300000
4050	-300000
4051	-300000
4052	-300000
4053	-300000
4054	-300000
4055	-300000
4056	-300000
4057	-300000
4058	-300000
4059	-300000
4060	-300000
4061	-300000
4062	-300000
4063	-300000
4064	-300000
4065	-300000
4066	-300000
4067	-300000
4068	-300000
4069	-300000
4070	-300000
4071	-300000
4072	-300000
4073	-300000
4074	-300000
4075	-300000
4076	-300000
4077	-300000
4078	-300000
4079	-300000
4080	-300000
4081	-300000
4082	-300000
4083	-300000
4084	-300000
4085	-300000
4086	-300000
4087	-300000
4088	-300000
4089	-300000
4090	-300000
4091	-300000
4092	-300000
4093	-300000
4094	-300000
4095	-300000
4096	-300000
4097	-300000
4098	-300000
4099	-300000
4100	-300000
4101	-300000
4102	-300000
4103	-300000
4104	-300000
4105	-300000
4106	-300000
4107	-300000
4108	-300000
4109	-300000
4110	-300000
4111	-300000
4112	-300000
4113	-300000
4114	-300000
4115	-300000
4116	-300000
4117	-300000
4118	-300000
4119	-300000
4120	-300000
4121	-300000
4122	-300000
4123	-300000
4124	-300000
4125	-300000
4126	-300000
4127	-300000
4128	-300000
4129	-300000
4130	-300000
4131	-300000
4132	-300000
4133	-300000
4134	-300000
4135	-300000
4136	-300000
4137	-300000
4138	-300000
4139	-300000
4140	-300000
4141	-300000
4142	-300000
4143	-300000
4144	-300000
4145	-300000
4146	-300000
4147	-300000
4148	-300000
4149	-300000
4150	-300000
4151	-300000
4152	-300000
4153	-300000
4154	-300000
4155	-300000
4156	-300000
4157	-300000
4158	-300000
4159	-300000
4160	-300000
4161	-300000
4162	-300000
4163	-300000
4164	-300000
4165	-300000
4166	-300000
4167	-300000
4168	-300000
4169	-300000
4170	-300000
4171	-300000
4172	-300000
4173	-300000
4174	-300000
4175	-300000
4176	-300000
4177	-300000
4178	-300000
4179	-300000
4180	-300000
4181	-300000
4182	-300000
4183	-300000
4184	-300000
4185	-300000
4186	-300000
4187	-300000
4188	-300000
4189	-300000
4190	-300000
4191	-300000
4192	-300000
4193	-300000
4194	-300000
4195	-300000
4196	-300000
4197	-300000
4198	-300000
4199	-300000
4200	-300000
4201	-300000
4202	-300000
4203	-300000
4204	-300000
4205	-300000
4206	-300000
4207	-300000
4208	-300000
4209	-300000
4210	-300000
4211	-300000
4212	-300000
4213	-300000
4214	-300000
4215	-300000
4216	-300000
4217	-300000
4218	-300000
4219	-300000
4220	-300000
4221	-300000
4222	-300000
4223	-300000
4224	-300000
4225	-300000
4226	-300000
4227	-300000
4228	-300000
4229	-300000
4230	-300000
4231	-300000
4232	-300000
4233	-300000
4234	-300000
4235	-300000
4236	-300000
4237	-300000
4238	-300000
4239	-300000
4240	-300000
4241	-300000
4242	-300000
4243	-300000
4244	-300000
4245	-300000
4246	-300000
4247	-300000
4248	-300000
4249	-300000
4250	-300000
4251	-300000
4252	-300000
4253	-300000
4254	-300000
4255	-300000
4256	-300000
4257	-300000
4258	-300000
4259	-300000
4260	-300000
4261	-300000
4262	-300000
4263	-300000
4264	-300000
4265	-300000
4266	-300000
4267	-300000
4268	-300000
4269	-300000
4270	-300000
4271	-300000
4272	-300000
4273	-300000
4274	-300000
4275	-300000
4276	-300000
4277	-300000
4278	-300000
4279	-300000
4280	-300000
4281	-300000
4282	-300000
4283	-300000
4284	-300000
4285	-300000
4286	-300000
4287	-300000
4288	-300000
4289	-300000
4290	-300000
4291	-300000
4292	-300000
4293	-300000
4294	-300000
4295	-300000
4296	-300000
4297	-300000
4298	-300000
4299	-300000
4300	-300000
4301	-300000
4302	-300000
4303	-300000
4304	-300000
4305	-300000
4306	-300000
4307	-300000
4308	-300000
4309	-300000
4310	-300000
4311	-300000
4312	-300000
4313	-300000
4314	-300000
4315	-300000
4316	-300000
4317	-300000
4318	-300000
4319	-300000
4320	-300000
4321	-300000
4322	-300000
4323	-300000
4324	-300000
4325	-300000
4326	-300000
4327	-300000
4328	-300000
4329	-300000
4330	-300000
4331	-300000
4332	-300000
4333	-300000
4334	-300000
4335	-300000
4336	-300000
4337	-300000
4338	-300000
4339	-300000
4340	-300000
4341	-300000
4342	-300000
4343	-300000
4344	-300000
4345	-300000
4346	-300000
4347	-300000
4348	-300000
4349	-300000
4350	-300000
4351	-300000
4352	-300000
4353	-300000
4354	-300000
4355	-300000
4356	-300000
4357	-300000
4358	-300000
4359	-300000
4360	-300000
4361	-300000
4362	-300000
4363	-300000
4364	-300000
4365	-300000
4366	-300000
4367	-300000
4368	-300000
4369	-300000
4370	-300000
4371	-300000
4372	-300000
4373	-300000
4374	-300000
4375	-300000
4376	-300000
4377	-300000
4378	-300000
4379	-300000
4380	-300000
4381	-300000
4382	-300000
4383	-300000
4384	-300000
4385	-300000
4386	-300000
4387	-300000
4388	-300000
4389	-300000
4390	-300000
4391	-300000
4392	-300000
4393	-300000
4394	-300000
4395	-300000
4396	-300000
4397	-300000
4398	-300000
4399	-300000
4400	-300000
4401	-300000
4402	-300000
4403	-300000
4404	-300000
4405	-300000
4406	-300000
4407	-300000
4408	-300000
4409	-300000
4410	-300000
4411	-300000
4412	-300000
4413	-300000
4414	-300000
4415	-300000
4416	-300000
4417	-300000
4418	-300000
4419	-300000
4420	-300000
4421	-300000
4422	-300000
4423	-300000
4424	-300000
4425	-300000
4426	-300000
4427	-300000
4428	-300000
4429	-300000
4430	-300000
4431	-300000
4432	-300000
4433	-300000
4434	-300000
4435	-300000
4436	-300000
4437	-300000
4438	-300000
4439	-300000
4440	-300000
4441	-300000
4442	-300000
4443	-300000
4444	-300000
4445	-300000
4446	-300000
4447	-300000
4448	-300000
4449	-300000
4450	-300000
4451	-300000
4452	-300000
4453	-300000
4454	-300000
4455	-300000
4456	-300000
4457	-300000
4458	-300000
4459	-300000
4460	-300000
4461	-300000
4462	-300000
4463	-300000
4464	-300000
4465	-300000
4466	-300000
4467	-300000
4468	-300000
4469	-300000
4470	-300000
4471	-300000
4472	-300000
4473	-300000
4474	-300000
4475	-300000
4476	-300000
4477	-300000
4478	-300000
4479	-300000
4480	-300000
4481	-300000
4482	-300000
4483	-300000
4484	-300000
4485	-300000
4486	-300000
4487	-300000
4488	-300000
4489	-300000
4490	-300000
4491	-300000
4492	-300000
4493	-300000
4494	-300000
4495	-300000
4496	-300000
4497	-300000
4498	-300000
4499	-300000
4500	-300000
4501	-300000
4502	-300000
4503	-300000
4504	-300000
4505	-300000
4506	-300000
4507	-300000
4508	-300000
4509	-300000
4510	-300000
4511	-300000
4512	-300000
4513	-300000
4514	-300000
4515	-300000
4516	-300000
4517	-300000
4518	-300000
4519	-300000
4520	-300000
4521	-300000
4522	-300000
4523	-300000
4524	-300000
4525	-300000
4526	-300000
4527	-300000
4528	-300000
4529	-300000
4530	-300000
4531	-300000
4532	-300000
4533	-300000
4534	-300000
4535	-300000
4536	-300000
4537	-300000
4538	-300000
4539	-300000
4540	-300000
4541	-300000
4542	-300000
4543	-300000
4544	-300000
4545	-300000
4546	-300000
4547	-300000
4548	-300000
4549	-300000
4550	-300000
4551	-300000
4552	-300000
4553	-300000
4554	-300000
4555	-300000
4556	-300000
4557	-300000
4558	-300000
4559	-300000
4560	-300000
4561	-300000
4562	-300000
4563	-300000
4564	-300000
4565	-300000
4566	-300000
4567	-300000
4568	-300000
4569	-300000
4570	-300000
4571	-300000
4572	-300000
4573	-300000
4574	-300000
4575	-300000
4576	-300000
4577	-300000
4578	-300000
4579	-300000
4580	-300000
4581	-300000
4582	-300000
4583	-300000
4584	-300000
4585	-300000
4586	-300000
4587	-300000
4588	-300000
4589	-300000
4590	-300000
4591	-300000
4592	-300000
4593	-300000
4594	-300000
4595	-300000
4596	-300000
4597	-300000
4598	-300000
4599	-300000
4600	-300000
4601	-300000
4602	-300000
4603	-300000
4604	-300000
4605	-300000
4606	-300000
4607	-300000
4608	-300000
4609	-300000
4610	-300000
4611	-300000
4612	-300000
4613	-300000
4614	-300000
4615	-300000
4616	-300000
4617	-300000
4618	-300000
4619	-300000
4620	-300000
4621	-300000
4622	-300000
4623	-300000
4624	-300000
4625	-300000
4626	-300000
4627	-300000
4628	-300000
4629	-300000
4630	-300000
4631	-300000
4632	-300000
4633	-300000
4634	-300000
4635	-300000
4636	-300000
4637	-300000
4638	-300000
4639	-300000
4640	-300000
4641	-300000
4642	-300000
4643	-300000
4644	-300000
4645	-300000
4646	-300000
4647	-300000
4648	-300000
4649	-300000
4650	-300000
4651	-300000
4652	-300000
4653	-300000
4654	-300000
4655	-300000
4656	-300000
4657	-300000
4658	-300000
4659	-300000
4660	-300000
4661	-300000
4662	-300000
4663	-300000
4664	-300000
4665	-300000
4666	-300000
4667	-300000
4668	-300000
4669	-300000
4670	-300000
4671	-300000
4672	-300000
4673	-300000
4674	-300000
4675	-300000
4676	-300000
4677	-300000
4678	-300000
4679	-300000
4680	-300000
4681	-300000
4682	-300000
4683	-300000
4684	-300000
4685	-300000
4686	-300000
4687	-300000
4688	-300000
4689	-300000
4690	-300000
4691	-300000
4692	-300000
4693	-300000
4694	-300000
4695	-300000
4696	-300000
4697	-300000
4698	-300000
4699	-300000
4700	-300000
4701	-300000
4702	-300000
4703	-300000
4704	-300000
4705	-300000
4706	-300000
4707	-300000
4708	-300000
4709	-300000
4710	-300000
4711	-300000
4712	-300000
4713	-300000
4714	-300000
4715	-300000
4716	-300000
4717	-300000
4718	-300000
4719	-300000
4720	-300000
4721	-300000
4722	-300000
4723	-300000
4724	-300000
4725	-300000
4726	-300000
4727	-300000
4728	-300000
4729	-300000
4730	-300000
4731	-300000
4732	-300000
4733	-300000
4734	-300000
4735	-300000
4736	-300000
4737	-300000
4738	-300000
4739	-300000
4740	-300000
4741	-300000
4742	-300000
4743	-300000
4744	-300000
4745	-300000
4746	-300000
4747	-300000
4748	-300000
4749	-300000
4750	-300000
4751	-300000
4752	-300000
4753	-300000
4754	-300000
4755	-300000
4756	-300000
4757	-300000
4758	-300000
4759	-300000
4760	-300000
4761	-300000
4762	-300000
4763	-300000
4764	-300000
4765	-300000
4766	-300000
4767	-300000
4768	-300000
4769	-300000
4770	-300000
4771	-300000
4772	-300000
4773	-300000
4774	-300000
4775	-300000
4776	-300000
4777	-300000
4778	-300000
4779	-300000
4780	-300000
4781	-300000
4782	-300000
4783	-300000
4784	-300000
4785	-300000
4786	-300000
4787	-300000
4788	-300000
4789	-300000
4790	-300000
4791	-300000
4792	-300000
4793	-300000
4794	-300000
4795	-300000
4796	-300000
4797	-300000
4798	-300000
4799	-300000
4800	-300000
4801	-300000
4802	-300000
4803	-300000
4804	-300000
4805	-300000
4806	-300000
4807	-300000
4808	-300000
4809	-300000
4810	-300000
4811	-300000
4812	-300000
4813	-300000
4814	-300000
4815	-300000
4816	-300000
4817	-300000
4818	-300000
4819	-300000
4820	-300000
4821	-300000
4822	-300000
4823	-300000
4824	-300000
4825	-300000
4826	-300000
4827	-300000
4828	-300000
4829	-300000
4830	-300000
4831	-300000
4832	-300000
4833	-300000
4834	-300000
4835	-300000
4836	-300000
4837	-300000
4838	-300000
4839	-300000
4840	-300000
4841	-300000
4842	-300000
4843	-300000
4844	-300000
4845	-300000
4846	-300000
4847	-300000
4848	-300000
4849	-300000
4850	-300000
4851	-300000
4852	-300000
4853	-300000
4854	-300000
4855	-300000
4856	-300000
4857	-300000
4858	-300000
4859	-300000
4860	-300000
4861	-300000
4862	-300000
4863	-300000
4864	-300000
4865	-300000
4866	-300000
4867	-300000
4868	-300000
4869	-300000
4870	-300000
4871	-300000
4872	-300000
4873	-300000
4874	-300000
4875	-300000
4876	-300000
4877	-300000
4878	-300000
4879	-300000
4880	-300000
4881	-300000
4882	-300000
4883	-300000
4884	-300000
4885	-300000
4886	-300000
4887	-300000
4888	-300000
4889	-300000
4890	-300000
4891	-300000
4892	-300000
4893	-300000
4894	-300000
4895	-300000
4896	-300000
4897	-300000
4898	-300000
4899	-300000
4900	-300000
4901	-300000
4902	-300000
4903	-300000
4904	-300000
4905	-300000
4906	-300000
4907	-300000
4908	-300000
4909	-300000
4910	-300000
4911	-300000
4912	-300000
4913	-300000
4914	-300000
4915	-300000
4916	-300000
4917	-300000
4918	-300000
4919	-300000
4920	-300000
4921	-300000
4922	-300000
4923	-300000
4924	-300000
4925	-300000
4926	-300000
4927	-300000
4928	-300000
4929	-300000
4930	-300000
4931	-300000
4932	-300000
4933	-300000
4934	-300000
4935	-300000
4936	-300000
4937	-300000
4938	-300000
4939	-300000
4940	-300000
4941	-300000
4942	-300000
4943	-300000
4944	-300000
4945	-300000
4946	-300000
4947	-300000
4948	-300000
4949	-300000
4950	-300000
4951	-300000
4952	-300000
4953	-300000
4954	-300000
4955	-300000
4956	-300000
4957	-300000
4958	-300000
4959	-300000
4960	-300000
4961	-300000
4962	-300000
4963	-300000
4964	-300000
4965	-300000
4966	-300000
4967	-300000
4968	-300000
4969	-300000
4970	-300000
4971	-300000
4972	-300000
4973	-300000
4974	-300000
4975	-300000
4976	-300000
4977	-300000
4978	-300000
4979	-300000
4980	-300000
4981	-300000
4982	-300000
4983	-300000
4984	-300000
4985	-300000
4986	-300000
4987	-300000
4988	-300000
4989	-300000
4990	-300000
4991	-300000
4992	-300000
4993	-300000
4994	-300000
4995	-300000
4996	-300000
4997	-300000
4998	-300000
4999	-300000
5000	-300000
5001	-300000
5002	-300000
5003	-300000
5004	-300000
5005	-300000
5006	-300000
5007	-300000
5008	-300000
5009	-300000
5010	-300000
5011	-300000
5012	-300000
5013	-300000
5014	-300000
5015	-300000
5016	-300000
5017	-300000
5018	-300000
5019	-300000
5020	-300000
5021	-300000
5022	-300000
5023	-300000
5024	-300000
5025	-300000
5026	-300000
5027	-300000
5028	-300000
5029	-300000
5030	-300000
5031	-300000
5032	-300000
5033	-300000
5034	-300000
5035	-300000
5036	-300000
5037	-300000
5038	-300000
5039	-300000
5040	-300000
5041	-300000
5042	-300000
5043	-300000
5044	-300000
5045	-300000
5046	-300000
5047	-300000
5048	-300000
5049	-300000
5050	-300000
5051	-300000
5052	-300000
5053	-300000
5054	-300000
5055	-300000
5056	-300000
5057	-300000
5058	-300000
5059	-300000
5060	-300000
5061	-300000
5062	-300000
5063	-300000
5064	-300000
5065	-300000
5066	-300000
5067	-300000
5068	-300000
5069	-300000
5070	-300000
5071	-300000
5072	-300000
5073	-300000
5074	-300000
5075	-300000
5076	-300000
5077	-300000
5078	-300000
5079	-300000
5080	-300000
5081	-300000
5082	-300000
5083	-300000
5084	-300000
5085	-300000
5086	-300000
5087	-300000
5088	-300000
5089	-300000
5090	-300000
5091	-300000
5092	-300000
5093	-300000
5094	-300000
5095	-300000
5096	-300000
5097	-300000
5098	-300000
5099	-300000
5100	-300000
5101	-300000
5102	-300000
5103	-300000
5104	-300000
5105	-300000
5106	-300000
5107	-300000
5108	-300000
5109	-300000
5110	-300000
5111	-300000
5112	-300000
5113	-300000
5114	-300000
5115	-300000
5116	-300000
5117	-300000
5118	-300000
5119	-300000
5120	-300000
5121	-300000
5122	-300000
5123	-300000
5124	-300000
5125	-300000
5126	-300000
5127	-300000
5128	-300000
5129	-300000
5130	-300000
5131	-300000
5132	-300000
5133	-300000
5134	-300000
5135	-300000
5136	-300000
5137	-300000
5138	-300000
5139	-300000
5140	-300000
5141	-300000
5142	-300000
5143	-300000
5144	-300000
5145	-300000
5146	-300000
5147	-300000
5148	-300000
5149	-300000
5150	-300000
5151	-300000
5152	-300000
5153	-300000
5154	-300000
5155	-300000
5156	-300000
5157	-300000
5158	-300000
5159	-300000
5160	-300000
5161	-300000
5162	-300000
5163	-300000
5164	-300000
5165	-300000
5166	-300000
5167	-300000
5168	-300000
5169	-300000
5170	-300000
5171	-300000
5172	-300000
5173	-300000
5174	-300000
5175	-300000
5176	-300000
5177	-300000
5178	-300000
5179	-300000
5180	-300000
5181	-300000
5182	-300000
5183	-300000
5184	-300000
5185	-300000
5186	-300000
5187	-300000
5188	-300000
5189	-300000
5190	-300000
5191	-300000
5192	-300000
5193	-300000
5194	-300000
5195	-300000
5196	-300000
5197	-300000
5198	-300000
5199	-300000
5200	-300000
5201	-300000
5202	-300000
5203	-300000
5204	-300000
5205	-300000
5206	-300000
5207	-300000
5208	-300000
5209	-300000
5210	-300000
5211	-300000
5212	-300000
5213	-300000
5214	-300000
5215	-300000
5216	-300000
5217	-300000
5218	-300000
5219	-300000
5220	-300000
5221	-300000
5222	-300000
5223	-300000
5224	-300000
5225	-300000
5226	-300000
5227	-300000
5228	-300000
5229	-300000
5230	-300000
5231	-300000
5232	-300000
5233	-300000
5234	-300000
5235	-300000
5236	-300000
5237	-300000
5238	-300000
5239	-300000
5240	-300000
5241	-300000
5242	-300000
5243	-300000
5244	-300000
5245	-300000
5246	-300000
5247	-300000
5248	-300000
5249	-300000
5250	-300000
5251	-300000
5252	-300000
5253	-300000
5254	-300000
5255	-300000
5256	-300000
5257	-300000
5258	-300000
5259	-300000
5260	-300000
5261	-300000
5262	-300000
5263	-300000
5264	-300000
5265	-300000
5266	-300000
5267	-300000
5268	-300000
5269	-300000
5270	-300000
5271	-300000
5272	-300000
5273	-300000
5274	-300000
5275	-300000
5276	-300000
5277	-300000
5278	-300000
5279	-300000
5280	-300000
5281	-300000
5282	-300000
5283	-300000
5284	-300000
5285	-300000
5286	-300000
5287	-300000
5288	-300000
5289	-300000
5290	-300000
5291	-300000
5292	-300000
5293	-300000
5294	-300000
5295	-300000
5296	-300000
5297	-300000
5298	-300000
5299	-300000
5300	-300000
5301	-300000
5302	-300000
5303	-300000
5304	-300000
5305	-300000
5306	-300000
5307	-300000
5308	-300000
5309	-300000
5310	-300000
5311	-300000
5312	-300000
5313	-300000
5314	-300000
5315	-300000
5316	-300000
5317	-300000
5318	-300000
5319	-300000
5320	-300000
5321	-300000
5322	-300000
5323	-300000
5324	-300000
5325	-300000
5326	-300000
5327	-300000
5328	-300000
5329	-300000
5330	-300000
5331	-300000
5332	-300000
5333	-300000
5334	-300000
5335	-300000
5336	-300000
5337	-300000
5338	-300000
5339	-300000
5340	-300000
5341	-300000
5342	-300000
5343	-300000
5344	-300000
5345	-300000
5346	-300000
5347	-300000
5348	-300000
5349	-300000
5350	-300000
5351	-300000
5352	-300000
5353	-300000
5354	-300000
5355	-300000
5356	-300000
5357	-300000
5358	-300000
5359	-300000
5360	-300000
5361	-300000
5362	-300000
5363	-300000
5364	-300000
5365	-300000
5366	-300000
5367	-300000
5368	-300000
5369	-300000
5370	-300000
5371	-300000
5372	-300000
5373	-300000
5374	-300000
5375	-300000
5376	-300000
5377	-300000
5378	-300000
5379	-300000
5380	-300000
5381	-300000
5382	-300000
5383	-300000
5384	-300000
5385	-300000
5386	-300000
5387	-300000
5388	-300000
5389	-300000
5390	-300000
5391	-300000
5392	-300000
5393	-300000
5394	-300000
5395	-300000
5396	-300000
5397	-300000
5398	-300000
5399	-300000
5400	-300000
5401	-300000
5402	-300000
5403	-300000
5404	-300000
5405	-300000
5406	-300000
5407	-300000
5408	-300000
5409	-300000
5410	-300000
5411	-300000
5412	-300000
5413	-300000
5414	-300000
5415	-300000
5416	-300000
5417	-300000
5418	-300000
5419	-300000
5420	-300000
5421	-300000
5422	-300000
5423	-300000
5424	-300000
5425	-300000
5426	-300000
5427	-300000
5428	-300000
5429	-300000
5430	-300000
5431	-300000
5432	-300000
5433	-300000
5434	-300000
5435	-300000
5436	-300000
5437	-300000
5438	-300000
5439	-300000
5440	-300000
5441	-300000
5442	-300000
5443	-300000
5444	-300000
5445	-300000
5446	-300000
5447	-300000
5448	-300000
5449	-300000
5450	-300000
5451	-300000
5452	-300000
5453	-300000
5454	-300000
5455	-300000
5456	-300000
5457	-300000
5458	-300000
5459	-300000
5460	-300000
5461	-300000
5462	-300000
5463	-300000
5464	-300000
5465	-300000
5466	-300000
5467	-300000
5468	-300000
5469	-300000
5470	-300000
5471	-300000
5472	-300000
5473	-300000
5474	-300000
5475	-300000
5476	-300000
5477	-300000
5478	-300000
5479	-300000
5480	-300000
5481	-300000
5482	-300000
5483	-300000
5484	-300000
5485	-300000
5486	-300000
5487	-300000
5488	-300000
5489	-300000
5490	-300000
5491	-300000
5492	-300000
5493	-300000
5494	-300000
5495	-300000
5496	-300000
5497	-300000
5498	-300000
5499	-300000
5500	-300000
5501	-300000
5502	-300000
5503	-300000
5504	-300000
5505	-300000
5506	-300000
5507	-300000
5508	-300000
5509	-300000
5510	-300000
5511	-300000
5512	-300000
5513	-300000
5514	-300000
5515	-300000
5516	-300000
5517	-300000
5518	-300000
5519	-300000
5520	-300000
5521	-300000
5522	-300000
5523	-300000
5524	-300000
5525	-300000
5526	-300000
5527	-300000
5528	-300000
5529	-300000
5530	-300000
5531	-300000
5532	-300000
5533	-300000
5534	-300000
5535	-300000
5536	-300000
5537	-300000
5538	-300000
5539	-300000
5540	-300000
5541	-300000
5542	-300000
5543	-300000
5544	-300000
5545	-300000
5546	-300000
5547	-300000
5548	-300000
5549	-300000
5550	-300000
5551	-300000
5552	-300000
5553	-300000
5554	-300000
5555	-300000
5556	-300000
5557	-300000
5558	-300000
5559	-300000
5560	-300000
5561	-300000
5562	-300000
5563	-300000
5564	-300000
5565	-300000
5566	-300000
5567	-300000
5568	-300000
5569	-300000
5570	-300000
5571	-300000
5572	-300000
5573	-300000
5574	-300000
5575	-300000
5576	-300000
5577	-300000
5578	-300000
5579	-300000
5580	-300000
5581	-300000
5582	-300000
5583	-300000
5584	-300000
5585	-300000
5586	-300000
5587	-300000
5588	-300000
5589	-300000
5590	-300000
5591	-300000
5592	-300000
5593	-300000
5594	-300000
5595	-300000
5596	-300000
5597	-300000
5598	-300000
5599	-300000
5600	-300000
5601	-300000
5602	-300000
5603	-300000
5604	-300000
5605	-300000
5606	-300000
5607	-300000
5608	-300000
5609	-300000
5610	-300000
5611	-300000
5612	-300000
5613	-300000
5614	-300000
5615	-300000
5616	-300000
5617	-300000
5618	-300000
5619	-300000
5620	-300000
5621	-300000
5622	-300000
5623	-300000
5624	-300000
5625	-300000
5626	-300000
5627	-300000
5628	-300000
5629	-300000
5630	-300000
5631	-300000
5632	-300000
5633	-300000
5634	-300000
5635	-300000
5636	-300000
5637	-300000
5638	-300000
5639	-300000
5640	-300000
5641	-300000
5642	-300000
5643	-300000
5644	-300000
5645	-300000
5646	-300000
5647	-300000
5648	-300000
5649	-300000
5650	-300000
5651	-300000
5652	-300000
5653	-300000
5654	-300000
5655	-300000
5656	-300000
5657	-300000
5658	-300000
5659	-300000
5660	-300000
5661	-300000
5662	-300000
5663	-300000
5664	-300000
5665	-300000
5666	-300000
5667	-300000
5668	-300000
5669	-300000
5670	-300000
5671	-300000
5672	-300000
5673	-300000
5674	-300000
5675	-300000
5676	-300000
5677	-300000
5678	-300000
5679	-300000
5680	-300000
5681	-300000
5682	-300000
5683	-300000
5684	-300000
5685	-300000
5686	-300000
5687	-300000
5688	-300000
5689	-300000
5690	-300000
5691	-300000
5692	-300000
5693	-300000
5694	-300000
5695	-300000
5696	-300000
5697	-300000
5698	-300000
5699	-300000
5700	-300000
5701	-300000
5702	-300000
5703	-300000
5704	-300000
5705	-300000
5706	-300000
5707	-300000
5708	-300000
5709	-300000
5710	-300000
5711	-300000
5712	-300000
5713	-300000
5714	-300000
5715	-300000
5716	-300000
5717	-300000
5718	-300000
5719	-300000
5720	-300000
5721	-300000
5722	-300000
5723	-300000
5724	-300000
5725	-300000
5726	-300000
5727	-300000
5728	-300000
5729	-300000
5730	-300000
5731	-300000
5732	-300000
5733	-300000
5734	-300000
5735	-300000
5736	-300000
5737	-300000
5738	-300000
5739	-300000
5740	-300000
5741	-300000
5742	-300000
5743	-300000
5744	-300000
5745	-300000
5746	-300000
5747	-300000
5748	-300000
5749	-300000
5750	-300000
5751	-300000
5752	-300000
5753	-300000
5754	-300000
5755	-300000
5756	-300000
5757	-300000
5758	-300000
5759	-300000
5760	-300000
5761	-300000
5762	-300000
5763	-300000
5764	-300000
5765	-300000
5766	-300000
5767	-300000
5768	-300000
5769	-300000
5770	-300000
5771	-300000
5772	-300000
5773	-300000
5774	-300000
5775	-300000
5776	-300000
5777	-300000
5778	-300000
5779	-300000
5780	-300000
5781	-300000
5782	-300000
5783	-300000
5784	-300000
5785	-300000
5786	-300000
5787	-300000
5788	-300000
5789	-300000
5790	-300000
5791	-300000
5792	-300000
5793	-300000
5794	-300000
5795	-300000
5796	-300000
5797	-300000
5798	-300000
5799	-300000
5800	-300000
5801	-300000
5802	-300000
5803	-300000
5804	-300000
5805	-300000
5806	-300000
5807	-300000
5808	-300000
5809	-300000
5810	-300000
5811	-300000
5812	-300000
5813	-300000
5814	-300000
5815	-300000
5816	-300000
5817	-300000
5818	-300000
5819	-300000
5820	-300000
5821	-300000
5822	-300000
5823	-300000
5824	-300000
5825	-300000
5826	-300000
5827	-300000
5828	-300000
5829	-300000
5830	-300000
5831	-300000
5832	-300000
5833	-300000
5834	-300000
5835	-300000
5836	-300000
5837	-300000
5838	-300000
5839	-300000
5840	-300000
5841	-300000
5842	-300000
5843	-300000
5844	-300000
5845	-300000
5846	-300000
5847	-300000
5848	-300000
5849	-300000
5850	-300000
5851	-300000
5852	-300000
5853	-300000
5854	-300000
5855	-300000
5856	-300000
5857	-300000
5858	-300000
5859	-300000
5860	-300000
5861	-300000
5862	-300000
5863	-300000
5864	-300000
5865	-300000
5866	-300000
5867	-300000
5868	-300000
5869	-300000
5870	-300000
5871	-300000
5872	-300000
5873	-300000
5874	-300000
5875	-300000
5876	-300000
5877	-300000
5878	-300000
5879	-300000
5880	-300000
5881	-300000
5882	-300000
5883	-300000
5884	-300000
5885	-300000
5886	-300000
5887	-300000
5888	-300000
5889	-300000
5890	-300000
5891	-300000
5892	-300000
5893	-300000
5894	-300000
5895	-300000
5896	-300000
5897	-300000
5898	-300000
5899	-300000
5900	-300000
5901	-300000
5902	-300000
5903	-300000
5904	-300000
5905	-300000
5906	-300000
5907	-300000
5908	-300000
5909	-300000
5910	-300000
5911	-300000
5912	-300000
5913	-300000
5914	-300000
5915	-300000
5916	-300000
5917	-300000
5918	-300000
5919	-300000
5920	-300000
5921	-300000
5922	-300000
5923	-300000
5924	-300000
5925	-300000
5926	-300000
5927	-300000
5928	-300000
5929	-300000
5930	-300000
5931	-300000
5932	-300000
5933	-300000
5934	-300000
5935	-300000
5936	-300000
5937	-300000
5938	-300000
5939	-300000
5940	-300000
5941	-300000
5942	-300000
5943	-300000
5944	-300000
5945	-300000
5946	-300000
5947	-300000
5948	-300000
5949	-300000
5950	-300000
5951	-300000
5952	-300000
5953	-300000
5954	-300000
5955	-300000
5956	-300000
5957	-300000
5958	-300000
5959	-300000
5960	-300000
5961	-300000
5962	-300000
5963	-300000
5964	-300000
5965	-300000
5966	-300000
5967	-300000
5968	-300000
5969	-300000
5970	-300000
5971	-300000
5972	-300000
5973	-300000
5974	-300000
5975	-300000
5976	-300000
5977	-300000
5978	-300000
5979	-300000
5980	-300000
5981	-300000
5982	-300000
5983	-300000
5984	-300000
5985	-300000
5986	-300000
5987	-300000
5988	-300000
5989	-300000
5990	-300000
5991	-300000
5992	-300000
5993	-300000
5994	-300000
5995	-300000
5996	-300000
5997	-300000
5998	-300000
5999	-300000
6000	-300000
6001	-300000
6002	-300000
6003	-300000
6004	-300000
6005	-300000
6006	-300000
6007	-300000
6008	-300000
6009	-300000
6010	-300000
6011	-300000
6012	-300000
6013	-300000
6014	-300000
6015	-300000
6016	-300000
6017	-300000
6018	-300000
6019	-300000
6020	-300000
6021	-300000
6022	-300000
6023	-300000
6024	-300000
6025	-300000
6026	-300000
6027	-300000
6028	-300000
6029	-300000
6030	-300000
6031	-300000
6032	-300000
6033	-300000
6034	-300000
6035	-300000
6036	-300000
6037	-300000
6038	-300000
6039	-300000
6040	-300000
6041	-300000
6042	-300000
6043	-300000
6044	-300000
6045	-300000
6046	-300000
6047	-300000
6048	-300000
6049	-300000
6050	-300000
6051	-300000
6052	-300000
6053	-300000
6054	-300000
6055	-300000
6056	-300000
6057	-300000
6058	-300000
6059	-300000
6060	-300000
6061	-300000
6062	-300000
6063	-300000
6064	-300000
6065	-300000
6066	-300000
6067	-300000
6068	-300000
6069	-300000
6070	-300000
6071	-300000
6072	-300000
6073	-300000
6074	-300000
6075	-300000
6076	-300000
6077	-300000
6078	-300000
6079	-300000
6080	-300000
6081	-300000
6082	-300000
6083	-300000
6084	-300000
6085	-300000
6086	-300000
6087	-300000
6088	-300000
6089	-300000
6090	-300000
6091	-300000
6092	-300000
6093	-300000
6094	-300000
6095	-300000
6096	-300000
6097	-300000
6098	-300000
6099	-300000
6100	-300000
6101	-300000
6102	-300000
6103	-300000
6104	-300000
6105	-300000
6106	-300000
6107	-300000
6108	-300000
6109	-300000
6110	-300000
6111	-300000
6112	-300000
6113	-300000
6114	-300000
6115	-300000
6116	-300000
6117	-300000
6118	-300000
6119	-300000
6120	-300000
6121	-300000
6122	-300000
6123	-300000
6124	-300000
6125	-300000
6126	-300000
6127	-300000
6128	-300000
6129	-300000
6130	-300000
6131	-300000
6132	-300000
6133	-300000
6134	-300000
6135	-300000
6136	-300000
6137	-300000
6138	-300000
6139	-300000
6140	-300000
6141	-300000
6142	-300000
6143	-300000
6144	-300000
6145	-300000
6146	-300000
6147	-300000
6148	-300000
6149	-300000
6150	-300000
6151	-300000
6152	-300000
6153	-300000
6154	-300000
6155	-300000
6156	-300000
6157	-300000
6158	-300000
6159	-300000
6160	-300000
6161	-300000
6162	-300000
6163	-300000
6164	-300000
6165	-300000
6166	-300000
6167	-300000
6168	-300000
6169	-300000
6170	-300000
6171	-300000
6172	-300000
6173	-300000
6174	-300000
6175	-300000
6176	-300000
6177	-300000
6178	-300000
6179	-300000
6180	-300000
6181	-300000
6182	-300000
6183	-300000
6184	-300000
6185	-300000
6186	-300000
6187	-300000
6188	-300000
6189	-300000
6190	-300000
6191	-300000
6192	-300000
6193	-300000
6194	-300000
6195	-300000
6196	-300000
6197	-300000
6198	-300000
6199	-300000
6200	-300000
6201	-300000
6202	-300000
6203	-300000
6204	-300000
6205	-300000
6206	-300000
6207	-300000
6208	-300000
6209	-300000
6210	-300000
6211	-300000
6212	-300000
6213	-300000
6214	-300000
6215	-300000
6216	-300000
6217	-300000
6218	-300000
6219	-300000
6220	-300000
6221	-300000
6222	-300000
6223	-300000
6224	-300000
6225	-300000
6226	-300000
6227	-300000
6228	-300000
6229	-300000
6230	-300000
6231	-300000
6232	-300000
6233	-300000
6234	-300000
6235	-300000
6236	-300000
6237	-300000
6238	-300000
6239	-300000
6240	-300000
6241	-300000
6242	-300000
6243	-300000
6244	-300000
6245	-300000
6246	-300000
6247	-300000
6248	-300000
6249	-300000
6250	-300000
6251	-300000
6252	-300000
6253	-300000
6254	-300000
6255	-300000
6256	-300000
6257	-300000
6258	-300000
6259	-300000
6260	-300000
6261	-300000
6262	-300000
6263	-300000
6264	-300000
6265	-300000
6266	-300000
6267	-300000
6268	-300000
6269	-300000
6270	-300000
6271	-300000
6272	-300000
6273	-300000
6274	-300000
6275	-300000
6276	-300000
6277	-300000
6278	-300000
6279	-300000
6280	-300000
6281	-300000
6282	-300000
6283	-300000
6284	-300000
6285	-300000
6286	-300000
6287	-300000
6288	-300000
6289	-300000
6290	-300000
6291	-300000
6292	-300000
6293	-300000
6294	-300000
6295	-300000
6296	-300000
6297	-300000
6298	-300000
6299	-300000
6300	-300000
6301	-300000
6302	-300000
6303	-300000
6304	-300000
6305	-300000
6306	-300000
6307	-300000
6308	-300000
6309	-300000
6310	-300000
6311	-300000
6312	-300000
6313	-300000
6314	-300000
6315	-300000
6316	-300000
6317	-300000
6318	-300000
6319	-300000
6320	-300000
6321	-300000
6322	-300000
6323	-300000
6324	-300000
6325	-300000
6326	-300000
6327	-300000
6328	-300000
6329	-300000
6330	-300000
6331	-300000
6332	-300000
6333	-300000
6334	-300000
6335	-300000
6336	-300000
6337	-300000
6338	-300000
6339	-300000
6340	-300000
6341	-300000
6342	-300000
6343	-300000
6344	-300000
6345	-300000
6346	-300000
6347	-300000
6348	-300000
6349	-300000
6350	-300000
6351	-300000
6352	-300000
6353	-300000
6354	-300000
6355	-300000
6356	-300000
6357	-300000
6358	-300000
6359	-300000
6360	-300000
6361	-300000
6362	-300000
6363	-300000
6364	-300000
6365	-300000
6366	-300000
6367	-300000
6368	-300000
6369	-300000
6370	-300000
6371	-300000
6372	-300000
6373	-300000
6374	-300000
6375	-300000
6376	-300000
6377	-300000
6378	-300000
6379	-300000
6380	-300000
6381	-300000
6382	-300000
6383	-300000
6384	-300000
6385	-300000
6386	-300000
6387	-300000
6388	-300000
6389	-300000
6390	-300000
6391	-300000
6392	-300000
6393	-300000
6394	-300000
6395	-300000
6396	-300000
6397	-300000
6398	-300000
6399	-300000
6400	-300000
6401	-300000
6402	-300000
6403	-300000
6404	-300000
6405	-300000
6406	-300000
6407	-300000
6408	-300000
6409	-300000
6410	-300000
6411	-300000
6412	-300000
6413	-300000
6414	-300000
6415	-300000
6416	-300000
6417	-300000
6418	-300000
6419	-300000
6420	-300000
6421	-300000
6422	-300000
6423	-300000
6424	-300000
6425	-300000
6426	-300000
6427	-300000
6428	-300000
6429	-300000
6430	-300000
6431	-300000
6432	-300000
6433	-300000
6434	-300000
6435	-300000
6436	-300000
6437	-300000
6438	-300000
6439	-300000
6440	-300000
6441	-300000
6442	-300000
6443	-300000
6444	-300000
6445	-300000
6446	-300000
6447	-300000
6448	-300000
6449	-300000
6450	-300000
6451	-300000
6452	-300000
6453	-300000
6454	-300000
6455	-300000
6456	-300000
6457	-300000
6458	-300000
6459	-300000
6460	-300000
6461	-300000
6462	-300000
6463	-300000
6464	-300000
6465	-300000
6466	-300000
6467	-300000
6468	-300000
6469	-300000
6470	-300000
6471	-300000
6472	-300000
6473	-300000
6474	-300000
6475	-300000
6476	-300000
6477	-300000
6478	-300000
6479	-300000
6480	-300000
6481	-300000
6482	-300000
6483	-300000
6484	-300000
6485	-300000
6486	-300000
6487	-300000
6488	-300000
6489	-300000
6490	-300000
6491	-300000
6492	-300000
6493	-300000
6494	-300000
6495	-300000
6496	-300000
6497	-300000
6498	-300000
6499	-300000
6500	-300000
6501	-300000
6502	-300000
6503	-300000
6504	-300000
6505	-300000
6506	-300000
6507	-300000
6508	-300000
6509	-300000
6510	-300000
6511	-300000
6512	-300000
6513	-300000
6514	-300000
6515	-300000
6516	-300000
6517	-300000
6518	-300000
6519	-300000
6520	-300000
6521	-300000
6522	-300000
6523	-300000
6524	-300000
6525	-300000
6526	-300000
6527	-300000
6528	-300000
6529	-300000
6530	-300000
6531	-300000
6532	-300000
6533	-300000
6534	-300000
6535	-300000
6536	-300000
6537	-300000
6538	-300000
6539	-300000
6540	-300000
6541	-300000
6542	-300000
6543	-300000
6544	-300000
6545	-300000
6546	-300000
6547	-300000
6548	-300000
6549	-300000
6550	-300000
6551	-300000
6552	-300000
6553	-300000
6554	-300000
6555	-300000
6556	-300000
6557	-300000
6558	-300000
6559	-300000
6560	-300000
6561	-300000
6562	-300000
6563	-300000
6564	-300000
6565	-300000
6566	-300000
6567	-300000
6568	-300000
6569	-300000
6570	-300000
6571	-300000
6572	-300000
6573	-300000
6574	-300000
6575	-300000
6576	-300000
6577	-300000
6578	-300000
6579	-300000
6580	-300000
6581	-300000
6582	-300000
6583	-300000
6584	-300000
6585	-300000
6586	-300000
6587	-300000
6588	-300000
6589	-300000
6590	-300000
6591	-300000
6592	-300000
6593	-300000
6594	-300000
6595	-300000
6596	-300000
6597	-300000
6598	-300000
6599	-300000
6600	-300000
6601	-300000
6602	-300000
6603	-300000
6604	-300000
6605	-300000
6606	-300000
6607	-300000
6608	-300000
6609	-300000
6610	-300000
6611	-300000
6612	-300000
6613	-300000
6614	-300000
6615	-300000
6616	-300000
6617	-300000
6618	-300000
6619	-300000
6620	-300000
6621	-300000
6622	-300000
6623	-300000
6624	-300000
6625	-300000
6626	-300000
6627	-300000
6628	-300000
6629	-300000
6630	-300000
6631	-300000
6632	-300000
6633	-300000
6634	-300000
6635	-300000
6636	-300000
6637	-300000
6638	-300000
6639	-300000
6640	-300000
6641	-300000
6642	-300000
6643	-300000
6644	-300000
6645	-300000
6646	-300000
6647	-300000
6648	-300000
6649	-300000
6650	-300000
6651	-300000
6652	-300000
6653	-300000
6654	-300000
6655	-300000
6656	-300000
6657	-300000
6658	-300000
6659	-300000
6660	-300000
6661	-300000
6662	-300000
6663	-300000
6664	-300000
6665	-300000
6666	-300000
6667	-300000
6668	-300000
6669	-300000
6670	-300000
6671	-300000
6672	-300000
6673	-300000
6674	-300000
6675	-300000
6676	-300000
6677	-300000
6678	-300000
6679	-300000
6680	-300000
6681	-300000
6682	-300000
6683	-300000
6684	-300000
6685	-300000
6686	-300000
6687	-300000
6688	-300000
6689	-300000
6690	-300000
6691	-300000
6692	-300000
6693	-300000
6694	-300000
6695	-300000
6696	-300000
6697	-300000
6698	-300000
6699	-300000
6700	-300000
6701	-300000
6702	-300000
6703	-300000
6704	-300000
6705	-300000
6706	-300000
6707	-300000
6708	-300000
6709	-300000
6710	-300000
6711	-300000
6712	-300000
6713	-300000
6714	-300000
6715	-300000
6716	-300000
6717	-300000
6718	-300000
6719	-300000
6720	-300000
6721	-300000
6722	-300000
6723	-300000
6724	-300000
6725	-300000
6726	-300000
6727	-300000
6728	-300000
6729	-300000
6730	-300000
6731	-300000
6732	-300000
6733	-300000
6734	-300000
6735	-300000
6736	-300000
6737	-300000
6738	-300000
6739	-300000
6740	-300000
6741	-300000
6742	-300000
6743	-300000
6744	-300000
6745	-300000
6746	-300000
6747	-300000
6748	-300000
6749	-300000
6750	-300000
6751	-300000
6752	-300000
6753	-300000
6754	-300000
6755	-300000
6756	-300000
6757	-300000
6758	-300000
6759	-300000
6760	-300000
6761	-300000
6762	-300000
6763	-300000
6764	-300000
6765	-300000
6766	-300000
6767	-300000
6768	-300000
6769	-300000
6770	-300000
6771	-300000
6772	-300000
6773	-300000
6774	-300000
6775	-300000
6776	-300000
6777	-300000
6778	-300000
6779	-300000
6780	-300000
6781	-300000
6782	-300000
6783	-300000
6784	-300000
6785	-300000
6786	-300000
6787	-300000
6788	-300000
6789	-300000
6790	-300000
6791	-300000
6792	-300000
6793	-300000
6794	-300000
6795	-300000
6796	-300000
6797	-300000
6798	-300000
6799	-300000
6800	-300000
6801	-300000
6802	-300000
6803	-300000
6804	-300000
6805	-300000
6806	-300000
6807	-300000
6808	-300000
6809	-300000
6810	-300000
6811	-300000
6812	-300000
6813	-300000
6814	-300000
6815	-300000
6816	-300000
6817	-300000
6818	-300000
6819	-300000
6820	-300000
6821	-300000
6822	-300000
6823	-300000
6824	-300000
6825	-300000
6826	-300000
6827	-300000
6828	-300000
6829	-300000
6830	-300000
6831	-300000
6832	-300000
6833	-300000
6834	-300000
6835	-300000
6836	-300000
6837	-300000
6838	-300000
6839	-300000
6840	-300000
6841	-300000
6842	-300000
6843	-300000
6844	-300000
6845	-300000
6846	-300000
6847	-300000
6848	-300000
6849	-300000
6850	-300000
6851	-300000
6852	-300000
6853	-300000
6854	-300000
6855	-300000
6856	-300000
6857	-300000
6858	-300000
6859	-300000
6860	-300000
6861	-300000
6862	-300000
6863	-300000
6864	-300000
6865	-300000
6866	-300000
6867	-300000
6868	-300000
6869	-300000
6870	-300000
6871	-300000
6872	-300000
6873	-300000
6874	-300000
6875	-300000
6876	-300000
6877	-300000
6878	-300000
6879	-300000
6880	-300000
6881	-300000
6882	-300000
6883	-300000
6884	-300000
6885	-300000
6886	-300000
6887	-300000
6888	-300000
6889	-300000
6890	-300000
6891	-300000
6892	-300000
6893	-300000
6894	-300000
6895	-300000
6896	-300000
6897	-300000
6898	-300000
6899	-300000
6900	-300000
6901	-300000
6902	-300000
6903	-300000
6904	-300000
6905	-300000
6906	-300000
6907	-300000
6908	-300000
6909	-300000
6910	-300000
6911	-300000
6912	-300000
6913	-300000
6914	-300000
6915	-300000
6916	-300000
6917	-300000
6918	-300000
6919	-300000
6920	-300000
6921	-300000
6922	-300000
6923	-300000
6924	-300000
6925	-300000
6926	-300000
6927	-300000
6928	-300000
6929	-300000
6930	-300000
6931	-300000
6932	-300000
6933	-300000
6934	-300000
6935	-300000
6936	-300000
6937	-300000
6938	-300000
6939	-300000
6940	-300000
6941	-300000
6942	-300000
6943	-300000
6944	-300000
6945	-300000
6946	-300000
6947	-300000
6948	-300000
6949	-300000
6950	-300000
6951	-300000
6952	-300000
6953	-300000
6954	-300000
6955	-300000
6956	-300000
6957	-300000
6958	-300000
6959	-300000
6960	-300000
6961	-300000
6962	-300000
6963	-300000
6964	-300000
6965	-300000
6966	-300000
6967	-300000
6968	-300000
6969	-300000
6970	-300000
6971	-300000
6972	-300000
6973	-300000
6974	-300000
6975	-300000
6976	-300000
6977	-300000
6978	-300000
6979	-300000
6980	-300000
6981	-300000
6982	-300000
6983	-300000
6984	-300000
6985	-300000
6986	-300000
6987	-300000
6988	-300000
6989	-300000
6990	-300000
6991	-300000
6992	-300000
6993	-300000
6994	-300000
6995	-300000
6996	-300000
6997	-300000
6998	-300000
6999	-300000
7000	-300000
7001	-300000
7002	-300000
7003	-300000
7004	-300000
7005	-300000
7006	-300000
7007	-300000
7008	-300000
7009	-300000
7010	-300000
7011	-300000
7012	-300000
7013	-300000
7014	-300000
7015	-300000
7016	-300000
7017	-300000
7018	-300000
7019	-300000
7020	-300000
7021	-300000
7022	-300000
7023	-300000
7024	-300000
7025	-300000
7026	-300000
7027	-300000
7028	-300000
7029	-300000
7030	-300000
7031	-300000
7032	-300000
7033	-300000
7034	-300000
7035	-300000
7036	-300000
7037	-300000
7038	-300000
7039	-300000
7040	-300000
7041	-300000
7042	-300000
7043	-300000
7044	-300000
7045	-300000
7046	-300000
7047	-300000
7048	-300000
7049	-300000
7050	-300000
7051	-300000
7052	-300000
7053	-300000
7054	-300000
7055	-300000
7056	-300000
7057	-300000
7058	-300000
7059	-300000
7060	-300000
7061	-300000
7062	-300000
7063	-300000
7064	-300000
7065	-300000
7066	-300000
7067	-300000
7068	-300000
7069	-300000
7070	-300000
7071	-300000
7072	-300000
7073	-300000
7074	-300000
7075	-300000
7076	-300000
7077	-300000
7078	-300000
7079	-300000
7080	-300000
7081	-300000
7082	-300000
7083	-300000
7084	-300000
7085	-300000
7086	-300000
7087	-300000
7088	-300000
7089	-300000
7090	-300000
7091	-300000
7092	-300000
7093	-300000
7094	-300000
7095	-300000
7096	-300000
7097	-300000
7098	-300000
7099	-300000
7100	-300000
7101	-300000
7102	-300000
7103	-300000
7104	-300000
7105	-300000
7106	-300000
7107	-300000
7108	-300000
7109	-300000
7110	-300000
7111	-300000
7112	-300000
7113	-300000
7114	-300000
7115	-300000
7116	-300000
7117	-300000
7118	-300000
7119	-300000
7120	-300000
7121	-300000
7122	-300000
7123	-300000
7124	-300000
7125	-300000
7126	-300000
7127	-300000
7128	-300000
7129	-300000
7130	-300000
7131	-300000
7132	-300000
7133	-300000
7134	-300000
7135	-300000
7136	-300000
7137	-300000
7138	-300000
7139	-300000
7140	-300000
7141	-300000
7142	-300000
7143	-300000
7144	-300000
7145	-300000
7146	-300000
7147	-300000
7148	-300000
7149	-300000
7150	-300000
7151	-300000
7152	-300000
7153	-300000
7154	-300000
7155	-300000
7156	-300000
7157	-300000
7158	-300000
7159	-300000
7160	-300000
7161	-300000
7162	-300000
7163	-300000
7164	-300000
7165	-300000
7166	-300000
7167	-300000
7168	-300000
7169	-300000
7170	-300000
7171	-300000
7172	-300000
7173	-300000
7174	-300000
7175	-300000
7176	-300000
7177	-300000
7178	-300000
7179	-300000
7180	-300000
7181	-300000
7182	-300000
7183	-300000
7184	-300000
7185	-300000
7186	-300000
7187	-300000
7188	-300000
7189	-300000
7190	-300000
7191	-300000
7192	-300000
7193	-300000
7194	-300000
7195	-300000
7196	-300000
7197	-300000
7198	-300000
7199	-300000
7200	-300000
7201	-300000
7202	-300000
7203	-300000
7204	-300000
7205	-300000
7206	-300000
7207	-300000
7208	-300000
7209	-300000
7210	-300000
7211	-300000
7212	-300000
7213	-300000
7214	-300000
7215	-300000
7216	-300000
7217	-300000
7218	-300000
7219	-300000
7220	-300000
7221	-300000
7222	-300000
7223	-300000
7224	-300000
7225	-300000
7226	-300000
7227	-300000
7228	-300000
7229	-300000
7230	-300000
7231	-300000
7232	-300000
7233	-300000
7234	-300000
7235	-300000
7236	-300000
7237	-300000
7238	-300000
7239	-300000
7240	-300000
7241	-300000
7242	-300000
7243	-300000
7244	-300000
7245	-300000
7246	-300000
7247	-300000
7248	-300000
7249	-300000
7250	-300000
7251	-300000
7252	-300000
7253	-300000
7254	-300000
7255	-300000
7256	-300000
7257	-300000
7258	-300000
7259	-300000
7260	-300000
7261	-300000
7262	-300000
7263	-300000
7264	-300000
7265	-300000
7266	-300000
7267	-300000
7268	-300000
7269	-300000
7270	-300000
7271	-300000
7272	-300000
7273	-300000
7274	-300000
7275	-300000
7276	-300000
7277	-300000
7278	-300000
7279	-300000
7280	-300000
7281	-300000
7282	-300000
7283	-300000
7284	-300000
7285	-300000
7286	-300000
7287	-300000
7288	-300000
7289	-300000
7290	-300000
7291	-300000
7292	-300000
7293	-300000
7294	-300000
7295	-300000
7296	-300000
7297	-300000
7298	-300000
7299	-300000
7300	-300000
7301	-300000
7302	-300000
7303	-300000
7304	-300000
7305	-300000
7306	-300000
7307	-300000
7308	-300000
7309	-300000
7310	-300000
7311	-300000
7312	-300000
7313	-300000
7314	-300000
7315	-300000
7316	-300000
7317	-300000
7318	-300000
7319	-300000
7320	-300000
7321	-300000
7322	-300000
7323	-300000
7324	-300000
7325	-300000
7326	-300000
7327	-300000
7328	-300000
7329	-300000
7330	-300000
7331	-300000
7332	-300000
7333	-300000
7334	-300000
7335	-300000
7336	-300000
7337	-300000
7338	-300000
7339	-300000
7340	-300000
7341	-300000
7342	-300000
7343	-300000
7344	-300000
7345	-300000
7346	-300000
7347	-300000
7348	-300000
7349	-300000
7350	-300000
7351	-300000
7352	-300000
7353	-300000
7354	-300000
7355	-300000
7356	-300000
7357	-300000
7358	-300000
7359	-300000
7360	-300000
7361	-300000
7362	-300000
7363	-300000
7364	-300000
7365	-300000
7366	-300000
7367	-300000
7368	-300000
7369	-300000
7370	-300000
7371	-300000
7372	-300000
7373	-300000
7374	-300000
7375	-300000
7376	-300000
7377	-300000
7378	-300000
7379	-300000
7380	-300000
7381	-300000
7382	-300000
7383	-300000
7384	-300000
7385	-300000
7386	-300000
7387	-300000
7388	-300000
7389	-300000
7390	-300000
7391	-300000
7392	-300000
7393	-300000
7394	-300000
7395	-300000
7396	-300000
7397	-300000
7398	-300000
7399	-300000
7400	-300000
7401	-300000
7402	-300000
7403	-300000
7404	-300000
7405	-300000
7406	-300000
7407	-300000
7408	-300000
7409	-300000
7410	-300000
7411	-300000
7412	-300000
7413	-300000
7414	-300000
7415	-300000
7416	-300000
7417	-300000
7418	-300000
7419	-300000
7420	-300000
7421	-300000
7422	-300000
7423	-300000
7424	-300000
7425	-300000
7426	-300000
7427	-300000
7428	-300000
7429	-300000
7430	-300000
7431	-300000
7432	-300000
7433	-300000
7434	-300000
7435	-300000
7436	-300000
7437	-300000
7438	-300000
7439	-300000
7440	-300000
7441	-300000
7442	-300000
7443	-300000
7444	-300000
7445	-300000
7446	-300000
7447	-300000
7448	-300000
7449	-300000
7450	-300000
7451	-300000
7452	-300000
7453	-300000
7454	-300000
7455	-300000
7456	-300000
7457	-300000
7458	-300000
7459	-300000
7460	-300000
7461	-300000
7462	-300000
7463	-300000
7464	-300000
7465	-300000
7466	-300000
7467	-300000
7468	-300000
7469	-300000
7470	-300000
7471	-300000
7472	-300000
7473	-300000
7474	-300000
7475	-300000
7476	-300000
7477	-300000
7478	-300000
7479	-300000
7480	-300000
7481	-300000
7482	-300000
7483	-300000
7484	-300000
7485	-300000
7486	-300000
7487	-300000
7488	-300000
7489	-300000
7490	-300000
7491	-300000
7492	-300000
7493	-300000
7494	-300000
7495	-300000
7496	-300000
7497	-300000
7498	-300000
7499	-300000
7500	-300000
7501	-300000
7502	-300000
7503	-300000
7504	-300000
7505	-300000
7506	-300000
7507	-300000
7508	-300000
7509	-300000
7510	-300000
7511	-300000
7512	-300000
7513	-300000
7514	-300000
7515	-300000
7516	-300000
7517	-300000
7518	-300000
7519	-300000
7520	-300000
7521	-300000
7522	-300000
7523	-300000
7524	-300000
7525	-300000
7526	-300000
7527	-300000
7528	-300000
7529	-300000
7530	-300000
7531	-300000
7532	-300000
7533	-300000
7534	-300000
7535	-300000
7536	-300000
7537	-300000
7538	-300000
7539	-300000
7540	-300000
7541	-300000
7542	-300000
7543	-300000
7544	-300000
7545	-300000
7546	-300000
7547	-300000
7548	-300000
7549	-300000
7550	-300000
7551	-300000
7552	-300000
7553	-300000
7554	-300000
7555	-300000
7556	-300000
7557	-300000
7558	-300000
7559	-300000
7560	-300000
7561	-300000
7562	-300000
7563	-300000
7564	-300000
7565	-300000
7566	-300000
7567	-300000
7568	-300000
7569	-300000
7570	-300000
7571	-300000
7572	-300000
7573	-300000
7574	-300000
7575	-300000
7576	-300000
7577	-300000
7578	-300000
7579	-300000
7580	-300000
7581	-300000
7582	-300000
7583	-300000
7584	-300000
7585	-300000
7586	-300000
7587	-300000
7588	-300000
7589	-300000
7590	-300000
7591	-300000
7592	-300000
7593	-300000
7594	-300000
7595	-300000
7596	-300000
7597	-300000
7598	-300000
7599	-300000
7600	-300000
7601	-300000
7602	-300000
7603	-300000
7604	-300000
7605	-300000
7606	-300000
7607	-300000
7608	-300000
7609	-300000
7610	-300000
7611	-300000
7612	-300000
7613	-300000
7614	-300000
7615	-300000
7616	-300000
7617	-300000
7618	-300000
7619	-300000
7620	-300000
7621	-300000
7622	-300000
7623	-300000
7624	-300000
7625	-300000
7626	-300000
7627	-300000
7628	-300000
7629	-300000
7630	-300000
7631	-300000
7632	-300000
7633	-300000
7634	-300000
7635	-300000
7636	-300000
7637	-300000
7638	-300000
7639	-300000
7640	-300000
7641	-300000
7642	-300000
7643	-300000
7644	-300000
7645	-300000
7646	-300000
7647	-300000
7648	-300000
7649	-300000
7650	-300000
7651	-300000
7652	-300000
7653	-300000
7654	-300000
7655	-300000
7656	-300000
7657	-300000
7658	-300000
7659	-300000
7660	-300000
7661	-300000
7662	-300000
7663	-300000
7664	-300000
7665	-300000
7666	-300000
7667	-300000
7668	-300000
7669	-300000
7670	-300000
7671	-300000
7672	-300000
7673	-300000
7674	-300000
7675	-300000
7676	-300000
7677	-300000
7678	-300000
7679	-300000
7680	-300000
7681	-300000
7682	-300000
7683	-300000
7684	-300000
7685	-300000
7686	-300000
7687	-300000
7688	-300000
7689	-300000
7690	-300000
7691	-300000
7692	-300000
7693	-300000
7694	-300000
7695	-300000
7696	-300000
7697	-300000
7698	-300000
7699	-300000
7700	-300000
7701	-300000
7702	-300000
7703	-300000
7704	-300000
7705	-300000
7706	-300000
7707	-300000
7708	-300000
7709	-300000
7710	-300000
7711	-300000
7712	-300000
7713	-300000
7714	-300000
7715	-300000
7716	-300000
7717	-300000
7718	-300000
7719	-300000
7720	-300000
7721	-300000
7722	-300000
7723	-300000
7724	-300000
7725	-300000
7726	-300000
7727	-300000
7728	-300000
7729	-300000
7730	-300000
7731	-300000
7732	-300000
7733	-300000
7734	-300000
7735	-300000
7736	-300000
7737	-300000
7738	-300000
7739	-300000
7740	-300000
7741	-300000
7742	-300000
7743	-300000
7744	-300000
7745	-300000
7746	-300000
7747	-300000
7748	-300000
7749	-300000
7750	-300000
7751	-300000
7752	-300000
7753	-300000
7754	-300000
7755	-300000
7756	-300000
7757	-300000
7758	-300000
7759	-300000
7760	-300000
7761	-300000
7762	-300000
7763	-300000
7764	-300000
7765	-300000
7766	-300000
7767	-300000
7768	-300000
7769	-300000
7770	-300000
7771	-300000
7772	-300000
7773	-300000
7774	-300000
7775	-300000
7776	-300000
7777	-300000
7778	-300000
7779	-300000
7780	-300000
7781	-300000
7782	-300000
7783	-300000
7784	-300000
7785	-300000
7786	-300000
7787	-300000
7788	-300000
7789	-300000
7790	-300000
7791	-300000
7792	-300000
7793	-300000
7794	-300000
7795	-300000
7796	-300000
7797	-300000
7798	-300000
7799	-300000
7800	-300000
7801	-300000
7802	-300000
7803	-300000
7804	-300000
7805	-300000
7806	-300000
7807	-300000
7808	-300000
7809	-300000
7810	-300000
7811	-300000
7812	-300000
7813	-300000
7814	-300000
7815	-300000
7816	-300000
7817	-300000
7818	-300000
7819	-300000
7820	-300000
7821	-300000
7822	-300000
7823	-300000
7824	-300000
7825	-300000
7826	-300000
7827	-300000
7828	-300000
7829	-300000
7830	-300000
7831	-300000
7832	-300000
7833	-300000
7834	-300000
7835	-300000
7836	-300000
7837	-300000
7838	-300000
7839	-300000
7840	-300000
7841	-300000
7842	-300000
7843	-300000
7844	-300000
7845	-300000
7846	-300000
7847	-300000
7848	-300000
7849	-300000
7850	-300000
7851	-300000
7852	-300000
7853	-300000
7854	-300000
7855	-300000
7856	-300000
7857	-300000
7858	-300000
7859	-300000
7860	-300000
7861	-300000
7862	-300000
7863	-300000
7864	-300000
7865	-300000
7866	-300000
7867	-300000
7868	-300000
7869	-300000
7870	-300000
7871	-300000
7872	-300000
7873	-300000
7874	-300000
7875	-300000
7876	-300000
7877	-300000
7878	-300000
7879	-300000
7880	-300000
7881	-300000
7882	-300000
7883	-300000
7884	-300000
7885	-300000
7886	-300000
7887	-300000
7888	-300000
7889	-300000
7890	-300000
7891	-300000
7892	-300000
7893	-300000
7894	-300000
7895	-300000
7896	-300000
7897	-300000
7898	-300000
7899	-300000
7900	-300000
7901	-300000
7902	-300000
7903	-300000
7904	-300000
7905	-300000
7906	-300000
7907	-300000
7908	-300000
7909	-300000
7910	-300000
7911	-300000
7912	-300000
7913	-300000
7914	-300000
7915	-300000
7916	-300000
7917	-300000
7918	-300000
7919	-300000
7920	-300000
7921	-300000
7922	-300000
7923	-300000
7924	-300000
7925	-300000
7926	-300000
7927	-300000
7928	-300000
7929	-300000
7930	-300000
7931	-300000
7932	-300000
7933	-300000
7934	-300000
7935	-300000
7936	-300000
7937	-300000
7938	-300000
7939	-300000
7940	-300000
7941	-300000
7942	-300000
7943	-300000
7944	-300000
7945	-300000
7946	-300000
7947	-300000
7948	-300000
7949	-300000
7950	-300000
7951	-300000
7952	-300000
7953	-300000
7954	-300000
7955	-300000
7956	-300000
7957	-300000
7958	-300000
7959	-300000
7960	-300000
7961	-300000
7962	-300000
7963	-300000
7964	-300000
7965	-300000
7966	-300000
7967	-300000
7968	-300000
7969	-300000
7970	-300000
7971	-300000
7972	-300000
7973	-300000
7974	-300000
7975	-300000
7976	-300000
7977	-300000
7978	-300000
7979	-300000
7980	-300000
7981	-300000
7982	-300000
7983	-300000
7984	-300000
7985	-300000
7986	-300000
7987	-300000
7988	-300000
7989	-300000
7990	-300000
7991	-300000
7992	-300000
7993	-300000
7994	-300000
7995	-300000
7996	-300000
7997	-300000
7998	-300000
7999	-300000
8000	-300000
8001	-300000
8002	-300000
8003	-300000
8004	-300000
8005	-300000
8006	-300000
8007	-300000
8008	-300000
8009	-300000
8010	-300000
8011	-300000
8012	-300000
8013	-300000
8014	-300000
8015	-300000
8016	-300000
8017	-300000
8018	-300000
8019	-300000
8020	-300000
8021	-300000
8022	-300000
8023	-300000
8024	-300000
8025	-300000
8026	-300000
8027	-300000
8028	-300000
8029	-300000
8030	-300000
8031	-300000
8032	-300000
8033	-300000
8034	-300000
8035	-300000
8036	-300000
8037	-300000
8038	-300000
8039	-300000
8040	-300000
8041	-300000
8042	-300000
8043	-300000
8044	-300000
8045	-300000
8046	-300000
8047	-300000
8048	-300000
8049	-300000
8050	-300000
8051	-300000
8052	-300000
8053	-300000
8054	-300000
8055	-300000
8056	-300000
8057	-300000
8058	-300000
8059	-300000
8060	-300000
8061	-300000
8062	-300000
8063	-300000
8064	-300000
8065	-300000
8066	-300000
8067	-300000
8068	-300000
8069	-300000
8070	-300000
8071	-300000
8072	-300000
8073	-300000
8074	-300000
8075	-300000
8076	-300000
8077	-300000
8078	-300000
8079	-300000
8080	-300000
8081	-300000
8082	-300000
8083	-300000
8084	-300000
8085	-300000
8086	-300000
8087	-300000
8088	-300000
8089	-300000
8090	-300000
8091	-300000
8092	-300000
8093	-300000
8094	-300000
8095	-300000
8096	-300000
8097	-300000
8098	-300000
8099	-300000
8100	-300000
8101	-300000
8102	-300000
8103	-300000
8104	-300000
8105	-300000
8106	-300000
8107	-300000
8108	-300000
8109	-300000
8110	-300000
8111	-300000
8112	-300000
8113	-300000
8114	-300000
8115	-300000
8116	-300000
8117	-300000
8118	-300000
8119	-300000
8120	-300000
8121	-300000
8122	-300000
8123	-300000
8124	-300000
8125	-300000
8126	-300000
8127	-300000
8128	-300000
8129	-300000
8130	-300000
8131	-300000
8132	-300000
8133	-300000
8134	-300000
8135	-300000
8136	-300000
8137	-300000
8138	-300000
8139	-300000
8140	-300000
8141	-300000
8142	-300000
8143	-300000
8144	-300000
8145	-300000
8146	-300000
8147	-300000
8148	-300000
8149	-300000
8150	-300000
8151	-300000
8152	-300000
8153	-300000
8154	-300000
8155	-300000
8156	-300000
8157	-300000
8158	-300000
8159	-300000
8160	-300000
8161	-300000
8162	-300000
8163	-300000
8164	-300000
8165	-300000
8166	-300000
8167	-300000
8168	-300000
8169	-300000
8170	-300000
8171	-300000
8172	-300000
8173	-300000
8174	-300000
8175	-300000
8176	-300000
8177	-300000
8178	-300000
8179	-300000
8180	-300000
8181	-300000
8182	-300000
8183	-300000
8184	-300000
8185	-300000
8186	-300000
8187	-300000
8188	-300000
8189	-300000
8190	-300000
8191	-300000
8192	-300000
8193	-300000
8194	-300000
8195	-300000
8196	-300000
8197	-300000
8198	-300000
8199	-300000
8200	-300000
8201	-300000
8202	-300000
8203	-300000
8204	-300000
8205	-300000
8206	-300000
8207	-300000
8208	-300000
8209	-300000
8210	-300000
8211	-300000
8212	-300000
8213	-300000
8214	-300000
8215	-300000
8216	-300000
8217	-300000
8218	-300000
8219	-300000
8220	-300000
8221	-300000
8222	-300000
8223	-300000
8224	-300000
8225	-300000
8226	-300000
8227	-300000
8228	-300000
8229	-300000
8230	-300000
8231	-300000
8232	-300000
8233	-300000
8234	-300000
8235	-300000
8236	-300000
8237	-300000
8238	-300000
8239	-300000
8240	-300000
8241	-300000
8242	-300000
8243	-300000
8244	-300000
8245	-300000
8246	-300000
8247	-300000
8248	-300000
8249	-300000
8250	-300000
8251	-300000
8252	-300000
8253	-300000
8254	-300000
8255	-300000
8256	-300000
8257	-300000
8258	-300000
8259	-300000
8260	-300000
8261	-300000
8262	-300000
8263	-300000
8264	-300000
8265	-300000
8266	-300000
8267	-300000
8268	-300000
8269	-300000
8270	-300000
8271	-300000
8272	-300000
8273	-300000
8274	-300000
8275	-300000
8276	-300000
8277	-300000
8278	-300000
8279	-300000
8280	-300000
8281	-300000
8282	-300000
8283	-300000
8284	-300000
8285	-300000
8286	-300000
8287	-300000
8288	-300000
8289	-300000
8290	-300000
8291	-300000
8292	-300000
8293	-300000
8294	-300000
8295	-300000
8296	-300000
8297	-300000
8298	-300000
8299	-300000
8300	-300000
8301	-300000
8302	-300000
8303	-300000
8304	-300000
8305	-300000
8306	-300000
8307	-300000
8308	-300000
8309	-300000
8310	-300000
8311	-300000
8312	-300000
8313	-300000
8314	-300000
8315	-300000
8316	-300000
8317	-300000
8318	-300000
8319	-300000
8320	-300000
8321	-300000
8322	-300000
8323	-300000
8324	-300000
8325	-300000
8326	-300000
8327	-300000
8328	-300000
8329	-300000
8330	-300000
8331	-300000
8332	-300000
8333	-300000
8334	-300000
8335	-300000
8336	-300000
8337	-300000
8338	-300000
8339	-300000
8340	-300000
8341	-300000
8342	-300000
8343	-300000
8344	-300000
8345	-300000
8346	-300000
8347	-300000
8348	-300000
8349	-300000
8350	-300000
8351	-300000
8352	-300000
8353	-300000
8354	-300000
8355	-300000
8356	-300000
8357	-300000
8358	-300000
8359	-300000
8360	-300000
8361	-300000
8362	-300000
8363	-300000
8364	-300000
8365	-300000
8366	-300000
8367	-300000
8368	-300000
8369	-300000
8370	-300000
8371	-300000
8372	-300000
8373	-300000
8374	-300000
8375	-300000
8376	-300000
8377	-300000
8378	-300000
8379	-300000
8380	-300000
8381	-300000
8382	-300000
8383	-300000
8384	-300000
8385	-300000
8386	-300000
8387	-300000
8388	-300000
8389	-300000
8390	-300000
8391	-300000
8392	-300000
8393	-300000
8394	-300000
8395	-300000
8396	-300000
8397	-300000
8398	-300000
8399	-300000
8400	-300000
8401	-300000
8402	-300000
8403	-300000
8404	-300000
8405	-300000
8406	-300000
8407	-300000
8408	-300000
8409	-300000
8410	-300000
8411	-300000
8412	-300000
8413	-300000
8414	-300000
8415	-300000
8416	-300000
8417	-300000
8418	-300000
8419	-300000
8420	-300000
8421	-300000
8422	-300000
8423	-300000
8424	-300000
8425	-300000
8426	-300000
8427	-300000
8428	-300000
8429	-300000
8430	-300000
8431	-300000
8432	-300000
8433	-300000
8434	-300000
8435	-300000
8436	-300000
8437	-300000
8438	-300000
8439	-300000
8440	-300000
8441	-300000
8442	-300000
8443	-300000
8444	-300000
8445	-300000
8446	-300000
8447	-300000
8448	-300000
8449	-300000
8450	-300000
8451	-300000
8452	-300000
8453	-300000
8454	-300000
8455	-300000
8456	-300000
8457	-300000
8458	-300000
8459	-300000
8460	-300000
8461	-300000
8462	-300000
8463	-300000
8464	-300000
8465	-300000
8466	-300000
8467	-300000
8468	-300000
8469	-300000
8470	-300000
8471	-300000
8472	-300000
8473	-300000
8474	-300000
8475	-300000
8476	-300000
8477	-300000
8478	-300000
8479	-300000
8480	-300000
8481	-300000
8482	-300000
8483	-300000
8484	-300000
8485	-300000
8486	-300000
8487	-300000
8488	-300000
8489	-300000
8490	-300000
8491	-300000
8492	-300000
8493	-300000
8494	-300000
8495	-300000
8496	-300000
8497	-300000
8498	-300000
8499	-300000
8500	-300000
8501	-300000
8502	-300000
8503	-300000
8504	-300000
8505	-300000
8506	-300000
8507	-300000
8508	-300000
8509	-300000
8510	-300000
8511	-300000
8512	-300000
8513	-300000
8514	-300000
8515	-300000
8516	-300000
8517	-300000
8518	-300000
8519	-300000
8520	-300000
8521	-300000
8522	-300000
8523	-300000
8524	-300000
8525	-300000
8526	-300000
8527	-300000
8528	-300000
8529	-300000
8530	-300000
8531	-300000
8532	-300000
8533	-300000
8534	-300000
8535	-300000
8536	-300000
8537	-300000
8538	-300000
8539	-300000
8540	-300000
8541	-300000
8542	-300000
8543	-300000
8544	-300000
8545	-300000
8546	-300000
8547	-300000
8548	-300000
8549	-300000
8550	-300000
8551	-300000
8552	-300000
8553	-300000
8554	-300000
8555	-300000
8556	-300000
8557	-300000
8558	-300000
8559	-300000
8560	-300000
8561	-300000
8562	-300000
8563	-300000
8564	-300000
8565	-300000
8566	-300000
8567	-300000
8568	-300000
8569	-300000
8570	-300000
8571	-300000
8572	-300000
8573	-300000
8574	-300000
8575	-300000
8576	-300000
8577	-300000
8578	-300000
8579	-300000
8580	-300000
8581	-300000
8582	-300000
8583	-300000
8584	-300000
8585	-300000
8586	-300000
8587	-300000
8588	-300000
8589	-300000
8590	-300000
8591	-300000
8592	-300000
8593	-300000
8594	-300000
8595	-300000
8596	-300000
8597	-300000
8598	-300000
8599	-300000
8600	-300000
8601	-300000
8602	-300000
8603	-300000
8604	-300000
8605	-300000
8606	-300000
8607	-300000
8608	-300000
8609	-300000
8610	-300000
8611	-300000
8612	-300000
8613	-300000
8614	-300000
8615	-300000
8616	-300000
8617	-300000
8618	-300000
8619	-300000
8620	-300000
8621	-300000
8622	-300000
8623	-300000
8624	-300000
8625	-300000
8626	-300000
8627	-300000
8628	-300000
8629	-300000
8630	-300000
8631	-300000
8632	-300000
8633	-300000
8634	-300000
8635	-300000
8636	-300000
8637	-300000
8638	-300000
8639	-300000
8640	-300000
8641	-300000
8642	-300000
8643	-300000
8644	-300000
8645	-300000
8646	-300000
8647	-300000
8648	-300000
8649	-300000
8650	-300000
8651	-300000
8652	-300000
8653	-300000
8654	-300000
8655	-300000
8656	-300000
8657	-300000
8658	-300000
8659	-300000
8660	-300000
8661	-300000
8662	-300000
8663	-300000
8664	-300000
8665	-300000
8666	-300000
8667	-300000
8668	-300000
8669	-300000
8670	-300000
8671	-300000
8672	-300000
8673	-300000
8674	-300000
8675	-300000
8676	-300000
8677	-300000
8678	-300000
8679	-300000
8680	-300000
8681	-300000
8682	-300000
8683	-300000
8684	-300000
8685	-300000
8686	-300000
8687	-300000
8688	-300000
8689	-300000
8690	-300000
8691	-300000
8692	-300000
8693	-300000
8694	-300000
8695	-300000
8696	-300000
8697	-300000
8698	-300000
8699	-300000
8700	-300000
8701	-300000
8702	-300000
8703	-300000
8704	-300000
8705	-300000
8706	-300000
8707	-300000
8708	-300000
8709	-300000
8710	-300000
8711	-300000
8712	-300000
8713	-300000
8714	-300000
8715	-300000
8716	-300000
8717	-300000
8718	-300000
8719	-300000
8720	-300000
8721	-300000
8722	-300000
8723	-300000
8724	-300000
8725	-300000
8726	-300000
8727	-300000
8728	-300000
8729	-300000
8730	-300000
8731	-300000
8732	-300000
8733	-300000
8734	-300000
8735	-300000
8736	-300000
8737	-300000
8738	-300000
8739	-300000
8740	-300000
8741	-300000
8742	-300000
8743	-300000
8744	-300000
8745	-300000
8746	-300000
8747	-300000
8748	-300000
8749	-300000
8750	-300000
8751	-300000
8752	-300000
8753	-300000
8754	-300000
8755	-300000
8756	-300000
8757	-300000
8758	-300000
8759	-300000
8760	-300000
8761	-300000
8762	-300000
8763	-300000
8764	-300000
8765	-300000
8766	-300000
8767	-300000
8768	-300000
8769	-300000
8770	-300000
8771	-300000
8772	-300000
8773	-300000
8774	-300000
8775	-300000
8776	-300000
8777	-300000
8778	-300000
8779	-300000
8780	-300000
8781	-300000
8782	-300000
8783	-300000
8784	-300000
8785	-300000
8786	-300000
8787	-300000
8788	-300000
8789	-300000
8790	-300000
8791	-300000
8792	-300000
8793	-300000
8794	-300000
8795	-300000
8796	-300000
8797	-300000
8798	-300000
8799	-300000
8800	-300000
8801	-300000
8802	-300000
8803	-300000
8804	-300000
8805	-300000
8806	-300000
8807	-300000
8808	-300000
8809	-300000
8810	-300000
8811	-300000
8812	-300000
8813	-300000
8814	-300000
8815	-300000
8816	-300000
8817	-300000
8818	-300000
8819	-300000
8820	-300000
8821	-300000
8822	-300000
8823	-300000
8824	-300000
8825	-300000
8826	-300000
8827	-300000
8828	-300000
8829	-300000
8830	-300000
8831	-300000
8832	-300000
8833	-300000
8834	-300000
8835	-300000
8836	-300000
8837	-300000
8838	-300000
8839	-300000
8840	-300000
8841	-300000
8842	-300000
8843	-300000
8844	-300000
8845	-300000
8846	-300000
8847	-300000
8848	-300000
8849	-300000
8850	-300000
8851	-300000
8852	-300000
8853	-300000
8854	-300000
8855	-300000
8856	-300000
8857	-300000
8858	-300000
8859	-300000
8860	-300000
8861	-300000
8862	-300000
8863	-300000
8864	-300000
8865	-300000
8866	-300000
8867	-300000
8868	-300000
8869	-300000
8870	-300000
8871	-300000
8872	-300000
8873	-300000
8874	-300000
8875	-300000
8876	-300000
8877	-300000
8878	-300000
8879	-300000
8880	-300000
8881	-300000
8882	-300000
8883	-300000
8884	-300000
8885	-300000
8886	-300000
8887	-300000
8888	-300000
8889	-300000
8890	-300000
8891	-300000
8892	-300000
8893	-300000
8894	-300000
8895	-300000
8896	-300000
8897	-300000
8898	-300000
8899	-300000
8900	-300000
8901	-300000
8902	-300000
8903	-300000
8904	-300000
8905	-300000
8906	-300000
8907	-300000
8908	-300000
8909	-300000
8910	-300000
8911	-300000
8912	-300000
8913	-300000
8914	-300000
8915	-300000
8916	-300000
8917	-300000
8918	-300000
8919	-300000
8920	-300000
8921	-300000
8922	-300000
8923	-300000
8924	-300000
8925	-300000
8926	-300000
8927	-300000
8928	-300000
8929	-300000
8930	-300000
8931	-300000
8932	-300000
8933	-300000
8934	-300000
8935	-300000
8936	-300000
8937	-300000
8938	-300000
8939	-300000
8940	-300000
8941	-300000
8942	-300000
8943	-300000
8944	-300000
8945	-300000
8946	-300000
8947	-300000
8948	-300000
8949	-300000
8950	-300000
8951	-300000
8952	-300000
8953	-300000
8954	-300000
8955	-300000
8956	-300000
8957	-300000
8958	-300000
8959	-300000
8960	-300000
8961	-300000
8962	-300000
8963	-300000
8964	-300000
8965	-300000
8966	-300000
8967	-300000
8968	-300000
8969	-300000
8970	-300000
8971	-300000
8972	-300000
8973	-300000
8974	-300000
8975	-300000
8976	-300000
8977	-300000
8978	-300000
8979	-300000
8980	-300000
8981	-300000
8982	-300000
8983	-300000
8984	-300000
8985	-300000
8986	-300000
8987	-300000
8988	-300000
8989	-300000
8990	-300000
8991	-300000
8992	-300000
8993	-300000
8994	-300000
8995	-300000
8996	-300000
8997	-300000
8998	-300000
8999	-300000
9000	-300000
9001	-300000
9002	-300000
9003	-300000
9004	-300000
9005	-300000
9006	-300000
9007	-300000
9008	-300000
9009	-300000
9010	-300000
9011	-300000
9012	-300000
9013	-300000
9014	-300000
9015	-300000
9016	-300000
9017	-300000
9018	-300000
9019	-300000
9020	-300000
9021	-300000
9022	-300000
9023	-300000
9024	-300000
9025	-300000
9026	-300000
9027	-300000
9028	-300000
9029	-300000
9030	-300000
9031	-300000
9032	-300000
9033	-300000
9034	-300000
9035	-300000
9036	-300000
9037	-300000
9038	-300000
9039	-300000
9040	-300000
9041	-300000
9042	-300000
9043	-300000
9044	-300000
9045	-300000
9046	-300000
9047	-300000
9048	-300000
9049	-300000
9050	-300000
9051	-300000
9052	-300000
9053	-300000
9054	-300000
9055	-300000
9056	-300000
9057	-300000
9058	-300000
9059	-300000
9060	-300000
9061	-300000
9062	-300000
9063	-300000
9064	-300000
9065	-300000
9066	-300000
9067	-300000
9068	-300000
9069	-300000
9070	-300000
9071	-300000
9072	-300000
9073	-300000
9074	-300000
9075	-300000
9076	-300000
9077	-300000
9078	-300000
9079	-300000
9080	-300000
9081	-300000
9082	-300000
9083	-300000
9084	-300000
9085	-300000
9086	-300000
9087	-300000
9088	-300000
9089	-300000
9090	-300000
9091	-300000
9092	-300000
9093	-300000
9094	-300000
9095	-300000
9096	-300000
9097	-300000
9098	-300000
9099	-300000
9100	-300000
9101	-300000
9102	-300000
9103	-300000
9104	-300000
9105	-300000
9106	-300000
9107	-300000
9108	-300000
9109	-300000
9110	-300000
9111	-300000
9112	-300000
9113	-300000
9114	-300000
9115	-300000
9116	-300000
9117	-300000
9118	-300000
9119	-300000
9120	-300000
9121	-300000
9122	-300000
9123	-300000
9124	-300000
9125	-300000
9126	-300000
9127	-300000
9128	-300000
9129	-300000
9130	-300000
9131	-300000
9132	-300000
9133	-300000
9134	-300000
9135	-300000
9136	-300000
9137	-300000
9138	-300000
9139	-300000
9140	-300000
9141	-300000
9142	-300000
9143	-300000
9144	-300000
9145	-300000
9146	-300000
9147	-300000
9148	-300000
9149	-300000
9150	-300000
9151	-300000
9152	-300000
9153	-300000
9154	-300000
9155	-300000
9156	-300000
9157	-300000
9158	-300000
9159	-300000
9160	-300000
9161	-300000
9162	-300000
9163	-300000
9164	-300000
9165	-300000
9166	-300000
9167	-300000
9168	-300000
9169	-300000
9170	-300000
9171	-300000
9172	-300000
9173	-300000
9174	-300000
9175	-300000
9176	-300000
9177	-300000
9178	-300000
9179	-300000
9180	-300000
9181	-300000
9182	-300000
9183	-300000
9184	-300000
9185	-300000
9186	-300000
9187	-300000
9188	-300000
9189	-300000
9190	-300000
9191	-300000
9192	-300000
9193	-300000
9194	-300000
9195	-300000
9196	-300000
9197	-300000
9198	-300000
9199	-300000
9200	-300000
9201	-300000
9202	-300000
9203	-300000
9204	-300000
9205	-300000
9206	-300000
9207	-300000
9208	-300000
9209	-300000
9210	-300000
9211	-300000
9212	-300000
9213	-300000
9214	-300000
9215	-300000
9216	-300000
9217	-300000
9218	-300000
9219	-300000
9220	-300000
9221	-300000
9222	-300000
9223	-300000
9224	-300000
9225	-300000
9226	-300000
9227	-300000
9228	-300000
9229	-300000
9230	-300000
9231	-300000
9232	-300000
9233	-300000
9234	-300000
9235	-300000
9236	-300000
9237	-300000
9238	-300000
9239	-300000
9240	-300000
9241	-300000
9242	-300000
9243	-300000
9244	-300000
9245	-300000
9246	-300000
9247	-300000
9248	-300000
9249	-300000
9250	-300000
9251	-300000
9252	-300000
9253	-300000
9254	-300000
9255	-300000
9256	-300000
9257	-300000
9258	-300000
9259	-300000
9260	-300000
9261	-300000
9262	-300000
9263	-300000
9264	-300000
9265	-300000
9266	-300000
9267	-300000
9268	-300000
9269	-300000
9270	-300000
9271	-300000
9272	-300000
9273	-300000
9274	-300000
9275	-300000
9276	-300000
9277	-300000
9278	-300000
9279	-300000
9280	-300000
9281	-300000
9282	-300000
9283	-300000
9284	-300000
9285	-300000
9286	-300000
9287	-300000
9288	-300000
9289	-300000
9290	-300000
9291	-300000
9292	-300000
9293	-300000
9294	-300000
9295	-300000
9296	-300000
9297	-300000
9298	-300000
9299	-300000
9300	-300000
9301	-300000
9302	-300000
9303	-300000
9304	-300000
9305	-300000
9306	-300000
9307	-300000
9308	-300000
9309	-300000
9310	-300000
9311	-300000
9312	-300000
9313	-300000
9314	-300000
9315	-300000
9316	-300000
9317	-300000
9318	-300000
9319	-300000
9320	-300000
9321	-300000
9322	-300000
9323	-300000
9324	-300000
9325	-300000
9326	-300000
9327	-300000
9328	-300000
9329	-300000
9330	-300000
9331	-300000
9332	-300000
9333	-300000
9334	-300000
9335	-300000
9336	-300000
9337	-300000
9338	-300000
9339	-300000
9340	-300000
9341	-300000
9342	-300000
9343	-300000
9344	-300000
9345	-300000
9346	-300000
9347	-300000
9348	-300000
9349	-300000
9350	-300000
9351	-300000
9352	-300000
9353	-300000
9354	-300000
9355	-300000
9356	-300000
9357	-300000
9358	-300000
9359	-300000
9360	-300000
9361	-300000
9362	-300000
9363	-300000
9364	-300000
9365	-300000
9366	-300000
9367	-300000
9368	-300000
9369	-300000
9370	-300000
9371	-300000
9372	-300000
9373	-300000
9374	-300000
9375	-300000
9376	-300000
9377	-300000
9378	-300000
9379	-300000
9380	-300000
9381	-300000
9382	-300000
9383	-300000
9384	-300000
9385	-300000
9386	-300000
9387	-300000
9388	-300000
9389	-300000
9390	-300000
9391	-300000
9392	-300000
9393	-300000
9394	-300000
9395	-300000
9396	-300000
9397	-300000
9398	-300000
9399	-300000
9400	-300000
9401	-300000
9402	-300000
9403	-300000
9404	-300000
9405	-300000
9406	-300000
9407	-300000
9408	-300000
9409	-300000
9410	-300000
9411	-300000
9412	-300000
9413	-300000
9414	-300000
9415	-300000
9416	-300000
9417	-300000
9418	-300000
9419	-300000
9420	-300000
9421	-300000
9422	-300000
9423	-300000
9424	-300000
9425	-300000
9426	-300000
9427	-300000
9428	-300000
9429	-300000
9430	-300000
9431	-300000
9432	-300000
9433	-300000
9434	-300000
9435	-300000
9436	-300000
9437	-300000
9438	-300000
9439	-300000
9440	-300000
9441	-300000
9442	-300000
9443	-300000
9444	-300000
9445	-300000
9446	-300000
9447	-300000
9448	-300000
9449	-300000
9450	-300000
9451	-300000
9452	-300000
9453	-300000
9454	-300000
9455	-300000
9456	-300000
9457	-300000
9458	-300000
9459	-300000
9460	-300000
9461	-300000
9462	-300000
9463	-300000
9464	-300000
9465	-300000
9466	-300000
9467	-300000
9468	-300000
9469	-300000
9470	-300000
9471	-300000
9472	-300000
9473	-300000
9474	-300000
9475	-300000
9476	-300000
9477	-300000
9478	-300000
9479	-300000
9480	-300000
9481	-300000
9482	-300000
9483	-300000
9484	-300000
9485	-300000
9486	-300000
9487	-300000
9488	-300000
9489	-300000
9490	-300000
9491	-300000
9492	-300000
9493	-300000
9494	-300000
9495	-300000
9496	-300000
9497	-300000
9498	-300000
9499	-300000
9500	-300000
9501	-300000
9502	-300000
9503	-300000
9504	-300000
9505	-300000
9506	-300000
9507	-300000
9508	-300000
9509	-300000
9510	-300000
9511	-300000
9512	-300000
9513	-300000
9514	-300000
9515	-300000
9516	-300000
9517	-300000
9518	-300000
9519	-300000
9520	-300000
9521	-300000
9522	-300000
9523	-300000
9524	-300000
9525	-300000
9526	-300000
9527	-300000
9528	-300000
9529	-300000
9530	-300000
9531	-300000
9532	-300000
9533	-300000
9534	-300000
9535	-300000
9536	-300000
9537	-300000
9538	-300000
9539	-300000
9540	-300000
9541	-300000
9542	-300000
9543	-300000
9544	-300000
9545	-300000
9546	-300000
9547	-300000
9548	-300000
9549	-300000
9550	-300000
9551	-300000
9552	-300000
9553	-300000
9554	-300000
9555	-300000
9556	-300000
9557	-300000
9558	-300000
9559	-300000
9560	-300000
9561	-300000
9562	-300000
9563	-300000
9564	-300000
9565	-300000
9566	-300000
9567	-300000
9568	-300000
9569	-300000
9570	-300000
9571	-300000
9572	-300000
9573	-300000
9574	-300000
9575	-300000
9576	-300000
9577	-300000
9578	-300000
9579	-300000
9580	-300000
9581	-300000
9582	-300000
9583	-300000
9584	-300000
9585	-300000
9586	-300000
9587	-300000
9588	-300000
9589	-300000
9590	-300000
9591	-300000
9592	-300000
9593	-300000
9594	-300000
9595	-300000
9596	-300000
9597	-300000
9598	-300000
9599	-300000
9600	-300000
9601	-300000
9602	-300000
9603	-300000
9604	-300000
9605	-300000
9606	-300000
9607	-300000
9608	-300000
9609	-300000
9610	-300000
9611	-300000
9612	-300000
9613	-300000
9614	-300000
9615	-300000
9616	-300000
9617	-300000
9618	-300000
9619	-300000
9620	-300000
9621	-300000
9622	-300000
9623	-300000
9624	-300000
9625	-300000
9626	-300000
9627	-300000
9628	-300000
9629	-300000
9630	-300000
9631	-300000
9632	-300000
9633	-300000
9634	-300000
9635	-300000
9636	-300000
9637	-300000
9638	-300000
9639	-300000
9640	-300000
9641	-300000
9642	-300000
9643	-300000
9644	-300000
9645	-300000
9646	-300000
9647	-300000
9648	-300000
9649	-300000
9650	-300000
9651	-300000
9652	-300000
9653	-300000
9654	-300000
9655	-300000
9656	-300000
9657	-300000
9658	-300000
9659	-300000
9660	-300000
9661	-300000
9662	-300000
9663	-300000
9664	-300000
9665	-300000
9666	-300000
9667	-300000
9668	-300000
9669	-300000
9670	-300000
9671	-300000
9672	-300000
9673	-300000
9674	-300000
9675	-300000
9676	-300000
9677	-300000
9678	-300000
9679	-300000
9680	-300000
9681	-300000
9682	-300000
9683	-300000
9684	-300000
9685	-300000
9686	-300000
9687	-300000
9688	-300000
9689	-300000
9690	-300000
9691	-300000
9692	-300000
9693	-300000
9694	-300000
9695	-300000
9696	-300000
9697	-300000
9698	-300000
9699	-300000
9700	-300000
9701	-300000
9702	-300000
9703	-300000
9704	-300000
9705	-300000
9706	-300000
9707	-300000
9708	-300000
9709	-300000
9710	-300000
9711	-300000
9712	-300000
9713	-300000
9714	-300000
9715	-300000
9716	-300000
9717	-300000
9718	-300000
9719	-300000
9720	-300000
9721	-300000
9722	-300000
9723	-300000
9724	-300000
9725	-300000
9726	-300000
9727	-300000
9728	-300000
9729	-300000
9730	-300000
9731	-300000
9732	-300000
9733	-300000
9734	-300000
9735	-300000
9736	-300000
9737	-300000
9738	-300000
9739	-300000
9740	-300000
9741	-300000
9742	-300000
9743	-300000
9744	-300000
9745	-300000
9746	-300000
9747	-300000
9748	-300000
9749	-300000
9750	-300000
9751	-300000
9752	-300000
9753	-300000
9754	-300000
9755	-300000
9756	-300000
9757	-300000
9758	-300000
9759	-300000
9760	-300000
9761	-300000
9762	-300000
9763	-300000
9764	-300000
9765	-300000
9766	-300000
9767	-300000
9768	-300000
9769	-300000
9770	-300000
9771	-300000
9772	-300000
9773	-300000
9774	-300000
9775	-300000
9776	-300000
9777	-300000
9778	-300000
9779	-300000
9780	-300000
9781	-300000
9782	-300000
9783	-300000
9784	-300000
9785	-300000
9786	-300000
9787	-300000
9788	-300000
9789	-300000
9790	-300000
9791	-300000
9792	-300000
9793	-300000
9794	-300000
9795	-300000
9796	-300000
9797	-300000
9798	-300000
9799	-300000
9800	-300000
9801	-300000
9802	-300000
9803	-300000
9804	-300000
9805	-300000
9806	-300000
9807	-300000
9808	-300000
9809	-300000
9810	-300000
9811	-300000
9812	-300000
9813	-300000
9814	-300000
9815	-300000
9816	-300000
9817	-300000
9818	-300000
9819	-300000
9820	-300000
9821	-300000
9822	-300000
9823	-300000
9824	-300000
9825	-300000
9826	-300000
9827	-300000
9828	-300000
9829	-300000
9830	-300000
9831	-300000
9832	-300000
9833	-300000
9834	-300000
9835	-300000
9836	-300000
9837	-300000
9838	-300000
9839	-300000
9840	-300000
9841	-300000
9842	-300000
9843	-300000
9844	-300000
9845	-300000
9846	-300000
9847	-300000
9848	-300000
9849	-300000
9850	-300000
9851	-300000
9852	-300000
9853	-300000
9854	-300000
9855	-300000
9856	-300000
9857	-300000
9858	-300000
9859	-300000
9860	-300000
9861	-300000
9862	-300000
9863	-300000
9864	-300000
9865	-300000
9866	-300000
9867	-300000
9868	-300000
9869	-300000
9870	-300000
9871	-300000
9872	-300000
9873	-300000
9874	-300000
9875	-300000
9876	-300000
9877	-300000
9878	-300000
9879	-300000
9880	-300000
9881	-300000
9882	-300000
9883	-300000
9884	-300000
9885	-300000
9886	-300000
9887	-300000
9888	-300000
9889	-300000
9890	-300000
9891	-300000
9892	-300000
9893	-300000
9894	-300000
9895	-300000
9896	-300000
9897	-300000
9898	-300000
9899	-300000
9900	-300000
9901	-300000
9902	-300000
9903	-300000
9904	-300000
9905	-300000
9906	-300000
9907	-300000
9908	-300000
9909	-300000
9910	-300000
9911	-300000
9912	-300000
9913	-300000
9914	-300000
9915	-300000
9916	-300000
9917	-300000
9918	-300000
9919	-300000
9920	-300000
9921	-300000
9922	-300000
9923	-300000
9924	-300000
9925	-300000
9926	-300000
9927	-300000
9928	-300000
9929	-300000
9930	-300000
9931	-300000
9932	-300000
9933	-300000
9934	-300000
9935	-300000
9936	-300000
9937	-300000
9938	-300000
9939	-300000
9940	-300000
9941	-300000
9942	-300000
9943	-300000
9944	-300000
9945	-300000
9946	-300000
9947	-300000
9948	-300000
9949	-300000
9950	-300000
9951	-300000
9952	-300000
9953	-300000
9954	-300000
9955	-300000
9956	-300000
9957	-300000
9958	-300000
9959	-300000
9960	-300000
9961	-300000
9962	-300000
9963	-300000
9964	-300000
9965	-300000
9966	-300000
9967	-300000
9968	-300000
9969	-300000
9970	-300000
9971	-300000
9972	-300000
9973	-300000
9974	-300000
9975	-300000
9976	-300000
9977	-300000
9978	-300000
9979	-300000
9980	-300000
9981	-300000
9982	-300000
9983	-300000
9984	-300000
9985	-300000
9986	-300000
9987	-300000
9988	-300000
9989	-300000
9990	-300000
9991	-300000
9992	-300000
9993	-300000
9994	-300000
9995	-300000
9996	-300000
9997	-300000
9998	-300000
9999	-300000
10000	-300000
10001	-300000
10002	-300000
10003	-300000
10004	-300000
10005	-300000
10006	-300000
10007	-300000
10008	-300000
10009	-300000
10010	-300000
10011	-300000
10012	-300000
10013	-300000
10014	-300000
10015	-300000
10016	-300000
10017	-300000
10018	-300000
10019	-300000
10020	-300000
10021	-300000
10022	-300000
10023	-300000
10024	-300000
10025	-300000
10026	-300000
10027	-300000
10028	-300000
10029	-300000
10030	-300000
10031	-300000
10032	-300000
10033	-300000
10034	-300000
10035	-300000
10036	-300000
10037	-300000
10038	-300000
10039	-300000
10040	-300000
10041	-300000
10042	-300000
10043	-300000
10044	-300000
10045	-300000
10046	-300000
10047	-300000
10048	-300000
10049	-300000
10050	-300000
10051	-300000
10052	-300000
10053	-300000
10054	-300000
10055	-300000
10056	-300000
10057	-300000
10058	-300000
10059	-300000
10060	-300000
10061	-300000
10062	-300000
10063	-300000
10064	-300000
10065	-300000
10066	-300000
10067	-300000
10068	-300000
10069	-300000
10070	-300000
10071	-300000
10072	-300000
10073	-300000
10074	-300000
10075	-300000
10076	-300000
10077	-300000
10078	-300000
10079	-300000
10080	-300000
10081	-300000
10082	-300000
10083	-300000
10084	-300000
10085	-300000
10086	-300000
10087	-300000
10088	-300000
10089	-300000
10090	-300000
10091	-300000
10092	-300000
10093	-300000
10094	-300000
10095	-300000
10096	-300000
10097	-300000
10098	-300000
10099	-300000
10100	-300000
10101	-300000
10102	-300000
10103	-300000
10104	-300000
10105	-300000
10106	-300000
10107	-300000
10108	-300000
10109	-300000
10110	-300000
10111	-300000
10112	-300000
10113	-300000
10114	-300000
10115	-300000
10116	-300000
10117	-300000
10118	-300000
10119	-300000
10120	-300000
10121	-300000
10122	-300000
10123	-300000
10124	-300000
10125	-300000
10126	-300000
10127	-300000
10128	-300000
10129	-300000
10130	-300000
10131	-300000
10132	-300000
10133	-300000
10134	-300000
10135	-300000
10136	-300000
10137	-300000
10138	-300000
10139	-300000
10140	-300000
10141	-300000
10142	-300000
10143	-300000
10144	-300000
10145	-300000
10146	-300000
10147	-300000
10148	-300000
10149	-300000
10150	-300000
10151	-300000
10152	-300000
10153	-300000
10154	-300000
10155	-300000
10156	-300000
10157	-300000
10158	-300000
10159	-300000
10160	-300000
10161	-300000
10162	-300000
10163	-300000
10164	-300000
10165	-300000
10166	-300000
10167	-300000
10168	-300000
10169	-300000
10170	-300000
10171	-300000
10172	-300000
10173	-300000
10174	-300000
10175	-300000
10176	-300000
10177	-300000
10178	-300000
10179	-300000
10180	-300000
10181	-300000
10182	-300000
10183	-300000
10184	-300000
10185	-300000
10186	-300000
10187	-300000
10188	-300000
10189	-300000
10190	-300000
10191	-300000
10192	-300000
10193	-300000
10194	-300000
10195	-300000
10196	-300000
10197	-300000
10198	-300000
10199	-300000
10200	-300000
10201	-300000
10202	-300000
10203	-300000
10204	-300000
10205	-300000
10206	-300000
10207	-300000
10208	-300000
10209	-300000
10210	-300000
10211	-300000
10212	-300000
10213	-300000
10214	-300000
10215	-300000
10216	-300000
10217	-300000
10218	-300000
10219	-300000
10220	-300000
10221	-300000
10222	-300000
10223	-300000
10224	-300000
10225	-300000
10226	-300000
10227	-300000
10228	-300000
10229	-300000
10230	-300000
10231	-300000
10232	-300000
10233	-300000
10234	-300000
10235	-300000
10236	-300000
10237	-300000
10238	-300000
10239	-300000
10240	-300000
10241	-300000
10242	-300000
10243	-300000
10244	-300000
10245	-300000
10246	-300000
10247	-300000
10248	-300000
10249	-300000
10250	-300000
10251	-300000
10252	-300000
10253	-300000
10254	-300000
10255	-300000
10256	-300000
10257	-300000
10258	-300000
10259	-300000
10260	-300000
10261	-300000
10262	-300000
10263	-300000
10264	-300000
10265	-300000
10266	-300000
10267	-300000
10268	-300000
10269	-300000
10270	-300000
10271	-300000
10272	-300000
10273	-300000
10274	-300000
10275	-300000
10276	-300000
10277	-300000
10278	-300000
10279	-300000
10280	-300000
10281	-300000
10282	-300000
10283	-300000
10284	-300000
10285	-300000
10286	-300000
10287	-300000
10288	-300000
10289	-300000
10290	-300000
10291	-300000
10292	-300000
10293	-300000
10294	-300000
10295	-300000
10296	-300000
10297	-300000
10298	-300000
10299	-300000
10300	-300000
10301	-300000
10302	-300000
10303	-300000
10304	-300000
10305	-300000
10306	-300000
10307	-300000
10308	-300000
10309	-300000
10310	-300000
10311	-300000
10312	-300000
10313	-300000
10314	-300000
10315	-300000
10316	-300000
10317	-300000
10318	-300000
10319	-300000
10320	-300000
10321	-300000
10322	-300000
10323	-300000
10324	-300000
10325	-300000
10326	-300000
10327	-300000
10328	-300000
10329	-300000
10330	-300000
10331	-300000
10332	-300000
10333	-300000
10334	-300000
10335	-300000
10336	-300000
10337	-300000
10338	-300000
10339	-300000
10340	-300000
10341	-300000
10342	-300000
10343	-300000
10344	-300000
10345	-300000
10346	-300000
10347	-300000
10348	-300000
10349	-300000
10350	-300000
10351	-300000
10352	-300000
10353	-300000
10354	-300000
10355	-300000
10356	-300000
10357	-300000
10358	-300000
10359	-300000
10360	-300000
10361	-300000
10362	-300000
10363	-300000
10364	-300000
10365	-300000
10366	-300000
10367	-300000
10368	-300000
10369	-300000
10370	-300000
10371	-300000
10372	-300000
10373	-300000
10374	-300000
10375	-300000
10376	-300000
10377	-300000
10378	-300000
10379	-300000
10380	-300000
10381	-300000
10382	-300000
10383	-300000
10384	-300000
10385	-300000
10386	-300000
10387	-300000
10388	-300000
10389	-300000
10390	-300000
10391	-300000
10392	-300000
10393	-300000
10394	-300000
10395	-300000
10396	-300000
10397	-300000
10398	-300000
10399	-300000
10400	-300000
10401	-300000
10402	-300000
10403	-300000
10404	-300000
10405	-300000
10406	-300000
10407	-300000
10408	-300000
10409	-300000
10410	-300000
10411	-300000
10412	-300000
10413	-300000
10414	-300000
10415	-300000
10416	-300000
10417	-300000
10418	-300000
10419	-300000
10420	-300000
10421	-300000
10422	-300000
10423	-300000
10424	-300000
10425	-300000
10426	-300000
10427	-300000
10428	-300000
10429	-300000
10430	-300000
10431	-300000
10432	-300000
10433	-300000
10434	-300000
10435	-300000
10436	-300000
10437	-300000
10438	-300000
10439	-300000
10440	-300000
10441	-300000
10442	-300000
10443	-300000
10444	-300000
10445	-300000
10446	-300000
10447	-300000
10448	-300000
10449	-300000
10450	-300000
10451	-300000
10452	-300000
10453	-300000
10454	-300000
10455	-300000
10456	-300000
10457	-300000
10458	-300000
10459	-300000
10460	-300000
10461	-300000
10462	-300000
10463	-300000
10464	-300000
10465	-300000
10466	-300000
10467	-300000
10468	-300000
10469	-300000
10470	-300000
10471	-300000
10472	-300000
10473	-300000
10474	-300000
10475	-300000
10476	-300000
10477	-300000
10478	-300000
10479	-300000
10480	-300000
10481	-300000
10482	-300000
10483	-300000
10484	-300000
10485	-300000
10486	-300000
10487	-300000
10488	-300000
10489	-300000
10490	-300000
10491	-300000
10492	-300000
10493	-300000
10494	-300000
10495	-300000
10496	-300000
10497	-300000
10498	-300000
10499	-300000
10500	-300000
10501	-300000
10502	-300000
10503	-300000
10504	-300000
10505	-300000
10506	-300000
10507	-300000
10508	-300000
10509	-300000
10510	-300000
10511	-300000
10512	-300000
10513	-300000
10514	-300000
10515	-300000
10516	-300000
10517	-300000
10518	-300000
10519	-300000
10520	-300000
10521	-300000
10522	-300000
10523	-300000
10524	-300000
10525	-300000
10526	-300000
10527	-300000
10528	-300000
10529	-300000
10530	-300000
10531	-300000
10532	-300000
10533	-300000
10534	-300000
10535	-300000
10536	-300000
10537	-300000
10538	-300000
10539	-300000
10540	-300000
10541	-300000
10542	-300000
10543	-300000
10544	-300000
10545	-300000
10546	-300000
10547	-300000
10548	-300000
10549	-300000
10550	-300000
10551	-300000
10552	-300000
10553	-300000
10554	-300000
10555	-300000
10556	-300000
10557	-300000
10558	-300000
10559	-300000
10560	-300000
10561	-300000
10562	-300000
10563	-300000
10564	-300000
10565	-300000
10566	-300000
10567	-300000
10568	-300000
10569	-300000
10570	-300000
10571	-300000
10572	-300000
10573	-300000
10574	-300000
10575	-300000
10576	-300000
10577	-300000
10578	-300000
10579	-300000
10580	-300000
10581	-300000
10582	-300000
10583	-300000
10584	-300000
10585	-300000
10586	-300000
10587	-300000
10588	-300000
10589	-300000
10590	-300000
10591	-300000
10592	-300000
10593	-300000
10594	-300000
10595	-300000
10596	-300000
10597	-300000
10598	-300000
10599	-300000
10600	-300000
10601	-300000
10602	-300000
10603	-300000
10604	-300000
10605	-300000
10606	-300000
10607	-300000
10608	-300000
10609	-300000
10610	-300000
10611	-300000
10612	-300000
10613	-300000
10614	-300000
10615	-300000
10616	-300000
10617	-300000
10618	-300000
10619	-300000
10620	-300000
10621	-300000
10622	-300000
10623	-300000
10624	-300000
10625	-300000
10626	-300000
10627	-300000
10628	-300000
10629	-300000
10630	-300000
10631	-300000
10632	-300000
10633	-300000
10634	-300000
10635	-300000
10636	-300000
10637	-300000
10638	-300000
10639	-300000
10640	-300000
10641	-300000
10642	-300000
10643	-300000
10644	-300000
10645	-300000
10646	-300000
10647	-300000
10648	-300000
10649	-300000
10650	-300000
10651	-300000
10652	-300000
10653	-300000
10654	-300000
10655	-300000
10656	-300000
10657	-300000
10658	-300000
10659	-300000
10660	-300000
10661	-300000
10662	-300000
10663	-300000
10664	-300000
10665	-300000
10666	-300000
10667	-300000
10668	-300000
10669	-300000
10670	-300000
10671	-300000
10672	-300000
10673	-300000
10674	-300000
10675	-300000
10676	-300000
10677	-300000
10678	-300000
10679	-300000
10680	-300000
10681	-300000
10682	-300000
10683	-300000
10684	-300000
10685	-300000
10686	-300000
10687	-300000
10688	-300000
10689	-300000
10690	-300000
10691	-300000
10692	-300000
10693	-300000
10694	-300000
10695	-300000
10696	-300000
10697	-300000
10698	-300000
10699	-300000
10700	-300000
10701	-300000
10702	-300000
10703	-300000
10704	-300000
10705	-300000
10706	-300000
10707	-300000
10708	-300000
10709	-300000
10710	-300000
10711	-300000
10712	-300000
10713	-300000
10714	-300000
10715	-300000
10716	-300000
10717	-300000
10718	-300000
10719	-300000
10720	-300000
10721	-300000
10722	-300000
10723	-300000
10724	-300000
10725	-300000
10726	-300000
10727	-300000
10728	-300000
10729	-300000
10730	-300000
10731	-300000
10732	-300000
10733	-300000
10734	-300000
10735	-300000
10736	-300000
10737	-300000
10738	-300000
10739	-300000
10740	-300000
10741	-300000
10742	-300000
10743	-300000
10744	-300000
10745	-300000
10746	-300000
10747	-300000
10748	-300000
10749	-300000
10750	-300000
10751	-300000
10752	-300000
10753	-300000
10754	-300000
10755	-300000
10756	-300000
10757	-300000
10758	-300000
10759	-300000
10760	-300000
10761	-300000
10762	-300000
10763	-300000
10764	-300000
10765	-300000
10766	-300000
10767	-300000
10768	-300000
10769	-300000
10770	-300000
10771	-300000
10772	-300000
10773	-300000
10774	-300000
10775	-300000
10776	-300000
10777	-300000
10778	-300000
10779	-300000
10780	-300000
10781	-300000
10782	-300000
10783	-300000
10784	-300000
10785	-300000
10786	-300000
10787	-300000
10788	-300000
10789	-300000
10790	-300000
10791	-300000
10792	-300000
10793	-300000
10794	-300000
10795	-300000
10796	-300000
10797	-300000
10798	-300000
10799	-300000
10800	-300000
10801	-300000
10802	-300000
10803	-300000
10804	-300000
10805	-300000
10806	-300000
10807	-300000
10808	-300000
10809	-300000
10810	-300000
10811	-300000
10812	-300000
10813	-300000
10814	-300000
10815	-300000
10816	-300000
10817	-300000
10818	-300000
10819	-300000
10820	-300000
10821	-300000
10822	-300000
10823	-300000
10824	-300000
10825	-300000
10826	-300000
10827	-300000
10828	-300000
10829	-300000
10830	-300000
10831	-300000
10832	-300000
10833	-300000
10834	-300000
10835	-300000
10836	-300000
10837	-300000
10838	-300000
10839	-300000
10840	-300000
10841	-300000
10842	-300000
10843	-300000
10844	-300000
10845	-300000
10846	-300000
10847	-300000
10848	-300000
10849	-300000
10850	-300000
10851	-300000
10852	-300000
10853	-300000
10854	-300000
10855	-300000
10856	-300000
10857	-300000
10858	-300000
10859	-300000
10860	-300000
10861	-300000
10862	-300000
10863	-300000
10864	-300000
10865	-300000
10866	-300000
10867	-300000
10868	-300000
10869	-300000
10870	-300000
10871	-300000
10872	-300000
10873	-300000
10874	-300000
10875	-300000
10876	-300000
10877	-300000
10878	-300000
10879	-300000
10880	-300000
10881	-300000
10882	-300000
10883	-300000
10884	-300000
10885	-300000
10886	-300000
10887	-300000
10888	-300000
10889	-300000
10890	-300000
10891	-300000
10892	-300000
10893	-300000
10894	-300000
10895	-300000
10896	-300000
10897	-300000
10898	-300000
10899	-300000
10900	-300000
10901	-300000
10902	-300000
10903	-300000
10904	-300000
10905	-300000
10906	-300000
10907	-300000
10908	-300000
10909	-300000
10910	-300000
10911	-300000
10912	-300000
10913	-300000
10914	-300000
10915	-300000
10916	-300000
10917	-300000
10918	-300000
10919	-300000
10920	-300000
10921	-300000
10922	-300000
10923	-300000
10924	-300000
10925	-300000
10926	-300000
10927	-300000
10928	-300000
10929	-300000
10930	-300000
10931	-300000
10932	-300000
10933	-300000
10934	-300000
10935	-300000
10936	-300000
10937	-300000
10938	-300000
10939	-300000
10940	-300000
10941	-300000
10942	-300000
10943	-300000
10944	-300000
10945	-300000
10946	-300000
10947	-300000
10948	-300000
10949	-300000
10950	-300000
10951	-300000
10952	-300000
10953	-300000
10954	-300000
10955	-300000
10956	-300000
10957	-300000
10958	-300000
10959	-300000
10960	-300000
10961	-300000
10962	-300000
10963	-300000
10964	-300000
10965	-300000
10966	-300000
10967	-300000
10968	-300000
10969	-300000
10970	-300000
10971	-300000
10972	-300000
10973	-300000
10974	-300000
10975	-300000
10976	-300000
10977	-300000
10978	-300000
10979	-300000
10980	-300000
10981	-300000
10982	-300000
10983	-300000
10984	-300000
10985	-300000
10986	-300000
10987	-300000
10988	-300000
10989	-300000
10990	-300000
10991	-300000
10992	-300000
10993	-300000
10994	-300000
10995	-300000
10996	-300000
10997	-300000
10998	-300000
10999	-300000
11000	-300000
11001	-300000
11002	-300000
11003	-300000
11004	-300000
11005	-300000
11006	-300000
11007	-300000
11008	-300000
11009	-300000
11010	-300000
11011	-300000
11012	-300000
11013	-300000
11014	-300000
11015	-300000
11016	-300000
11017	-300000
11018	-300000
11019	-300000
11020	-300000
11021	-300000
11022	-300000
11023	-300000
11024	-300000
11025	-300000
11026	-300000
11027	-300000
11028	-300000
11029	-300000
11030	-300000
11031	-300000
11032	-300000
11033	-300000
11034	-300000
11035	-300000
11036	-300000
11037	-300000
11038	-300000
11039	-300000
11040	-300000
11041	-300000
11042	-300000
11043	-300000
11044	-300000
11045	-300000
11046	-300000
11047	-300000
11048	-300000
11049	-300000
11050	-300000
11051	-300000
11052	-300000
11053	-300000
11054	-300000
11055	-300000
11056	-300000
11057	-300000
11058	-300000
11059	-300000
11060	-300000
11061	-300000
11062	-300000
11063	-300000
11064	-300000
11065	-300000
11066	-300000
11067	-300000
11068	-300000
11069	-300000
11070	-300000
11071	-300000
11072	-300000
11073	-300000
11074	-300000
11075	-300000
11076	-300000
11077	-300000
11078	-300000
11079	-300000
11080	-300000
11081	-300000
11082	-300000
11083	-300000
11084	-300000
11085	-300000
11086	-300000
11087	-300000
11088	-300000
11089	-300000
11090	-300000
11091	-300000
11092	-300000
11093	-300000
11094	-300000
11095	-300000
11096	-300000
11097	-300000
11098	-300000
11099	-300000
11100	-300000
11101	-300000
11102	-300000
11103	-300000
11104	-300000
11105	-300000
11106	-300000
11107	-300000
11108	-300000
11109	-300000
11110	-300000
11111	-300000
11112	-300000
11113	-300000
11114	-300000
11115	-300000
11116	-300000
11117	-300000
11118	-300000
11119	-300000
11120	-300000
11121	-300000
11122	-300000
11123	-300000
11124	-300000
11125	-300000
11126	-300000
11127	-300000
11128	-300000
11129	-300000
11130	-300000
11131	-300000
11132	-300000
11133	-300000
11134	-300000
11135	-300000
11136	-300000
11137	-300000
11138	-300000
11139	-300000
11140	-300000
11141	-300000
11142	-300000
11143	-300000
11144	-300000
11145	-300000
11146	-300000
11147	-300000
11148	-300000
11149	-300000
11150	-300000
11151	-300000
11152	-300000
11153	-300000
11154	-300000
11155	-300000
11156	-300000
11157	-300000
11158	-300000
11159	-300000
11160	-300000
11161	-300000
11162	-300000
11163	-300000
11164	-300000
11165	-300000
11166	-300000
11167	-300000
11168	-300000
11169	-300000
11170	-300000
11171	-300000
11172	-300000
11173	-300000
11174	-300000
11175	-300000
11176	-300000
11177	-300000
11178	-300000
11179	-300000
11180	-300000
11181	-300000
11182	-300000
11183	-300000
11184	-300000
11185	-300000
11186	-300000
11187	-300000
11188	-300000
11189	-300000
11190	-300000
11191	-300000
11192	-300000
11193	-300000
11194	-300000
11195	-300000
11196	-300000
11197	-300000
11198	-300000
11199	-300000
11200	-300000
11201	-300000
11202	-300000
11203	-300000
11204	-300000
11205	-300000
11206	-300000
11207	-300000
11208	-300000
11209	-300000
11210	-300000
11211	-300000
11212	-300000
11213	-300000
11214	-300000
11215	-300000
11216	-300000
11217	-300000
11218	-300000
11219	-300000
11220	-300000
11221	-300000
11222	-300000
11223	-300000
11224	-300000
11225	-300000
11226	-300000
11227	-300000
11228	-300000
11229	-300000
11230	-300000
11231	-300000
11232	-300000
11233	-300000
11234	-300000
11235	-300000
11236	-300000
11237	-300000
11238	-300000
11239	-300000
11240	-300000
11241	-300000
11242	-300000
11243	-300000
11244	-300000
11245	-300000
11246	-300000
11247	-300000
11248	-300000
11249	-300000
11250	-300000
11251	-300000
11252	-300000
11253	-300000
11254	-300000
11255	-300000
11256	-300000
11257	-300000
11258	-300000
11259	-300000
11260	-300000
11261	-300000
11262	-300000
11263	-300000
11264	-300000
11265	-300000
11266	-300000
11267	-300000
11268	-300000
11269	-300000
11270	-300000
11271	-300000
11272	-300000
11273	-300000
11274	-300000
11275	-300000
11276	-300000
11277	-300000
11278	-300000
11279	-300000
11280	-300000
11281	-300000
11282	-300000
11283	-300000
11284	-300000
11285	-300000
11286	-300000
11287	-300000
11288	-300000
11289	-300000
11290	-300000
11291	-300000
11292	-300000
11293	-300000
11294	-300000
11295	-300000
11296	-300000
11297	-300000
11298	-300000
11299	-300000
11300	-300000
11301	-300000
11302	-300000
11303	-300000
11304	-300000
11305	-300000
11306	-300000
11307	-300000
11308	-300000
11309	-300000
11310	-300000
11311	-300000
11312	-300000
11313	-300000
11314	-300000
11315	-300000
11316	-300000
11317	-300000
11318	-300000
11319	-300000
11320	-300000
11321	-300000
11322	-300000
11323	-300000
11324	-300000
11325	-300000
11326	-300000
11327	-300000
11328	-300000
11329	-300000
11330	-300000
11331	-300000
11332	-300000
11333	-300000
11334	-300000
11335	-300000
11336	-300000
11337	-300000
11338	-300000
11339	-300000
11340	-300000
11341	-300000
11342	-300000
11343	-300000
11344	-300000
11345	-300000
11346	-300000
11347	-300000
11348	-300000
11349	-300000
11350	-300000
11351	-300000
11352	-300000
11353	-300000
11354	-300000
11355	-300000
11356	-300000
11357	-300000
11358	-300000
11359	-300000
11360	-300000
11361	-300000
11362	-300000
11363	-300000
11364	-300000
11365	-300000
11366	-300000
11367	-300000
11368	-300000
11369	-300000
11370	-300000
11371	-300000
11372	-300000
11373	-300000
11374	-300000
11375	-300000
11376	-300000
11377	-300000
11378	-300000
11379	-300000
11380	-300000
11381	-300000
11382	-300000
11383	-300000
11384	-300000
11385	-300000
11386	-300000
11387	-300000
11388	-300000
11389	-300000
11390	-300000
11391	-300000
11392	-300000
11393	-300000
11394	-300000
11395	-300000
11396	-300000
11397	-300000
11398	-300000
11399	-300000
11400	-300000
11401	-300000
11402	-300000
11403	-300000
11404	-300000
11405	-300000
11406	-300000
11407	-300000
11408	-300000
11409	-300000
11410	-300000
11411	-300000
11412	-300000
11413	-300000
11414	-300000
11415	-300000
11416	-300000
11417	-300000
11418	-300000
11419	-300000
11420	-300000
11421	-300000
11422	-300000
11423	-300000
11424	-300000
11425	-300000
11426	-300000
11427	-300000
11428	-300000
11429	-300000
11430	-300000
11431	-300000
11432	-300000
11433	-300000
11434	-300000
11435	-300000
11436	-300000
11437	-300000
11438	-300000
11439	-300000
11440	-300000
11441	-300000
11442	-300000
11443	-300000
11444	-300000
11445	-300000
11446	-300000
11447	-300000
11448	-300000
11449	-300000
11450	-300000
11451	-300000
11452	-300000
11453	-300000
11454	-300000
11455	-300000
11456	-300000
11457	-300000
11458	-300000
11459	-300000
11460	-300000
11461	-300000
11462	-300000
11463	-300000
11464	-300000
11465	-300000
11466	-300000
11467	-300000
11468	-300000
11469	-300000
11470	-300000
11471	-300000
11472	-300000
11473	-300000
11474	-300000
11475	-300000
11476	-300000
11477	-300000
11478	-300000
11479	-300000
11480	-300000
11481	-300000
11482	-300000
11483	-300000
11484	-300000
11485	-300000
11486	-300000
11487	-300000
11488	-300000
11489	-300000
11490	-300000
11491	-300000
11492	-300000
11493	-300000
11494	-300000
11495	-300000
11496	-300000
11497	-300000
11498	-300000
11499	-300000
11500	-300000
11501	-300000
11502	-300000
11503	-300000
11504	-300000
11505	-300000
11506	-300000
11507	-300000
11508	-300000
11509	-300000
11510	-300000
11511	-300000
11512	-300000
11513	-300000
11514	-300000
11515	-300000
11516	-300000
11517	-300000
11518	-300000
11519	-300000
11520	-300000
11521	-300000
11522	-300000
11523	-300000
11524	-300000
11525	-300000
11526	-300000
11527	-300000
11528	-300000
11529	-300000
11530	-300000
11531	-300000
11532	-300000
11533	-300000
11534	-300000
11535	-300000
11536	-300000
11537	-300000
11538	-300000
11539	-300000
11540	-300000
11541	-300000
11542	-300000
11543	-300000
11544	-300000
11545	-300000
11546	-300000
11547	-300000
11548	-300000
11549	-300000
11550	-300000
11551	-300000
11552	-300000
11553	-300000
11554	-300000
11555	-300000
11556	-300000
11557	-300000
11558	-300000
11559	-300000
11560	-300000
11561	-300000
11562	-300000
11563	-300000
11564	-300000
11565	-300000
11566	-300000
11567	-300000
11568	-300000
11569	-300000
11570	-300000
11571	-300000
11572	-300000
11573	-300000
11574	-300000
11575	-300000
11576	-300000
11577	-300000
11578	-300000
11579	-300000
11580	-300000
11581	-300000
11582	-300000
11583	-300000
11584	-300000
11585	-300000
11586	-300000
11587	-300000
11588	-300000
11589	-300000
11590	-300000
11591	-300000
11592	-300000
11593	-300000
11594	-300000
11595	-300000
11596	-300000
11597	-300000
11598	-300000
11599	-300000
11600	-300000
11601	-300000
11602	-300000
11603	-300000
11604	-300000
11605	-300000
11606	-300000
11607	-300000
11608	-300000
11609	-300000
11610	-300000
11611	-300000
11612	-300000
11613	-300000
11614	-300000
11615	-300000
11616	-300000
11617	-300000
11618	-300000
11619	-300000
11620	-300000
11621	-300000
11622	-300000
11623	-300000
11624	-300000
11625	-300000
11626	-300000
11627	-300000
11628	-300000
11629	-300000
11630	-300000
11631	-300000
11632	-300000
11633	-300000
11634	-300000
11635	-300000
11636	-300000
11637	-300000
11638	-300000
11639	-300000
11640	-300000
11641	-300000
11642	-300000
11643	-300000
11644	-300000
11645	-300000
11646	-300000
11647	-300000
11648	-300000
11649	-300000
11650	-300000
11651	-300000
11652	-300000
11653	-300000
11654	-300000
11655	-300000
11656	-300000
11657	-300000
11658	-300000
11659	-300000
11660	-300000
11661	-300000
11662	-300000
11663	-300000
11664	-300000
11665	-300000
11666	-300000
11667	-300000
11668	-300000
11669	-300000
11670	-300000
11671	-300000
11672	-300000
11673	-300000
11674	-300000
11675	-300000
11676	-300000
11677	-300000
11678	-300000
11679	-300000
11680	-300000
11681	-300000
11682	-300000
11683	-300000
11684	-300000
11685	-300000
11686	-300000
11687	-300000
11688	-300000
11689	-300000
11690	-300000
11691	-300000
11692	-300000
11693	-300000
11694	-300000
11695	-300000
11696	-300000
11697	-300000
11698	-300000
11699	-300000
11700	-300000
11701	-300000
11702	-300000
11703	-300000
11704	-300000
11705	-300000
11706	-300000
11707	-300000
11708	-300000
11709	-300000
11710	-300000
11711	-300000
11712	-300000
11713	-300000
11714	-300000
11715	-300000
11716	-300000
11717	-300000
11718	-300000
11719	-300000
11720	-300000
11721	-300000
11722	-300000
11723	-300000
11724	-300000
11725	-300000
11726	-300000
11727	-300000
11728	-300000
11729	-300000
11730	-300000
11731	-300000
11732	-300000
11733	-300000
11734	-300000
11735	-300000
11736	-300000
11737	-300000
11738	-300000
11739	-300000
11740	-300000
11741	-300000
11742	-300000
11743	-300000
11744	-300000
11745	-300000
11746	-300000
11747	-300000
11748	-300000
11749	-300000
11750	-300000
11751	-300000
11752	-300000
11753	-300000
11754	-300000
11755	-300000
11756	-300000
11757	-300000
11758	-300000
11759	-300000
11760	-300000
11761	-300000
11762	-300000
11763	-300000
11764	-300000
11765	-300000
11766	-300000
11767	-300000
11768	-300000
11769	-300000
11770	-300000
11771	-300000
11772	-300000
11773	-300000
11774	-300000
11775	-300000
11776	-300000
11777	-300000
11778	-300000
11779	-300000
11780	-300000
11781	-300000
11782	-300000
11783	-300000
11784	-300000
11785	-300000
11786	-300000
11787	-300000
11788	-300000
11789	-300000
11790	-300000
11791	-300000
11792	-300000
11793	-300000
11794	-300000
11795	-300000
11796	-300000
11797	-300000
11798	-300000
11799	-300000
11800	-300000
11801	-300000
11802	-300000
11803	-300000
11804	-300000
11805	-300000
11806	-300000
11807	-300000
11808	-300000
11809	-300000
11810	-300000
11811	-300000
11812	-300000
11813	-300000
11814	-300000
11815	-300000
11816	-300000
11817	-300000
11818	-300000
11819	-300000
11820	-300000
11821	-300000
11822	-300000
11823	-300000
11824	-300000
11825	-300000
11826	-300000
11827	-300000
11828	-300000
11829	-300000
11830	-300000
11831	-300000
11832	-300000
11833	-300000
11834	-300000
11835	-300000
11836	-300000
11837	-300000
11838	-300000
11839	-300000
11840	-300000
11841	-300000
11842	-300000
11843	-300000
11844	-300000
11845	-300000
11846	-300000
11847	-300000
11848	-300000
11849	-300000
11850	-300000
11851	-300000
11852	-300000
11853	-300000
11854	-300000
11855	-300000
11856	-300000
11857	-300000
11858	-300000
11859	-300000
11860	-300000
11861	-300000
11862	-300000
11863	-300000
11864	-300000
11865	-300000
11866	-300000
11867	-300000
11868	-300000
11869	-300000
11870	-300000
11871	-300000
11872	-300000
11873	-300000
11874	-300000
11875	-300000
11876	-300000
11877	-300000
11878	-300000
11879	-300000
11880	-300000
11881	-300000
11882	-300000
11883	-300000
11884	-300000
11885	-300000
11886	-300000
11887	-300000
11888	-300000
11889	-300000
11890	-300000
11891	-300000
11892	-300000
11893	-300000
11894	-300000
11895	-300000
11896	-300000
11897	-300000
11898	-300000
11899	-300000
11900	-300000
11901	-300000
11902	-300000
11903	-300000
11904	-300000
11905	-300000
11906	-300000
11907	-300000
11908	-300000
11909	-300000
11910	-300000
11911	-300000
11912	-300000
11913	-300000
11914	-300000
11915	-300000
11916	-300000
11917	-300000
11918	-300000
11919	-300000
11920	-300000
11921	-300000
11922	-300000
11923	-300000
11924	-300000
11925	-300000
11926	-300000
11927	-300000
11928	-300000
11929	-300000
11930	-300000
11931	-300000
11932	-300000
11933	-300000
11934	-300000
11935	-300000
11936	-300000
11937	-300000
11938	-300000
11939	-300000
11940	-300000
11941	-300000
11942	-300000
11943	-300000
11944	-300000
11945	-300000
11946	-300000
11947	-300000
11948	-300000
11949	-300000
11950	-300000
11951	-300000
11952	-300000
11953	-300000
11954	-300000
11955	-300000
11956	-300000
11957	-300000
11958	-300000
11959	-300000
11960	-300000
11961	-300000
11962	-300000
11963	-300000
11964	-300000
11965	-300000
11966	-300000
11967	-300000
11968	-300000
11969	-300000
11970	-300000
11971	-300000
11972	-300000
11973	-300000
11974	-300000
11975	-300000
11976	-300000
11977	-300000
11978	-300000
11979	-300000
11980	-300000
11981	-300000
11982	-300000
11983	-300000
11984	-300000
11985	-300000
11986	-300000
11987	-300000
11988	-300000
11989	-300000
11990	-300000
11991	-300000
11992	-300000
11993	-300000
11994	-300000
11995	-300000
11996	-300000
11997	-300000
11998	-300000
11999	-300000
12000	-300000
12001	-300000
12002	-300000
12003	-300000
12004	-300000
12005	-300000
12006	-300000
12007	-300000
12008	-300000
12009	-300000
12010	-300000
12011	-300000
12012	-300000
12013	-300000
12014	-300000
12015	-300000
12016	-300000
12017	-300000
12018	-300000
12019	-300000
12020	-300000
12021	-300000
12022	-300000
12023	-300000
12024	-300000
12025	-300000
12026	-300000
12027	-300000
12028	-300000
12029	-300000
12030	-300000
12031	-300000
12032	-300000
12033	-300000
12034	-300000
12035	-300000
12036	-300000
12037	-300000
12038	-300000
12039	-300000
12040	-300000
12041	-300000
12042	-300000
12043	-300000
12044	-300000
12045	-300000
12046	-300000
12047	-300000
12048	-300000
12049	-300000
12050	-300000
12051	-300000
12052	-300000
12053	-300000
12054	-300000
12055	-300000
12056	-300000
12057	-300000
12058	-300000
12059	-300000
12060	-300000
12061	-300000
12062	-300000
12063	-300000
12064	-300000
12065	-300000
12066	-300000
12067	-300000
12068	-300000
12069	-300000
12070	-300000
12071	-300000
12072	-300000
12073	-300000
12074	-300000
12075	-300000
12076	-300000
12077	-300000
12078	-300000
12079	-300000
12080	-300000
12081	-300000
12082	-300000
12083	-300000
12084	-300000
12085	-300000
12086	-300000
12087	-300000
12088	-300000
12089	-300000
12090	-300000
12091	-300000
12092	-300000
12093	-300000
12094	-300000
12095	-300000
12096	-300000
12097	-300000
12098	-300000
12099	-300000
12100	-300000
12101	-300000
12102	-300000
12103	-300000
12104	-300000
12105	-300000
12106	-300000
12107	-300000
12108	-300000
12109	-300000
12110	-300000
12111	-300000
12112	-300000
12113	-300000
12114	-300000
12115	-300000
12116	-300000
12117	-300000
12118	-300000
12119	-300000
12120	-300000
12121	-300000
12122	-300000
12123	-300000
12124	-300000
12125	-300000
12126	-300000
12127	-300000
12128	-300000
12129	-300000
12130	-300000
12131	-300000
12132	-300000
12133	-300000
12134	-300000
12135	-300000
12136	-300000
12137	-300000
12138	-300000
12139	-300000
12140	-300000
12141	-300000
12142	-300000
12143	-300000
12144	-300000
12145	-300000
12146	-300000
12147	-300000
12148	-300000
12149	-300000
12150	-300000
12151	-300000
12152	-300000
12153	-300000
12154	-300000
12155	-300000
12156	-300000
12157	-300000
12158	-300000
12159	-300000
12160	-300000
12161	-300000
12162	-300000
12163	-300000
12164	-300000
12165	-300000
12166	-300000
12167	-300000
12168	-300000
12169	-300000
12170	-300000
12171	-300000
12172	-300000
12173	-300000
12174	-300000
12175	-300000
12176	-300000
12177	-300000
12178	-300000
12179	-300000
12180	-300000
12181	-300000
12182	-300000
12183	-300000
12184	-300000
12185	-300000
12186	-300000
12187	-300000
12188	-300000
12189	-300000
12190	-300000
12191	-300000
12192	-300000
12193	-300000
12194	-300000
12195	-300000
12196	-300000
12197	-300000
12198	-300000
12199	-300000
12200	-300000
12201	-300000
12202	-300000
12203	-300000
12204	-300000
12205	-300000
12206	-300000
12207	-300000
12208	-300000
12209	-300000
12210	-300000
12211	-300000
12212	-300000
12213	-300000
12214	-300000
12215	-300000
12216	-300000
12217	-300000
12218	-300000
12219	-300000
12220	-300000
12221	-300000
12222	-300000
12223	-300000
12224	-300000
12225	-300000
12226	-300000
12227	-300000
12228	-300000
12229	-300000
12230	-300000
12231	-300000
12232	-300000
12233	-300000
12234	-300000
12235	-300000
12236	-300000
12237	-300000
12238	-300000
12239	-300000
12240	-300000
12241	-300000
12242	-300000
12243	-300000
12244	-300000
12245	-300000
12246	-300000
12247	-300000
12248	-300000
12249	-300000
12250	-300000
12251	-300000
12252	-300000
12253	-300000
12254	-300000
12255	-300000
12256	-300000
12257	-300000
12258	-300000
12259	-300000
12260	-300000
12261	-300000
12262	-300000
12263	-300000
12264	-300000
12265	-300000
12266	-300000
12267	-300000
12268	-300000
12269	-300000
12270	-300000
12271	-300000
12272	-300000
12273	-300000
12274	-300000
12275	-300000
12276	-300000
12277	-300000
12278	-300000
12279	-300000
12280	-300000
12281	-300000
12282	-300000
12283	-300000
12284	-300000
12285	-300000
12286	-300000
12287	-300000
12288	-300000
12289	-300000
12290	-300000
12291	-300000
12292	-300000
12293	-300000
12294	-300000
12295	-300000
12296	-300000
12297	-300000
12298	-300000
12299	-300000
12300	-300000
12301	-300000
12302	-300000
12303	-300000
12304	-300000
12305	-300000
12306	-300000
12307	-300000
12308	-300000
12309	-300000
12310	-300000
12311	-300000
12312	-300000
12313	-300000
12314	-300000
12315	-300000
12316	-300000
12317	-300000
12318	-300000
12319	-300000
12320	-300000
12321	-300000
12322	-300000
12323	-300000
12324	-300000
12325	-300000
12326	-300000
12327	-300000
12328	-300000
12329	-300000
12330	-300000
12331	-300000
12332	-300000
12333	-300000
12334	-300000
12335	-300000
12336	-300000
12337	-300000
12338	-300000
12339	-300000
12340	-300000
12341	-300000
12342	-300000
12343	-300000
12344	-300000
12345	-300000
12346	-300000
12347	-300000
12348	-300000
12349	-300000
12350	-300000
12351	-300000
12352	-300000
12353	-300000
12354	-300000
12355	-300000
12356	-300000
12357	-300000
12358	-300000
12359	-300000
12360	-300000
12361	-300000
12362	-300000
12363	-300000
12364	-300000
12365	-300000
12366	-300000
12367	-300000
12368	-300000
12369	-300000
12370	-300000
12371	-300000
12372	-300000
12373	-300000
12374	-300000
12375	-300000
12376	-300000
12377	-300000
12378	-300000
12379	-300000
12380	-300000
12381	-300000
12382	-300000
12383	-300000
12384	-300000
12385	-300000
12386	-300000
12387	-300000
12388	-300000
12389	-300000
12390	-300000
12391	-300000
12392	-300000
12393	-300000
12394	-300000
12395	-300000
12396	-300000
12397	-300000
12398	-300000
12399	-300000
12400	-300000
12401	-300000
12402	-300000
12403	-300000
12404	-300000
12405	-300000
12406	-300000
12407	-300000
12408	-300000
12409	-300000
12410	-300000
12411	-300000
12412	-300000
12413	-300000
12414	-300000
12415	-300000
12416	-300000
12417	-300000
12418	-300000
12419	-300000
12420	-300000
12421	-300000
12422	-300000
12423	-300000
12424	-300000
12425	-300000
12426	-300000
12427	-300000
12428	-300000
12429	-300000
12430	-300000
12431	-300000
12432	-300000
12433	-300000
12434	-300000
12435	-300000
12436	-300000
12437	-300000
12438	-300000
12439	-300000
12440	-300000
12441	-300000
12442	-300000
12443	-300000
12444	-300000
12445	-300000
12446	-300000
12447	-300000
12448	-300000
12449	-300000
12450	-300000
12451	-300000
12452	-300000
12453	-300000
12454	-300000
12455	-300000
12456	-300000
12457	-300000
12458	-300000
12459	-300000
12460	-300000
12461	-300000
12462	-300000
12463	-300000
12464	-300000
12465	-300000
12466	-300000
12467	-300000
12468	-300000
12469	-300000
12470	-300000
12471	-300000
12472	-300000
12473	-300000
12474	-300000
12475	-300000
12476	-300000
12477	-300000
12478	-300000
12479	-300000
12480	-300000
12481	-300000
12482	-300000
12483	-300000
12484	-300000
12485	-300000
12486	-300000
12487	-300000
12488	-300000
12489	-300000
12490	-300000
12491	-300000
12492	-300000
12493	-300000
12494	-300000
12495	-300000
12496	-300000
12497	-300000
12498	-300000
12499	-300000
12500	-300000
12501	-300000
12502	-300000
12503	-300000
12504	-300000
12505	-300000
12506	-300000
12507	-300000
12508	-300000
12509	-300000
12510	-300000
12511	-300000
12512	-300000
12513	-300000
12514	-300000
12515	-300000
12516	-300000
12517	-300000
12518	-300000
12519	-300000
12520	-300000
12521	-300000
12522	-300000
12523	-300000
12524	-300000
12525	-300000
12526	-300000
12527	-300000
12528	-300000
12529	-300000
12530	-300000
12531	-300000
12532	-300000
12533	-300000
12534	-300000
12535	-300000
12536	-300000
12537	-300000
12538	-300000
12539	-300000
12540	-300000
12541	-300000
12542	-300000
12543	-300000
12544	-300000
12545	-300000
12546	-300000
12547	-300000
12548	-300000
12549	-300000
12550	-300000
12551	-300000
12552	-300000
12553	-300000
12554	-300000
12555	-300000
12556	-300000
12557	-300000
12558	-300000
12559	-300000
12560	-300000
12561	-300000
12562	-300000
12563	-300000
12564	-300000
12565	-300000
12566	-300000
12567	-300000
12568	-300000
12569	-300000
12570	-300000
12571	-300000
12572	-300000
12573	-300000
12574	-300000
12575	-300000
12576	-300000
12577	-300000
12578	-300000
12579	-300000
12580	-300000
12581	-300000
12582	-300000
12583	-300000
12584	-300000
12585	-300000
12586	-300000
12587	-300000
12588	-300000
12589	-300000
12590	-300000
12591	-300000
12592	-300000
12593	-300000
12594	-300000
12595	-300000
12596	-300000
12597	-300000
12598	-300000
12599	-300000
12600	-300000
12601	-300000
12602	-300000
12603	-300000
12604	-300000
12605	-300000
12606	-300000
12607	-300000
12608	-300000
12609	-300000
12610	-300000
12611	-300000
12612	-300000
12613	-300000
12614	-300000
12615	-300000
12616	-300000
12617	-300000
12618	-300000
12619	-300000
12620	-300000
12621	-300000
12622	-300000
12623	-300000
12624	-300000
12625	-300000
12626	-300000
12627	-300000
12628	-300000
12629	-300000
12630	-300000
12631	-300000
12632	-300000
12633	-300000
12634	-300000
12635	-300000
12636	-300000
12637	-300000
12638	-300000
12639	-300000
12640	-300000
12641	-300000
12642	-300000
12643	-300000
12644	-300000
12645	-300000
12646	-300000
12647	-300000
12648	-300000
12649	-300000
12650	-300000
12651	-300000
12652	-300000
12653	-300000
12654	-300000
12655	-300000
12656	-300000
12657	-300000
12658	-300000
12659	-300000
12660	-300000
12661	-300000
12662	-300000
12663	-300000
12664	-300000
12665	-300000
12666	-300000
12667	-300000
12668	-300000
12669	-300000
12670	-300000
12671	-300000
12672	-300000
12673	-300000
12674	-300000
12675	-300000
12676	-300000
12677	-300000
12678	-300000
12679	-300000
12680	-300000
12681	-300000
12682	-300000
12683	-300000
12684	-300000
12685	-300000
12686	-300000
12687	-300000
12688	-300000
12689	-300000
12690	-300000
12691	-300000
12692	-300000
12693	-300000
12694	-300000
12695	-300000
12696	-300000
12697	-300000
12698	-300000
12699	-300000
12700	-300000
12701	-300000
12702	-300000
12703	-300000
12704	-300000
12705	-300000
12706	-300000
12707	-300000
12708	-300000
12709	-300000
12710	-300000
12711	-300000
12712	-300000
12713	-300000
12714	-300000
12715	-300000
12716	-300000
12717	-300000
12718	-300000
12719	-300000
12720	-300000
12721	-300000
12722	-300000
12723	-300000
12724	-300000
12725	-300000
12726	-300000
12727	-300000
12728	-300000
12729	-300000
12730	-300000
12731	-300000
12732	-300000
12733	-300000
12734	-300000
12735	-300000
12736	-300000
12737	-300000
12738	-300000
12739	-300000
12740	-300000
12741	-300000
12742	-300000
12743	-300000
12744	-300000
12745	-300000
12746	-300000
12747	-300000
12748	-300000
12749	-300000
12750	-300000
12751	-300000
12752	-300000
12753	-300000
12754	-300000
12755	-300000
12756	-300000
12757	-300000
12758	-300000
12759	-300000
12760	-300000
12761	-300000
12762	-300000
12763	-300000
12764	-300000
12765	-300000
12766	-300000
12767	-300000
12768	-300000
12769	-300000
12770	-300000
12771	-300000
12772	-300000
12773	-300000
12774	-300000
12775	-300000
12776	-300000
12777	-300000
12778	-300000
12779	-300000
12780	-300000
12781	-300000
12782	-300000
12783	-300000
12784	-300000
12785	-300000
12786	-300000
12787	-300000
12788	-300000
12789	-300000
12790	-300000
12791	-300000
12792	-300000
12793	-300000
12794	-300000
12795	-300000
12796	-300000
12797	-300000
12798	-300000
12799	-300000
12800	-300000
12801	-300000
12802	-300000
12803	-300000
12804	-300000
12805	-300000
12806	-300000
12807	-300000
12808	-300000
12809	-300000
12810	-300000
12811	-300000
12812	-300000
12813	-300000
12814	-300000
12815	-300000
12816	-300000
12817	-300000
12818	-300000
12819	-300000
12820	-300000
12821	-300000
12822	-300000
12823	-300000
12824	-300000
12825	-300000
12826	-300000
12827	-300000
12828	-300000
12829	-300000
12830	-300000
12831	-300000
12832	-300000
12833	-300000
12834	-300000
12835	-300000
12836	-300000
12837	-300000
12838	-300000
12839	-300000
12840	-300000
12841	-300000
12842	-300000
12843	-300000
12844	-300000
12845	-300000
12846	-300000
12847	-300000
12848	-300000
12849	-300000
12850	-300000
12851	-300000
12852	-300000
12853	-300000
12854	-300000
12855	-300000
12856	-300000
12857	-300000
12858	-300000
12859	-300000
12860	-300000
12861	-300000
12862	-300000
12863	-300000
12864	-300000
12865	-300000
12866	-300000
12867	-300000
12868	-300000
12869	-300000
12870	-300000
12871	-300000
12872	-300000
12873	-300000
12874	-300000
12875	-300000
12876	-300000
12877	-300000
12878	-300000
12879	-300000
12880	-300000
12881	-300000
12882	-300000
12883	-300000
12884	-300000
12885	-300000
12886	-300000
12887	-300000
12888	-300000
12889	-300000
12890	-300000
12891	-300000
12892	-300000
12893	-300000
12894	-300000
12895	-300000
12896	-300000
12897	-300000
12898	-300000
12899	-300000
12900	-300000
12901	-300000
12902	-300000
12903	-300000
12904	-300000
12905	-300000
12906	-300000
12907	-300000
12908	-300000
12909	-300000
12910	-300000
12911	-300000
12912	-300000
12913	-300000
12914	-300000
12915	-300000
12916	-300000
12917	-300000
12918	-300000
12919	-300000
12920	-300000
12921	-300000
12922	-300000
12923	-300000
12924	-300000
12925	-300000
12926	-300000
12927	-300000
12928	-300000
12929	-300000
12930	-300000
12931	-300000
12932	-300000
12933	-300000
12934	-300000
12935	-300000
12936	-300000
12937	-300000
12938	-300000
12939	-300000
12940	-300000
12941	-300000
12942	-300000
12943	-300000
12944	-300000
12945	-300000
12946	-300000
12947	-300000
12948	-300000
12949	-300000
12950	-300000
12951	-300000
12952	-300000
12953	-300000
12954	-300000
12955	-300000
12956	-300000
12957	-300000
12958	-300000
12959	-300000
12960	-300000
12961	-300000
12962	-300000
12963	-300000
12964	-300000
12965	-300000
12966	-300000
12967	-300000
12968	-300000
12969	-300000
12970	-300000
12971	-300000
12972	-300000
12973	-300000
12974	-300000
12975	-300000
12976	-300000
12977	-300000
12978	-300000
12979	-300000
12980	-300000
12981	-300000
12982	-300000
12983	-300000
12984	-300000
12985	-300000
12986	-300000
12987	-300000
12988	-300000
12989	-300000
12990	-300000
12991	-300000
12992	-300000
12993	-300000
12994	-300000
12995	-300000
12996	-300000
12997	-300000
12998	-300000
12999	-300000
13000	-300000
13001	-300000
13002	-300000
13003	-300000
13004	-300000
13005	-300000
13006	-300000
13007	-300000
13008	-300000
13009	-300000
13010	-300000
13011	-300000
13012	-300000
13013	-300000
13014	-300000
13015	-300000
13016	-300000
13017	-300000
13018	-300000
13019	-300000
13020	-300000
13021	-300000
13022	-300000
13023	-300000
13024	-300000
13025	-300000
13026	-300000
13027	-300000
13028	-300000
13029	-300000
13030	-300000
13031	-300000
13032	-300000
13033	-300000
13034	-300000
13035	-300000
13036	-300000
13037	-300000
13038	-300000
13039	-300000
13040	-300000
13041	-300000
13042	-300000
13043	-300000
13044	-300000
13045	-300000
13046	-300000
13047	-300000
13048	-300000
13049	-300000
13050	-300000
13051	-300000
13052	-300000
13053	-300000
13054	-300000
13055	-300000
13056	-300000
13057	-300000
13058	-300000
13059	-300000
13060	-300000
13061	-300000
13062	-300000
13063	-300000
13064	-300000
13065	-300000
13066	-300000
13067	-300000
13068	-300000
13069	-300000
13070	-300000
13071	-300000
13072	-300000
13073	-300000
13074	-300000
13075	-300000
13076	-300000
13077	-300000
13078	-300000
13079	-300000
13080	-300000
13081	-300000
13082	-300000
13083	-300000
13084	-300000
13085	-300000
13086	-300000
13087	-300000
13088	-300000
13089	-300000
13090	-300000
13091	-300000
13092	-300000
13093	-300000
13094	-300000
13095	-300000
13096	-300000
13097	-300000
13098	-300000
13099	-300000
13100	-300000
13101	-300000
13102	-300000
13103	-300000
13104	-300000
13105	-300000
13106	-300000
13107	-300000
13108	-300000
13109	-300000
13110	-300000
13111	-300000
13112	-300000
13113	-300000
13114	-300000
13115	-300000
13116	-300000
13117	-300000
13118	-300000
13119	-300000
13120	-300000
13121	-300000
13122	-300000
13123	-300000
13124	-300000
13125	-300000
13126	-300000
13127	-300000
13128	-300000
13129	-300000
13130	-300000
13131	-300000
13132	-300000
13133	-300000
13134	-300000
13135	-300000
13136	-300000
13137	-300000
13138	-300000
13139	-300000
13140	-300000
13141	-300000
13142	-300000
13143	-300000
13144	-300000
13145	-300000
13146	-300000
13147	-300000
13148	-300000
13149	-300000
13150	-300000
13151	-300000
13152	-300000
13153	-300000
13154	-300000
13155	-300000
13156	-300000
13157	-300000
13158	-300000
13159	-300000
13160	-300000
13161	-300000
13162	-300000
13163	-300000
13164	-300000
13165	-300000
13166	-300000
13167	-300000
13168	-300000
13169	-300000
13170	-300000
13171	-300000
13172	-300000
13173	-300000
13174	-300000
13175	-300000
13176	-300000
13177	-300000
13178	-300000
13179	-300000
13180	-300000
13181	-300000
13182	-300000
13183	-300000
13184	-300000
13185	-300000
13186	-300000
13187	-300000
13188	-300000
13189	-300000
13190	-300000
13191	-300000
13192	-300000
13193	-300000
13194	-300000
13195	-300000
13196	-300000
13197	-300000
13198	-300000
13199	-300000
13200	-300000
13201	-300000
13202	-300000
13203	-300000
13204	-300000
13205	-300000
13206	-300000
13207	-300000
13208	-300000
13209	-300000
13210	-300000
13211	-300000
13212	-300000
13213	-300000
13214	-300000
13215	-300000
13216	-300000
13217	-300000
13218	-300000
13219	-300000
13220	-300000
13221	-300000
13222	-300000
13223	-300000
13224	-300000
13225	-300000
13226	-300000
13227	-300000
13228	-300000
13229	-300000
13230	-300000
13231	-300000
13232	-300000
13233	-300000
13234	-300000
13235	-300000
13236	-300000
13237	-300000
13238	-300000
13239	-300000
13240	-300000
13241	-300000
13242	-300000
13243	-300000
13244	-300000
13245	-300000
13246	-300000
13247	-300000
13248	-300000
13249	-300000
13250	-300000
13251	-300000
13252	-300000
13253	-300000
13254	-300000
13255	-300000
13256	-300000
13257	-300000
13258	-300000
13259	-300000
13260	-300000
13261	-300000
13262	-300000
13263	-300000
13264	-300000
13265	-300000
13266	-300000
13267	-300000
13268	-300000
13269	-300000
13270	-300000
13271	-300000
13272	-300000
13273	-300000
13274	-300000
13275	-300000
13276	-300000
13277	-300000
13278	-300000
13279	-300000
13280	-300000
13281	-300000
13282	-300000
13283	-300000
13284	-300000
13285	-300000
13286	-300000
13287	-300000
13288	-300000
13289	-300000
13290	-300000
13291	-300000
13292	-300000
13293	-300000
13294	-300000
13295	-300000
13296	-300000
13297	-300000
13298	-300000
13299	-300000
13300	-300000
13301	-300000
13302	-300000
13303	-300000
13304	-300000
13305	-300000
13306	-300000
13307	-300000
13308	-300000
13309	-300000
13310	-300000
13311	-300000
13312	-300000
13313	-300000
13314	-300000
13315	-300000
13316	-300000
13317	-300000
13318	-300000
13319	-300000
13320	-300000
13321	-300000
13322	-300000
13323	-300000
13324	-300000
13325	-300000
13326	-300000
13327	-300000
13328	-300000
13329	-300000
13330	-300000
13331	-300000
13332	-300000
13333	-300000
13334	-300000
13335	-300000
13336	-300000
13337	-300000
13338	-300000
13339	-300000
13340	-300000
13341	-300000
13342	-300000
13343	-300000
13344	-300000
13345	-300000
13346	-300000
13347	-300000
13348	-300000
13349	-300000
13350	-300000
13351	-300000
13352	-300000
13353	-300000
13354	-300000
13355	-300000
13356	-300000
13357	-300000
13358	-300000
13359	-300000
13360	-300000
13361	-300000
13362	-300000
13363	-300000
13364	-300000
13365	-300000
13366	-300000
13367	-300000
13368	-300000
13369	-300000
13370	-300000
13371	-300000
13372	-300000
13373	-300000
13374	-300000
13375	-300000
13376	-300000
13377	-300000
13378	-300000
13379	-300000
13380	-300000
13381	-300000
13382	-300000
13383	-300000
13384	-300000
13385	-300000
13386	-300000
13387	-300000
13388	-300000
13389	-300000
13390	-300000
13391	-300000
13392	-300000
13393	-300000
13394	-300000
13395	-300000
13396	-300000
13397	-300000
13398	-300000
13399	-300000
13400	-300000
13401	-300000
13402	-300000
13403	-300000
13404	-300000
13405	-300000
13406	-300000
13407	-300000
13408	-300000
13409	-300000
13410	-300000
13411	-300000
13412	-300000
13413	-300000
13414	-300000
13415	-300000
13416	-300000
13417	-300000
13418	-300000
13419	-300000
13420	-300000
13421	-300000
13422	-300000
13423	-300000
13424	-300000
13425	-300000
13426	-300000
13427	-300000
13428	-300000
13429	-300000
13430	-300000
13431	-300000
13432	-300000
13433	-300000
13434	-300000
13435	-300000
13436	-300000
13437	-300000
13438	-300000
13439	-300000
13440	-300000
13441	-300000
13442	-300000
13443	-300000
13444	-300000
13445	-300000
13446	-300000
13447	-300000
13448	-300000
13449	-300000
13450	-300000
13451	-300000
13452	-300000
13453	-300000
13454	-300000
13455	-300000
13456	-300000
13457	-300000
13458	-300000
13459	-300000
13460	-300000
13461	-300000
13462	-300000
13463	-300000
13464	-300000
13465	-300000
13466	-300000
13467	-300000
13468	-300000
13469	-300000
13470	-300000
13471	-300000
13472	-300000
13473	-300000
13474	-300000
13475	-300000
13476	-300000
13477	-300000
13478	-300000
13479	-300000
13480	-300000
13481	-300000
13482	-300000
13483	-300000
13484	-300000
13485	-300000
13486	-300000
13487	-300000
13488	-300000
13489	-300000
13490	-300000
13491	-300000
13492	-300000
13493	-300000
13494	-300000
13495	-300000
13496	-300000
13497	-300000
13498	-300000
13499	-300000
13500	-300000
13501	-300000
13502	-300000
13503	-300000
13504	-300000
13505	-300000
13506	-300000
13507	-300000
13508	-300000
13509	-300000
13510	-300000
13511	-300000
13512	-300000
13513	-300000
13514	-300000
13515	-300000
13516	-300000
13517	-300000
13518	-300000
13519	-300000
13520	-300000
13521	-300000
13522	-300000
13523	-300000
13524	-300000
13525	-300000
13526	-300000
13527	-300000
13528	-300000
13529	-300000
13530	-300000
13531	-300000
13532	-300000
13533	-300000
13534	-300000
13535	-300000
13536	-300000
13537	-300000
13538	-300000
13539	-300000
13540	-300000
13541	-300000
13542	-300000
13543	-300000
13544	-300000
13545	-300000
13546	-300000
13547	-300000
13548	-300000
13549	-300000
13550	-300000
13551	-300000
13552	-300000
13553	-300000
13554	-300000
13555	-300000
13556	-300000
13557	-300000
13558	-300000
13559	-300000
13560	-300000
13561	-300000
13562	-300000
13563	-300000
13564	-300000
13565	-300000
13566	-300000
13567	-300000
13568	-300000
13569	-300000
13570	-300000
13571	-300000
13572	-300000
13573	-300000
13574	-300000
13575	-300000
13576	-300000
13577	-300000
13578	-300000
13579	-300000
13580	-300000
13581	-300000
13582	-300000
13583	-300000
13584	-300000
13585	-300000
13586	-300000
13587	-300000
13588	-300000
13589	-300000
13590	-300000
13591	-300000
13592	-300000
13593	-300000
13594	-300000
13595	-300000
13596	-300000
13597	-300000
13598	-300000
13599	-300000
13600	-300000
13601	-300000
13602	-300000
13603	-300000
13604	-300000
13605	-300000
13606	-300000
13607	-300000
13608	-300000
13609	-300000
13610	-300000
13611	-300000
13612	-300000
13613	-300000
13614	-300000
13615	-300000
13616	-300000
13617	-300000
13618	-300000
13619	-300000
13620	-300000
13621	-300000
13622	-300000
13623	-300000
13624	-300000
13625	-300000
13626	-300000
13627	-300000
13628	-300000
13629	-300000
13630	-300000
13631	-300000
13632	-300000
13633	-300000
13634	-300000
13635	-300000
13636	-300000
13637	-300000
13638	-300000
13639	-300000
13640	-300000
13641	-300000
13642	-300000
13643	-300000
13644	-300000
13645	-300000
13646	-300000
13647	-300000
13648	-300000
13649	-300000
13650	-300000
13651	-300000
13652	-300000
13653	-300000
13654	-300000
13655	-300000
13656	-300000
13657	-300000
13658	-300000
13659	-300000
13660	-300000
13661	-300000
13662	-300000
13663	-300000
13664	-300000
13665	-300000
13666	-300000
13667	-300000
13668	-300000
13669	-300000
13670	-300000
13671	-300000
13672	-300000
13673	-300000
13674	-300000
13675	-300000
13676	-300000
13677	-300000
13678	-300000
13679	-300000
13680	-300000
13681	-300000
13682	-300000
13683	-300000
13684	-300000
13685	-300000
13686	-300000
13687	-300000
13688	-300000
13689	-300000
13690	-300000
13691	-300000
13692	-300000
13693	-300000
13694	-300000
13695	-300000
13696	-300000
13697	-300000
13698	-300000
13699	-300000
13700	-300000
13701	-300000
13702	-300000
13703	-300000
13704	-300000
13705	-300000
13706	-300000
13707	-300000
13708	-300000
13709	-300000
13710	-300000
13711	-300000
13712	-300000
13713	-300000
13714	-300000
13715	-300000
13716	-300000
13717	-300000
13718	-300000
13719	-300000
13720	-300000
13721	-300000
13722	-300000
13723	-300000
13724	-300000
13725	-300000
13726	-300000
13727	-300000
13728	-300000
13729	-300000
13730	-300000
13731	-300000
13732	-300000
13733	-300000
13734	-300000
13735	-300000
13736	-300000
13737	-300000
13738	-300000
13739	-300000
13740	-300000
13741	-300000
13742	-300000
13743	-300000
13744	-300000
13745	-300000
13746	-300000
13747	-300000
13748	-300000
13749	-300000
13750	-300000
13751	-300000
13752	-300000
13753	-300000
13754	-300000
13755	-300000
13756	-300000
13757	-300000
13758	-300000
13759	-300000
13760	-300000
13761	-300000
13762	-300000
13763	-300000
13764	-300000
13765	-300000
13766	-300000
13767	-300000
13768	-300000
13769	-300000
13770	-300000
13771	-300000
13772	-300000
13773	-300000
13774	-300000
13775	-300000
13776	-300000
13777	-300000
13778	-300000
13779	-300000
13780	-300000
13781	-300000
13782	-300000
13783	-300000
13784	-300000
13785	-300000
13786	-300000
13787	-300000
13788	-300000
13789	-300000
13790	-300000
13791	-300000
13792	-300000
13793	-300000
13794	-300000
13795	-300000
13796	-300000
13797	-300000
13798	-300000
13799	-300000
13800	-300000
13801	-300000
13802	-300000
13803	-300000
13804	-300000
13805	-300000
13806	-300000
13807	-300000
13808	-300000
13809	-300000
13810	-300000
13811	-300000
13812	-300000
13813	-300000
13814	-300000
13815	-300000
13816	-300000
13817	-300000
13818	-300000
13819	-300000
13820	-300000
13821	-300000
13822	-300000
13823	-300000
13824	-300000
13825	-300000
13826	-300000
13827	-300000
13828	-300000
13829	-300000
13830	-300000
13831	-300000
13832	-300000
13833	-300000
13834	-300000
13835	-300000
13836	-300000
13837	-300000
13838	-300000
13839	-300000
13840	-300000
13841	-300000
13842	-300000
13843	-300000
13844	-300000
13845	-300000
13846	-300000
13847	-300000
13848	-300000
13849	-300000
13850	-300000
13851	-300000
13852	-300000
13853	-300000
13854	-300000
13855	-300000
13856	-300000
13857	-300000
13858	-300000
13859	-300000
13860	-300000
13861	-300000
13862	-300000
13863	-300000
13864	-300000
13865	-300000
13866	-300000
13867	-300000
13868	-300000
13869	-300000
13870	-300000
13871	-300000
13872	-300000
13873	-300000
13874	-300000
13875	-300000
13876	-300000
13877	-300000
13878	-300000
13879	-300000
13880	-300000
13881	-300000
13882	-300000
13883	-300000
13884	-300000
13885	-300000
13886	-300000
13887	-300000
13888	-300000
13889	-300000
13890	-300000
13891	-300000
13892	-300000
13893	-300000
13894	-300000
13895	-300000
13896	-300000
13897	-300000
13898	-300000
13899	-300000
13900	-300000
13901	-300000
13902	-300000
13903	-300000
13904	-300000
13905	-300000
13906	-300000
13907	-300000
13908	-300000
13909	-300000
13910	-300000
13911	-300000
13912	-300000
13913	-300000
13914	-300000
13915	-300000
13916	-300000
13917	-300000
13918	-300000
13919	-300000
13920	-300000
13921	-300000
13922	-300000
13923	-300000
13924	-300000
13925	-300000
13926	-300000
13927	-300000
13928	-300000
13929	-300000
13930	-300000
13931	-300000
13932	-300000
13933	-300000
13934	-300000
13935	-300000
13936	-300000
13937	-300000
13938	-300000
13939	-300000
13940	-300000
13941	-300000
13942	-300000
13943	-300000
13944	-300000
13945	-300000
13946	-300000
13947	-300000
13948	-300000
13949	-300000
13950	-300000
13951	-300000
13952	-300000
13953	-300000
13954	-300000
13955	-300000
13956	-300000
13957	-300000
13958	-300000
13959	-300000
13960	-300000
13961	-300000
13962	-300000
13963	-300000
13964	-300000
13965	-300000
13966	-300000
13967	-300000
13968	-300000
13969	-300000
13970	-300000
13971	-300000
13972	-300000
13973	-300000
13974	-300000
13975	-300000
13976	-300000
13977	-300000
13978	-300000
13979	-300000
13980	-300000
13981	-300000
13982	-300000
13983	-300000
13984	-300000
13985	-300000
13986	-300000
13987	-300000
13988	-300000
13989	-300000
13990	-300000
13991	-300000
13992	-300000
13993	-300000
13994	-300000
13995	-300000
13996	-300000
13997	-300000
13998	-300000
13999	-300000
14000	-300000
14001	-300000
14002	-300000
14003	-300000
14004	-300000
14005	-300000
14006	-300000
14007	-300000
14008	-300000
14009	-300000
14010	-300000
14011	-300000
14012	-300000
14013	-300000
14014	-300000
14015	-300000
14016	-300000
14017	-300000
14018	-300000
14019	-300000
14020	-300000
14021	-300000
14022	-300000
14023	-300000
14024	-300000
14025	-300000
14026	-300000
14027	-300000
14028	-300000
14029	-300000
14030	-300000
14031	-300000
14032	-300000
14033	-300000
14034	-300000
14035	-300000
14036	-300000
14037	-300000
14038	-300000
14039	-300000
14040	-300000
14041	-300000
14042	-300000
14043	-300000
14044	-300000
14045	-300000
14046	-300000
14047	-300000
14048	-300000
14049	-300000
14050	-300000
14051	-300000
14052	-300000
14053	-300000
14054	-300000
14055	-300000
14056	-300000
14057	-300000
14058	-300000
14059	-300000
14060	-300000
14061	-300000
14062	-300000
14063	-300000
14064	-300000
14065	-300000
14066	-300000
14067	-300000
14068	-300000
14069	-300000
14070	-300000
14071	-300000
14072	-300000
14073	-300000
14074	-300000
14075	-300000
14076	-300000
14077	-300000
14078	-300000
14079	-300000
14080	-300000
14081	-300000
14082	-300000
14083	-300000
14084	-300000
14085	-300000
14086	-300000
14087	-300000
14088	-300000
14089	-300000
14090	-300000
14091	-300000
14092	-300000
14093	-300000
14094	-300000
14095	-300000
14096	-300000
14097	-300000
14098	-300000
14099	-300000
14100	-300000
14101	-300000
14102	-300000
14103	-300000
14104	-300000
14105	-300000
14106	-300000
14107	-300000
14108	-300000
14109	-300000
14110	-300000
14111	-300000
14112	-300000
14113	-300000
14114	-300000
14115	-300000
14116	-300000
14117	-300000
14118	-300000
14119	-300000
14120	-300000
14121	-300000
14122	-300000
14123	-300000
14124	-300000
14125	-300000
14126	-300000
14127	-300000
14128	-300000
14129	-300000
14130	-300000
14131	-300000
14132	-300000
14133	-300000
14134	-300000
14135	-300000
14136	-300000
14137	-300000
14138	-300000
14139	-300000
14140	-300000
14141	-300000
14142	-300000
14143	-300000
14144	-300000
14145	-300000
14146	-300000
14147	-300000
14148	-300000
14149	-300000
14150	-300000
14151	-300000
14152	-300000
14153	-300000
14154	-300000
14155	-300000
14156	-300000
14157	-300000
14158	-300000
14159	-300000
14160	-300000
14161	-300000
14162	-300000
14163	-300000
14164	-300000
14165	-300000
14166	-300000
14167	-300000
14168	-300000
14169	-300000
14170	-300000
14171	-300000
14172	-300000
14173	-300000
14174	-300000
14175	-300000
14176	-300000
14177	-300000
14178	-300000
14179	-300000
14180	-300000
14181	-300000
14182	-300000
14183	-300000
14184	-300000
14185	-300000
14186	-300000
14187	-300000
14188	-300000
14189	-300000
14190	-300000
14191	-300000
14192	-300000
14193	-300000
14194	-300000
14195	-300000
14196	-300000
14197	-300000
14198	-300000
14199	-300000
14200	-300000
14201	-300000
14202	-300000
14203	-300000
14204	-300000
14205	-300000
14206	-300000
14207	-300000
14208	-300000
14209	-300000
14210	-300000
14211	-300000
14212	-300000
14213	-300000
14214	-300000
14215	-300000
14216	-300000
14217	-300000
14218	-300000
14219	-300000
14220	-300000
14221	-300000
14222	-300000
14223	-300000
14224	-300000
14225	-300000
14226	-300000
14227	-300000
14228	-300000
14229	-300000
14230	-300000
14231	-300000
14232	-300000
14233	-300000
14234	-300000
14235	-300000
14236	-300000
14237	-300000
14238	-300000
14239	-300000
14240	-300000
14241	-300000
14242	-300000
14243	-300000
14244	-300000
14245	-300000
14246	-300000
14247	-300000
14248	-300000
14249	-300000
14250	-300000
14251	-300000
14252	-300000
14253	-300000
14254	-300000
14255	-300000
14256	-300000
14257	-300000
14258	-300000
14259	-300000
14260	-300000
14261	-300000
14262	-300000
14263	-300000
14264	-300000
14265	-300000
14266	-300000
14267	-300000
14268	-300000
14269	-300000
14270	-300000
14271	-300000
14272	-300000
14273	-300000
14274	-300000
14275	-300000
14276	-300000
14277	-300000
14278	-300000
14279	-300000
14280	-300000
14281	-300000
14282	-300000
14283	-300000
14284	-300000
14285	-300000
14286	-300000
14287	-300000
14288	-300000
14289	-300000
14290	-300000
14291	-300000
14292	-300000
14293	-300000
14294	-300000
14295	-300000
14296	-300000
14297	-300000
14298	-300000
14299	-300000
14300	-300000
14301	-300000
14302	-300000
14303	-300000
14304	-300000
14305	-300000
14306	-300000
14307	-300000
14308	-300000
14309	-300000
14310	-300000
14311	-300000
14312	-300000
14313	-300000
14314	-300000
14315	-300000
14316	-300000
14317	-300000
14318	-300000
14319	-300000
14320	-300000
14321	-300000
14322	-300000
14323	-300000
14324	-300000
14325	-300000
14326	-300000
14327	-300000
14328	-300000
14329	-300000
14330	-300000
14331	-300000
14332	-300000
14333	-300000
14334	-300000
14335	-300000
14336	-300000
14337	-300000
14338	-300000
14339	-300000
14340	-300000
14341	-300000
14342	-300000
14343	-300000
14344	-300000
14345	-300000
14346	-300000
14347	-300000
14348	-300000
14349	-300000
14350	-300000
14351	-300000
14352	-300000
14353	-300000
14354	-300000
14355	-300000
14356	-300000
14357	-300000
14358	-300000
14359	-300000
14360	-300000
14361	-300000
14362	-300000
14363	-300000
14364	-300000
14365	-300000
14366	-300000
14367	-300000
14368	-300000
14369	-300000
14370	-300000
14371	-300000
14372	-300000
14373	-300000
14374	-300000
14375	-300000
14376	-300000
14377	-300000
14378	-300000
14379	-300000
14380	-300000
14381	-300000
14382	-300000
14383	-300000
14384	-300000
14385	-300000
14386	-300000
14387	-300000
14388	-300000
14389	-300000
14390	-300000
14391	-300000
14392	-300000
14393	-300000
14394	-300000
14395	-300000
14396	-300000
14397	-300000
14398	-300000
14399	-300000
14400	-300000
14401	-300000
14402	-300000
14403	-300000
14404	-300000
14405	-300000
14406	-300000
14407	-300000
14408	-300000
14409	-300000
14410	-300000
14411	-300000
14412	-300000
14413	-300000
14414	-300000
14415	-300000
14416	-300000
14417	-300000
14418	-300000
14419	-300000
14420	-300000
14421	-300000
14422	-300000
14423	-300000
14424	-300000
14425	-300000
14426	-300000
14427	-300000
14428	-300000
14429	-300000
14430	-300000
14431	-300000
14432	-300000
14433	-300000
14434	-300000
14435	-300000
14436	-300000
14437	-300000
14438	-300000
14439	-300000
14440	-300000
14441	-300000
14442	-300000
14443	-300000
14444	-300000
14445	-300000
14446	-300000
14447	-300000
14448	-300000
14449	-300000
14450	-300000
14451	-300000
14452	-300000
14453	-300000
14454	-300000
14455	-300000
14456	-300000
14457	-300000
14458	-300000
14459	-300000
14460	-300000
14461	-300000
14462	-300000
14463	-300000
14464	-300000
14465	-300000
14466	-300000
14467	-300000
14468	-300000
14469	-300000
14470	-300000
14471	-300000
14472	-300000
14473	-300000
14474	-300000
14475	-300000
14476	-300000
14477	-300000
14478	-300000
14479	-300000
14480	-300000
14481	-300000
14482	-300000
14483	-300000
14484	-300000
14485	-300000
14486	-300000
14487	-300000
14488	-300000
14489	-300000
14490	-300000
14491	-300000
14492	-300000
14493	-300000
14494	-300000
14495	-300000
14496	-300000
14497	-300000
14498	-300000
14499	-300000
14500	-300000
14501	-300000
14502	-300000
14503	-300000
14504	-300000
14505	-300000
14506	-300000
14507	-300000
14508	-300000
14509	-300000
14510	-300000
14511	-300000
14512	-300000
14513	-300000
14514	-300000
14515	-300000
14516	-300000
14517	-300000
14518	-300000
14519	-300000
14520	-300000
14521	-300000
14522	-300000
14523	-300000
14524	-300000
14525	-300000
14526	-300000
14527	-300000
14528	-300000
14529	-300000
14530	-300000
14531	-300000
14532	-300000
14533	-300000
14534	-300000
14535	-300000
14536	-300000
14537	-300000
14538	-300000
14539	-300000
14540	-300000
14541	-300000
14542	-300000
14543	-300000
14544	-300000
14545	-300000
14546	-300000
14547	-300000
14548	-300000
14549	-300000
14550	-300000
14551	-300000
14552	-300000
14553	-300000
14554	-300000
14555	-300000
14556	-300000
14557	-300000
14558	-300000
14559	-300000
14560	-300000
14561	-300000
14562	-300000
14563	-300000
14564	-300000
14565	-300000
14566	-300000
14567	-300000
14568	-300000
14569	-300000
14570	-300000
14571	-300000
14572	-300000
14573	-300000
14574	-300000
14575	-300000
14576	-300000
14577	-300000
14578	-300000
14579	-300000
14580	-300000
14581	-300000
14582	-300000
14583	-300000
14584	-300000
14585	-300000
14586	-300000
14587	-300000
14588	-300000
14589	-300000
14590	-300000
14591	-300000
14592	-300000
14593	-300000
14594	-300000
14595	-300000
14596	-300000
14597	-300000
14598	-300000
14599	-300000
14600	-300000
14601	-300000
14602	-300000
14603	-300000
14604	-300000
14605	-300000
14606	-300000
14607	-300000
14608	-300000
14609	-300000
14610	-300000
14611	-300000
14612	-300000
14613	-300000
14614	-300000
14615	-300000
14616	-300000
14617	-300000
14618	-300000
14619	-300000
14620	-300000
14621	-300000
14622	-300000
14623	-300000
14624	-300000
14625	-300000
14626	-300000
14627	-300000
14628	-300000
14629	-300000
14630	-300000
14631	-300000
14632	-300000
14633	-300000
14634	-300000
14635	-300000
14636	-300000
14637	-300000
14638	-300000
14639	-300000
14640	-300000
14641	-300000
14642	-300000
14643	-300000
14644	-300000
14645	-300000
14646	-300000
14647	-300000
14648	-300000
14649	-300000
14650	-300000
14651	-300000
14652	-300000
14653	-300000
14654	-300000
14655	-300000
14656	-300000
14657	-300000
14658	-300000
14659	-300000
14660	-300000
14661	-300000
14662	-300000
14663	-300000
14664	-300000
14665	-300000
14666	-300000
14667	-300000
14668	-300000
14669	-300000
14670	-300000
14671	-300000
14672	-300000
14673	-300000
14674	-300000
14675	-300000
14676	-300000
14677	-300000
14678	-300000
14679	-300000
14680	-300000
14681	-300000
14682	-300000
14683	-300000
14684	-300000
14685	-300000
14686	-300000
14687	-300000
14688	-300000
14689	-300000
14690	-300000
14691	-300000
14692	-300000
14693	-300000
14694	-300000
14695	-300000
14696	-300000
14697	-300000
14698	-300000
14699	-300000
14700	-300000
14701	-300000
14702	-300000
14703	-300000
14704	-300000
14705	-300000
14706	-300000
14707	-300000
14708	-300000
14709	-300000
14710	-300000
14711	-300000
14712	-300000
14713	-300000
14714	-300000
14715	-300000
14716	-300000
14717	-300000
14718	-300000
14719	-300000
14720	-300000
14721	-300000
14722	-300000
14723	-300000
14724	-300000
14725	-300000
14726	-300000
14727	-300000
14728	-300000
14729	-300000
14730	-300000
14731	-300000
14732	-300000
14733	-300000
14734	-300000
14735	-300000
14736	-300000
14737	-300000
14738	-300000
14739	-300000
14740	-300000
14741	-300000
14742	-300000
14743	-300000
14744	-300000
14745	-300000
14746	-300000
14747	-300000
14748	-300000
14749	-300000
14750	-300000
14751	-300000
14752	-300000
14753	-300000
14754	-300000
14755	-300000
14756	-300000
14757	-300000
14758	-300000
14759	-300000
14760	-300000
14761	-300000
14762	-300000
14763	-300000
14764	-300000
14765	-300000
14766	-300000
14767	-300000
14768	-300000
14769	-300000
14770	-300000
14771	-300000
14772	-300000
14773	-300000
14774	-300000
14775	-300000
14776	-300000
14777	-300000
14778	-300000
14779	-300000
14780	-300000
14781	-300000
14782	-300000
14783	-300000
14784	-300000
14785	-300000
14786	-300000
14787	-300000
14788	-300000
14789	-300000
14790	-300000
14791	-300000
14792	-300000
14793	-300000
14794	-300000
14795	-300000
14796	-300000
14797	-300000
14798	-300000
14799	-300000
14800	-300000
14801	-300000
14802	-300000
14803	-300000
14804	-300000
14805	-300000
14806	-300000
14807	-300000
14808	-300000
14809	-300000
14810	-300000
14811	-300000
14812	-300000
14813	-300000
14814	-300000
14815	-300000
14816	-300000
14817	-300000
14818	-300000
14819	-300000
14820	-300000
14821	-300000
14822	-300000
14823	-300000
14824	-300000
14825	-300000
14826	-300000
14827	-300000
14828	-300000
14829	-300000
14830	-300000
14831	-300000
14832	-300000
14833	-300000
14834	-300000
14835	-300000
14836	-300000
14837	-300000
14838	-300000
14839	-300000
14840	-300000
14841	-300000
14842	-300000
14843	-300000
14844	-300000
14845	-300000
14846	-300000
14847	-300000
14848	-300000
14849	-300000
14850	-300000
14851	-300000
14852	-300000
14853	-300000
14854	-300000
14855	-300000
14856	-300000
14857	-300000
14858	-300000
14859	-300000
14860	-300000
14861	-300000
14862	-300000
14863	-300000
14864	-300000
14865	-300000
14866	-300000
14867	-300000
14868	-300000
14869	-300000
14870	-300000
14871	-300000
14872	-300000
14873	-300000
14874	-300000
14875	-300000
14876	-300000
14877	-300000
14878	-300000
14879	-300000
14880	-300000
14881	-300000
14882	-300000
14883	-300000
14884	-300000
14885	-300000
14886	-300000
14887	-300000
14888	-300000
14889	-300000
14890	-300000
14891	-300000
14892	-300000
14893	-300000
14894	-300000
14895	-300000
14896	-300000
14897	-300000
14898	-300000
14899	-300000
14900	-300000
14901	-300000
14902	-300000
14903	-300000
14904	-300000
14905	-300000
14906	-300000
14907	-300000
14908	-300000
14909	-300000
14910	-300000
14911	-300000
14912	-300000
14913	-300000
14914	-300000
14915	-300000
14916	-300000
14917	-300000
14918	-300000
14919	-300000
14920	-300000
14921	-300000
14922	-300000
14923	-300000
14924	-300000
14925	-300000
14926	-300000
14927	-300000
14928	-300000
14929	-300000
14930	-300000
14931	-300000
14932	-300000
14933	-300000
14934	-300000
14935	-300000
14936	-300000
14937	-300000
14938	-300000
14939	-300000
14940	-300000
14941	-300000
14942	-300000
14943	-300000
14944	-300000
14945	-300000
14946	-300000
14947	-300000
14948	-300000
14949	-300000
14950	-300000
14951	-300000
14952	-300000
14953	-300000
14954	-300000
14955	-300000
14956	-300000
14957	-300000
14958	-300000
14959	-300000
14960	-300000
14961	-300000
14962	-300000
14963	-300000
14964	-300000
14965	-300000
14966	-300000
14967	-300000
14968	-300000
14969	-300000
14970	-300000
14971	-300000
14972	-300000
14973	-300000
14974	-300000
14975	-300000
14976	-300000
14977	-300000
14978	-300000
14979	-300000
14980	-300000
14981	-300000
14982	-300000
14983	-300000
14984	-300000
14985	-300000
14986	-300000
14987	-300000
14988	-300000
14989	-300000
14990	-300000
14991	-300000
14992	-300000
14993	-300000
14994	-300000
14995	-300000
14996	-300000
14997	-300000
14998	-300000
14999	-300000
15000	-300000
15001	-300000
15002	-300000
15003	-300000
15004	-300000
15005	-300000
15006	-300000
15007	-300000
15008	-300000
15009	-300000
15010	-300000
15011	-300000
15012	-300000
15013	-300000
15014	-300000
15015	-300000
15016	-300000
15017	-300000
15018	-300000
15019	-300000
15020	-300000
15021	-300000
15022	-300000
15023	-300000
15024	-300000
15025	-300000
15026	-300000
15027	-300000
15028	-300000
15029	-300000
15030	-300000
15031	-300000
15032	-300000
15033	-300000
15034	-300000
15035	-300000
15036	-300000
15037	-300000
15038	-300000
15039	-300000
15040	-300000
15041	-300000
15042	-300000
15043	-300000
15044	-300000
15045	-300000
15046	-300000
15047	-300000
15048	-300000
15049	-300000
15050	-300000
15051	-300000
15052	-300000
15053	-300000
15054	-300000
15055	-300000
15056	-300000
15057	-300000
15058	-300000
15059	-300000
15060	-300000
15061	-300000
15062	-300000
15063	-300000
15064	-300000
15065	-300000
15066	-300000
15067	-300000
15068	-300000
15069	-300000
15070	-300000
15071	-300000
15072	-300000
15073	-300000
15074	-300000
15075	-300000
15076	-300000
15077	-300000
15078	-300000
15079	-300000
15080	-300000
15081	-300000
15082	-300000
15083	-300000
15084	-300000
15085	-300000
15086	-300000
15087	-300000
15088	-300000
15089	-300000
15090	-300000
15091	-300000
15092	-300000
15093	-300000
15094	-300000
15095	-300000
15096	-300000
15097	-300000
15098	-300000
15099	-300000
15100	-300000
15101	-300000
15102	-300000
15103	-300000
15104	-300000
15105	-300000
15106	-300000
15107	-300000
15108	-300000
15109	-300000
15110	-300000
15111	-300000
15112	-300000
15113	-300000
15114	-300000
15115	-300000
15116	-300000
15117	-300000
15118	-300000
15119	-300000
15120	-300000
15121	-300000
15122	-300000
15123	-300000
15124	-300000
15125	-300000
15126	-300000
15127	-300000
15128	-300000
15129	-300000
15130	-300000
15131	-300000
15132	-300000
15133	-300000
15134	-300000
15135	-300000
15136	-300000
15137	-300000
15138	-300000
15139	-300000
15140	-300000
15141	-300000
15142	-300000
15143	-300000
15144	-300000
15145	-300000
15146	-300000
15147	-300000
15148	-300000
15149	-300000
15150	-300000
15151	-300000
15152	-300000
15153	-300000
15154	-300000
15155	-300000
15156	-300000
15157	-300000
15158	-300000
15159	-300000
15160	-300000
15161	-300000
15162	-300000
15163	-300000
15164	-300000
15165	-300000
15166	-300000
15167	-300000
15168	-300000
15169	-300000
15170	-300000
15171	-300000
15172	-300000
15173	-300000
15174	-300000
15175	-300000
15176	-300000
15177	-300000
15178	-300000
15179	-300000
15180	-300000
15181	-300000
15182	-300000
15183	-300000
15184	-300000
15185	-300000
15186	-300000
15187	-300000
15188	-300000
15189	-300000
15190	-300000
15191	-300000
15192	-300000
15193	-300000
15194	-300000
15195	-300000
15196	-300000
15197	-300000
15198	-300000
15199	-300000
15200	-300000
15201	-300000
15202	-300000
15203	-300000
15204	-300000
15205	-300000
15206	-300000
15207	-300000
15208	-300000
15209	-300000
15210	-300000
15211	-300000
15212	-300000
15213	-300000
15214	-300000
15215	-300000
15216	-300000
15217	-300000
15218	-300000
15219	-300000
15220	-300000
15221	-300000
15222	-300000
15223	-300000
15224	-300000
15225	-300000
15226	-300000
15227	-300000
15228	-300000
15229	-300000
15230	-300000
15231	-300000
15232	-300000
15233	-300000
15234	-300000
15235	-300000
15236	-300000
15237	-300000
15238	-300000
15239	-300000
15240	-300000
15241	-300000
15242	-300000
15243	-300000
15244	-300000
15245	-300000
15246	-300000
15247	-300000
15248	-300000
15249	-300000
15250	-300000
15251	-300000
15252	-300000
15253	-300000
15254	-300000
15255	-300000
15256	-300000
15257	-300000
15258	-300000
15259	-300000
15260	-300000
15261	-300000
15262	-300000
15263	-300000
15264	-300000
15265	-300000
15266	-300000
15267	-300000
15268	-300000
15269	-300000
15270	-300000
15271	-300000
15272	-300000
15273	-300000
15274	-300000
15275	-300000
15276	-300000
15277	-300000
15278	-300000
15279	-300000
15280	-300000
15281	-300000
15282	-300000
15283	-300000
15284	-300000
15285	-300000
15286	-300000
15287	-300000
15288	-300000
15289	-300000
15290	-300000
15291	-300000
15292	-300000
15293	-300000
15294	-300000
15295	-300000
15296	-300000
15297	-300000
15298	-300000
15299	-300000
15300	-300000
15301	-300000
15302	-300000
15303	-300000
15304	-300000
15305	-300000
15306	-300000
15307	-300000
15308	-300000
15309	-300000
15310	-300000
15311	-300000
15312	-300000
15313	-300000
15314	-300000
15315	-300000
15316	-300000
15317	-300000
15318	-300000
15319	-300000
15320	-300000
15321	-300000
15322	-300000
15323	-300000
15324	-300000
15325	-300000
15326	-300000
15327	-300000
15328	-300000
15329	-300000
15330	-300000
15331	-300000
15332	-300000
15333	-300000
15334	-300000
15335	-300000
15336	-300000
15337	-300000
15338	-300000
15339	-300000
15340	-300000
15341	-300000
15342	-300000
15343	-300000
15344	-300000
15345	-300000
15346	-300000
15347	-300000
15348	-300000
15349	-300000
15350	-300000
15351	-300000
15352	-300000
15353	-300000
15354	-300000
15355	-300000
15356	-300000
15357	-300000
15358	-300000
15359	-300000
15360	-300000
15361	-300000
15362	-300000
15363	-300000
15364	-300000
15365	-300000
15366	-300000
15367	-300000
15368	-300000
15369	-300000
15370	-300000
15371	-300000
15372	-300000
15373	-300000
15374	-300000
15375	-300000
15376	-300000
15377	-300000
15378	-300000
15379	-300000
15380	-300000
15381	-300000
15382	-300000
15383	-300000
15384	-300000
15385	-300000
15386	-300000
15387	-300000
15388	-300000
15389	-300000
15390	-300000
15391	-300000
15392	-300000
15393	-300000
15394	-300000
15395	-300000
15396	-300000
15397	-300000
15398	-300000
15399	-300000
15400	-300000
15401	-300000
15402	-300000
15403	-300000
15404	-300000
15405	-300000
15406	-300000
15407	-300000
15408	-300000
15409	-300000
15410	-300000
15411	-300000
15412	-300000
15413	-300000
15414	-300000
15415	-300000
15416	-300000
15417	-300000
15418	-300000
15419	-300000
15420	-300000
15421	-300000
15422	-300000
15423	-300000
15424	-300000
15425	-300000
15426	-300000
15427	-300000
15428	-300000
15429	-300000
15430	-300000
15431	-300000
15432	-300000
15433	-300000
15434	-300000
15435	-300000
15436	-300000
15437	-300000
15438	-300000
15439	-300000
15440	-300000
15441	-300000
15442	-300000
15443	-300000
15444	-300000
15445	-300000
15446	-300000
15447	-300000
15448	-300000
15449	-300000
15450	-300000
15451	-300000
15452	-300000
15453	-300000
15454	-300000
15455	-300000
15456	-300000
15457	-300000
15458	-300000
15459	-300000
15460	-300000
15461	-300000
15462	-300000
15463	-300000
15464	-300000
15465	-300000
15466	-300000
15467	-300000
15468	-300000
15469	-300000
15470	-300000
15471	-300000
15472	-300000
15473	-300000
15474	-300000
15475	-300000
15476	-300000
15477	-300000
15478	-300000
15479	-300000
15480	-300000
15481	-300000
15482	-300000
15483	-300000
15484	-300000
15485	-300000
15486	-300000
15487	-300000
15488	-300000
15489	-300000
15490	-300000
15491	-300000
15492	-300000
15493	-300000
15494	-300000
15495	-300000
15496	-300000
15497	-300000
15498	-300000
15499	-300000
15500	-300000
15501	-300000
15502	-300000
15503	-300000
15504	-300000
15505	-300000
15506	-300000
15507	-300000
15508	-300000
15509	-300000
15510	-300000
15511	-300000
15512	-300000
15513	-300000
15514	-300000
15515	-300000
15516	-300000
15517	-300000
15518	-300000
15519	-300000
15520	-300000
15521	-300000
15522	-300000
15523	-300000
15524	-300000
15525	-300000
15526	-300000
15527	-300000
15528	-300000
15529	-300000
15530	-300000
15531	-300000
15532	-300000
15533	-300000
15534	-300000
15535	-300000
15536	-300000
15537	-300000
15538	-300000
15539	-300000
15540	-300000
15541	-300000
15542	-300000
15543	-300000
15544	-300000
15545	-300000
15546	-300000
15547	-300000
15548	-300000
15549	-300000
15550	-300000
15551	-300000
15552	-300000
15553	-300000
15554	-300000
15555	-300000
15556	-300000
15557	-300000
15558	-300000
15559	-300000
15560	-300000
15561	-300000
15562	-300000
15563	-300000
15564	-300000
15565	-300000
15566	-300000
15567	-300000
15568	-300000
15569	-300000
15570	-300000
15571	-300000
15572	-300000
15573	-300000
15574	-300000
15575	-300000
15576	-300000
15577	-300000
15578	-300000
15579	-300000
15580	-300000
15581	-300000
15582	-300000
15583	-300000
15584	-300000
15585	-300000
15586	-300000
15587	-300000
15588	-300000
15589	-300000
15590	-300000
15591	-300000
15592	-300000
15593	-300000
15594	-300000
15595	-300000
15596	-300000
15597	-300000
15598	-300000
15599	-300000
15600	-300000
15601	-300000
15602	-300000
15603	-300000
15604	-300000
15605	-300000
15606	-300000
15607	-300000
15608	-300000
15609	-300000
15610	-300000
15611	-300000
15612	-300000
15613	-300000
15614	-300000
15615	-300000
15616	-300000
15617	-300000
15618	-300000
15619	-300000
15620	-300000
15621	-300000
15622	-300000
15623	-300000
15624	-300000
15625	-300000
15626	-300000
15627	-300000
15628	-300000
15629	-300000
15630	-300000
15631	-300000
15632	-300000
15633	-300000
15634	-300000
15635	-300000
15636	-300000
15637	-300000
15638	-300000
15639	-300000
15640	-300000
15641	-300000
15642	-300000
15643	-300000
15644	-300000
15645	-300000
15646	-300000
15647	-300000
15648	-300000
15649	-300000
15650	-300000
15651	-300000
15652	-300000
15653	-300000
15654	-300000
15655	-300000
15656	-300000
15657	-300000
15658	-300000
15659	-300000
15660	-300000
15661	-300000
15662	-300000
15663	-300000
15664	-300000
15665	-300000
15666	-300000
15667	-300000
15668	-300000
15669	-300000
15670	-300000
15671	-300000
15672	-300000
15673	-300000
15674	-300000
15675	-300000
15676	-300000
15677	-300000
15678	-300000
15679	-300000
15680	-300000
15681	-300000
15682	-300000
15683	-300000
15684	-300000
15685	-300000
15686	-300000
15687	-300000
15688	-300000
15689	-300000
15690	-300000
15691	-300000
15692	-300000
15693	-300000
15694	-300000
15695	-300000
15696	-300000
15697	-300000
15698	-300000
15699	-300000
15700	-300000
15701	-300000
15702	-300000
15703	-300000
15704	-300000
15705	-300000
15706	-300000
15707	-300000
15708	-300000
15709	-300000
15710	-300000
15711	-300000
15712	-300000
15713	-300000
15714	-300000
15715	-300000
15716	-300000
15717	-300000
15718	-300000
15719	-300000
15720	-300000
15721	-300000
15722	-300000
15723	-300000
15724	-300000
15725	-300000
15726	-300000
15727	-300000
15728	-300000
15729	-300000
15730	-300000
15731	-300000
15732	-300000
15733	-300000
15734	-300000
15735	-300000
15736	-300000
15737	-300000
15738	-300000
15739	-300000
15740	-300000
15741	-300000
15742	-300000
15743	-300000
15744	-300000
15745	-300000
15746	-300000
15747	-300000
15748	-300000
15749	-300000
15750	-300000
15751	-300000
15752	-300000
15753	-300000
15754	-300000
15755	-300000
15756	-300000
15757	-300000
15758	-300000
15759	-300000
15760	-300000
15761	-300000
15762	-300000
15763	-300000
15764	-300000
15765	-300000
15766	-300000
15767	-300000
15768	-300000
15769	-300000
15770	-300000
15771	-300000
15772	-300000
15773	-300000
15774	-300000
15775	-300000
15776	-300000
15777	-300000
15778	-300000
15779	-300000
15780	-300000
15781	-300000
15782	-300000
15783	-300000
15784	-300000
15785	-300000
15786	-300000
15787	-300000
15788	-300000
15789	-300000
15790	-300000
15791	-300000
15792	-300000
15793	-300000
15794	-300000
15795	-300000
15796	-300000
15797	-300000
15798	-300000
15799	-300000
15800	-300000
15801	-300000
15802	-300000
15803	-300000
15804	-300000
15805	-300000
15806	-300000
15807	-300000
15808	-300000
15809	-300000
15810	-300000
15811	-300000
15812	-300000
15813	-300000
15814	-300000
15815	-300000
15816	-300000
15817	-300000
15818	-300000
15819	-300000
15820	-300000
15821	-300000
15822	-300000
15823	-300000
15824	-300000
15825	-300000
15826	-300000
15827	-300000
15828	-300000
15829	-300000
15830	-300000
15831	-300000
15832	-300000
15833	-300000
15834	-300000
15835	-300000
15836	-300000
15837	-300000
15838	-300000
15839	-300000
15840	-300000
15841	-300000
15842	-300000
15843	-300000
15844	-300000
15845	-300000
15846	-300000
15847	-300000
15848	-300000
15849	-300000
15850	-300000
15851	-300000
15852	-300000
15853	-300000
15854	-300000
15855	-300000
15856	-300000
15857	-300000
15858	-300000
15859	-300000
15860	-300000
15861	-300000
15862	-300000
15863	-300000
15864	-300000
15865	-300000
15866	-300000
15867	-300000
15868	-300000
15869	-300000
15870	-300000
15871	-300000
15872	-300000
15873	-300000
15874	-300000
15875	-300000
15876	-300000
15877	-300000
15878	-300000
15879	-300000
15880	-300000
15881	-300000
15882	-300000
15883	-300000
15884	-300000
15885	-300000
15886	-300000
15887	-300000
15888	-300000
15889	-300000
15890	-300000
15891	-300000
15892	-300000
15893	-300000
15894	-300000
15895	-300000
15896	-300000
15897	-300000
15898	-300000
15899	-300000
15900	-300000
15901	-300000
15902	-300000
15903	-300000
15904	-300000
15905	-300000
15906	-300000
15907	-300000
15908	-300000
15909	-300000
15910	-300000
15911	-300000
15912	-300000
15913	-300000
15914	-300000
15915	-300000
15916	-300000
15917	-300000
15918	-300000
15919	-300000
15920	-300000
15921	-300000
15922	-300000
15923	-300000
15924	-300000
15925	-300000
15926	-300000
15927	-300000
15928	-300000
15929	-300000
15930	-300000
15931	-300000
15932	-300000
15933	-300000
15934	-300000
15935	-300000
15936	-300000
15937	-300000
15938	-300000
15939	-300000
15940	-300000
15941	-300000
15942	-300000
15943	-300000
15944	-300000
15945	-300000
15946	-300000
15947	-300000
15948	-300000
15949	-300000
15950	-300000
15951	-300000
15952	-300000
15953	-300000
15954	-300000
15955	-300000
15956	-300000
15957	-300000
15958	-300000
15959	-300000
15960	-300000
15961	-300000
15962	-300000
15963	-300000
15964	-300000
15965	-300000
15966	-300000
15967	-300000
15968	-300000
15969	-300000
15970	-300000
15971	-300000
15972	-300000
15973	-300000
15974	-300000
15975	-300000
15976	-300000
15977	-300000
15978	-300000
15979	-300000
15980	-300000
15981	-300000
15982	-300000
15983	-300000
15984	-300000
15985	-300000
15986	-300000
15987	-300000
15988	-300000
15989	-300000
15990	-300000
15991	-300000
15992	-300000
15993	-300000
15994	-300000
15995	-300000
15996	-300000
15997	-300000
15998	-300000
15999	-300000
16000	-300000
16001	-300000
16002	-300000
16003	-300000
16004	-300000
16005	-300000
16006	-300000
16007	-300000
16008	-300000
16009	-300000
16010	-300000
16011	-300000
16012	-300000
16013	-300000
16014	-300000
16015	-300000
16016	-300000
16017	-300000
16018	-300000
16019	-300000
16020	-300000
16021	-300000
16022	-300000
16023	-300000
16024	-300000
16025	-300000
16026	-300000
16027	-300000
16028	-300000
16029	-300000
16030	-300000
16031	-300000
16032	-300000
16033	-300000
16034	-300000
16035	-300000
16036	-300000
16037	-300000
16038	-300000
16039	-300000
16040	-300000
16041	-300000
16042	-300000
16043	-300000
16044	-300000
16045	-300000
16046	-300000
16047	-300000
16048	-300000
16049	-300000
16050	-300000
16051	-300000
16052	-300000
16053	-300000
16054	-300000
16055	-300000
16056	-300000
16057	-300000
16058	-300000
16059	-300000
16060	-300000
16061	-300000
16062	-300000
16063	-300000
16064	-300000
16065	-300000
16066	-300000
16067	-300000
16068	-300000
16069	-300000
16070	-300000
16071	-300000
16072	-300000
16073	-300000
16074	-300000
16075	-300000
16076	-300000
16077	-300000
16078	-300000
16079	-300000
16080	-300000
16081	-300000
16082	-300000
16083	-300000
16084	-300000
16085	-300000
16086	-300000
16087	-300000
16088	-300000
16089	-300000
16090	-300000
16091	-300000
16092	-300000
16093	-300000
16094	-300000
16095	-300000
16096	-300000
16097	-300000
16098	-300000
16099	-300000
16100	-300000
16101	-300000
16102	-300000
16103	-300000
16104	-300000
16105	-300000
16106	-300000
16107	-300000
16108	-300000
16109	-300000
16110	-300000
16111	-300000
16112	-300000
16113	-300000
16114	-300000
16115	-300000
16116	-300000
16117	-300000
16118	-300000
16119	-300000
16120	-300000
16121	-300000
16122	-300000
16123	-300000
16124	-300000
16125	-300000
16126	-300000
16127	-300000
16128	-300000
16129	-300000
16130	-300000
16131	-300000
16132	-300000
16133	-300000
16134	-300000
16135	-300000
16136	-300000
16137	-300000
16138	-300000
16139	-300000
16140	-300000
16141	-300000
16142	-300000
16143	-300000
16144	-300000
16145	-300000
16146	-300000
16147	-300000
16148	-300000
16149	-300000
16150	-300000
16151	-300000
16152	-300000
16153	-300000
16154	-300000
16155	-300000
16156	-300000
16157	-300000
16158	-300000
16159	-300000
16160	-300000
16161	-300000
16162	-300000
16163	-300000
16164	-300000
16165	-300000
16166	-300000
16167	-300000
16168	-300000
16169	-300000
16170	-300000
16171	-300000
16172	-300000
16173	-300000
16174	-300000
16175	-300000
16176	-300000
16177	-300000
16178	-300000
16179	-300000
16180	-300000
16181	-300000
16182	-300000
16183	-300000
16184	-300000
16185	-300000
16186	-300000
16187	-300000
16188	-300000
16189	-300000
16190	-300000
16191	-300000
16192	-300000
16193	-300000
16194	-300000
16195	-300000
16196	-300000
16197	-300000
16198	-300000
16199	-300000
16200	-300000
16201	-300000
16202	-300000
16203	-300000
16204	-300000
16205	-300000
16206	-300000
16207	-300000
16208	-300000
16209	-300000
16210	-300000
16211	-300000
16212	-300000
16213	-300000
16214	-300000
16215	-300000
16216	-300000
16217	-300000
16218	-300000
16219	-300000
16220	-300000
16221	-300000
16222	-300000
16223	-300000
16224	-300000
16225	-300000
16226	-300000
16227	-300000
16228	-300000
16229	-300000
16230	-300000
16231	-300000
16232	-300000
16233	-300000
16234	-300000
16235	-300000
16236	-300000
16237	-300000
16238	-300000
16239	-300000
16240	-300000
16241	-300000
16242	-300000
16243	-300000
16244	-300000
16245	-300000
16246	-300000
16247	-300000
16248	-300000
16249	-300000
16250	-300000
16251	-300000
16252	-300000
16253	-300000
16254	-300000
16255	-300000
16256	-300000
16257	-300000
16258	-300000
16259	-300000
16260	-300000
16261	-300000
16262	-300000
16263	-300000
16264	-300000
16265	-300000
16266	-300000
16267	-300000
16268	-300000
16269	-300000
16270	-300000
16271	-300000
16272	-300000
16273	-300000
16274	-300000
16275	-300000
16276	-300000
16277	-300000
16278	-300000
16279	-300000
16280	-300000
16281	-300000
16282	-300000
16283	-300000
16284	-300000
16285	-300000
16286	-300000
16287	-300000
16288	-300000
16289	-300000
16290	-300000
16291	-300000
16292	-300000
16293	-300000
16294	-300000
16295	-300000
16296	-300000
16297	-300000
16298	-300000
16299	-300000
16300	-300000
16301	-300000
16302	-300000
16303	-300000
16304	-300000
16305	-300000
16306	-300000
16307	-300000
16308	-300000
16309	-300000
16310	-300000
16311	-300000
16312	-300000
16313	-300000
16314	-300000
16315	-300000
16316	-300000
16317	-300000
16318	-300000
16319	-300000
16320	-300000
16321	-300000
16322	-300000
16323	-300000
16324	-300000
16325	-300000
16326	-300000
16327	-300000
16328	-300000
16329	-300000
16330	-300000
16331	-300000
16332	-300000
16333	-300000
16334	-300000
16335	-300000
16336	-300000
16337	-300000
16338	-300000
16339	-300000
16340	-300000
16341	-300000
16342	-300000
16343	-300000
16344	-300000
16345	-300000
16346	-300000
16347	-300000
16348	-300000
16349	-300000
16350	-300000
16351	-300000
16352	-300000
16353	-300000
16354	-300000
16355	-300000
16356	-300000
16357	-300000
16358	-300000
16359	-300000
16360	-300000
16361	-300000
16362	-300000
16363	-300000
16364	-300000
16365	-300000
16366	-300000
16367	-300000
16368	-300000
16369	-300000
16370	-300000
16371	-300000
16372	-300000
16373	-300000
16374	-300000
16375	-300000
16376	-300000
16377	-300000
16378	-300000
16379	-300000
16380	-300000
16381	-300000
16382	-300000
16383	-300000
16384	-300000
16385	-300000
16386	-300000
16387	-300000
16388	-300000
16389	-300000
16390	-300000
16391	-300000
16392	-300000
16393	-300000
16394	-300000
16395	-300000
16396	-300000
16397	-300000
16398	-300000
16399	-300000
16400	-300000
16401	-300000
16402	-300000
16403	-300000
16404	-300000
16405	-300000
16406	-300000
16407	-300000
16408	-300000
16409	-300000
16410	-300000
16411	-300000
16412	-300000
16413	-300000
16414	-300000
16415	-300000
16416	-300000
16417	-300000
16418	-300000
16419	-300000
16420	-300000
16421	-300000
16422	-300000
16423	-300000
16424	-300000
16425	-300000
16426	-300000
16427	-300000
16428	-300000
16429	-300000
16430	-300000
16431	-300000
16432	-300000
16433	-300000
16434	-300000
16435	-300000
16436	-300000
16437	-300000
16438	-300000
16439	-300000
16440	-300000
16441	-300000
16442	-300000
16443	-300000
16444	-300000
16445	-300000
16446	-300000
16447	-300000
16448	-300000
16449	-300000
16450	-300000
16451	-300000
16452	-300000
16453	-300000
16454	-300000
16455	-300000
16456	-300000
16457	-300000
16458	-300000
16459	-300000
16460	-300000
16461	-300000
16462	-300000
16463	-300000
16464	-300000
16465	-300000
16466	-300000
16467	-300000
16468	-300000
16469	-300000
16470	-300000
16471	-300000
16472	-300000
16473	-300000
16474	-300000
16475	-300000
16476	-300000
16477	-300000
16478	-300000
16479	-300000
16480	-300000
16481	-300000
16482	-300000
16483	-300000
16484	-300000
16485	-300000
16486	-300000
16487	-300000
16488	-300000
16489	-300000
16490	-300000
16491	-300000
16492	-300000
16493	-300000
16494	-300000
16495	-300000
16496	-300000
16497	-300000
16498	-300000
16499	-300000
16500	-300000
16501	-300000
16502	-300000
16503	-300000
16504	-300000
16505	-300000
16506	-300000
16507	-300000
16508	-300000
16509	-300000
16510	-300000
16511	-300000
16512	-300000
16513	-300000
16514	-300000
16515	-300000
16516	-300000
16517	-300000
16518	-300000
16519	-300000
16520	-300000
16521	-300000
16522	-300000
16523	-300000
16524	-300000
16525	-300000
16526	-300000
16527	-300000
16528	-300000
16529	-300000
16530	-300000
16531	-300000
16532	-300000
16533	-300000
16534	-300000
16535	-300000
16536	-300000
16537	-300000
16538	-300000
16539	-300000
16540	-300000
16541	-300000
16542	-300000
16543	-300000
16544	-300000
16545	-300000
16546	-300000
16547	-300000
16548	-300000
16549	-300000
16550	-300000
16551	-300000
16552	-300000
16553	-300000
16554	-300000
16555	-300000
16556	-300000
16557	-300000
16558	-300000
16559	-300000
16560	-300000
16561	-300000
16562	-300000
16563	-300000
16564	-300000
16565	-300000
16566	-300000
16567	-300000
16568	-300000
16569	-300000
16570	-300000
16571	-300000
16572	-300000
16573	-300000
16574	-300000
16575	-300000
16576	-300000
16577	-300000
16578	-300000
16579	-300000
16580	-300000
16581	-300000
16582	-300000
16583	-300000
16584	-300000
16585	-300000
16586	-300000
16587	-300000
16588	-300000
16589	-300000
16590	-300000
16591	-300000
16592	-300000
16593	-300000
16594	-300000
16595	-300000
16596	-300000
16597	-300000
16598	-300000
16599	-300000
16600	-300000
16601	-300000
16602	-300000
16603	-300000
16604	-300000
16605	-300000
16606	-300000
16607	-300000
16608	-300000
16609	-300000
16610	-300000
16611	-300000
16612	-300000
16613	-300000
16614	-300000
16615	-300000
16616	-300000
16617	-300000
16618	-300000
16619	-300000
16620	-300000
16621	-300000
16622	-300000
16623	-300000
16624	-300000
16625	-300000
16626	-300000
16627	-300000
16628	-300000
16629	-300000
16630	-300000
16631	-300000
16632	-300000
16633	-300000
16634	-300000
16635	-300000
16636	-300000
16637	-300000
16638	-300000
16639	-300000
16640	-300000
16641	-300000
16642	-300000
16643	-300000
16644	-300000
16645	-300000
16646	-300000
16647	-300000
16648	-300000
16649	-300000
16650	-300000
16651	-300000
16652	-300000
16653	-300000
16654	-300000
16655	-300000
16656	-300000
16657	-300000
16658	-300000
16659	-300000
16660	-300000
16661	-300000
16662	-300000
16663	-300000
16664	-300000
16665	-300000
16666	-300000
16667	-300000
16668	-300000
16669	-300000
16670	-300000
16671	-300000
16672	-300000
16673	-300000
16674	-300000
16675	-300000
16676	-300000
16677	-300000
16678	-300000
16679	-300000
16680	-300000
16681	-300000
16682	-300000
16683	-300000
16684	-300000
16685	-300000
16686	-300000
16687	-300000
16688	-300000
16689	-300000
16690	-300000
16691	-300000
16692	-300000
16693	-300000
16694	-300000
16695	-300000
16696	-300000
16697	-300000
16698	-300000
16699	-300000
16700	-300000
16701	-300000
16702	-300000
16703	-300000
16704	-300000
16705	-300000
16706	-300000
16707	-300000
16708	-300000
16709	-300000
16710	-300000
16711	-300000
16712	-300000
16713	-300000
16714	-300000
16715	-300000
16716	-300000
16717	-300000
16718	-300000
16719	-300000
16720	-300000
16721	-300000
16722	-300000
16723	-300000
16724	-300000
16725	-300000
16726	-300000
16727	-300000
16728	-300000
16729	-300000
16730	-300000
16731	-300000
16732	-300000
16733	-300000
16734	-300000
16735	-300000
16736	-300000
16737	-300000
16738	-300000
16739	-300000
16740	-300000
16741	-300000
16742	-300000
16743	-300000
16744	-300000
16745	-300000
16746	-300000
16747	-300000
16748	-300000
16749	-300000
16750	-300000
16751	-300000
16752	-300000
16753	-300000
16754	-300000
16755	-300000
16756	-300000
16757	-300000
16758	-300000
16759	-300000
16760	-300000
16761	-300000
16762	-300000
16763	-300000
16764	-300000
16765	-300000
16766	-300000
16767	-300000
16768	-300000
16769	-300000
16770	-300000
16771	-300000
16772	-300000
16773	-300000
16774	-300000
16775	-300000
16776	-300000
16777	-300000
16778	-300000
16779	-300000
16780	-300000
16781	-300000
16782	-300000
16783	-300000
16784	-300000
16785	-300000
16786	-300000
16787	-300000
16788	-300000
16789	-300000
16790	-300000
16791	-300000
16792	-300000
16793	-300000
16794	-300000
16795	-300000
16796	-300000
16797	-300000
16798	-300000
16799	-300000
16800	-300000
16801	-300000
16802	-300000
16803	-300000
16804	-300000
16805	-300000
16806	-300000
16807	-300000
16808	-300000
16809	-300000
16810	-300000
16811	-300000
16812	-300000
16813	-300000
16814	-300000
16815	-300000
16816	-300000
16817	-300000
16818	-300000
16819	-300000
16820	-300000
16821	-300000
16822	-300000
16823	-300000
16824	-300000
16825	-300000
16826	-300000
16827	-300000
16828	-300000
16829	-300000
16830	-300000
16831	-300000
16832	-300000
16833	-300000
16834	-300000
16835	-300000
16836	-300000
16837	-300000
16838	-300000
16839	-300000
16840	-300000
16841	-300000
16842	-300000
16843	-300000
16844	-300000
16845	-300000
16846	-300000
16847	-300000
16848	-300000
16849	-300000
16850	-300000
16851	-300000
16852	-300000
16853	-300000
16854	-300000
16855	-300000
16856	-300000
16857	-300000
16858	-300000
16859	-300000
16860	-300000
16861	-300000
16862	-300000
16863	-300000
16864	-300000
16865	-300000
16866	-300000
16867	-300000
16868	-300000
16869	-300000
16870	-300000
16871	-300000
16872	-300000
16873	-300000
16874	-300000
16875	-300000
16876	-300000
16877	-300000
16878	-300000
16879	-300000
16880	-300000
16881	-300000
16882	-300000
16883	-300000
16884	-300000
16885	-300000
16886	-300000
16887	-300000
16888	-300000
16889	-300000
16890	-300000
16891	-300000
16892	-300000
16893	-300000
16894	-300000
16895	-300000
16896	-300000
16897	-300000
16898	-300000
16899	-300000
16900	-300000
16901	-300000
16902	-300000
16903	-300000
16904	-300000
16905	-300000
16906	-300000
16907	-300000
16908	-300000
16909	-300000
16910	-300000
16911	-300000
16912	-300000
16913	-300000
16914	-300000
16915	-300000
16916	-300000
16917	-300000
16918	-300000
16919	-300000
16920	-300000
16921	-300000
16922	-300000
16923	-300000
16924	-300000
16925	-300000
16926	-300000
16927	-300000
16928	-300000
16929	-300000
16930	-300000
16931	-300000
16932	-300000
16933	-300000
16934	-300000
16935	-300000
16936	-300000
16937	-300000
16938	-300000
16939	-300000
16940	-300000
16941	-300000
16942	-300000
16943	-300000
16944	-300000
16945	-300000
16946	-300000
16947	-300000
16948	-300000
16949	-300000
16950	-300000
16951	-300000
16952	-300000
16953	-300000
16954	-300000
16955	-300000
16956	-300000
16957	-300000
16958	-300000
16959	-300000
16960	-300000
16961	-300000
16962	-300000
16963	-300000
16964	-300000
16965	-300000
16966	-300000
16967	-300000
16968	-300000
16969	-300000
16970	-300000
16971	-300000
16972	-300000
16973	-300000
16974	-300000
16975	-300000
16976	-300000
16977	-300000
16978	-300000
16979	-300000
16980	-300000
16981	-300000
16982	-300000
16983	-300000
16984	-300000
16985	-300000
16986	-300000
16987	-300000
16988	-300000
16989	-300000
16990	-300000
16991	-300000
16992	-300000
16993	-300000
16994	-300000
16995	-300000
16996	-300000
16997	-300000
16998	-300000
16999	-300000
17000	-300000
17001	-300000
17002	-300000
17003	-300000
17004	-300000
17005	-300000
17006	-300000
17007	-300000
17008	-300000
17009	-300000
17010	-300000
17011	-300000
17012	-300000
17013	-300000
17014	-300000
17015	-300000
17016	-300000
17017	-300000
17018	-300000
17019	-300000
17020	-300000
17021	-300000
17022	-300000
17023	-300000
17024	-300000
17025	-300000
17026	-300000
17027	-300000
17028	-300000
17029	-300000
17030	-300000
17031	-300000
17032	-300000
17033	-300000
17034	-300000
17035	-300000
17036	-300000
17037	-300000
17038	-300000
17039	-300000
17040	-300000
17041	-300000
17042	-300000
17043	-300000
17044	-300000
17045	-300000
17046	-300000
17047	-300000
17048	-300000
17049	-300000
17050	-300000
17051	-300000
17052	-300000
17053	-300000
17054	-300000
17055	-300000
17056	-300000
17057	-300000
17058	-300000
17059	-300000
17060	-300000
17061	-300000
17062	-300000
17063	-300000
17064	-300000
17065	-300000
17066	-300000
17067	-300000
17068	-300000
17069	-300000
17070	-300000
17071	-300000
17072	-300000
17073	-300000
17074	-300000
17075	-300000
17076	-300000
17077	-300000
17078	-300000
17079	-300000
17080	-300000
17081	-300000
17082	-300000
17083	-300000
17084	-300000
17085	-300000
17086	-300000
17087	-300000
17088	-300000
17089	-300000
17090	-300000
17091	-300000
17092	-300000
17093	-300000
17094	-300000
17095	-300000
17096	-300000
17097	-300000
17098	-300000
17099	-300000
17100	-300000
17101	-300000
17102	-300000
17103	-300000
17104	-300000
17105	-300000
17106	-300000
17107	-300000
17108	-300000
17109	-300000
17110	-300000
17111	-300000
17112	-300000
17113	-300000
17114	-300000
17115	-300000
17116	-300000
17117	-300000
17118	-300000
17119	-300000
17120	-300000
17121	-300000
17122	-300000
17123	-300000
17124	-300000
17125	-300000
17126	-300000
17127	-300000
17128	-300000
17129	-300000
17130	-300000
17131	-300000
17132	-300000
17133	-300000
17134	-300000
17135	-300000
17136	-300000
17137	-300000
17138	-300000
17139	-300000
17140	-300000
17141	-300000
17142	-300000
17143	-300000
17144	-300000
17145	-300000
17146	-300000
17147	-300000
17148	-300000
17149	-300000
17150	-300000
17151	-300000
17152	-300000
17153	-300000
17154	-300000
17155	-300000
17156	-300000
17157	-300000
17158	-300000
17159	-300000
17160	-300000
17161	-300000
17162	-300000
17163	-300000
17164	-300000
17165	-300000
17166	-300000
17167	-300000
17168	-300000
17169	-300000
17170	-300000
17171	-300000
17172	-300000
17173	-300000
17174	-300000
17175	-300000
17176	-300000
17177	-300000
17178	-300000
17179	-300000
17180	-300000
17181	-300000
17182	-300000
17183	-300000
17184	-300000
17185	-300000
17186	-300000
17187	-300000
17188	-300000
17189	-300000
17190	-300000
17191	-300000
17192	-300000
17193	-300000
17194	-300000
17195	-300000
17196	-300000
17197	-300000
17198	-300000
17199	-300000
17200	-300000
17201	-300000
17202	-300000
17203	-300000
17204	-300000
17205	-300000
17206	-300000
17207	-300000
17208	-300000
17209	-300000
17210	-300000
17211	-300000
17212	-300000
17213	-300000
17214	-300000
17215	-300000
17216	-300000
17217	-300000
17218	-300000
17219	-300000
17220	-300000
17221	-300000
17222	-300000
17223	-300000
17224	-300000
17225	-300000
17226	-300000
17227	-300000
17228	-300000
17229	-300000
17230	-300000
17231	-300000
17232	-300000
17233	-300000
17234	-300000
17235	-300000
17236	-300000
17237	-300000
17238	-300000
17239	-300000
17240	-300000
17241	-300000
17242	-300000
17243	-300000
17244	-300000
17245	-300000
17246	-300000
17247	-300000
17248	-300000
17249	-300000
17250	-300000
17251	-300000
17252	-300000
17253	-300000
17254	-300000
17255	-300000
17256	-300000
17257	-300000
17258	-300000
17259	-300000
17260	-300000
17261	-300000
17262	-300000
17263	-300000
17264	-300000
17265	-300000
17266	-300000
17267	-300000
17268	-300000
17269	-300000
17270	-300000
17271	-300000
17272	-300000
17273	-300000
17274	-300000
17275	-300000
17276	-300000
17277	-300000
17278	-300000
17279	-300000
17280	-300000
17281	-300000
17282	-300000
17283	-300000
17284	-300000
17285	-300000
17286	-300000
17287	-300000
17288	-300000
17289	-300000
17290	-300000
17291	-300000
17292	-300000
17293	-300000
17294	-300000
17295	-300000
17296	-300000
17297	-300000
17298	-300000
17299	-300000
17300	-300000
17301	-300000
17302	-300000
17303	-300000
17304	-300000
17305	-300000
17306	-300000
17307	-300000
17308	-300000
17309	-300000
17310	-300000
17311	-300000
17312	-300000
17313	-300000
17314	-300000
17315	-300000
17316	-300000
17317	-300000
17318	-300000
17319	-300000
