17320
0.062500	0.062500
0.062500	0.187500
0.062500	0.312500
0.062500	0.437500
0.062500	0.562500
0.062500	0.687500
0.062500	0.812500
0.062500	0.937500
0.062500	1.062500
0.062500	1.187500
0.062500	1.312500
0.062500	1.437500
0.062500	1.562500
0.062500	1.687500
0.062500	1.812500
0.062500	1.937500
0.062500	2.062500
0.062500	2.187500
0.062500	2.312500
0.062500	2.437500
0.062500	2.562500
0.062500	2.687500
0.062500	2.812500
0.062500	2.937500
0.062500	3.062500
0.062500	3.187500
0.062500	3.312500
0.062500	3.437500
0.062500	3.562500
0.062500	3.687500
0.062500	3.812500
0.062500	3.937500
0.062500	4.062500
0.062500	4.187500
0.062500	4.312500
0.062500	4.437500
0.062500	4.562500
0.062500	4.687500
0.062500	4.812500
0.062500	4.937500
0.062500	5.062500
0.062500	5.187500
0.062500	5.312500
0.062500	5.437500
0.062500	5.562500
0.062500	5.687500
0.062500	5.812500
0.062500	5.937500
0.062500	6.062500
0.062500	6.187500
0.062500	6.312500
0.062500	6.437500
0.062500	6.562500
0.062500	6.687500
0.062500	6.812500
0.062500	6.937500
0.062500	7.062500
0.062500	7.187500
0.062500	7.312500
0.062500	7.437500
0.062500	7.562500
0.062500	7.687500
0.062500	7.812500
0.062500	7.937500
0.062500	8.062500
0.062500	8.187500
0.062500	8.312500
0.062500	8.437500
0.062500	8.562500
0.062500	8.687500
0.062500	8.812500
0.062500	8.937500
0.062500	9.062500
0.062500	9.187500
0.062500	9.312500
0.062500	9.437500
0.062500	9.562500
0.062500	9.687500
0.062500	9.812500
0.062500	9.937500
0.062500	10.062500
0.062500	10.187500
0.062500	10.312500
0.062500	10.437500
0.062500	10.562500
0.062500	10.687500
0.062500	10.812500
0.062500	10.937500
0.062500	11.062500
0.062500	11.187500
0.062500	11.312500
0.062500	11.437500
0.062500	11.562500
0.062500	11.687500
0.062500	11.812500
0.062500	11.937500
0.062500	12.062500
0.062500	12.187500
0.062500	12.312500
0.062500	12.437500
0.062500	12.562500
0.062500	12.687500
0.062500	12.812500
0.062500	12.937500
0.062500	13.062500
0.062500	13.187500
0.062500	13.312500
0.062500	13.437500
0.062500	13.562500
0.062500	13.687500
0.062500	13.812500
0.062500	13.937500
0.187500	0.062500
0.187500	0.187500
0.187500	0.312500
0.187500	0.437500
0.187500	0.562500
0.187500	0.687500
0.187500	0.812500
0.187500	0.937500
0.187500	1.062500
0.187500	1.187500
0.187500	1.312500
0.187500	1.437500
0.187500	1.562500
0.187500	1.687500
0.187500	1.812500
0.187500	1.937500
0.187500	2.062500
0.187500	2.187500
0.187500	2.312500
0.187500	2.437500
0.187500	2.562500
0.187500	2.687500
0.187500	2.812500
0.187500	2.937500
0.187500	3.062500
0.187500	3.187500
0.187500	3.312500
0.187500	3.437500
0.187500	3.562500
0.187500	3.687500
0.187500	3.812500
0.187500	3.937500
0.187500	4.062500
0.187500	4.187500
0.187500	4.312500
0.187500	4.437500
0.187500	4.562500
0.187500	4.687500
0.187500	4.812500
0.187500	4.937500
0.187500	5.062500
0.187500	5.187500
0.187500	5.312500
0.187500	5.437500
0.187500	5.562500
0.187500	5.687500
0.187500	5.812500
0.187500	5.937500
0.187500	6.062500
0.187500	6.187500
0.187500	6.312500
0.187500	6.437500
0.187500	6.562500
0.187500	6.687500
0.187500	6.812500
0.187500	6.937500
0.187500	7.062500
0.187500	7.187500
0.187500	7.312500
0.187500	7.437500
0.187500	7.562500
0.187500	7.687500
0.187500	7.812500
0.187500	7.937500
0.187500	8.062500
0.187500	8.187500
0.187500	8.312500
0.187500	8.437500
0.187500	8.562500
0.187500	8.687500
0.187500	8.812500
0.187500	8.937500
0.187500	9.062500
0.187500	9.187500
0.187500	9.312500
0.187500	9.437500
0.187500	9.562500
0.187500	9.687500
0.187500	9.812500
0.187500	9.937500
0.187500	10.062500
0.187500	10.187500
0.187500	10.312500
0.187500	10.437500
0.187500	10.562500
0.187500	10.687500
0.187500	10.812500
0.187500	10.937500
0.187500	11.062500
0.187500	11.187500
0.187500	11.312500
0.187500	11.437500
0.187500	11.562500
0.187500	11.687500
0.187500	11.812500
0.187500	11.937500
0.187500	12.062500
0.187500	12.187500
0.187500	12.312500
0.187500	12.437500
0.187500	12.562500
0.187500	12.687500
0.187500	12.812500
0.187500	12.937500
0.187500	13.062500
0.187500	13.187500
0.187500	13.312500
0.187500	13.437500
0.187500	13.562500
0.187500	13.687500
0.187500	13.812500
0.187500	13.937500
0.312500	0.062500
0.312500	0.187500
0.312500	0.312500
0.312500	0.437500
0.312500	0.562500
0.312500	0.687500
0.312500	0.812500
0.312500	0.937500
0.312500	1.062500
0.312500	1.187500
0.312500	1.312500
0.312500	1.437500
0.312500	1.562500
0.312500	1.687500
0.312500	1.812500
0.312500	1.937500
0.312500	2.062500
0.312500	2.187500
0.312500	2.312500
0.312500	2.437500
0.312500	2.562500
0.312500	2.687500
0.312500	2.812500
0.312500	2.937500
0.312500	3.062500
0.312500	3.187500
0.312500	3.312500
0.312500	3.437500
0.312500	3.562500
0.312500	3.687500
0.312500	3.812500
0.312500	3.937500
0.312500	4.062500
0.312500	4.187500
0.312500	4.312500
0.312500	4.437500
0.312500	4.562500
0.312500	4.687500
0.312500	4.812500
0.312500	4.937500
0.312500	5.062500
0.312500	5.187500
0.312500	5.312500
0.312500	5.437500
0.312500	5.562500
0.312500	5.687500
0.312500	5.812500
0.312500	5.937500
0.312500	6.062500
0.312500	6.187500
0.312500	6.312500
0.312500	6.437500
0.312500	6.562500
0.312500	6.687500
0.312500	6.812500
0.312500	6.937500
0.312500	7.062500
0.312500	7.187500
0.312500	7.312500
0.312500	7.437500
0.312500	7.562500
0.312500	7.687500
0.312500	7.812500
0.312500	7.937500
0.312500	8.062500
0.312500	8.187500
0.312500	8.312500
0.312500	8.437500
0.312500	8.562500
0.312500	8.687500
0.312500	8.812500
0.312500	8.937500
0.312500	9.062500
0.312500	9.187500
0.312500	9.312500
0.312500	9.437500
0.312500	9.562500
0.312500	9.687500
0.312500	9.812500
0.312500	9.937500
0.312500	10.062500
0.312500	10.187500
0.312500	10.312500
0.312500	10.437500
0.312500	10.562500
0.312500	10.687500
0.312500	10.812500
0.312500	10.937500
0.312500	11.062500
0.312500	11.187500
0.312500	11.312500
0.312500	11.437500
0.312500	11.562500
0.312500	11.687500
0.312500	11.812500
0.312500	11.937500
0.312500	12.062500
0.312500	12.187500
0.312500	12.312500
0.312500	12.437500
0.312500	12.562500
0.312500	12.687500
0.312500	12.812500
0.312500	12.937500
0.312500	13.062500
0.312500	13.187500
0.312500	13.312500
0.312500	13.437500
0.312500	13.562500
0.312500	13.687500
0.312500	13.812500
0.312500	13.937500
0.437500	0.062500
0.437500	0.187500
0.437500	0.312500
0.437500	0.437500
0.437500	0.562500
0.437500	0.687500
0.437500	0.812500
0.437500	0.937500
0.437500	1.062500
0.437500	1.187500
0.437500	1.312500
0.437500	1.437500
0.437500	1.562500
0.437500	1.687500
0.437500	1.812500
0.437500	1.937500
0.437500	2.062500
0.437500	2.187500
0.437500	2.312500
0.437500	2.437500
0.437500	2.562500
0.437500	2.687500
0.437500	2.812500
0.437500	2.937500
0.437500	3.062500
0.437500	3.187500
0.437500	3.312500
0.437500	3.437500
0.437500	3.562500
0.437500	3.687500
0.437500	3.812500
0.437500	3.937500
0.437500	4.062500
0.437500	4.187500
0.437500	4.312500
0.437500	4.437500
0.437500	4.562500
0.437500	4.687500
0.437500	4.812500
0.437500	4.937500
0.437500	5.062500
0.437500	5.187500
0.437500	5.312500
0.437500	5.437500
0.437500	5.562500
0.437500	5.687500
0.437500	5.812500
0.437500	5.937500
0.437500	6.062500
0.437500	6.187500
0.437500	6.312500
0.437500	6.437500
0.437500	6.562500
0.437500	6.687500
0.437500	6.812500
0.437500	6.937500
0.437500	7.062500
0.437500	7.187500
0.437500	7.312500
0.437500	7.437500
0.437500	7.562500
0.437500	7.687500
0.437500	7.812500
0.437500	7.937500
0.437500	8.062500
0.437500	8.187500
0.437500	8.312500
0.437500	8.437500
0.437500	8.562500
0.437500	8.687500
0.437500	8.812500
0.437500	8.937500
0.437500	9.062500
0.437500	9.187500
0.437500	9.312500
0.437500	9.437500
0.437500	9.562500
0.437500	9.687500
0.437500	9.812500
0.437500	9.937500
0.437500	10.062500
0.437500	10.187500
0.437500	10.312500
0.437500	10.437500
0.437500	10.562500
0.437500	10.687500
0.437500	10.812500
0.437500	10.937500
0.437500	11.062500
0.437500	11.187500
0.437500	11.312500
0.437500	11.437500
0.437500	11.562500
0.437500	11.687500
0.437500	11.812500
0.437500	11.937500
0.437500	12.062500
0.437500	12.187500
0.437500	12.312500
0.437500	12.437500
0.437500	12.562500
0.437500	12.687500
0.437500	12.812500
0.437500	12.937500
0.437500	13.062500
0.437500	13.187500
0.437500	13.312500
0.437500	13.437500
0.437500	13.562500
0.437500	13.687500
0.437500	13.812500
0.437500	13.937500
0.562500	0.062500
0.562500	0.187500
0.562500	0.312500
0.562500	0.437500
0.562500	0.562500
0.562500	0.687500
0.562500	0.812500
0.562500	0.937500
0.562500	1.062500
0.562500	1.187500
0.562500	1.312500
0.562500	1.437500
0.562500	1.562500
0.562500	1.687500
0.562500	1.812500
0.562500	1.937500
0.562500	2.062500
0.562500	2.187500
0.562500	2.312500
0.562500	2.437500
0.562500	2.562500
0.562500	2.687500
0.562500	2.812500
0.562500	2.937500
0.562500	3.062500
0.562500	3.187500
0.562500	3.312500
0.562500	3.437500
0.562500	3.562500
0.562500	3.687500
0.562500	3.812500
0.562500	3.937500
0.562500	4.062500
0.562500	4.187500
0.562500	4.312500
0.562500	4.437500
0.562500	4.562500
0.562500	4.687500
0.562500	4.812500
0.562500	4.937500
0.562500	5.062500
0.562500	5.187500
0.562500	5.312500
0.562500	5.437500
0.562500	5.562500
0.562500	5.687500
0.562500	5.812500
0.562500	5.937500
0.562500	6.062500
0.562500	6.187500
0.562500	6.312500
0.562500	6.437500
0.562500	6.562500
0.562500	6.687500
0.562500	6.812500
0.562500	6.937500
0.562500	7.062500
0.562500	7.187500
0.562500	7.312500
0.562500	7.437500
0.562500	7.562500
0.562500	7.687500
0.562500	7.812500
0.562500	7.937500
0.562500	8.062500
0.562500	8.187500
0.562500	8.312500
0.562500	8.437500
0.562500	8.562500
0.562500	8.687500
0.562500	8.812500
0.562500	8.937500
0.562500	9.062500
0.562500	9.187500
0.562500	9.312500
0.562500	9.437500
0.562500	9.562500
0.562500	9.687500
0.562500	9.812500
0.562500	9.937500
0.562500	10.062500
0.562500	10.187500
0.562500	10.312500
0.562500	10.437500
0.562500	10.562500
0.562500	10.687500
0.562500	10.812500
0.562500	10.937500
0.562500	11.062500
0.562500	11.187500
0.562500	11.312500
0.562500	11.437500
0.562500	11.562500
0.562500	11.687500
0.562500	11.812500
0.562500	11.937500
0.562500	12.062500
0.562500	12.187500
0.562500	12.312500
0.562500	12.437500
0.562500	12.562500
0.562500	12.687500
0.562500	12.812500
0.562500	12.937500
0.562500	13.062500
0.562500	13.187500
0.562500	13.312500
0.562500	13.437500
0.562500	13.562500
0.562500	13.687500
0.562500	13.812500
0.562500	13.937500
0.687500	0.062500
0.687500	0.187500
0.687500	0.312500
0.687500	0.437500
0.687500	0.562500
0.687500	0.687500
0.687500	0.812500
0.687500	0.937500
0.687500	1.062500
0.687500	1.187500
0.687500	1.312500
0.687500	1.437500
0.687500	1.562500
0.687500	1.687500
0.687500	1.812500
0.687500	1.937500
0.687500	2.062500
0.687500	2.187500
0.687500	2.312500
0.687500	2.437500
0.687500	2.562500
0.687500	2.687500
0.687500	2.812500
0.687500	2.937500
0.687500	3.062500
0.687500	3.187500
0.687500	3.312500
0.687500	3.437500
0.687500	3.562500
0.687500	3.687500
0.687500	3.812500
0.687500	3.937500
0.687500	4.062500
0.687500	4.187500
0.687500	4.312500
0.687500	4.437500
0.687500	4.562500
0.687500	4.687500
0.687500	4.812500
0.687500	4.937500
0.687500	5.062500
0.687500	5.187500
0.687500	5.312500
0.687500	5.437500
0.687500	5.562500
0.687500	5.687500
0.687500	5.812500
0.687500	5.937500
0.687500	6.062500
0.687500	6.187500
0.687500	6.312500
0.687500	6.437500
0.687500	6.562500
0.687500	6.687500
0.687500	6.812500
0.687500	6.937500
0.687500	7.062500
0.687500	7.187500
0.687500	7.312500
0.687500	7.437500
0.687500	7.562500
0.687500	7.687500
0.687500	7.812500
0.687500	7.937500
0.687500	8.062500
0.687500	8.187500
0.687500	8.312500
0.687500	8.437500
0.687500	8.562500
0.687500	8.687500
0.687500	8.812500
0.687500	8.937500
0.687500	9.062500
0.687500	9.187500
0.687500	9.312500
0.687500	9.437500
0.687500	9.562500
0.687500	9.687500
0.687500	9.812500
0.687500	9.937500
0.687500	10.062500
0.687500	10.187500
0.687500	10.312500
0.687500	10.437500
0.687500	10.562500
0.687500	10.687500
0.687500	10.812500
0.687500	10.937500
0.687500	11.062500
0.687500	11.187500
0.687500	11.312500
0.687500	11.437500
0.687500	11.562500
0.687500	11.687500
0.687500	11.812500
0.687500	11.937500
0.687500	12.062500
0.687500	12.187500
0.687500	12.312500
0.687500	12.437500
0.687500	12.562500
0.687500	12.687500
0.687500	12.812500
0.687500	12.937500
0.687500	13.062500
0.687500	13.187500
0.687500	13.312500
0.687500	13.437500
0.687500	13.562500
0.687500	13.687500
0.687500	13.812500
0.687500	13.937500
0.812500	0.062500
0.812500	0.187500
0.812500	0.312500
0.812500	0.437500
0.812500	0.562500
0.812500	0.687500
0.812500	0.812500
0.812500	0.937500
0.812500	1.062500
0.812500	1.187500
0.812500	1.312500
0.812500	1.437500
0.812500	1.562500
0.812500	1.687500
0.812500	1.812500
0.812500	1.937500
0.812500	2.062500
0.812500	2.187500
0.812500	2.312500
0.812500	2.437500
0.812500	2.562500
0.812500	2.687500
0.812500	2.812500
0.812500	2.937500
0.812500	3.062500
0.812500	3.187500
0.812500	3.312500
0.812500	3.437500
0.812500	3.562500
0.812500	3.687500
0.812500	3.812500
0.812500	3.937500
0.812500	4.062500
0.812500	4.187500
0.812500	4.312500
0.812500	4.437500
0.812500	4.562500
0.812500	4.687500
0.812500	4.812500
0.812500	4.937500
0.812500	5.062500
0.812500	5.187500
0.812500	5.312500
0.812500	5.437500
0.812500	5.562500
0.812500	5.687500
0.812500	5.812500
0.812500	5.937500
0.812500	6.062500
0.812500	6.187500
0.812500	6.312500
0.812500	6.437500
0.812500	6.562500
0.812500	6.687500
0.812500	6.812500
0.812500	6.937500
0.812500	7.062500
0.812500	7.187500
0.812500	7.312500
0.812500	7.437500
0.812500	7.562500
0.812500	7.687500
0.812500	7.812500
0.812500	7.937500
0.812500	8.062500
0.812500	8.187500
0.812500	8.312500
0.812500	8.437500
0.812500	8.562500
0.812500	8.687500
0.812500	8.812500
0.812500	8.937500
0.812500	9.062500
0.812500	9.187500
0.812500	9.312500
0.812500	9.437500
0.812500	9.562500
0.812500	9.687500
0.812500	9.812500
0.812500	9.937500
0.812500	10.062500
0.812500	10.187500
0.812500	10.312500
0.812500	10.437500
0.812500	10.562500
0.812500	10.687500
0.812500	10.812500
0.812500	10.937500
0.812500	11.062500
0.812500	11.187500
0.812500	11.312500
0.812500	11.437500
0.812500	11.562500
0.812500	11.687500
0.812500	11.812500
0.812500	11.937500
0.812500	12.062500
0.812500	12.187500
0.812500	12.312500
0.812500	12.437500
0.812500	12.562500
0.812500	12.687500
0.812500	12.812500
0.812500	12.937500
0.812500	13.062500
0.812500	13.187500
0.812500	13.312500
0.812500	13.437500
0.812500	13.562500
0.812500	13.687500
0.812500	13.812500
0.812500	13.937500
0.937500	0.062500
0.937500	0.187500
0.937500	0.312500
0.937500	0.437500
0.937500	0.562500
0.937500	0.687500
0.937500	0.812500
0.937500	0.937500
0.937500	1.062500
0.937500	1.187500
0.937500	1.312500
0.937500	1.437500
0.937500	1.562500
0.937500	1.687500
0.937500	1.812500
0.937500	1.937500
0.937500	2.062500
0.937500	2.187500
0.937500	2.312500
0.937500	2.437500
0.937500	2.562500
0.937500	2.687500
0.937500	2.812500
0.937500	2.937500
0.937500	3.062500
0.937500	3.187500
0.937500	3.312500
0.937500	3.437500
0.937500	3.562500
0.937500	3.687500
0.937500	3.812500
0.937500	3.937500
0.937500	4.062500
0.937500	4.187500
0.937500	4.312500
0.937500	4.437500
0.937500	4.562500
0.937500	4.687500
0.937500	4.812500
0.937500	4.937500
0.937500	5.062500
0.937500	5.187500
0.937500	5.312500
0.937500	5.437500
0.937500	5.562500
0.937500	5.687500
0.937500	5.812500
0.937500	5.937500
0.937500	6.062500
0.937500	6.187500
0.937500	6.312500
0.937500	6.437500
0.937500	6.562500
0.937500	6.687500
0.937500	6.812500
0.937500	6.937500
0.937500	7.062500
0.937500	7.187500
0.937500	7.312500
0.937500	7.437500
0.937500	7.562500
0.937500	7.687500
0.937500	7.812500
0.937500	7.937500
0.937500	8.062500
0.937500	8.187500
0.937500	8.312500
0.937500	8.437500
0.937500	8.562500
0.937500	8.687500
0.937500	8.812500
0.937500	8.937500
0.937500	9.062500
0.937500	9.187500
0.937500	9.312500
0.937500	9.437500
0.937500	9.562500
0.937500	9.687500
0.937500	9.812500
0.937500	9.937500
0.937500	10.062500
0.937500	10.187500
0.937500	10.312500
0.937500	10.437500
0.937500	10.562500
0.937500	10.687500
0.937500	10.812500
0.937500	10.937500
0.937500	11.062500
0.937500	11.187500
0.937500	11.312500
0.937500	11.437500
0.937500	11.562500
0.937500	11.687500
0.937500	11.812500
0.937500	11.937500
0.937500	12.062500
0.937500	12.187500
0.937500	12.312500
0.937500	12.437500
0.937500	12.562500
0.937500	12.687500
0.937500	12.812500
0.937500	12.937500
0.937500	13.062500
0.937500	13.187500
0.937500	13.312500
0.937500	13.437500
0.937500	13.562500
0.937500	13.687500
0.937500	13.812500
0.937500	13.937500
1.062500	0.062500
1.062500	0.187500
1.062500	0.312500
1.062500	0.437500
1.062500	0.562500
1.062500	0.687500
1.062500	0.812500
1.062500	0.937500
1.062500	1.062500
1.062500	1.187500
1.062500	1.312500
1.062500	1.437500
1.062500	1.562500
1.062500	1.687500
1.062500	1.812500
1.062500	1.937500
1.062500	2.062500
1.062500	2.187500
1.062500	2.312500
1.062500	2.437500
1.062500	2.562500
1.062500	2.687500
1.062500	2.812500
1.062500	2.937500
1.062500	3.062500
1.062500	3.187500
1.062500	3.312500
1.062500	3.437500
1.062500	3.562500
1.062500	3.687500
1.062500	3.812500
1.062500	3.937500
1.062500	4.062500
1.062500	4.187500
1.062500	4.312500
1.062500	4.437500
1.062500	4.562500
1.062500	4.687500
1.062500	4.812500
1.062500	4.937500
1.062500	5.062500
1.062500	5.187500
1.062500	5.312500
1.062500	5.437500
1.062500	5.562500
1.062500	5.687500
1.062500	5.812500
1.062500	5.937500
1.062500	6.062500
1.062500	6.187500
1.062500	6.312500
1.062500	6.437500
1.062500	6.562500
1.062500	6.687500
1.062500	6.812500
1.062500	6.937500
1.062500	7.062500
1.062500	7.187500
1.062500	7.312500
1.062500	7.437500
1.062500	7.562500
1.062500	7.687500
1.062500	7.812500
1.062500	7.937500
1.062500	8.062500
1.062500	8.187500
1.062500	8.312500
1.062500	8.437500
1.062500	8.562500
1.062500	8.687500
1.062500	8.812500
1.062500	8.937500
1.062500	9.062500
1.062500	9.187500
1.062500	9.312500
1.062500	9.437500
1.062500	9.562500
1.062500	9.687500
1.062500	9.812500
1.062500	9.937500
1.062500	10.062500
1.062500	10.187500
1.062500	10.312500
1.062500	10.437500
1.062500	10.562500
1.062500	10.687500
1.062500	10.812500
1.062500	10.937500
1.062500	11.062500
1.062500	11.187500
1.062500	11.312500
1.062500	11.437500
1.062500	11.562500
1.062500	11.687500
1.062500	11.812500
1.062500	11.937500
1.062500	12.062500
1.062500	12.187500
1.062500	12.312500
1.062500	12.437500
1.062500	12.562500
1.062500	12.687500
1.062500	12.812500
1.062500	12.937500
1.062500	13.062500
1.062500	13.187500
1.062500	13.312500
1.062500	13.437500
1.062500	13.562500
1.062500	13.687500
1.062500	13.812500
1.062500	13.937500
1.187500	0.062500
1.187500	0.187500
1.187500	0.312500
1.187500	0.437500
1.187500	0.562500
1.187500	0.687500
1.187500	0.812500
1.187500	0.937500
1.187500	1.062500
1.187500	1.187500
1.187500	1.312500
1.187500	1.437500
1.187500	1.562500
1.187500	1.687500
1.187500	1.812500
1.187500	1.937500
1.187500	2.062500
1.187500	2.187500
1.187500	2.312500
1.187500	2.437500
1.187500	2.562500
1.187500	2.687500
1.187500	2.812500
1.187500	2.937500
1.187500	3.062500
1.187500	3.187500
1.187500	3.312500
1.187500	3.437500
1.187500	3.562500
1.187500	3.687500
1.187500	3.812500
1.187500	3.937500
1.187500	4.062500
1.187500	4.187500
1.187500	4.312500
1.187500	4.437500
1.187500	4.562500
1.187500	4.687500
1.187500	4.812500
1.187500	4.937500
1.187500	5.062500
1.187500	5.187500
1.187500	5.312500
1.187500	5.437500
1.187500	5.562500
1.187500	5.687500
1.187500	5.812500
1.187500	5.937500
1.187500	6.062500
1.187500	6.187500
1.187500	6.312500
1.187500	6.437500
1.187500	6.562500
1.187500	6.687500
1.187500	6.812500
1.187500	6.937500
1.187500	7.062500
1.187500	7.187500
1.187500	7.312500
1.187500	7.437500
1.187500	7.562500
1.187500	7.687500
1.187500	7.812500
1.187500	7.937500
1.187500	8.062500
1.187500	8.187500
1.187500	8.312500
1.187500	8.437500
1.187500	8.562500
1.187500	8.687500
1.187500	8.812500
1.187500	8.937500
1.187500	9.062500
1.187500	9.187500
1.187500	9.312500
1.187500	9.437500
1.187500	9.562500
1.187500	9.687500
1.187500	9.812500
1.187500	9.937500
1.187500	10.062500
1.187500	10.187500
1.187500	10.312500
1.187500	10.437500
1.187500	10.562500
1.187500	10.687500
1.187500	10.812500
1.187500	10.937500
1.187500	11.062500
1.187500	11.187500
1.187500	11.312500
1.187500	11.437500
1.187500	11.562500
1.187500	11.687500
1.187500	11.812500
1.187500	11.937500
1.187500	12.062500
1.187500	12.187500
1.187500	12.312500
1.187500	12.437500
1.187500	12.562500
1.187500	12.687500
1.187500	12.812500
1.187500	12.937500
1.187500	13.062500
1.187500	13.187500
1.187500	13.312500
1.187500	13.437500
1.187500	13.562500
1.187500	13.687500
1.187500	13.812500
1.187500	13.937500
1.312500	0.062500
1.312500	0.187500
1.312500	0.312500
1.312500	0.437500
1.312500	0.562500
1.312500	0.687500
1.312500	0.812500
1.312500	0.937500
1.312500	1.062500
1.312500	1.187500
1.312500	1.312500
1.312500	1.437500
1.312500	1.562500
1.312500	1.687500
1.312500	1.812500
1.312500	1.937500
1.312500	2.062500
1.312500	2.187500
1.312500	2.312500
1.312500	2.437500
1.312500	2.562500
1.312500	2.687500
1.312500	2.812500
1.312500	2.937500
1.312500	3.062500
1.312500	3.187500
1.312500	3.312500
1.312500	3.437500
1.312500	3.562500
1.312500	3.687500
1.312500	3.812500
1.312500	3.937500
1.312500	4.062500
1.312500	4.187500
1.312500	4.312500
1.312500	4.437500
1.312500	4.562500
1.312500	4.687500
1.312500	4.812500
1.312500	4.937500
1.312500	5.062500
1.312500	5.187500
1.312500	5.312500
1.312500	5.437500
1.312500	5.562500
1.312500	5.687500
1.312500	5.812500
1.312500	5.937500
1.312500	6.062500
1.312500	6.187500
1.312500	6.312500
1.312500	6.437500
1.312500	6.562500
1.312500	6.687500
1.312500	6.812500
1.312500	6.937500
1.312500	7.062500
1.312500	7.187500
1.312500	7.312500
1.312500	7.437500
1.312500	7.562500
1.312500	7.687500
1.312500	7.812500
1.312500	7.937500
1.312500	8.062500
1.312500	8.187500
1.312500	8.312500
1.312500	8.437500
1.312500	8.562500
1.312500	8.687500
1.312500	8.812500
1.312500	8.937500
1.312500	9.062500
1.312500	9.187500
1.312500	9.312500
1.312500	9.437500
1.312500	9.562500
1.312500	9.687500
1.312500	9.812500
1.312500	9.937500
1.312500	10.062500
1.312500	10.187500
1.312500	10.312500
1.312500	10.437500
1.312500	10.562500
1.312500	10.687500
1.312500	10.812500
1.312500	10.937500
1.312500	11.062500
1.312500	11.187500
1.312500	11.312500
1.312500	11.437500
1.312500	11.562500
1.312500	11.687500
1.312500	11.812500
1.312500	11.937500
1.312500	12.062500
1.312500	12.187500
1.312500	12.312500
1.312500	12.437500
1.312500	12.562500
1.312500	12.687500
1.312500	12.812500
1.312500	12.937500
1.312500	13.062500
1.312500	13.187500
1.312500	13.312500
1.312500	13.437500
1.312500	13.562500
1.312500	13.687500
1.312500	13.812500
1.312500	13.937500
1.437500	0.062500
1.437500	0.187500
1.437500	0.312500
1.437500	0.437500
1.437500	0.562500
1.437500	0.687500
1.437500	0.812500
1.437500	0.937500
1.437500	1.062500
1.437500	1.187500
1.437500	1.312500
1.437500	1.437500
1.437500	1.562500
1.437500	1.687500
1.437500	1.812500
1.437500	1.937500
1.437500	2.062500
1.437500	2.187500
1.437500	2.312500
1.437500	2.437500
1.437500	2.562500
1.437500	2.687500
1.437500	2.812500
1.437500	2.937500
1.437500	3.062500
1.437500	3.187500
1.437500	3.312500
1.437500	3.437500
1.437500	3.562500
1.437500	3.687500
1.437500	3.812500
1.437500	3.937500
1.437500	4.062500
1.437500	4.187500
1.437500	4.312500
1.437500	4.437500
1.437500	4.562500
1.437500	4.687500
1.437500	4.812500
1.437500	4.937500
1.437500	5.062500
1.437500	5.187500
1.437500	5.312500
1.437500	5.437500
1.437500	5.562500
1.437500	5.687500
1.437500	5.812500
1.437500	5.937500
1.437500	6.062500
1.437500	6.187500
1.437500	6.312500
1.437500	6.437500
1.437500	6.562500
1.437500	6.687500
1.437500	6.812500
1.437500	6.937500
1.437500	7.062500
1.437500	7.187500
1.437500	7.312500
1.437500	7.437500
1.437500	7.562500
1.437500	7.687500
1.437500	7.812500
1.437500	7.937500
1.437500	8.062500
1.437500	8.187500
1.437500	8.312500
1.437500	8.437500
1.437500	8.562500
1.437500	8.687500
1.437500	8.812500
1.437500	8.937500
1.437500	9.062500
1.437500	9.187500
1.437500	9.312500
1.437500	9.437500
1.437500	9.562500
1.437500	9.687500
1.437500	9.812500
1.437500	9.937500
1.437500	10.062500
1.437500	10.187500
1.437500	10.312500
1.437500	10.437500
1.437500	10.562500
1.437500	10.687500
1.437500	10.812500
1.437500	10.937500
1.437500	11.062500
1.437500	11.187500
1.437500	11.312500
1.437500	11.437500
1.437500	11.562500
1.437500	11.687500
1.437500	11.812500
1.437500	11.937500
1.437500	12.062500
1.437500	12.187500
1.437500	12.312500
1.437500	12.437500
1.437500	12.562500
1.437500	12.687500
1.437500	12.812500
1.437500	12.937500
1.437500	13.062500
1.437500	13.187500
1.437500	13.312500
1.437500	13.437500
1.437500	13.562500
1.437500	13.687500
1.437500	13.812500
1.437500	13.937500
1.562500	0.062500
1.562500	0.187500
1.562500	0.312500
1.562500	0.437500
1.562500	0.562500
1.562500	0.687500
1.562500	0.812500
1.562500	0.937500
1.562500	1.062500
1.562500	1.187500
1.562500	1.312500
1.562500	1.437500
1.562500	1.562500
1.562500	1.687500
1.562500	1.812500
1.562500	1.937500
1.562500	2.062500
1.562500	2.187500
1.562500	2.312500
1.562500	2.437500
1.562500	2.562500
1.562500	2.687500
1.562500	2.812500
1.562500	2.937500
1.562500	3.062500
1.562500	3.187500
1.562500	3.312500
1.562500	3.437500
1.562500	3.562500
1.562500	3.687500
1.562500	3.812500
1.562500	3.937500
1.562500	4.062500
1.562500	4.187500
1.562500	4.312500
1.562500	4.437500
1.562500	4.562500
1.562500	4.687500
1.562500	4.812500
1.562500	4.937500
1.562500	5.062500
1.562500	5.187500
1.562500	5.312500
1.562500	5.437500
1.562500	5.562500
1.562500	5.687500
1.562500	5.812500
1.562500	5.937500
1.562500	6.062500
1.562500	6.187500
1.562500	6.312500
1.562500	6.437500
1.562500	6.562500
1.562500	6.687500
1.562500	6.812500
1.562500	6.937500
1.562500	7.062500
1.562500	7.187500
1.562500	7.312500
1.562500	7.437500
1.562500	7.562500
1.562500	7.687500
1.562500	7.812500
1.562500	7.937500
1.562500	8.062500
1.562500	8.187500
1.562500	8.312500
1.562500	8.437500
1.562500	8.562500
1.562500	8.687500
1.562500	8.812500
1.562500	8.937500
1.562500	9.062500
1.562500	9.187500
1.562500	9.312500
1.562500	9.437500
1.562500	9.562500
1.562500	9.687500
1.562500	9.812500
1.562500	9.937500
1.562500	10.062500
1.562500	10.187500
1.562500	10.312500
1.562500	10.437500
1.562500	10.562500
1.562500	10.687500
1.562500	10.812500
1.562500	10.937500
1.562500	11.062500
1.562500	11.187500
1.562500	11.312500
1.562500	11.437500
1.562500	11.562500
1.562500	11.687500
1.562500	11.812500
1.562500	11.937500
1.562500	12.062500
1.562500	12.187500
1.562500	12.312500
1.562500	12.437500
1.562500	12.562500
1.562500	12.687500
1.562500	12.812500
1.562500	12.937500
1.562500	13.062500
1.562500	13.187500
1.562500	13.312500
1.562500	13.437500
1.562500	13.562500
1.562500	13.687500
1.562500	13.812500
1.562500	13.937500
1.687500	0.062500
1.687500	0.187500
1.687500	0.312500
1.687500	0.437500
1.687500	0.562500
1.687500	0.687500
1.687500	0.812500
1.687500	0.937500
1.687500	1.062500
1.687500	1.187500
1.687500	1.312500
1.687500	1.437500
1.687500	1.562500
1.687500	1.687500
1.687500	1.812500
1.687500	1.937500
1.687500	2.062500
1.687500	2.187500
1.687500	2.312500
1.687500	2.437500
1.687500	2.562500
1.687500	2.687500
1.687500	2.812500
1.687500	2.937500
1.687500	3.062500
1.687500	3.187500
1.687500	3.312500
1.687500	3.437500
1.687500	3.562500
1.687500	3.687500
1.687500	3.812500
1.687500	3.937500
1.687500	4.062500
1.687500	4.187500
1.687500	4.312500
1.687500	4.437500
1.687500	4.562500
1.687500	4.687500
1.687500	4.812500
1.687500	4.937500
1.687500	5.062500
1.687500	5.187500
1.687500	5.312500
1.687500	5.437500
1.687500	5.562500
1.687500	5.687500
1.687500	5.812500
1.687500	5.937500
1.687500	6.062500
1.687500	6.187500
1.687500	6.312500
1.687500	6.437500
1.687500	6.562500
1.687500	6.687500
1.687500	6.812500
1.687500	6.937500
1.687500	7.062500
1.687500	7.187500
1.687500	7.312500
1.687500	7.437500
1.687500	7.562500
1.687500	7.687500
1.687500	7.812500
1.687500	7.937500
1.687500	8.062500
1.687500	8.187500
1.687500	8.312500
1.687500	8.437500
1.687500	8.562500
1.687500	8.687500
1.687500	8.812500
1.687500	8.937500
1.687500	9.062500
1.687500	9.187500
1.687500	9.312500
1.687500	9.437500
1.687500	9.562500
1.687500	9.687500
1.687500	9.812500
1.687500	9.937500
1.687500	10.062500
1.687500	10.187500
1.687500	10.312500
1.687500	10.437500
1.687500	10.562500
1.687500	10.687500
1.687500	10.812500
1.687500	10.937500
1.687500	11.062500
1.687500	11.187500
1.687500	11.312500
1.687500	11.437500
1.687500	11.562500
1.687500	11.687500
1.687500	11.812500
1.687500	11.937500
1.687500	12.062500
1.687500	12.187500
1.687500	12.312500
1.687500	12.437500
1.687500	12.562500
1.687500	12.687500
1.687500	12.812500
1.687500	12.937500
1.687500	13.062500
1.687500	13.187500
1.687500	13.312500
1.687500	13.437500
1.687500	13.562500
1.687500	13.687500
1.687500	13.812500
1.687500	13.937500
1.812500	0.062500
1.812500	0.187500
1.812500	0.312500
1.812500	0.437500
1.812500	0.562500
1.812500	0.687500
1.812500	0.812500
1.812500	0.937500
1.812500	1.062500
1.812500	1.187500
1.812500	1.312500
1.812500	1.437500
1.812500	1.562500
1.812500	1.687500
1.812500	1.812500
1.812500	1.937500
1.812500	2.062500
1.812500	2.187500
1.812500	2.312500
1.812500	2.437500
1.812500	2.562500
1.812500	2.687500
1.812500	2.812500
1.812500	2.937500
1.812500	3.062500
1.812500	3.187500
1.812500	3.312500
1.812500	3.437500
1.812500	3.562500
1.812500	3.687500
1.812500	3.812500
1.812500	3.937500
1.812500	4.062500
1.812500	4.187500
1.812500	4.312500
1.812500	4.437500
1.812500	4.562500
1.812500	4.687500
1.812500	4.812500
1.812500	4.937500
1.812500	5.062500
1.812500	5.187500
1.812500	5.312500
1.812500	5.437500
1.812500	5.562500
1.812500	5.687500
1.812500	5.812500
1.812500	5.937500
1.812500	6.062500
1.812500	6.187500
1.812500	6.312500
1.812500	6.437500
1.812500	6.562500
1.812500	6.687500
1.812500	6.812500
1.812500	6.937500
1.812500	7.062500
1.812500	7.187500
1.812500	7.312500
1.812500	7.437500
1.812500	7.562500
1.812500	7.687500
1.812500	7.812500
1.812500	7.937500
1.812500	8.062500
1.812500	8.187500
1.812500	8.312500
1.812500	8.437500
1.812500	8.562500
1.812500	8.687500
1.812500	8.812500
1.812500	8.937500
1.812500	9.062500
1.812500	9.187500
1.812500	9.312500
1.812500	9.437500
1.812500	9.562500
1.812500	9.687500
1.812500	9.812500
1.812500	9.937500
1.812500	10.062500
1.812500	10.187500
1.812500	10.312500
1.812500	10.437500
1.812500	10.562500
1.812500	10.687500
1.812500	10.812500
1.812500	10.937500
1.812500	11.062500
1.812500	11.187500
1.812500	11.312500
1.812500	11.437500
1.812500	11.562500
1.812500	11.687500
1.812500	11.812500
1.812500	11.937500
1.812500	12.062500
1.812500	12.187500
1.812500	12.312500
1.812500	12.437500
1.812500	12.562500
1.812500	12.687500
1.812500	12.812500
1.812500	12.937500
1.812500	13.062500
1.812500	13.187500
1.812500	13.312500
1.812500	13.437500
1.812500	13.562500
1.812500	13.687500
1.812500	13.812500
1.812500	13.937500
1.937500	0.062500
1.937500	0.187500
1.937500	0.312500
1.937500	0.437500
1.937500	0.562500
1.937500	0.687500
1.937500	0.812500
1.937500	0.937500
1.937500	1.062500
1.937500	1.187500
1.937500	1.312500
1.937500	1.437500
1.937500	1.562500
1.937500	1.687500
1.937500	1.812500
1.937500	1.937500
1.937500	2.062500
1.937500	2.187500
1.937500	2.312500
1.937500	2.437500
1.937500	2.562500
1.937500	2.687500
1.937500	2.812500
1.937500	2.937500
1.937500	3.062500
1.937500	3.187500
1.937500	3.312500
1.937500	3.437500
1.937500	3.562500
1.937500	3.687500
1.937500	3.812500
1.937500	3.937500
1.937500	4.062500
1.937500	4.187500
1.937500	4.312500
1.937500	4.437500
1.937500	4.562500
1.937500	4.687500
1.937500	4.812500
1.937500	4.937500
1.937500	5.062500
1.937500	5.187500
1.937500	5.312500
1.937500	5.437500
1.937500	5.562500
1.937500	5.687500
1.937500	5.812500
1.937500	5.937500
1.937500	6.062500
1.937500	6.187500
1.937500	6.312500
1.937500	6.437500
1.937500	6.562500
1.937500	6.687500
1.937500	6.812500
1.937500	6.937500
1.937500	7.062500
1.937500	7.187500
1.937500	7.312500
1.937500	7.437500
1.937500	7.562500
1.937500	7.687500
1.937500	7.812500
1.937500	7.937500
1.937500	8.062500
1.937500	8.187500
1.937500	8.312500
1.937500	8.437500
1.937500	8.562500
1.937500	8.687500
1.937500	8.812500
1.937500	8.937500
1.937500	9.062500
1.937500	9.187500
1.937500	9.312500
1.937500	9.437500
1.937500	9.562500
1.937500	9.687500
1.937500	9.812500
1.937500	9.937500
1.937500	10.062500
1.937500	10.187500
1.937500	10.312500
1.937500	10.437500
1.937500	10.562500
1.937500	10.687500
1.937500	10.812500
1.937500	10.937500
1.937500	11.062500
1.937500	11.187500
1.937500	11.312500
1.937500	11.437500
1.937500	11.562500
1.937500	11.687500
1.937500	11.812500
1.937500	11.937500
1.937500	12.062500
1.937500	12.187500
1.937500	12.312500
1.937500	12.437500
1.937500	12.562500
1.937500	12.687500
1.937500	12.812500
1.937500	12.937500
1.937500	13.062500
1.937500	13.187500
1.937500	13.312500
1.937500	13.437500
1.937500	13.562500
1.937500	13.687500
1.937500	13.812500
1.937500	13.937500
2.062500	0.062500
2.062500	0.187500
2.062500	0.312500
2.062500	0.437500
2.062500	0.562500
2.062500	0.687500
2.062500	0.812500
2.062500	0.937500
2.062500	1.062500
2.062500	1.187500
2.062500	1.312500
2.062500	1.437500
2.062500	1.562500
2.062500	1.687500
2.062500	1.812500
2.062500	1.937500
2.062500	2.062500
2.062500	2.187500
2.062500	2.312500
2.062500	2.437500
2.062500	2.562500
2.062500	2.687500
2.062500	2.812500
2.062500	2.937500
2.062500	3.062500
2.062500	3.187500
2.062500	3.312500
2.062500	3.437500
2.062500	3.562500
2.062500	3.687500
2.062500	3.812500
2.062500	3.937500
2.062500	4.062500
2.062500	4.187500
2.062500	4.312500
2.062500	4.437500
2.062500	4.562500
2.062500	4.687500
2.062500	4.812500
2.062500	4.937500
2.062500	5.062500
2.062500	5.187500
2.062500	5.312500
2.062500	5.437500
2.062500	5.562500
2.062500	5.687500
2.062500	5.812500
2.062500	5.937500
2.062500	6.062500
2.062500	6.187500
2.062500	6.312500
2.062500	6.437500
2.062500	6.562500
2.062500	6.687500
2.062500	6.812500
2.062500	6.937500
2.062500	7.062500
2.062500	7.187500
2.062500	7.312500
2.062500	7.437500
2.062500	7.562500
2.062500	7.687500
2.062500	7.812500
2.062500	7.937500
2.062500	8.062500
2.062500	8.187500
2.062500	8.312500
2.062500	8.437500
2.062500	8.562500
2.062500	8.687500
2.062500	8.812500
2.062500	8.937500
2.062500	9.062500
2.062500	9.187500
2.062500	9.312500
2.062500	9.437500
2.062500	9.562500
2.062500	9.687500
2.062500	9.812500
2.062500	9.937500
2.062500	10.062500
2.062500	10.187500
2.062500	10.312500
2.062500	10.437500
2.062500	10.562500
2.062500	10.687500
2.062500	10.812500
2.062500	10.937500
2.062500	11.062500
2.062500	11.187500
2.062500	11.312500
2.062500	11.437500
2.062500	11.562500
2.062500	11.687500
2.062500	11.812500
2.062500	11.937500
2.062500	12.062500
2.062500	12.187500
2.062500	12.312500
2.062500	12.437500
2.062500	12.562500
2.062500	12.687500
2.062500	12.812500
2.062500	12.937500
2.062500	13.062500
2.062500	13.187500
2.062500	13.312500
2.062500	13.437500
2.062500	13.562500
2.062500	13.687500
2.062500	13.812500
2.062500	13.937500
2.187500	0.062500
2.187500	0.187500
2.187500	0.312500
2.187500	0.437500
2.187500	0.562500
2.187500	0.687500
2.187500	0.812500
2.187500	0.937500
2.187500	1.062500
2.187500	1.187500
2.187500	1.312500
2.187500	1.437500
2.187500	1.562500
2.187500	1.687500
2.187500	1.812500
2.187500	1.937500
2.187500	2.062500
2.187500	2.187500
2.187500	2.312500
2.187500	2.437500
2.187500	2.562500
2.187500	2.687500
2.187500	2.812500
2.187500	2.937500
2.187500	3.062500
2.187500	3.187500
2.187500	3.312500
2.187500	3.437500
2.187500	3.562500
2.187500	3.687500
2.187500	3.812500
2.187500	3.937500
2.187500	4.062500
2.187500	4.187500
2.187500	4.312500
2.187500	4.437500
2.187500	4.562500
2.187500	4.687500
2.187500	4.812500
2.187500	4.937500
2.187500	5.062500
2.187500	5.187500
2.187500	5.312500
2.187500	5.437500
2.187500	5.562500
2.187500	5.687500
2.187500	5.812500
2.187500	5.937500
2.187500	6.062500
2.187500	6.187500
2.187500	6.312500
2.187500	6.437500
2.187500	6.562500
2.187500	6.687500
2.187500	6.812500
2.187500	6.937500
2.187500	7.062500
2.187500	7.187500
2.187500	7.312500
2.187500	7.437500
2.187500	7.562500
2.187500	7.687500
2.187500	7.812500
2.187500	7.937500
2.187500	8.062500
2.187500	8.187500
2.187500	8.312500
2.187500	8.437500
2.187500	8.562500
2.187500	8.687500
2.187500	8.812500
2.187500	8.937500
2.187500	9.062500
2.187500	9.187500
2.187500	9.312500
2.187500	9.437500
2.187500	9.562500
2.187500	9.687500
2.187500	9.812500
2.187500	9.937500
2.187500	10.062500
2.187500	10.187500
2.187500	10.312500
2.187500	10.437500
2.187500	10.562500
2.187500	10.687500
2.187500	10.812500
2.187500	10.937500
2.187500	11.062500
2.187500	11.187500
2.187500	11.312500
2.187500	11.437500
2.187500	11.562500
2.187500	11.687500
2.187500	11.812500
2.187500	11.937500
2.187500	12.062500
2.187500	12.187500
2.187500	12.312500
2.187500	12.437500
2.187500	12.562500
2.187500	12.687500
2.187500	12.812500
2.187500	12.937500
2.187500	13.062500
2.187500	13.187500
2.187500	13.312500
2.187500	13.437500
2.187500	13.562500
2.187500	13.687500
2.187500	13.812500
2.187500	13.937500
2.312500	0.062500
2.312500	0.187500
2.312500	0.312500
2.312500	0.437500
2.312500	0.562500
2.312500	0.687500
2.312500	0.812500
2.312500	0.937500
2.312500	1.062500
2.312500	1.187500
2.312500	1.312500
2.312500	1.437500
2.312500	1.562500
2.312500	1.687500
2.312500	1.812500
2.312500	1.937500
2.312500	2.062500
2.312500	2.187500
2.312500	2.312500
2.312500	2.437500
2.312500	2.562500
2.312500	2.687500
2.312500	2.812500
2.312500	2.937500
2.312500	3.062500
2.312500	3.187500
2.312500	3.312500
2.312500	3.437500
2.312500	3.562500
2.312500	3.687500
2.312500	3.812500
2.312500	3.937500
2.312500	4.062500
2.312500	4.187500
2.312500	4.312500
2.312500	4.437500
2.312500	4.562500
2.312500	4.687500
2.312500	4.812500
2.312500	4.937500
2.312500	5.062500
2.312500	5.187500
2.312500	5.312500
2.312500	5.437500
2.312500	5.562500
2.312500	5.687500
2.312500	5.812500
2.312500	5.937500
2.312500	6.062500
2.312500	6.187500
2.312500	6.312500
2.312500	6.437500
2.312500	6.562500
2.312500	6.687500
2.312500	6.812500
2.312500	6.937500
2.312500	7.062500
2.312500	7.187500
2.312500	7.312500
2.312500	7.437500
2.312500	7.562500
2.312500	7.687500
2.312500	7.812500
2.312500	7.937500
2.312500	8.062500
2.312500	8.187500
2.312500	8.312500
2.312500	8.437500
2.312500	8.562500
2.312500	8.687500
2.312500	8.812500
2.312500	8.937500
2.312500	9.062500
2.312500	9.187500
2.312500	9.312500
2.312500	9.437500
2.312500	9.562500
2.312500	9.687500
2.312500	9.812500
2.312500	9.937500
2.312500	10.062500
2.312500	10.187500
2.312500	10.312500
2.312500	10.437500
2.312500	10.562500
2.312500	10.687500
2.312500	10.812500
2.312500	10.937500
2.312500	11.062500
2.312500	11.187500
2.312500	11.312500
2.312500	11.437500
2.312500	11.562500
2.312500	11.687500
2.312500	11.812500
2.312500	11.937500
2.312500	12.062500
2.312500	12.187500
2.312500	12.312500
2.312500	12.437500
2.312500	12.562500
2.312500	12.687500
2.312500	12.812500
2.312500	12.937500
2.312500	13.062500
2.312500	13.187500
2.312500	13.312500
2.312500	13.437500
2.312500	13.562500
2.312500	13.687500
2.312500	13.812500
2.312500	13.937500
2.437500	0.062500
2.437500	0.187500
2.437500	0.312500
2.437500	0.437500
2.437500	0.562500
2.437500	0.687500
2.437500	0.812500
2.437500	0.937500
2.437500	1.062500
2.437500	1.187500
2.437500	1.312500
2.437500	1.437500
2.437500	1.562500
2.437500	1.687500
2.437500	1.812500
2.437500	1.937500
2.437500	2.062500
2.437500	2.187500
2.437500	2.312500
2.437500	2.437500
2.437500	2.562500
2.437500	2.687500
2.437500	2.812500
2.437500	2.937500
2.437500	3.062500
2.437500	3.187500
2.437500	3.312500
2.437500	3.437500
2.437500	3.562500
2.437500	3.687500
2.437500	3.812500
2.437500	3.937500
2.437500	4.062500
2.437500	4.187500
2.437500	4.312500
2.437500	4.437500
2.437500	4.562500
2.437500	4.687500
2.437500	4.812500
2.437500	4.937500
2.437500	5.062500
2.437500	5.187500
2.437500	5.312500
2.437500	5.437500
2.437500	5.562500
2.437500	5.687500
2.437500	5.812500
2.437500	5.937500
2.437500	6.062500
2.437500	6.187500
2.437500	6.312500
2.437500	6.437500
2.437500	6.562500
2.437500	6.687500
2.437500	6.812500
2.437500	6.937500
2.437500	7.062500
2.437500	7.187500
2.437500	7.312500
2.437500	7.437500
2.437500	7.562500
2.437500	7.687500
2.437500	7.812500
2.437500	7.937500
2.437500	8.062500
2.437500	8.187500
2.437500	8.312500
2.437500	8.437500
2.437500	8.562500
2.437500	8.687500
2.437500	8.812500
2.437500	8.937500
2.437500	9.062500
2.437500	9.187500
2.437500	9.312500
2.437500	9.437500
2.437500	9.562500
2.437500	9.687500
2.437500	9.812500
2.437500	9.937500
2.437500	10.062500
2.437500	10.187500
2.437500	10.312500
2.437500	10.437500
2.437500	10.562500
2.437500	10.687500
2.437500	10.812500
2.437500	10.937500
2.437500	11.062500
2.437500	11.187500
2.437500	11.312500
2.437500	11.437500
2.437500	11.562500
2.437500	11.687500
2.437500	11.812500
2.437500	11.937500
2.437500	12.062500
2.437500	12.187500
2.437500	12.312500
2.437500	12.437500
2.437500	12.562500
2.437500	12.687500
2.437500	12.812500
2.437500	12.937500
2.437500	13.062500
2.437500	13.187500
2.437500	13.312500
2.437500	13.437500
2.437500	13.562500
2.437500	13.687500
2.437500	13.812500
2.437500	13.937500
2.562500	0.062500
2.562500	0.187500
2.562500	0.312500
2.562500	0.437500
2.562500	0.562500
2.562500	0.687500
2.562500	0.812500
2.562500	0.937500
2.562500	1.062500
2.562500	1.187500
2.562500	1.312500
2.562500	1.437500
2.562500	1.562500
2.562500	1.687500
2.562500	1.812500
2.562500	1.937500
2.562500	2.062500
2.562500	2.187500
2.562500	2.312500
2.562500	2.437500
2.562500	2.562500
2.562500	2.687500
2.562500	2.812500
2.562500	2.937500
2.562500	3.062500
2.562500	3.187500
2.562500	3.312500
2.562500	3.437500
2.562500	3.562500
2.562500	3.687500
2.562500	3.812500
2.562500	3.937500
2.562500	4.062500
2.562500	4.187500
2.562500	4.312500
2.562500	4.437500
2.562500	4.562500
2.562500	4.687500
2.562500	4.812500
2.562500	4.937500
2.562500	5.062500
2.562500	5.187500
2.562500	5.312500
2.562500	5.437500
2.562500	5.562500
2.562500	5.687500
2.562500	5.812500
2.562500	5.937500
2.562500	6.062500
2.562500	6.187500
2.562500	6.312500
2.562500	6.437500
2.562500	6.562500
2.562500	6.687500
2.562500	6.812500
2.562500	6.937500
2.562500	7.062500
2.562500	7.187500
2.562500	7.312500
2.562500	7.437500
2.562500	7.562500
2.562500	7.687500
2.562500	7.812500
2.562500	7.937500
2.562500	8.062500
2.562500	8.187500
2.562500	8.312500
2.562500	8.437500
2.562500	8.562500
2.562500	8.687500
2.562500	8.812500
2.562500	8.937500
2.562500	9.062500
2.562500	9.187500
2.562500	9.312500
2.562500	9.437500
2.562500	9.562500
2.562500	9.687500
2.562500	9.812500
2.562500	9.937500
2.562500	10.062500
2.562500	10.187500
2.562500	10.312500
2.562500	10.437500
2.562500	10.562500
2.562500	10.687500
2.562500	10.812500
2.562500	10.937500
2.562500	11.062500
2.562500	11.187500
2.562500	11.312500
2.562500	11.437500
2.562500	11.562500
2.562500	11.687500
2.562500	11.812500
2.562500	11.937500
2.562500	12.062500
2.562500	12.187500
2.562500	12.312500
2.562500	12.437500
2.562500	12.562500
2.562500	12.687500
2.562500	12.812500
2.562500	12.937500
2.562500	13.062500
2.562500	13.187500
2.562500	13.312500
2.562500	13.437500
2.562500	13.562500
2.562500	13.687500
2.562500	13.812500
2.562500	13.937500
2.687500	0.062500
2.687500	0.187500
2.687500	0.312500
2.687500	0.437500
2.687500	0.562500
2.687500	0.687500
2.687500	0.812500
2.687500	0.937500
2.687500	1.062500
2.687500	1.187500
2.687500	1.312500
2.687500	1.437500
2.687500	1.562500
2.687500	1.687500
2.687500	1.812500
2.687500	1.937500
2.687500	2.062500
2.687500	2.187500
2.687500	2.312500
2.687500	2.437500
2.687500	2.562500
2.687500	2.687500
2.687500	2.812500
2.687500	2.937500
2.687500	3.062500
2.687500	3.187500
2.687500	3.312500
2.687500	3.437500
2.687500	3.562500
2.687500	3.687500
2.687500	3.812500
2.687500	3.937500
2.687500	4.062500
2.687500	4.187500
2.687500	4.312500
2.687500	4.437500
2.687500	4.562500
2.687500	4.687500
2.687500	4.812500
2.687500	4.937500
2.687500	5.062500
2.687500	5.187500
2.687500	5.312500
2.687500	5.437500
2.687500	5.562500
2.687500	5.687500
2.687500	5.812500
2.687500	5.937500
2.687500	6.062500
2.687500	6.187500
2.687500	6.312500
2.687500	6.437500
2.687500	6.562500
2.687500	6.687500
2.687500	6.812500
2.687500	6.937500
2.687500	7.062500
2.687500	7.187500
2.687500	7.312500
2.687500	7.437500
2.687500	7.562500
2.687500	7.687500
2.687500	7.812500
2.687500	7.937500
2.687500	8.062500
2.687500	8.187500
2.687500	8.312500
2.687500	8.437500
2.687500	8.562500
2.687500	8.687500
2.687500	8.812500
2.687500	8.937500
2.687500	9.062500
2.687500	9.187500
2.687500	9.312500
2.687500	9.437500
2.687500	9.562500
2.687500	9.687500
2.687500	9.812500
2.687500	9.937500
2.687500	10.062500
2.687500	10.187500
2.687500	10.312500
2.687500	10.437500
2.687500	10.562500
2.687500	10.687500
2.687500	10.812500
2.687500	10.937500
2.687500	11.062500
2.687500	11.187500
2.687500	11.312500
2.687500	11.437500
2.687500	11.562500
2.687500	11.687500
2.687500	11.812500
2.687500	11.937500
2.687500	12.062500
2.687500	12.187500
2.687500	12.312500
2.687500	12.437500
2.687500	12.562500
2.687500	12.687500
2.687500	12.812500
2.687500	12.937500
2.687500	13.062500
2.687500	13.187500
2.687500	13.312500
2.687500	13.437500
2.687500	13.562500
2.687500	13.687500
2.687500	13.812500
2.687500	13.937500
2.812500	0.062500
2.812500	0.187500
2.812500	0.312500
2.812500	0.437500
2.812500	0.562500
2.812500	0.687500
2.812500	0.812500
2.812500	0.937500
2.812500	1.062500
2.812500	1.187500
2.812500	1.312500
2.812500	1.437500
2.812500	1.562500
2.812500	1.687500
2.812500	1.812500
2.812500	1.937500
2.812500	2.062500
2.812500	2.187500
2.812500	2.312500
2.812500	2.437500
2.812500	2.562500
2.812500	2.687500
2.812500	2.812500
2.812500	2.937500
2.812500	3.062500
2.812500	3.187500
2.812500	3.312500
2.812500	3.437500
2.812500	3.562500
2.812500	3.687500
2.812500	3.812500
2.812500	3.937500
2.812500	4.062500
2.812500	4.187500
2.812500	4.312500
2.812500	4.437500
2.812500	4.562500
2.812500	4.687500
2.812500	4.812500
2.812500	4.937500
2.812500	5.062500
2.812500	5.187500
2.812500	5.312500
2.812500	5.437500
2.812500	5.562500
2.812500	5.687500
2.812500	5.812500
2.812500	5.937500
2.812500	6.062500
2.812500	6.187500
2.812500	6.312500
2.812500	6.437500
2.812500	6.562500
2.812500	6.687500
2.812500	6.812500
2.812500	6.937500
2.812500	7.062500
2.812500	7.187500
2.812500	7.312500
2.812500	7.437500
2.812500	7.562500
2.812500	7.687500
2.812500	7.812500
2.812500	7.937500
2.812500	8.062500
2.812500	8.187500
2.812500	8.312500
2.812500	8.437500
2.812500	8.562500
2.812500	8.687500
2.812500	8.812500
2.812500	8.937500
2.812500	9.062500
2.812500	9.187500
2.812500	9.312500
2.812500	9.437500
2.812500	9.562500
2.812500	9.687500
2.812500	9.812500
2.812500	9.937500
2.812500	10.062500
2.812500	10.187500
2.812500	10.312500
2.812500	10.437500
2.812500	10.562500
2.812500	10.687500
2.812500	10.812500
2.812500	10.937500
2.812500	11.062500
2.812500	11.187500
2.812500	11.312500
2.812500	11.437500
2.812500	11.562500
2.812500	11.687500
2.812500	11.812500
2.812500	11.937500
2.812500	12.062500
2.812500	12.187500
2.812500	12.312500
2.812500	12.437500
2.812500	12.562500
2.812500	12.687500
2.812500	12.812500
2.812500	12.937500
2.812500	13.062500
2.812500	13.187500
2.812500	13.312500
2.812500	13.437500
2.812500	13.562500
2.812500	13.687500
2.812500	13.812500
2.812500	13.937500
2.937500	0.062500
2.937500	0.187500
2.937500	0.312500
2.937500	0.437500
2.937500	0.562500
2.937500	0.687500
2.937500	0.812500
2.937500	0.937500
2.937500	1.062500
2.937500	1.187500
2.937500	1.312500
2.937500	1.437500
2.937500	1.562500
2.937500	1.687500
2.937500	1.812500
2.937500	1.937500
2.937500	2.062500
2.937500	2.187500
2.937500	2.312500
2.937500	2.437500
2.937500	2.562500
2.937500	2.687500
2.937500	2.812500
2.937500	2.937500
2.937500	3.062500
2.937500	3.187500
2.937500	3.312500
2.937500	3.437500
2.937500	3.562500
2.937500	3.687500
2.937500	3.812500
2.937500	3.937500
2.937500	4.062500
2.937500	4.187500
2.937500	4.312500
2.937500	4.437500
2.937500	4.562500
2.937500	4.687500
2.937500	4.812500
2.937500	4.937500
2.937500	5.062500
2.937500	5.187500
2.937500	5.312500
2.937500	5.437500
2.937500	5.562500
2.937500	5.687500
2.937500	5.812500
2.937500	5.937500
2.937500	6.062500
2.937500	6.187500
2.937500	6.312500
2.937500	6.437500
2.937500	6.562500
2.937500	6.687500
2.937500	6.812500
2.937500	6.937500
2.937500	7.062500
2.937500	7.187500
2.937500	7.312500
2.937500	7.437500
2.937500	7.562500
2.937500	7.687500
2.937500	7.812500
2.937500	7.937500
2.937500	8.062500
2.937500	8.187500
2.937500	8.312500
2.937500	8.437500
2.937500	8.562500
2.937500	8.687500
2.937500	8.812500
2.937500	8.937500
2.937500	9.062500
2.937500	9.187500
2.937500	9.312500
2.937500	9.437500
2.937500	9.562500
2.937500	9.687500
2.937500	9.812500
2.937500	9.937500
2.937500	10.062500
2.937500	10.187500
2.937500	10.312500
2.937500	10.437500
2.937500	10.562500
2.937500	10.687500
2.937500	10.812500
2.937500	10.937500
2.937500	11.062500
2.937500	11.187500
2.937500	11.312500
2.937500	11.437500
2.937500	11.562500
2.937500	11.687500
2.937500	11.812500
2.937500	11.937500
2.937500	12.062500
2.937500	12.187500
2.937500	12.312500
2.937500	12.437500
2.937500	12.562500
2.937500	12.687500
2.937500	12.812500
2.937500	12.937500
2.937500	13.062500
2.937500	13.187500
2.937500	13.312500
2.937500	13.437500
2.937500	13.562500
2.937500	13.687500
2.937500	13.812500
2.937500	13.937500
3.062500	0.062500
3.062500	0.187500
3.062500	0.312500
3.062500	0.437500
3.062500	0.562500
3.062500	0.687500
3.062500	0.812500
3.062500	0.937500
3.062500	1.062500
3.062500	1.187500
3.062500	1.312500
3.062500	1.437500
3.062500	1.562500
3.062500	1.687500
3.062500	1.812500
3.062500	1.937500
3.062500	2.062500
3.062500	2.187500
3.062500	2.312500
3.062500	2.437500
3.062500	2.562500
3.062500	2.687500
3.062500	2.812500
3.062500	2.937500
3.062500	3.062500
3.062500	3.187500
3.062500	3.312500
3.062500	3.437500
3.062500	3.562500
3.062500	3.687500
3.062500	3.812500
3.062500	3.937500
3.062500	4.062500
3.062500	4.187500
3.062500	4.312500
3.062500	4.437500
3.062500	4.562500
3.062500	4.687500
3.062500	4.812500
3.062500	4.937500
3.062500	5.062500
3.062500	5.187500
3.062500	5.312500
3.062500	5.437500
3.062500	5.562500
3.062500	5.687500
3.062500	5.812500
3.062500	5.937500
3.062500	6.062500
3.062500	6.187500
3.062500	6.312500
3.062500	6.437500
3.062500	6.562500
3.062500	6.687500
3.062500	6.812500
3.062500	6.937500
3.062500	7.062500
3.062500	7.187500
3.062500	7.312500
3.062500	7.437500
3.062500	7.562500
3.062500	7.687500
3.062500	7.812500
3.062500	7.937500
3.062500	8.062500
3.062500	8.187500
3.062500	8.312500
3.062500	8.437500
3.062500	8.562500
3.062500	8.687500
3.062500	8.812500
3.062500	8.937500
3.062500	9.062500
3.062500	9.187500
3.062500	9.312500
3.062500	9.437500
3.062500	9.562500
3.062500	9.687500
3.062500	9.812500
3.062500	9.937500
3.062500	10.062500
3.062500	10.187500
3.062500	10.312500
3.062500	10.437500
3.062500	10.562500
3.062500	10.687500
3.062500	10.812500
3.062500	10.937500
3.062500	11.062500
3.062500	11.187500
3.062500	11.312500
3.062500	11.437500
3.062500	11.562500
3.062500	11.687500
3.062500	11.812500
3.062500	11.937500
3.062500	12.062500
3.062500	12.187500
3.062500	12.312500
3.062500	12.437500
3.062500	12.562500
3.062500	12.687500
3.062500	12.812500
3.062500	12.937500
3.062500	13.062500
3.062500	13.187500
3.062500	13.312500
3.062500	13.437500
3.062500	13.562500
3.062500	13.687500
3.062500	13.812500
3.062500	13.937500
3.187500	0.062500
3.187500	0.187500
3.187500	0.312500
3.187500	0.437500
3.187500	0.562500
3.187500	0.687500
3.187500	0.812500
3.187500	0.937500
3.187500	1.062500
3.187500	1.187500
3.187500	1.312500
3.187500	1.437500
3.187500	1.562500
3.187500	1.687500
3.187500	1.812500
3.187500	1.937500
3.187500	2.062500
3.187500	2.187500
3.187500	2.312500
3.187500	2.437500
3.187500	2.562500
3.187500	2.687500
3.187500	2.812500
3.187500	2.937500
3.187500	3.062500
3.187500	3.187500
3.187500	3.312500
3.187500	3.437500
3.187500	3.562500
3.187500	3.687500
3.187500	3.812500
3.187500	3.937500
3.187500	4.062500
3.187500	4.187500
3.187500	4.312500
3.187500	4.437500
3.187500	4.562500
3.187500	4.687500
3.187500	4.812500
3.187500	4.937500
3.187500	5.062500
3.187500	5.187500
3.187500	5.312500
3.187500	5.437500
3.187500	5.562500
3.187500	5.687500
3.187500	5.812500
3.187500	5.937500
3.187500	6.062500
3.187500	6.187500
3.187500	6.312500
3.187500	6.437500
3.187500	6.562500
3.187500	6.687500
3.187500	6.812500
3.187500	6.937500
3.187500	7.062500
3.187500	7.187500
3.187500	7.312500
3.187500	7.437500
3.187500	7.562500
3.187500	7.687500
3.187500	7.812500
3.187500	7.937500
3.187500	8.062500
3.187500	8.187500
3.187500	8.312500
3.187500	8.437500
3.187500	8.562500
3.187500	8.687500
3.187500	8.812500
3.187500	8.937500
3.187500	9.062500
3.187500	9.187500
3.187500	9.312500
3.187500	9.437500
3.187500	9.562500
3.187500	9.687500
3.187500	9.812500
3.187500	9.937500
3.187500	10.062500
3.187500	10.187500
3.187500	10.312500
3.187500	10.437500
3.187500	10.562500
3.187500	10.687500
3.187500	10.812500
3.187500	10.937500
3.187500	11.062500
3.187500	11.187500
3.187500	11.312500
3.187500	11.437500
3.187500	11.562500
3.187500	11.687500
3.187500	11.812500
3.187500	11.937500
3.187500	12.062500
3.187500	12.187500
3.187500	12.312500
3.187500	12.437500
3.187500	12.562500
3.187500	12.687500
3.187500	12.812500
3.187500	12.937500
3.187500	13.062500
3.187500	13.187500
3.187500	13.312500
3.187500	13.437500
3.187500	13.562500
3.187500	13.687500
3.187500	13.812500
3.187500	13.937500
3.312500	0.062500
3.312500	0.187500
3.312500	0.312500
3.312500	0.437500
3.312500	0.562500
3.312500	0.687500
3.312500	0.812500
3.312500	0.937500
3.312500	1.062500
3.312500	1.187500
3.312500	1.312500
3.312500	1.437500
3.312500	1.562500
3.312500	1.687500
3.312500	1.812500
3.312500	1.937500
3.312500	2.062500
3.312500	2.187500
3.312500	2.312500
3.312500	2.437500
3.312500	2.562500
3.312500	2.687500
3.312500	2.812500
3.312500	2.937500
3.312500	3.062500
3.312500	3.187500
3.312500	3.312500
3.312500	3.437500
3.312500	3.562500
3.312500	3.687500
3.312500	3.812500
3.312500	3.937500
3.312500	4.062500
3.312500	4.187500
3.312500	4.312500
3.312500	4.437500
3.312500	4.562500
3.312500	4.687500
3.312500	4.812500
3.312500	4.937500
3.312500	5.062500
3.312500	5.187500
3.312500	5.312500
3.312500	5.437500
3.312500	5.562500
3.312500	5.687500
3.312500	5.812500
3.312500	5.937500
3.312500	6.062500
3.312500	6.187500
3.312500	6.312500
3.312500	6.437500
3.312500	6.562500
3.312500	6.687500
3.312500	6.812500
3.312500	6.937500
3.312500	7.062500
3.312500	7.187500
3.312500	7.312500
3.312500	7.437500
3.312500	7.562500
3.312500	7.687500
3.312500	7.812500
3.312500	7.937500
3.312500	8.062500
3.312500	8.187500
3.312500	8.312500
3.312500	8.437500
3.312500	8.562500
3.312500	8.687500
3.312500	8.812500
3.312500	8.937500
3.312500	9.062500
3.312500	9.187500
3.312500	9.312500
3.312500	9.437500
3.312500	9.562500
3.312500	9.687500
3.312500	9.812500
3.312500	9.937500
3.312500	10.062500
3.312500	10.187500
3.312500	10.312500
3.312500	10.437500
3.312500	10.562500
3.312500	10.687500
3.312500	10.812500
3.312500	10.937500
3.312500	11.062500
3.312500	11.187500
3.312500	11.312500
3.312500	11.437500
3.312500	11.562500
3.312500	11.687500
3.312500	11.812500
3.312500	11.937500
3.312500	12.062500
3.312500	12.187500
3.312500	12.312500
3.312500	12.437500
3.312500	12.562500
3.312500	12.687500
3.312500	12.812500
3.312500	12.937500
3.312500	13.062500
3.312500	13.187500
3.312500	13.312500
3.312500	13.437500
3.312500	13.562500
3.312500	13.687500
3.312500	13.812500
3.312500	13.937500
3.437500	0.062500
3.437500	0.187500
3.437500	0.312500
3.437500	0.437500
3.437500	0.562500
3.437500	0.687500
3.437500	0.812500
3.437500	0.937500
3.437500	1.062500
3.437500	1.187500
3.437500	1.312500
3.437500	1.437500
3.437500	1.562500
3.437500	1.687500
3.437500	1.812500
3.437500	1.937500
3.437500	2.062500
3.437500	2.187500
3.437500	2.312500
3.437500	2.437500
3.437500	2.562500
3.437500	2.687500
3.437500	2.812500
3.437500	2.937500
3.437500	3.062500
3.437500	3.187500
3.437500	3.312500
3.437500	3.437500
3.437500	3.562500
3.437500	3.687500
3.437500	3.812500
3.437500	3.937500
3.437500	4.062500
3.437500	4.187500
3.437500	4.312500
3.437500	4.437500
3.437500	4.562500
3.437500	4.687500
3.437500	4.812500
3.437500	4.937500
3.437500	5.062500
3.437500	5.187500
3.437500	5.312500
3.437500	5.437500
3.437500	5.562500
3.437500	5.687500
3.437500	5.812500
3.437500	5.937500
3.437500	6.062500
3.437500	6.187500
3.437500	6.312500
3.437500	6.437500
3.437500	6.562500
3.437500	6.687500
3.437500	6.812500
3.437500	6.937500
3.437500	7.062500
3.437500	7.187500
3.437500	7.312500
3.437500	7.437500
3.437500	7.562500
3.437500	7.687500
3.437500	7.812500
3.437500	7.937500
3.437500	8.062500
3.437500	8.187500
3.437500	8.312500
3.437500	8.437500
3.437500	8.562500
3.437500	8.687500
3.437500	8.812500
3.437500	8.937500
3.437500	9.062500
3.437500	9.187500
3.437500	9.312500
3.437500	9.437500
3.437500	9.562500
3.437500	9.687500
3.437500	9.812500
3.437500	9.937500
3.437500	10.062500
3.437500	10.187500
3.437500	10.312500
3.437500	10.437500
3.437500	10.562500
3.437500	10.687500
3.437500	10.812500
3.437500	10.937500
3.437500	11.062500
3.437500	11.187500
3.437500	11.312500
3.437500	11.437500
3.437500	11.562500
3.437500	11.687500
3.437500	11.812500
3.437500	11.937500
3.437500	12.062500
3.437500	12.187500
3.437500	12.312500
3.437500	12.437500
3.437500	12.562500
3.437500	12.687500
3.437500	12.812500
3.437500	12.937500
3.437500	13.062500
3.437500	13.187500
3.437500	13.312500
3.437500	13.437500
3.437500	13.562500
3.437500	13.687500
3.437500	13.812500
3.437500	13.937500
3.562500	0.062500
3.562500	0.187500
3.562500	0.312500
3.562500	0.437500
3.562500	0.562500
3.562500	0.687500
3.562500	0.812500
3.562500	0.937500
3.562500	1.062500
3.562500	1.187500
3.562500	1.312500
3.562500	1.437500
3.562500	1.562500
3.562500	1.687500
3.562500	1.812500
3.562500	1.937500
3.562500	2.062500
3.562500	2.187500
3.562500	2.312500
3.562500	2.437500
3.562500	2.562500
3.562500	2.687500
3.562500	2.812500
3.562500	2.937500
3.562500	3.062500
3.562500	3.187500
3.562500	3.312500
3.562500	3.437500
3.562500	3.562500
3.562500	3.687500
3.562500	3.812500
3.562500	3.937500
3.562500	4.062500
3.562500	4.187500
3.562500	4.312500
3.562500	4.437500
3.562500	4.562500
3.562500	4.687500
3.562500	4.812500
3.562500	4.937500
3.562500	5.062500
3.562500	5.187500
3.562500	5.312500
3.562500	5.437500
3.562500	5.562500
3.562500	5.687500
3.562500	5.812500
3.562500	5.937500
3.562500	6.062500
3.562500	6.187500
3.562500	6.312500
3.562500	6.437500
3.562500	6.562500
3.562500	6.687500
3.562500	6.812500
3.562500	6.937500
3.562500	7.062500
3.562500	7.187500
3.562500	7.312500
3.562500	7.437500
3.562500	7.562500
3.562500	7.687500
3.562500	7.812500
3.562500	7.937500
3.562500	8.062500
3.562500	8.187500
3.562500	8.312500
3.562500	8.437500
3.562500	8.562500
3.562500	8.687500
3.562500	8.812500
3.562500	8.937500
3.562500	9.062500
3.562500	9.187500
3.562500	9.312500
3.562500	9.437500
3.562500	9.562500
3.562500	9.687500
3.562500	9.812500
3.562500	9.937500
3.562500	10.062500
3.562500	10.187500
3.562500	10.312500
3.562500	10.437500
3.562500	10.562500
3.562500	10.687500
3.562500	10.812500
3.562500	10.937500
3.562500	11.062500
3.562500	11.187500
3.562500	11.312500
3.562500	11.437500
3.562500	11.562500
3.562500	11.687500
3.562500	11.812500
3.562500	11.937500
3.562500	12.062500
3.562500	12.187500
3.562500	12.312500
3.562500	12.437500
3.562500	12.562500
3.562500	12.687500
3.562500	12.812500
3.562500	12.937500
3.562500	13.062500
3.562500	13.187500
3.562500	13.312500
3.562500	13.437500
3.562500	13.562500
3.562500	13.687500
3.562500	13.812500
3.562500	13.937500
3.687500	0.062500
3.687500	0.187500
3.687500	0.312500
3.687500	0.437500
3.687500	0.562500
3.687500	0.687500
3.687500	0.812500
3.687500	0.937500
3.687500	1.062500
3.687500	1.187500
3.687500	1.312500
3.687500	1.437500
3.687500	1.562500
3.687500	1.687500
3.687500	1.812500
3.687500	1.937500
3.687500	2.062500
3.687500	2.187500
3.687500	2.312500
3.687500	2.437500
3.687500	2.562500
3.687500	2.687500
3.687500	2.812500
3.687500	2.937500
3.687500	3.062500
3.687500	3.187500
3.687500	3.312500
3.687500	3.437500
3.687500	3.562500
3.687500	3.687500
3.687500	3.812500
3.687500	3.937500
3.687500	4.062500
3.687500	4.187500
3.687500	4.312500
3.687500	4.437500
3.687500	4.562500
3.687500	4.687500
3.687500	4.812500
3.687500	4.937500
3.687500	5.062500
3.687500	5.187500
3.687500	5.312500
3.687500	5.437500
3.687500	5.562500
3.687500	5.687500
3.687500	5.812500
3.687500	5.937500
3.687500	6.062500
3.687500	6.187500
3.687500	6.312500
3.687500	6.437500
3.687500	6.562500
3.687500	6.687500
3.687500	6.812500
3.687500	6.937500
3.687500	7.062500
3.687500	7.187500
3.687500	7.312500
3.687500	7.437500
3.687500	7.562500
3.687500	7.687500
3.687500	7.812500
3.687500	7.937500
3.687500	8.062500
3.687500	8.187500
3.687500	8.312500
3.687500	8.437500
3.687500	8.562500
3.687500	8.687500
3.687500	8.812500
3.687500	8.937500
3.687500	9.062500
3.687500	9.187500
3.687500	9.312500
3.687500	9.437500
3.687500	9.562500
3.687500	9.687500
3.687500	9.812500
3.687500	9.937500
3.687500	10.062500
3.687500	10.187500
3.687500	10.312500
3.687500	10.437500
3.687500	10.562500
3.687500	10.687500
3.687500	10.812500
3.687500	10.937500
3.687500	11.062500
3.687500	11.187500
3.687500	11.312500
3.687500	11.437500
3.687500	11.562500
3.687500	11.687500
3.687500	11.812500
3.687500	11.937500
3.687500	12.062500
3.687500	12.187500
3.687500	12.312500
3.687500	12.437500
3.687500	12.562500
3.687500	12.687500
3.687500	12.812500
3.687500	12.937500
3.687500	13.062500
3.687500	13.187500
3.687500	13.312500
3.687500	13.437500
3.687500	13.562500
3.687500	13.687500
3.687500	13.812500
3.687500	13.937500
3.812500	0.062500
3.812500	0.187500
3.812500	0.312500
3.812500	0.437500
3.812500	0.562500
3.812500	0.687500
3.812500	0.812500
3.812500	0.937500
3.812500	1.062500
3.812500	1.187500
3.812500	1.312500
3.812500	1.437500
3.812500	1.562500
3.812500	1.687500
3.812500	1.812500
3.812500	1.937500
3.812500	2.062500
3.812500	2.187500
3.812500	2.312500
3.812500	2.437500
3.812500	2.562500
3.812500	2.687500
3.812500	2.812500
3.812500	2.937500
3.812500	3.062500
3.812500	3.187500
3.812500	3.312500
3.812500	3.437500
3.812500	3.562500
3.812500	3.687500
3.812500	3.812500
3.812500	3.937500
3.812500	4.062500
3.812500	4.187500
3.812500	4.312500
3.812500	4.437500
3.812500	4.562500
3.812500	4.687500
3.812500	4.812500
3.812500	4.937500
3.812500	5.062500
3.812500	5.187500
3.812500	5.312500
3.812500	5.437500
3.812500	5.562500
3.812500	5.687500
3.812500	5.812500
3.812500	5.937500
3.812500	6.062500
3.812500	6.187500
3.812500	6.312500
3.812500	6.437500
3.812500	6.562500
3.812500	6.687500
3.812500	6.812500
3.812500	6.937500
3.812500	7.062500
3.812500	7.187500
3.812500	7.312500
3.812500	7.437500
3.812500	7.562500
3.812500	7.687500
3.812500	7.812500
3.812500	7.937500
3.812500	8.062500
3.812500	8.187500
3.812500	8.312500
3.812500	8.437500
3.812500	8.562500
3.812500	8.687500
3.812500	8.812500
3.812500	8.937500
3.812500	9.062500
3.812500	9.187500
3.812500	9.312500
3.812500	9.437500
3.812500	9.562500
3.812500	9.687500
3.812500	9.812500
3.812500	9.937500
3.812500	10.062500
3.812500	10.187500
3.812500	10.312500
3.812500	10.437500
3.812500	10.562500
3.812500	10.687500
3.812500	10.812500
3.812500	10.937500
3.812500	11.062500
3.812500	11.187500
3.812500	11.312500
3.812500	11.437500
3.812500	11.562500
3.812500	11.687500
3.812500	11.812500
3.812500	11.937500
3.812500	12.062500
3.812500	12.187500
3.812500	12.312500
3.812500	12.437500
3.812500	12.562500
3.812500	12.687500
3.812500	12.812500
3.812500	12.937500
3.812500	13.062500
3.812500	13.187500
3.812500	13.312500
3.812500	13.437500
3.812500	13.562500
3.812500	13.687500
3.812500	13.812500
3.812500	13.937500
3.937500	0.062500
3.937500	0.187500
3.937500	0.312500
3.937500	0.437500
3.937500	0.562500
3.937500	0.687500
3.937500	0.812500
3.937500	0.937500
3.937500	1.062500
3.937500	1.187500
3.937500	1.312500
3.937500	1.437500
3.937500	1.562500
3.937500	1.687500
3.937500	1.812500
3.937500	1.937500
3.937500	2.062500
3.937500	2.187500
3.937500	2.312500
3.937500	2.437500
3.937500	2.562500
3.937500	2.687500
3.937500	2.812500
3.937500	2.937500
3.937500	3.062500
3.937500	3.187500
3.937500	3.312500
3.937500	3.437500
3.937500	3.562500
3.937500	3.687500
3.937500	3.812500
3.937500	3.937500
3.937500	4.062500
3.937500	4.187500
3.937500	4.312500
3.937500	4.437500
3.937500	4.562500
3.937500	4.687500
3.937500	4.812500
3.937500	4.937500
3.937500	5.062500
3.937500	5.187500
3.937500	5.312500
3.937500	5.437500
3.937500	5.562500
3.937500	5.687500
3.937500	5.812500
3.937500	5.937500
3.937500	6.062500
3.937500	6.187500
3.937500	6.312500
3.937500	6.437500
3.937500	6.562500
3.937500	6.687500
3.937500	6.812500
3.937500	6.937500
3.937500	7.062500
3.937500	7.187500
3.937500	7.312500
3.937500	7.437500
3.937500	7.562500
3.937500	7.687500
3.937500	7.812500
3.937500	7.937500
3.937500	8.062500
3.937500	8.187500
3.937500	8.312500
3.937500	8.437500
3.937500	8.562500
3.937500	8.687500
3.937500	8.812500
3.937500	8.937500
3.937500	9.062500
3.937500	9.187500
3.937500	9.312500
3.937500	9.437500
3.937500	9.562500
3.937500	9.687500
3.937500	9.812500
3.937500	9.937500
3.937500	10.062500
3.937500	10.187500
3.937500	10.312500
3.937500	10.437500
3.937500	10.562500
3.937500	10.687500
3.937500	10.812500
3.937500	10.937500
3.937500	11.062500
3.937500	11.187500
3.937500	11.312500
3.937500	11.437500
3.937500	11.562500
3.937500	11.687500
3.937500	11.812500
3.937500	11.937500
3.937500	12.062500
3.937500	12.187500
3.937500	12.312500
3.937500	12.437500
3.937500	12.562500
3.937500	12.687500
3.937500	12.812500
3.937500	12.937500
3.937500	13.062500
3.937500	13.187500
3.937500	13.312500
3.937500	13.437500
3.937500	13.562500
3.937500	13.687500
3.937500	13.812500
3.937500	13.937500
4.062500	0.062500
4.062500	0.187500
4.062500	0.312500
4.062500	0.437500
4.062500	0.562500
4.062500	0.687500
4.062500	0.812500
4.062500	0.937500
4.062500	1.062500
4.062500	1.187500
4.062500	1.312500
4.062500	1.437500
4.062500	1.562500
4.062500	1.687500
4.062500	1.812500
4.062500	1.937500
4.062500	2.062500
4.062500	2.187500
4.062500	2.312500
4.062500	2.437500
4.062500	2.562500
4.062500	2.687500
4.062500	2.812500
4.062500	2.937500
4.062500	3.062500
4.062500	3.187500
4.062500	3.312500
4.062500	3.437500
4.062500	3.562500
4.062500	3.687500
4.062500	3.812500
4.062500	3.937500
4.062500	4.062500
4.062500	4.187500
4.062500	4.312500
4.062500	4.437500
4.062500	4.562500
4.062500	4.687500
4.062500	4.812500
4.062500	4.937500
4.062500	5.062500
4.062500	5.187500
4.062500	5.312500
4.062500	5.437500
4.062500	5.562500
4.062500	5.687500
4.062500	5.812500
4.062500	5.937500
4.062500	6.062500
4.062500	6.187500
4.062500	6.312500
4.062500	6.437500
4.062500	6.562500
4.062500	6.687500
4.062500	6.812500
4.062500	6.937500
4.062500	7.062500
4.062500	7.187500
4.062500	7.312500
4.062500	7.437500
4.062500	7.562500
4.062500	7.687500
4.062500	7.812500
4.062500	7.937500
4.062500	8.062500
4.062500	8.187500
4.062500	8.312500
4.062500	8.437500
4.062500	8.562500
4.062500	8.687500
4.062500	8.812500
4.062500	8.937500
4.062500	9.062500
4.062500	9.187500
4.062500	9.312500
4.062500	9.437500
4.062500	9.562500
4.062500	9.687500
4.062500	9.812500
4.062500	9.937500
4.062500	10.062500
4.062500	10.187500
4.062500	10.312500
4.062500	10.437500
4.062500	10.562500
4.062500	10.687500
4.062500	10.812500
4.062500	10.937500
4.062500	11.062500
4.062500	11.187500
4.062500	11.312500
4.062500	11.437500
4.062500	11.562500
4.062500	11.687500
4.062500	11.812500
4.062500	11.937500
4.062500	12.062500
4.062500	12.187500
4.062500	12.312500
4.062500	12.437500
4.062500	12.562500
4.062500	12.687500
4.062500	12.812500
4.062500	12.937500
4.062500	13.062500
4.062500	13.187500
4.062500	13.312500
4.062500	13.437500
4.062500	13.562500
4.062500	13.687500
4.062500	13.812500
4.062500	13.937500
4.187500	0.062500
4.187500	0.187500
4.187500	0.312500
4.187500	0.437500
4.187500	0.562500
4.187500	0.687500
4.187500	0.812500
4.187500	0.937500
4.187500	1.062500
4.187500	1.187500
4.187500	1.312500
4.187500	1.437500
4.187500	1.562500
4.187500	1.687500
4.187500	1.812500
4.187500	1.937500
4.187500	2.062500
4.187500	2.187500
4.187500	2.312500
4.187500	2.437500
4.187500	2.562500
4.187500	2.687500
4.187500	2.812500
4.187500	2.937500
4.187500	3.062500
4.187500	3.187500
4.187500	3.312500
4.187500	3.437500
4.187500	3.562500
4.187500	3.687500
4.187500	3.812500
4.187500	3.937500
4.187500	4.062500
4.187500	4.187500
4.187500	4.312500
4.187500	4.437500
4.187500	4.562500
4.187500	4.687500
4.187500	4.812500
4.187500	4.937500
4.187500	5.062500
4.187500	5.187500
4.187500	5.312500
4.187500	5.437500
4.187500	5.562500
4.187500	5.687500
4.187500	5.812500
4.187500	5.937500
4.187500	6.062500
4.187500	6.187500
4.187500	6.312500
4.187500	6.437500
4.187500	6.562500
4.187500	6.687500
4.187500	6.812500
4.187500	6.937500
4.187500	7.062500
4.187500	7.187500
4.187500	7.312500
4.187500	7.437500
4.187500	7.562500
4.187500	7.687500
4.187500	7.812500
4.187500	7.937500
4.187500	8.062500
4.187500	8.187500
4.187500	8.312500
4.187500	8.437500
4.187500	8.562500
4.187500	8.687500
4.187500	8.812500
4.187500	8.937500
4.187500	9.062500
4.187500	9.187500
4.187500	9.312500
4.187500	9.437500
4.187500	9.562500
4.187500	9.687500
4.187500	9.812500
4.187500	9.937500
4.187500	10.062500
4.187500	10.187500
4.187500	10.312500
4.187500	10.437500
4.187500	10.562500
4.187500	10.687500
4.187500	10.812500
4.187500	10.937500
4.187500	11.062500
4.187500	11.187500
4.187500	11.312500
4.187500	11.437500
4.187500	11.562500
4.187500	11.687500
4.187500	11.812500
4.187500	11.937500
4.187500	12.062500
4.187500	12.187500
4.187500	12.312500
4.187500	12.437500
4.187500	12.562500
4.187500	12.687500
4.187500	12.812500
4.187500	12.937500
4.187500	13.062500
4.187500	13.187500
4.187500	13.312500
4.187500	13.437500
4.187500	13.562500
4.187500	13.687500
4.187500	13.812500
4.187500	13.937500
4.312500	0.062500
4.312500	0.187500
4.312500	0.312500
4.312500	0.437500
4.312500	0.562500
4.312500	0.687500
4.312500	0.812500
4.312500	0.937500
4.312500	1.062500
4.312500	1.187500
4.312500	1.312500
4.312500	1.437500
4.312500	1.562500
4.312500	1.687500
4.312500	1.812500
4.312500	1.937500
4.312500	2.062500
4.312500	2.187500
4.312500	2.312500
4.312500	2.437500
4.312500	2.562500
4.312500	2.687500
4.312500	2.812500
4.312500	2.937500
4.312500	3.062500
4.312500	3.187500
4.312500	3.312500
4.312500	3.437500
4.312500	3.562500
4.312500	3.687500
4.312500	3.812500
4.312500	3.937500
4.312500	4.062500
4.312500	4.187500
4.312500	4.312500
4.312500	4.437500
4.312500	4.562500
4.312500	4.687500
4.312500	4.812500
4.312500	4.937500
4.312500	5.062500
4.312500	5.187500
4.312500	5.312500
4.312500	5.437500
4.312500	5.562500
4.312500	5.687500
4.312500	5.812500
4.312500	5.937500
4.312500	6.062500
4.312500	6.187500
4.312500	6.312500
4.312500	6.437500
4.312500	6.562500
4.312500	6.687500
4.312500	6.812500
4.312500	6.937500
4.312500	7.062500
4.312500	7.187500
4.312500	7.312500
4.312500	7.437500
4.312500	7.562500
4.312500	7.687500
4.312500	7.812500
4.312500	7.937500
4.312500	8.062500
4.312500	8.187500
4.312500	8.312500
4.312500	8.437500
4.312500	8.562500
4.312500	8.687500
4.312500	8.812500
4.312500	8.937500
4.312500	9.062500
4.312500	9.187500
4.312500	9.312500
4.312500	9.437500
4.312500	9.562500
4.312500	9.687500
4.312500	9.812500
4.312500	9.937500
4.312500	10.062500
4.312500	10.187500
4.312500	10.312500
4.312500	10.437500
4.312500	10.562500
4.312500	10.687500
4.312500	10.812500
4.312500	10.937500
4.312500	11.062500
4.312500	11.187500
4.312500	11.312500
4.312500	11.437500
4.312500	11.562500
4.312500	11.687500
4.312500	11.812500
4.312500	11.937500
4.312500	12.062500
4.312500	12.187500
4.312500	12.312500
4.312500	12.437500
4.312500	12.562500
4.312500	12.687500
4.312500	12.812500
4.312500	12.937500
4.312500	13.062500
4.312500	13.187500
4.312500	13.312500
4.312500	13.437500
4.312500	13.562500
4.312500	13.687500
4.312500	13.812500
4.312500	13.937500
4.437500	0.062500
4.437500	0.187500
4.437500	0.312500
4.437500	0.437500
4.437500	0.562500
4.437500	0.687500
4.437500	0.812500
4.437500	0.937500
4.437500	1.062500
4.437500	1.187500
4.437500	1.312500
4.437500	1.437500
4.437500	1.562500
4.437500	1.687500
4.437500	1.812500
4.437500	1.937500
4.437500	2.062500
4.437500	2.187500
4.437500	2.312500
4.437500	2.437500
4.437500	2.562500
4.437500	2.687500
4.437500	2.812500
4.437500	2.937500
4.437500	3.062500
4.437500	3.187500
4.437500	3.312500
4.437500	3.437500
4.437500	3.562500
4.437500	3.687500
4.437500	3.812500
4.437500	3.937500
4.437500	4.062500
4.437500	4.187500
4.437500	4.312500
4.437500	4.437500
4.437500	4.562500
4.437500	4.687500
4.437500	4.812500
4.437500	4.937500
4.437500	5.062500
4.437500	5.187500
4.437500	5.312500
4.437500	5.437500
4.437500	5.562500
4.437500	5.687500
4.437500	5.812500
4.437500	5.937500
4.437500	6.062500
4.437500	6.187500
4.437500	6.312500
4.437500	6.437500
4.437500	6.562500
4.437500	6.687500
4.437500	6.812500
4.437500	6.937500
4.437500	7.062500
4.437500	7.187500
4.437500	7.312500
4.437500	7.437500
4.437500	7.562500
4.437500	7.687500
4.437500	7.812500
4.437500	7.937500
4.437500	8.062500
4.437500	8.187500
4.437500	8.312500
4.437500	8.437500
4.437500	8.562500
4.437500	8.687500
4.437500	8.812500
4.437500	8.937500
4.437500	9.062500
4.437500	9.187500
4.437500	9.312500
4.437500	9.437500
4.437500	9.562500
4.437500	9.687500
4.437500	9.812500
4.437500	9.937500
4.437500	10.062500
4.437500	10.187500
4.437500	10.312500
4.437500	10.437500
4.437500	10.562500
4.437500	10.687500
4.437500	10.812500
4.437500	10.937500
4.437500	11.062500
4.437500	11.187500
4.437500	11.312500
4.437500	11.437500
4.437500	11.562500
4.437500	11.687500
4.437500	11.812500
4.437500	11.937500
4.437500	12.062500
4.437500	12.187500
4.437500	12.312500
4.437500	12.437500
4.437500	12.562500
4.437500	12.687500
4.437500	12.812500
4.437500	12.937500
4.437500	13.062500
4.437500	13.187500
4.437500	13.312500
4.437500	13.437500
4.437500	13.562500
4.437500	13.687500
4.437500	13.812500
4.437500	13.937500
4.562500	0.062500
4.562500	0.187500
4.562500	0.312500
4.562500	0.437500
4.562500	0.562500
4.562500	0.687500
4.562500	0.812500
4.562500	0.937500
4.562500	1.062500
4.562500	1.187500
4.562500	1.312500
4.562500	1.437500
4.562500	1.562500
4.562500	1.687500
4.562500	1.812500
4.562500	1.937500
4.562500	2.062500
4.562500	2.187500
4.562500	2.312500
4.562500	2.437500
4.562500	2.562500
4.562500	2.687500
4.562500	2.812500
4.562500	2.937500
4.562500	3.062500
4.562500	3.187500
4.562500	3.312500
4.562500	3.437500
4.562500	3.562500
4.562500	3.687500
4.562500	3.812500
4.562500	3.937500
4.562500	4.062500
4.562500	4.187500
4.562500	4.312500
4.562500	4.437500
4.562500	4.562500
4.562500	4.687500
4.562500	4.812500
4.562500	4.937500
4.562500	5.062500
4.562500	5.187500
4.562500	5.312500
4.562500	5.437500
4.562500	5.562500
4.562500	5.687500
4.562500	5.812500
4.562500	5.937500
4.562500	6.062500
4.562500	6.187500
4.562500	6.312500
4.562500	6.437500
4.562500	6.562500
4.562500	6.687500
4.562500	6.812500
4.562500	6.937500
4.562500	7.062500
4.562500	7.187500
4.562500	7.312500
4.562500	7.437500
4.562500	7.562500
4.562500	7.687500
4.562500	7.812500
4.562500	7.937500
4.562500	8.062500
4.562500	8.187500
4.562500	8.312500
4.562500	8.437500
4.562500	8.562500
4.562500	8.687500
4.562500	8.812500
4.562500	8.937500
4.562500	9.062500
4.562500	9.187500
4.562500	9.312500
4.562500	9.437500
4.562500	9.562500
4.562500	9.687500
4.562500	9.812500
4.562500	9.937500
4.562500	10.062500
4.562500	10.187500
4.562500	10.312500
4.562500	10.437500
4.562500	10.562500
4.562500	10.687500
4.562500	10.812500
4.562500	10.937500
4.562500	11.062500
4.562500	11.187500
4.562500	11.312500
4.562500	11.437500
4.562500	11.562500
4.562500	11.687500
4.562500	11.812500
4.562500	11.937500
4.562500	12.062500
4.562500	12.187500
4.562500	12.312500
4.562500	12.437500
4.562500	12.562500
4.562500	12.687500
4.562500	12.812500
4.562500	12.937500
4.562500	13.062500
4.562500	13.187500
4.562500	13.312500
4.562500	13.437500
4.562500	13.562500
4.562500	13.687500
4.562500	13.812500
4.562500	13.937500
4.687500	0.062500
4.687500	0.187500
4.687500	0.312500
4.687500	0.437500
4.687500	0.562500
4.687500	0.687500
4.687500	0.812500
4.687500	0.937500
4.687500	1.062500
4.687500	1.187500
4.687500	1.312500
4.687500	1.437500
4.687500	1.562500
4.687500	1.687500
4.687500	1.812500
4.687500	1.937500
4.687500	2.062500
4.687500	2.187500
4.687500	2.312500
4.687500	2.437500
4.687500	2.562500
4.687500	2.687500
4.687500	2.812500
4.687500	2.937500
4.687500	3.062500
4.687500	3.187500
4.687500	3.312500
4.687500	3.437500
4.687500	3.562500
4.687500	3.687500
4.687500	3.812500
4.687500	3.937500
4.687500	4.062500
4.687500	4.187500
4.687500	4.312500
4.687500	4.437500
4.687500	4.562500
4.687500	4.687500
4.687500	4.812500
4.687500	4.937500
4.687500	5.062500
4.687500	5.187500
4.687500	5.312500
4.687500	5.437500
4.687500	5.562500
4.687500	5.687500
4.687500	5.812500
4.687500	5.937500
4.687500	6.062500
4.687500	6.187500
4.687500	6.312500
4.687500	6.437500
4.687500	6.562500
4.687500	6.687500
4.687500	6.812500
4.687500	6.937500
4.687500	7.062500
4.687500	7.187500
4.687500	7.312500
4.687500	7.437500
4.687500	7.562500
4.687500	7.687500
4.687500	7.812500
4.687500	7.937500
4.687500	8.062500
4.687500	8.187500
4.687500	8.312500
4.687500	8.437500
4.687500	8.562500
4.687500	8.687500
4.687500	8.812500
4.687500	8.937500
4.687500	9.062500
4.687500	9.187500
4.687500	9.312500
4.687500	9.437500
4.687500	9.562500
4.687500	9.687500
4.687500	9.812500
4.687500	9.937500
4.687500	10.062500
4.687500	10.187500
4.687500	10.312500
4.687500	10.437500
4.687500	10.562500
4.687500	10.687500
4.687500	10.812500
4.687500	10.937500
4.687500	11.062500
4.687500	11.187500
4.687500	11.312500
4.687500	11.437500
4.687500	11.562500
4.687500	11.687500
4.687500	11.812500
4.687500	11.937500
4.687500	12.062500
4.687500	12.187500
4.687500	12.312500
4.687500	12.437500
4.687500	12.562500
4.687500	12.687500
4.687500	12.812500
4.687500	12.937500
4.687500	13.062500
4.687500	13.187500
4.687500	13.312500
4.687500	13.437500
4.687500	13.562500
4.687500	13.687500
4.687500	13.812500
4.687500	13.937500
4.812500	0.062500
4.812500	0.187500
4.812500	0.312500
4.812500	0.437500
4.812500	0.562500
4.812500	0.687500
4.812500	0.812500
4.812500	0.937500
4.812500	1.062500
4.812500	1.187500
4.812500	1.312500
4.812500	1.437500
4.812500	1.562500
4.812500	1.687500
4.812500	1.812500
4.812500	1.937500
4.812500	2.062500
4.812500	2.187500
4.812500	2.312500
4.812500	2.437500
4.812500	2.562500
4.812500	2.687500
4.812500	2.812500
4.812500	2.937500
4.812500	3.062500
4.812500	3.187500
4.812500	3.312500
4.812500	3.437500
4.812500	3.562500
4.812500	3.687500
4.812500	3.812500
4.812500	3.937500
4.812500	4.062500
4.812500	4.187500
4.812500	4.312500
4.812500	4.437500
4.812500	4.562500
4.812500	4.687500
4.812500	4.812500
4.812500	4.937500
4.812500	5.062500
4.812500	5.187500
4.812500	5.312500
4.812500	5.437500
4.812500	5.562500
4.812500	5.687500
4.812500	5.812500
4.812500	5.937500
4.812500	6.062500
4.812500	6.187500
4.812500	6.312500
4.812500	6.437500
4.812500	6.562500
4.812500	6.687500
4.812500	6.812500
4.812500	6.937500
4.812500	7.062500
4.812500	7.187500
4.812500	7.312500
4.812500	7.437500
4.812500	7.562500
4.812500	7.687500
4.812500	7.812500
4.812500	7.937500
4.812500	8.062500
4.812500	8.187500
4.812500	8.312500
4.812500	8.437500
4.812500	8.562500
4.812500	8.687500
4.812500	8.812500
4.812500	8.937500
4.812500	9.062500
4.812500	9.187500
4.812500	9.312500
4.812500	9.437500
4.812500	9.562500
4.812500	9.687500
4.812500	9.812500
4.812500	9.937500
4.812500	10.062500
4.812500	10.187500
4.812500	10.312500
4.812500	10.437500
4.812500	10.562500
4.812500	10.687500
4.812500	10.812500
4.812500	10.937500
4.812500	11.062500
4.812500	11.187500
4.812500	11.312500
4.812500	11.437500
4.812500	11.562500
4.812500	11.687500
4.812500	11.812500
4.812500	11.937500
4.812500	12.062500
4.812500	12.187500
4.812500	12.312500
4.812500	12.437500
4.812500	12.562500
4.812500	12.687500
4.812500	12.812500
4.812500	12.937500
4.812500	13.062500
4.812500	13.187500
4.812500	13.312500
4.812500	13.437500
4.812500	13.562500
4.812500	13.687500
4.812500	13.812500
4.812500	13.937500
4.937500	0.062500
4.937500	0.187500
4.937500	0.312500
4.937500	0.437500
4.937500	0.562500
4.937500	0.687500
4.937500	0.812500
4.937500	0.937500
4.937500	1.062500
4.937500	1.187500
4.937500	1.312500
4.937500	1.437500
4.937500	1.562500
4.937500	1.687500
4.937500	1.812500
4.937500	1.937500
4.937500	2.062500
4.937500	2.187500
4.937500	2.312500
4.937500	2.437500
4.937500	2.562500
4.937500	2.687500
4.937500	2.812500
4.937500	2.937500
4.937500	3.062500
4.937500	3.187500
4.937500	3.312500
4.937500	3.437500
4.937500	3.562500
4.937500	3.687500
4.937500	3.812500
4.937500	3.937500
4.937500	4.062500
4.937500	4.187500
4.937500	4.312500
4.937500	4.437500
4.937500	4.562500
4.937500	4.687500
4.937500	4.812500
4.937500	4.937500
4.937500	5.062500
4.937500	5.187500
4.937500	5.312500
4.937500	5.437500
4.937500	5.562500
4.937500	5.687500
4.937500	5.812500
4.937500	5.937500
4.937500	6.062500
4.937500	6.187500
4.937500	6.312500
4.937500	6.437500
4.937500	6.562500
4.937500	6.687500
4.937500	6.812500
4.937500	6.937500
4.937500	7.062500
4.937500	7.187500
4.937500	7.312500
4.937500	7.437500
4.937500	7.562500
4.937500	7.687500
4.937500	7.812500
4.937500	7.937500
4.937500	8.062500
4.937500	8.187500
4.937500	8.312500
4.937500	8.437500
4.937500	8.562500
4.937500	8.687500
4.937500	8.812500
4.937500	8.937500
4.937500	9.062500
4.937500	9.187500
4.937500	9.312500
4.937500	9.437500
4.937500	9.562500
4.937500	9.687500
4.937500	9.812500
4.937500	9.937500
4.937500	10.062500
4.937500	10.187500
4.937500	10.312500
4.937500	10.437500
4.937500	10.562500
4.937500	10.687500
4.937500	10.812500
4.937500	10.937500
4.937500	11.062500
4.937500	11.187500
4.937500	11.312500
4.937500	11.437500
4.937500	11.562500
4.937500	11.687500
4.937500	11.812500
4.937500	11.937500
4.937500	12.062500
4.937500	12.187500
4.937500	12.312500
4.937500	12.437500
4.937500	12.562500
4.937500	12.687500
4.937500	12.812500
4.937500	12.937500
4.937500	13.062500
4.937500	13.187500
4.937500	13.312500
4.937500	13.437500
4.937500	13.562500
4.937500	13.687500
4.937500	13.812500
4.937500	13.937500
5.062500	0.062500
5.062500	0.187500
5.062500	0.312500
5.062500	0.437500
5.062500	0.562500
5.062500	0.687500
5.062500	0.812500
5.062500	0.937500
5.062500	1.062500
5.062500	1.187500
5.062500	1.312500
5.062500	1.437500
5.062500	1.562500
5.062500	1.687500
5.062500	1.812500
5.062500	1.937500
5.062500	2.062500
5.062500	2.187500
5.062500	2.312500
5.062500	2.437500
5.062500	2.562500
5.062500	2.687500
5.062500	2.812500
5.062500	2.937500
5.062500	3.062500
5.062500	3.187500
5.062500	3.312500
5.062500	3.437500
5.062500	3.562500
5.062500	3.687500
5.062500	3.812500
5.062500	3.937500
5.062500	4.062500
5.062500	4.187500
5.062500	4.312500
5.062500	4.437500
5.062500	4.562500
5.062500	4.687500
5.062500	4.812500
5.062500	4.937500
5.062500	5.062500
5.062500	5.187500
5.062500	5.312500
5.062500	5.437500
5.062500	5.562500
5.062500	5.687500
5.062500	5.812500
5.062500	5.937500
5.062500	6.062500
5.062500	6.187500
5.062500	6.312500
5.062500	6.437500
5.062500	6.562500
5.062500	6.687500
5.062500	6.812500
5.062500	6.937500
5.062500	7.062500
5.062500	7.187500
5.062500	7.312500
5.062500	7.437500
5.062500	7.562500
5.062500	7.687500
5.062500	7.812500
5.062500	7.937500
5.062500	8.062500
5.062500	8.187500
5.062500	8.312500
5.062500	8.437500
5.062500	8.562500
5.062500	8.687500
5.062500	8.812500
5.062500	8.937500
5.062500	9.062500
5.062500	9.187500
5.062500	9.312500
5.062500	9.437500
5.062500	9.562500
5.062500	9.687500
5.062500	9.812500
5.062500	9.937500
5.062500	10.062500
5.062500	10.187500
5.062500	10.312500
5.062500	10.437500
5.062500	10.562500
5.062500	10.687500
5.062500	10.812500
5.062500	10.937500
5.062500	11.062500
5.062500	11.187500
5.062500	11.312500
5.062500	11.437500
5.062500	11.562500
5.062500	11.687500
5.062500	11.812500
5.062500	11.937500
5.062500	12.062500
5.062500	12.187500
5.062500	12.312500
5.062500	12.437500
5.062500	12.562500
5.062500	12.687500
5.062500	12.812500
5.062500	12.937500
5.062500	13.062500
5.062500	13.187500
5.062500	13.312500
5.062500	13.437500
5.062500	13.562500
5.062500	13.687500
5.062500	13.812500
5.062500	13.937500
5.187500	0.062500
5.187500	0.187500
5.187500	0.312500
5.187500	0.437500
5.187500	0.562500
5.187500	0.687500
5.187500	0.812500
5.187500	0.937500
5.187500	1.062500
5.187500	1.187500
5.187500	1.312500
5.187500	1.437500
5.187500	1.562500
5.187500	1.687500
5.187500	1.812500
5.187500	1.937500
5.187500	2.062500
5.187500	2.187500
5.187500	2.312500
5.187500	2.437500
5.187500	2.562500
5.187500	2.687500
5.187500	2.812500
5.187500	2.937500
5.187500	3.062500
5.187500	3.187500
5.187500	3.312500
5.187500	3.437500
5.187500	3.562500
5.187500	3.687500
5.187500	3.812500
5.187500	3.937500
5.187500	4.062500
5.187500	4.187500
5.187500	4.312500
5.187500	4.437500
5.187500	4.562500
5.187500	4.687500
5.187500	4.812500
5.187500	4.937500
5.187500	5.062500
5.187500	5.187500
5.187500	5.312500
5.187500	5.437500
5.187500	5.562500
5.187500	5.687500
5.187500	5.812500
5.187500	5.937500
5.187500	6.062500
5.187500	6.187500
5.187500	6.312500
5.187500	6.437500
5.187500	6.562500
5.187500	6.687500
5.187500	6.812500
5.187500	6.937500
5.187500	7.062500
5.187500	7.187500
5.187500	7.312500
5.187500	7.437500
5.187500	7.562500
5.187500	7.687500
5.187500	7.812500
5.187500	7.937500
5.187500	8.062500
5.187500	8.187500
5.187500	8.312500
5.187500	8.437500
5.187500	8.562500
5.187500	8.687500
5.187500	8.812500
5.187500	8.937500
5.187500	9.062500
5.187500	9.187500
5.187500	9.312500
5.187500	9.437500
5.187500	9.562500
5.187500	9.687500
5.187500	9.812500
5.187500	9.937500
5.187500	10.062500
5.187500	10.187500
5.187500	10.312500
5.187500	10.437500
5.187500	10.562500
5.187500	10.687500
5.187500	10.812500
5.187500	10.937500
5.187500	11.062500
5.187500	11.187500
5.187500	11.312500
5.187500	11.437500
5.187500	11.562500
5.187500	11.687500
5.187500	11.812500
5.187500	11.937500
5.187500	12.062500
5.187500	12.187500
5.187500	12.312500
5.187500	12.437500
5.187500	12.562500
5.187500	12.687500
5.187500	12.812500
5.187500	12.937500
5.187500	13.062500
5.187500	13.187500
5.187500	13.312500
5.187500	13.437500
5.187500	13.562500
5.187500	13.687500
5.187500	13.812500
5.187500	13.937500
5.312500	0.062500
5.312500	0.187500
5.312500	0.312500
5.312500	0.437500
5.312500	0.562500
5.312500	0.687500
5.312500	0.812500
5.312500	0.937500
5.312500	1.062500
5.312500	1.187500
5.312500	1.312500
5.312500	1.437500
5.312500	1.562500
5.312500	1.687500
5.312500	1.812500
5.312500	1.937500
5.312500	2.062500
5.312500	2.187500
5.312500	2.312500
5.312500	2.437500
5.312500	2.562500
5.312500	2.687500
5.312500	2.812500
5.312500	2.937500
5.312500	3.062500
5.312500	3.187500
5.312500	3.312500
5.312500	3.437500
5.312500	3.562500
5.312500	3.687500
5.312500	3.812500
5.312500	3.937500
5.312500	4.062500
5.312500	4.187500
5.312500	4.312500
5.312500	4.437500
5.312500	4.562500
5.312500	4.687500
5.312500	4.812500
5.312500	4.937500
5.312500	5.062500
5.312500	5.187500
5.312500	5.312500
5.312500	5.437500
5.312500	5.562500
5.312500	5.687500
5.312500	5.812500
5.312500	5.937500
5.312500	6.062500
5.312500	6.187500
5.312500	6.312500
5.312500	6.437500
5.312500	6.562500
5.312500	6.687500
5.312500	6.812500
5.312500	6.937500
5.312500	7.062500
5.312500	7.187500
5.312500	7.312500
5.312500	7.437500
5.312500	7.562500
5.312500	7.687500
5.312500	7.812500
5.312500	7.937500
5.312500	8.062500
5.312500	8.187500
5.312500	8.312500
5.312500	8.437500
5.312500	8.562500
5.312500	8.687500
5.312500	8.812500
5.312500	8.937500
5.312500	9.062500
5.312500	9.187500
5.312500	9.312500
5.312500	9.437500
5.312500	9.562500
5.312500	9.687500
5.312500	9.812500
5.312500	9.937500
5.312500	10.062500
5.312500	10.187500
5.312500	10.312500
5.312500	10.437500
5.312500	10.562500
5.312500	10.687500
5.312500	10.812500
5.312500	10.937500
5.312500	11.062500
5.312500	11.187500
5.312500	11.312500
5.312500	11.437500
5.312500	11.562500
5.312500	11.687500
5.312500	11.812500
5.312500	11.937500
5.312500	12.062500
5.312500	12.187500
5.312500	12.312500
5.312500	12.437500
5.312500	12.562500
5.312500	12.687500
5.312500	12.812500
5.312500	12.937500
5.312500	13.062500
5.312500	13.187500
5.312500	13.312500
5.312500	13.437500
5.312500	13.562500
5.312500	13.687500
5.312500	13.812500
5.312500	13.937500
5.437500	0.062500
5.437500	0.187500
5.437500	0.312500
5.437500	0.437500
5.437500	0.562500
5.437500	0.687500
5.437500	0.812500
5.437500	0.937500
5.437500	1.062500
5.437500	1.187500
5.437500	1.312500
5.437500	1.437500
5.437500	1.562500
5.437500	1.687500
5.437500	1.812500
5.437500	1.937500
5.437500	2.062500
5.437500	2.187500
5.437500	2.312500
5.437500	2.437500
5.437500	2.562500
5.437500	2.687500
5.437500	2.812500
5.437500	2.937500
5.437500	3.062500
5.437500	3.187500
5.437500	3.312500
5.437500	3.437500
5.437500	3.562500
5.437500	3.687500
5.437500	3.812500
5.437500	3.937500
5.437500	4.062500
5.437500	4.187500
5.437500	4.312500
5.437500	4.437500
5.437500	4.562500
5.437500	4.687500
5.437500	4.812500
5.437500	4.937500
5.437500	5.062500
5.437500	5.187500
5.437500	5.312500
5.437500	5.437500
5.437500	5.562500
5.437500	5.687500
5.437500	5.812500
5.437500	5.937500
5.437500	6.062500
5.437500	6.187500
5.437500	6.312500
5.437500	6.437500
5.437500	6.562500
5.437500	6.687500
5.437500	6.812500
5.437500	6.937500
5.437500	7.062500
5.437500	7.187500
5.437500	7.312500
5.437500	7.437500
5.437500	7.562500
5.437500	7.687500
5.437500	7.812500
5.437500	7.937500
5.437500	8.062500
5.437500	8.187500
5.437500	8.312500
5.437500	8.437500
5.437500	8.562500
5.437500	8.687500
5.437500	8.812500
5.437500	8.937500
5.437500	9.062500
5.437500	9.187500
5.437500	9.312500
5.437500	9.437500
5.437500	9.562500
5.437500	9.687500
5.437500	9.812500
5.437500	9.937500
5.437500	10.062500
5.437500	10.187500
5.437500	10.312500
5.437500	10.437500
5.437500	10.562500
5.437500	10.687500
5.437500	10.812500
5.437500	10.937500
5.437500	11.062500
5.437500	11.187500
5.437500	11.312500
5.437500	11.437500
5.437500	11.562500
5.437500	11.687500
5.437500	11.812500
5.437500	11.937500
5.437500	12.062500
5.437500	12.187500
5.437500	12.312500
5.437500	12.437500
5.437500	12.562500
5.437500	12.687500
5.437500	12.812500
5.437500	12.937500
5.437500	13.062500
5.437500	13.187500
5.437500	13.312500
5.437500	13.437500
5.437500	13.562500
5.437500	13.687500
5.437500	13.812500
5.437500	13.937500
5.562500	0.062500
5.562500	0.187500
5.562500	0.312500
5.562500	0.437500
5.562500	0.562500
5.562500	0.687500
5.562500	0.812500
5.562500	0.937500
5.562500	1.062500
5.562500	1.187500
5.562500	1.312500
5.562500	1.437500
5.562500	1.562500
5.562500	1.687500
5.562500	1.812500
5.562500	1.937500
5.562500	2.062500
5.562500	2.187500
5.562500	2.312500
5.562500	2.437500
5.562500	2.562500
5.562500	2.687500
5.562500	2.812500
5.562500	2.937500
5.562500	3.062500
5.562500	3.187500
5.562500	3.312500
5.562500	3.437500
5.562500	3.562500
5.562500	3.687500
5.562500	3.812500
5.562500	3.937500
5.562500	4.062500
5.562500	4.187500
5.562500	4.312500
5.562500	4.437500
5.562500	4.562500
5.562500	4.687500
5.562500	4.812500
5.562500	4.937500
5.562500	5.062500
5.562500	5.187500
5.562500	5.312500
5.562500	5.437500
5.562500	5.562500
5.562500	5.687500
5.562500	5.812500
5.562500	5.937500
5.562500	6.062500
5.562500	6.187500
5.562500	6.312500
5.562500	6.437500
5.562500	6.562500
5.562500	6.687500
5.562500	6.812500
5.562500	6.937500
5.562500	7.062500
5.562500	7.187500
5.562500	7.312500
5.562500	7.437500
5.562500	7.562500
5.562500	7.687500
5.562500	7.812500
5.562500	7.937500
5.562500	8.062500
5.562500	8.187500
5.562500	8.312500
5.562500	8.437500
5.562500	8.562500
5.562500	8.687500
5.562500	8.812500
5.562500	8.937500
5.562500	9.062500
5.562500	9.187500
5.562500	9.312500
5.562500	9.437500
5.562500	9.562500
5.562500	9.687500
5.562500	9.812500
5.562500	9.937500
5.562500	10.062500
5.562500	10.187500
5.562500	10.312500
5.562500	10.437500
5.562500	10.562500
5.562500	10.687500
5.562500	10.812500
5.562500	10.937500
5.562500	11.062500
5.562500	11.187500
5.562500	11.312500
5.562500	11.437500
5.562500	11.562500
5.562500	11.687500
5.562500	11.812500
5.562500	11.937500
5.562500	12.062500
5.562500	12.187500
5.562500	12.312500
5.562500	12.437500
5.562500	12.562500
5.562500	12.687500
5.562500	12.812500
5.562500	12.937500
5.562500	13.062500
5.562500	13.187500
5.562500	13.312500
5.562500	13.437500
5.562500	13.562500
5.562500	13.687500
5.562500	13.812500
5.562500	13.937500
5.687500	0.062500
5.687500	0.187500
5.687500	0.312500
5.687500	0.437500
5.687500	0.562500
5.687500	0.687500
5.687500	0.812500
5.687500	0.937500
5.687500	1.062500
5.687500	1.187500
5.687500	1.312500
5.687500	1.437500
5.687500	1.562500
5.687500	1.687500
5.687500	1.812500
5.687500	1.937500
5.687500	2.062500
5.687500	2.187500
5.687500	2.312500
5.687500	2.437500
5.687500	2.562500
5.687500	2.687500
5.687500	2.812500
5.687500	2.937500
5.687500	3.062500
5.687500	3.187500
5.687500	3.312500
5.687500	3.437500
5.687500	3.562500
5.687500	3.687500
5.687500	3.812500
5.687500	3.937500
5.687500	4.062500
5.687500	4.187500
5.687500	4.312500
5.687500	4.437500
5.687500	4.562500
5.687500	4.687500
5.687500	4.812500
5.687500	4.937500
5.687500	5.062500
5.687500	5.187500
5.687500	5.312500
5.687500	5.437500
5.687500	5.562500
5.687500	5.687500
5.687500	5.812500
5.687500	5.937500
5.687500	6.062500
5.687500	6.187500
5.687500	6.312500
5.687500	6.437500
5.687500	6.562500
5.687500	6.687500
5.687500	6.812500
5.687500	6.937500
5.687500	7.062500
5.687500	7.187500
5.687500	7.312500
5.687500	7.437500
5.687500	7.562500
5.687500	7.687500
5.687500	7.812500
5.687500	7.937500
5.687500	8.062500
5.687500	8.187500
5.687500	8.312500
5.687500	8.437500
5.687500	8.562500
5.687500	8.687500
5.687500	8.812500
5.687500	8.937500
5.687500	9.062500
5.687500	9.187500
5.687500	9.312500
5.687500	9.437500
5.687500	9.562500
5.687500	9.687500
5.687500	9.812500
5.687500	9.937500
5.687500	10.062500
5.687500	10.187500
5.687500	10.312500
5.687500	10.437500
5.687500	10.562500
5.687500	10.687500
5.687500	10.812500
5.687500	10.937500
5.687500	11.062500
5.687500	11.187500
5.687500	11.312500
5.687500	11.437500
5.687500	11.562500
5.687500	11.687500
5.687500	11.812500
5.687500	11.937500
5.687500	12.062500
5.687500	12.187500
5.687500	12.312500
5.687500	12.437500
5.687500	12.562500
5.687500	12.687500
5.687500	12.812500
5.687500	12.937500
5.687500	13.062500
5.687500	13.187500
5.687500	13.312500
5.687500	13.437500
5.687500	13.562500
5.687500	13.687500
5.687500	13.812500
5.687500	13.937500
5.812500	0.062500
5.812500	0.187500
5.812500	0.312500
5.812500	0.437500
5.812500	0.562500
5.812500	0.687500
5.812500	0.812500
5.812500	0.937500
5.812500	1.062500
5.812500	1.187500
5.812500	1.312500
5.812500	1.437500
5.812500	1.562500
5.812500	1.687500
5.812500	1.812500
5.812500	1.937500
5.812500	2.062500
5.812500	2.187500
5.812500	2.312500
5.812500	2.437500
5.812500	2.562500
5.812500	2.687500
5.812500	2.812500
5.812500	2.937500
5.812500	3.062500
5.812500	3.187500
5.812500	3.312500
5.812500	3.437500
5.812500	3.562500
5.812500	3.687500
5.812500	3.812500
5.812500	3.937500
5.812500	4.062500
5.812500	4.187500
5.812500	4.312500
5.812500	4.437500
5.812500	4.562500
5.812500	4.687500
5.812500	4.812500
5.812500	4.937500
5.812500	5.062500
5.812500	5.187500
5.812500	5.312500
5.812500	5.437500
5.812500	5.562500
5.812500	5.687500
5.812500	5.812500
5.812500	5.937500
5.812500	6.062500
5.812500	6.187500
5.812500	6.312500
5.812500	6.437500
5.812500	6.562500
5.812500	6.687500
5.812500	6.812500
5.812500	6.937500
5.812500	7.062500
5.812500	7.187500
5.812500	7.312500
5.812500	7.437500
5.812500	7.562500
5.812500	7.687500
5.812500	7.812500
5.812500	7.937500
5.812500	8.062500
5.812500	8.187500
5.812500	8.312500
5.812500	8.437500
5.812500	8.562500
5.812500	8.687500
5.812500	8.812500
5.812500	8.937500
5.812500	9.062500
5.812500	9.187500
5.812500	9.312500
5.812500	9.437500
5.812500	9.562500
5.812500	9.687500
5.812500	9.812500
5.812500	9.937500
5.812500	10.062500
5.812500	10.187500
5.812500	10.312500
5.812500	10.437500
5.812500	10.562500
5.812500	10.687500
5.812500	10.812500
5.812500	10.937500
5.812500	11.062500
5.812500	11.187500
5.812500	11.312500
5.812500	11.437500
5.812500	11.562500
5.812500	11.687500
5.812500	11.812500
5.812500	11.937500
5.812500	12.062500
5.812500	12.187500
5.812500	12.312500
5.812500	12.437500
5.812500	12.562500
5.812500	12.687500
5.812500	12.812500
5.812500	12.937500
5.812500	13.062500
5.812500	13.187500
5.812500	13.312500
5.812500	13.437500
5.812500	13.562500
5.812500	13.687500
5.812500	13.812500
5.812500	13.937500
5.937500	0.062500
5.937500	0.187500
5.937500	0.312500
5.937500	0.437500
5.937500	0.562500
5.937500	0.687500
5.937500	0.812500
5.937500	0.937500
5.937500	1.062500
5.937500	1.187500
5.937500	1.312500
5.937500	1.437500
5.937500	1.562500
5.937500	1.687500
5.937500	1.812500
5.937500	1.937500
5.937500	2.062500
5.937500	2.187500
5.937500	2.312500
5.937500	2.437500
5.937500	2.562500
5.937500	2.687500
5.937500	2.812500
5.937500	2.937500
5.937500	3.062500
5.937500	3.187500
5.937500	3.312500
5.937500	3.437500
5.937500	3.562500
5.937500	3.687500
5.937500	3.812500
5.937500	3.937500
5.937500	4.062500
5.937500	4.187500
5.937500	4.312500
5.937500	4.437500
5.937500	4.562500
5.937500	4.687500
5.937500	4.812500
5.937500	4.937500
5.937500	5.062500
5.937500	5.187500
5.937500	5.312500
5.937500	5.437500
5.937500	5.562500
5.937500	5.687500
5.937500	5.812500
5.937500	5.937500
5.937500	6.062500
5.937500	6.187500
5.937500	6.312500
5.937500	6.437500
5.937500	6.562500
5.937500	6.687500
5.937500	6.812500
5.937500	6.937500
5.937500	7.062500
5.937500	7.187500
5.937500	7.312500
5.937500	7.437500
5.937500	7.562500
5.937500	7.687500
5.937500	7.812500
5.937500	7.937500
5.937500	8.062500
5.937500	8.187500
5.937500	8.312500
5.937500	8.437500
5.937500	8.562500
5.937500	8.687500
5.937500	8.812500
5.937500	8.937500
5.937500	9.062500
5.937500	9.187500
5.937500	9.312500
5.937500	9.437500
5.937500	9.562500
5.937500	9.687500
5.937500	9.812500
5.937500	9.937500
5.937500	10.062500
5.937500	10.187500
5.937500	10.312500
5.937500	10.437500
5.937500	10.562500
5.937500	10.687500
5.937500	10.812500
5.937500	10.937500
5.937500	11.062500
5.937500	11.187500
5.937500	11.312500
5.937500	11.437500
5.937500	11.562500
5.937500	11.687500
5.937500	11.812500
5.937500	11.937500
5.937500	12.062500
5.937500	12.187500
5.937500	12.312500
5.937500	12.437500
5.937500	12.562500
5.937500	12.687500
5.937500	12.812500
5.937500	12.937500
5.937500	13.062500
5.937500	13.187500
5.937500	13.312500
5.937500	13.437500
5.937500	13.562500
5.937500	13.687500
5.937500	13.812500
5.937500	13.937500
6.062500	0.062500
6.062500	0.187500
6.062500	0.312500
6.062500	0.437500
6.062500	0.562500
6.062500	0.687500
6.062500	0.812500
6.062500	0.937500
6.062500	1.062500
6.062500	1.187500
6.062500	1.312500
6.062500	1.437500
6.062500	1.562500
6.062500	1.687500
6.062500	1.812500
6.062500	1.937500
6.062500	2.062500
6.062500	2.187500
6.062500	2.312500
6.062500	2.437500
6.062500	2.562500
6.062500	2.687500
6.062500	2.812500
6.062500	2.937500
6.062500	3.062500
6.062500	3.187500
6.062500	3.312500
6.062500	3.437500
6.062500	3.562500
6.062500	3.687500
6.062500	3.812500
6.062500	3.937500
6.062500	4.062500
6.062500	4.187500
6.062500	4.312500
6.062500	4.437500
6.062500	4.562500
6.062500	4.687500
6.062500	4.812500
6.062500	4.937500
6.062500	5.062500
6.062500	5.187500
6.062500	5.312500
6.062500	5.437500
6.062500	5.562500
6.062500	5.687500
6.062500	5.812500
6.062500	5.937500
6.062500	6.062500
6.062500	6.187500
6.062500	6.312500
6.062500	6.437500
6.062500	6.562500
6.062500	6.687500
6.062500	6.812500
6.062500	6.937500
6.062500	7.062500
6.062500	7.187500
6.062500	7.312500
6.062500	7.437500
6.062500	7.562500
6.062500	7.687500
6.062500	7.812500
6.062500	7.937500
6.062500	8.062500
6.062500	8.187500
6.062500	8.312500
6.062500	8.437500
6.062500	8.562500
6.062500	8.687500
6.062500	8.812500
6.062500	8.937500
6.062500	9.062500
6.062500	9.187500
6.062500	9.312500
6.062500	9.437500
6.062500	9.562500
6.062500	9.687500
6.062500	9.812500
6.062500	9.937500
6.062500	10.062500
6.062500	10.187500
6.062500	10.312500
6.062500	10.437500
6.062500	10.562500
6.062500	10.687500
6.062500	10.812500
6.062500	10.937500
6.062500	11.062500
6.062500	11.187500
6.062500	11.312500
6.062500	11.437500
6.062500	11.562500
6.062500	11.687500
6.062500	11.812500
6.062500	11.937500
6.062500	12.062500
6.062500	12.187500
6.062500	12.312500
6.062500	12.437500
6.062500	12.562500
6.062500	12.687500
6.062500	12.812500
6.062500	12.937500
6.062500	13.062500
6.062500	13.187500
6.062500	13.312500
6.062500	13.437500
6.062500	13.562500
6.062500	13.687500
6.062500	13.812500
6.062500	13.937500
6.187500	0.062500
6.187500	0.187500
6.187500	0.312500
6.187500	0.437500
6.187500	0.562500
6.187500	0.687500
6.187500	0.812500
6.187500	0.937500
6.187500	1.062500
6.187500	1.187500
6.187500	1.312500
6.187500	1.437500
6.187500	1.562500
6.187500	1.687500
6.187500	1.812500
6.187500	1.937500
6.187500	2.062500
6.187500	2.187500
6.187500	2.312500
6.187500	2.437500
6.187500	2.562500
6.187500	2.687500
6.187500	2.812500
6.187500	2.937500
6.187500	3.062500
6.187500	3.187500
6.187500	3.312500
6.187500	3.437500
6.187500	3.562500
6.187500	3.687500
6.187500	3.812500
6.187500	3.937500
6.187500	4.062500
6.187500	4.187500
6.187500	4.312500
6.187500	4.437500
6.187500	4.562500
6.187500	4.687500
6.187500	4.812500
6.187500	4.937500
6.187500	5.062500
6.187500	5.187500
6.187500	5.312500
6.187500	5.437500
6.187500	5.562500
6.187500	5.687500
6.187500	5.812500
6.187500	5.937500
6.187500	6.062500
6.187500	6.187500
6.187500	6.312500
6.187500	6.437500
6.187500	6.562500
6.187500	6.687500
6.187500	6.812500
6.187500	6.937500
6.187500	7.062500
6.187500	7.187500
6.187500	7.312500
6.187500	7.437500
6.187500	7.562500
6.187500	7.687500
6.187500	7.812500
6.187500	7.937500
6.187500	8.062500
6.187500	8.187500
6.187500	8.312500
6.187500	8.437500
6.187500	8.562500
6.187500	8.687500
6.187500	8.812500
6.187500	8.937500
6.187500	9.062500
6.187500	9.187500
6.187500	9.312500
6.187500	9.437500
6.187500	9.562500
6.187500	9.687500
6.187500	9.812500
6.187500	9.937500
6.187500	10.062500
6.187500	10.187500
6.187500	10.312500
6.187500	10.437500
6.187500	10.562500
6.187500	10.687500
6.187500	10.812500
6.187500	10.937500
6.187500	11.062500
6.187500	11.187500
6.187500	11.312500
6.187500	11.437500
6.187500	11.562500
6.187500	11.687500
6.187500	11.812500
6.187500	11.937500
6.187500	12.062500
6.187500	12.187500
6.187500	12.312500
6.187500	12.437500
6.187500	12.562500
6.187500	12.687500
6.187500	12.812500
6.187500	12.937500
6.187500	13.062500
6.187500	13.187500
6.187500	13.312500
6.187500	13.437500
6.187500	13.562500
6.187500	13.687500
6.187500	13.812500
6.187500	13.937500
6.312500	0.062500
6.312500	0.187500
6.312500	0.312500
6.312500	0.437500
6.312500	0.562500
6.312500	0.687500
6.312500	0.812500
6.312500	0.937500
6.312500	1.062500
6.312500	1.187500
6.312500	1.312500
6.312500	1.437500
6.312500	1.562500
6.312500	1.687500
6.312500	1.812500
6.312500	1.937500
6.312500	2.062500
6.312500	2.187500
6.312500	2.312500
6.312500	2.437500
6.312500	2.562500
6.312500	2.687500
6.312500	2.812500
6.312500	2.937500
6.312500	3.062500
6.312500	3.187500
6.312500	3.312500
6.312500	3.437500
6.312500	3.562500
6.312500	3.687500
6.312500	3.812500
6.312500	3.937500
6.312500	4.062500
6.312500	4.187500
6.312500	4.312500
6.312500	4.437500
6.312500	4.562500
6.312500	4.687500
6.312500	4.812500
6.312500	4.937500
6.312500	5.062500
6.312500	5.187500
6.312500	5.312500
6.312500	5.437500
6.312500	5.562500
6.312500	5.687500
6.312500	5.812500
6.312500	5.937500
6.312500	6.062500
6.312500	6.187500
6.312500	6.312500
6.312500	6.437500
6.312500	6.562500
6.312500	6.687500
6.312500	6.812500
6.312500	6.937500
6.312500	7.062500
6.312500	7.187500
6.312500	7.312500
6.312500	7.437500
6.312500	7.562500
6.312500	7.687500
6.312500	7.812500
6.312500	7.937500
6.312500	8.062500
6.312500	8.187500
6.312500	8.312500
6.312500	8.437500
6.312500	8.562500
6.312500	8.687500
6.312500	8.812500
6.312500	8.937500
6.312500	9.062500
6.312500	9.187500
6.312500	9.312500
6.312500	9.437500
6.312500	9.562500
6.312500	9.687500
6.312500	9.812500
6.312500	9.937500
6.312500	10.062500
6.312500	10.187500
6.312500	10.312500
6.312500	10.437500
6.312500	10.562500
6.312500	10.687500
6.312500	10.812500
6.312500	10.937500
6.312500	11.062500
6.312500	11.187500
6.312500	11.312500
6.312500	11.437500
6.312500	11.562500
6.312500	11.687500
6.312500	11.812500
6.312500	11.937500
6.312500	12.062500
6.312500	12.187500
6.312500	12.312500
6.312500	12.437500
6.312500	12.562500
6.312500	12.687500
6.312500	12.812500
6.312500	12.937500
6.312500	13.062500
6.312500	13.187500
6.312500	13.312500
6.312500	13.437500
6.312500	13.562500
6.312500	13.687500
6.312500	13.812500
6.312500	13.937500
6.437500	0.062500
6.437500	0.187500
6.437500	0.312500
6.437500	0.437500
6.437500	0.562500
6.437500	0.687500
6.437500	0.812500
6.437500	0.937500
6.437500	1.062500
6.437500	1.187500
6.437500	1.312500
6.437500	1.437500
6.437500	1.562500
6.437500	1.687500
6.437500	1.812500
6.437500	1.937500
6.437500	2.062500
6.437500	2.187500
6.437500	2.312500
6.437500	2.437500
6.437500	2.562500
6.437500	2.687500
6.437500	2.812500
6.437500	2.937500
6.437500	3.062500
6.437500	3.187500
6.437500	3.312500
6.437500	3.437500
6.437500	3.562500
6.437500	3.687500
6.437500	3.812500
6.437500	3.937500
6.437500	4.062500
6.437500	4.187500
6.437500	4.312500
6.437500	4.437500
6.437500	4.562500
6.437500	4.687500
6.437500	4.812500
6.437500	4.937500
6.437500	5.062500
6.437500	5.187500
6.437500	5.312500
6.437500	5.437500
6.437500	5.562500
6.437500	5.687500
6.437500	5.812500
6.437500	5.937500
6.437500	6.062500
6.437500	6.187500
6.437500	6.312500
6.437500	6.437500
6.437500	6.562500
6.437500	6.687500
6.437500	6.812500
6.437500	6.937500
6.437500	7.062500
6.437500	7.187500
6.437500	7.312500
6.437500	7.437500
6.437500	7.562500
6.437500	7.687500
6.437500	7.812500
6.437500	7.937500
6.437500	8.062500
6.437500	8.187500
6.437500	8.312500
6.437500	8.437500
6.437500	8.562500
6.437500	8.687500
6.437500	8.812500
6.437500	8.937500
6.437500	9.062500
6.437500	9.187500
6.437500	9.312500
6.437500	9.437500
6.437500	9.562500
6.437500	9.687500
6.437500	9.812500
6.437500	9.937500
6.437500	10.062500
6.437500	10.187500
6.437500	10.312500
6.437500	10.437500
6.437500	10.562500
6.437500	10.687500
6.437500	10.812500
6.437500	10.937500
6.437500	11.062500
6.437500	11.187500
6.437500	11.312500
6.437500	11.437500
6.437500	11.562500
6.437500	11.687500
6.437500	11.812500
6.437500	11.937500
6.437500	12.062500
6.437500	12.187500
6.437500	12.312500
6.437500	12.437500
6.437500	12.562500
6.437500	12.687500
6.437500	12.812500
6.437500	12.937500
6.437500	13.062500
6.437500	13.187500
6.437500	13.312500
6.437500	13.437500
6.437500	13.562500
6.437500	13.687500
6.437500	13.812500
6.437500	13.937500
6.562500	0.062500
6.562500	0.187500
6.562500	0.312500
6.562500	0.437500
6.562500	0.562500
6.562500	0.687500
6.562500	0.812500
6.562500	0.937500
6.562500	1.062500
6.562500	1.187500
6.562500	1.312500
6.562500	1.437500
6.562500	1.562500
6.562500	1.687500
6.562500	1.812500
6.562500	1.937500
6.562500	2.062500
6.562500	2.187500
6.562500	2.312500
6.562500	2.437500
6.562500	2.562500
6.562500	2.687500
6.562500	2.812500
6.562500	2.937500
6.562500	3.062500
6.562500	3.187500
6.562500	3.312500
6.562500	3.437500
6.562500	3.562500
6.562500	3.687500
6.562500	3.812500
6.562500	3.937500
6.562500	4.062500
6.562500	4.187500
6.562500	4.312500
6.562500	4.437500
6.562500	4.562500
6.562500	4.687500
6.562500	4.812500
6.562500	4.937500
6.562500	5.062500
6.562500	5.187500
6.562500	5.312500
6.562500	5.437500
6.562500	5.562500
6.562500	5.687500
6.562500	5.812500
6.562500	5.937500
6.562500	6.062500
6.562500	6.187500
6.562500	6.312500
6.562500	6.437500
6.562500	6.562500
6.562500	6.687500
6.562500	6.812500
6.562500	6.937500
6.562500	7.062500
6.562500	7.187500
6.562500	7.312500
6.562500	7.437500
6.562500	7.562500
6.562500	7.687500
6.562500	7.812500
6.562500	7.937500
6.562500	8.062500
6.562500	8.187500
6.562500	8.312500
6.562500	8.437500
6.562500	8.562500
6.562500	8.687500
6.562500	8.812500
6.562500	8.937500
6.562500	9.062500
6.562500	9.187500
6.562500	9.312500
6.562500	9.437500
6.562500	9.562500
6.562500	9.687500
6.562500	9.812500
6.562500	9.937500
6.562500	10.062500
6.562500	10.187500
6.562500	10.312500
6.562500	10.437500
6.562500	10.562500
6.562500	10.687500
6.562500	10.812500
6.562500	10.937500
6.562500	11.062500
6.562500	11.187500
6.562500	11.312500
6.562500	11.437500
6.562500	11.562500
6.562500	11.687500
6.562500	11.812500
6.562500	11.937500
6.562500	12.062500
6.562500	12.187500
6.562500	12.312500
6.562500	12.437500
6.562500	12.562500
6.562500	12.687500
6.562500	12.812500
6.562500	12.937500
6.562500	13.062500
6.562500	13.187500
6.562500	13.312500
6.562500	13.437500
6.562500	13.562500
6.562500	13.687500
6.562500	13.812500
6.562500	13.937500
6.687500	0.062500
6.687500	0.187500
6.687500	0.312500
6.687500	0.437500
6.687500	0.562500
6.687500	0.687500
6.687500	0.812500
6.687500	0.937500
6.687500	1.062500
6.687500	1.187500
6.687500	1.312500
6.687500	1.437500
6.687500	1.562500
6.687500	1.687500
6.687500	1.812500
6.687500	1.937500
6.687500	2.062500
6.687500	2.187500
6.687500	2.312500
6.687500	2.437500
6.687500	2.562500
6.687500	2.687500
6.687500	2.812500
6.687500	2.937500
6.687500	3.062500
6.687500	3.187500
6.687500	3.312500
6.687500	3.437500
6.687500	3.562500
6.687500	3.687500
6.687500	3.812500
6.687500	3.937500
6.687500	4.062500
6.687500	4.187500
6.687500	4.312500
6.687500	4.437500
6.687500	4.562500
6.687500	4.687500
6.687500	4.812500
6.687500	4.937500
6.687500	5.062500
6.687500	5.187500
6.687500	5.312500
6.687500	5.437500
6.687500	5.562500
6.687500	5.687500
6.687500	5.812500
6.687500	5.937500
6.687500	6.062500
6.687500	6.187500
6.687500	6.312500
6.687500	6.437500
6.687500	6.562500
6.687500	6.687500
6.687500	6.812500
6.687500	6.937500
6.687500	7.062500
6.687500	7.187500
6.687500	7.312500
6.687500	7.437500
6.687500	7.562500
6.687500	7.687500
6.687500	7.812500
6.687500	7.937500
6.687500	8.062500
6.687500	8.187500
6.687500	8.312500
6.687500	8.437500
6.687500	8.562500
6.687500	8.687500
6.687500	8.812500
6.687500	8.937500
6.687500	9.062500
6.687500	9.187500
6.687500	9.312500
6.687500	9.437500
6.687500	9.562500
6.687500	9.687500
6.687500	9.812500
6.687500	9.937500
6.687500	10.062500
6.687500	10.187500
6.687500	10.312500
6.687500	10.437500
6.687500	10.562500
6.687500	10.687500
6.687500	10.812500
6.687500	10.937500
6.687500	11.062500
6.687500	11.187500
6.687500	11.312500
6.687500	11.437500
6.687500	11.562500
6.687500	11.687500
6.687500	11.812500
6.687500	11.937500
6.687500	12.062500
6.687500	12.187500
6.687500	12.312500
6.687500	12.437500
6.687500	12.562500
6.687500	12.687500
6.687500	12.812500
6.687500	12.937500
6.687500	13.062500
6.687500	13.187500
6.687500	13.312500
6.687500	13.437500
6.687500	13.562500
6.687500	13.687500
6.687500	13.812500
6.687500	13.937500
6.812500	0.062500
6.812500	0.187500
6.812500	0.312500
6.812500	0.437500
6.812500	0.562500
6.812500	0.687500
6.812500	0.812500
6.812500	0.937500
6.812500	1.062500
6.812500	1.187500
6.812500	1.312500
6.812500	1.437500
6.812500	1.562500
6.812500	1.687500
6.812500	1.812500
6.812500	1.937500
6.812500	2.062500
6.812500	2.187500
6.812500	2.312500
6.812500	2.437500
6.812500	2.562500
6.812500	2.687500
6.812500	2.812500
6.812500	2.937500
6.812500	3.062500
6.812500	3.187500
6.812500	3.312500
6.812500	3.437500
6.812500	3.562500
6.812500	3.687500
6.812500	3.812500
6.812500	3.937500
6.812500	4.062500
6.812500	4.187500
6.812500	4.312500
6.812500	4.437500
6.812500	4.562500
6.812500	4.687500
6.812500	4.812500
6.812500	4.937500
6.812500	5.062500
6.812500	5.187500
6.812500	5.312500
6.812500	5.437500
6.812500	5.562500
6.812500	5.687500
6.812500	5.812500
6.812500	5.937500
6.812500	6.062500
6.812500	6.187500
6.812500	6.312500
6.812500	6.437500
6.812500	6.562500
6.812500	6.687500
6.812500	6.812500
6.812500	6.937500
6.812500	7.062500
6.812500	7.187500
6.812500	7.312500
6.812500	7.437500
6.812500	7.562500
6.812500	7.687500
6.812500	7.812500
6.812500	7.937500
6.812500	8.062500
6.812500	8.187500
6.812500	8.312500
6.812500	8.437500
6.812500	8.562500
6.812500	8.687500
6.812500	8.812500
6.812500	8.937500
6.812500	9.062500
6.812500	9.187500
6.812500	9.312500
6.812500	9.437500
6.812500	9.562500
6.812500	9.687500
6.812500	9.812500
6.812500	9.937500
6.812500	10.062500
6.812500	10.187500
6.812500	10.312500
6.812500	10.437500
6.812500	10.562500
6.812500	10.687500
6.812500	10.812500
6.812500	10.937500
6.812500	11.062500
6.812500	11.187500
6.812500	11.312500
6.812500	11.437500
6.812500	11.562500
6.812500	11.687500
6.812500	11.812500
6.812500	11.937500
6.812500	12.062500
6.812500	12.187500
6.812500	12.312500
6.812500	12.437500
6.812500	12.562500
6.812500	12.687500
6.812500	12.812500
6.812500	12.937500
6.812500	13.062500
6.812500	13.187500
6.812500	13.312500
6.812500	13.437500
6.812500	13.562500
6.812500	13.687500
6.812500	13.812500
6.812500	13.937500
6.937500	0.062500
6.937500	0.187500
6.937500	0.312500
6.937500	0.437500
6.937500	0.562500
6.937500	0.687500
6.937500	0.812500
6.937500	0.937500
6.937500	1.062500
6.937500	1.187500
6.937500	1.312500
6.937500	1.437500
6.937500	1.562500
6.937500	1.687500
6.937500	1.812500
6.937500	1.937500
6.937500	2.062500
6.937500	2.187500
6.937500	2.312500
6.937500	2.437500
6.937500	2.562500
6.937500	2.687500
6.937500	2.812500
6.937500	2.937500
6.937500	3.062500
6.937500	3.187500
6.937500	3.312500
6.937500	3.437500
6.937500	3.562500
6.937500	3.687500
6.937500	3.812500
6.937500	3.937500
6.937500	4.062500
6.937500	4.187500
6.937500	4.312500
6.937500	4.437500
6.937500	4.562500
6.937500	4.687500
6.937500	4.812500
6.937500	4.937500
6.937500	5.062500
6.937500	5.187500
6.937500	5.312500
6.937500	5.437500
6.937500	5.562500
6.937500	5.687500
6.937500	5.812500
6.937500	5.937500
6.937500	6.062500
6.937500	6.187500
6.937500	6.312500
6.937500	6.437500
6.937500	6.562500
6.937500	6.687500
6.937500	6.812500
6.937500	6.937500
6.937500	7.062500
6.937500	7.187500
6.937500	7.312500
6.937500	7.437500
6.937500	7.562500
6.937500	7.687500
6.937500	7.812500
6.937500	7.937500
6.937500	8.062500
6.937500	8.187500
6.937500	8.312500
6.937500	8.437500
6.937500	8.562500
6.937500	8.687500
6.937500	8.812500
6.937500	8.937500
6.937500	9.062500
6.937500	9.187500
6.937500	9.312500
6.937500	9.437500
6.937500	9.562500
6.937500	9.687500
6.937500	9.812500
6.937500	9.937500
6.937500	10.062500
6.937500	10.187500
6.937500	10.312500
6.937500	10.437500
6.937500	10.562500
6.937500	10.687500
6.937500	10.812500
6.937500	10.937500
6.937500	11.062500
6.937500	11.187500
6.937500	11.312500
6.937500	11.437500
6.937500	11.562500
6.937500	11.687500
6.937500	11.812500
6.937500	11.937500
6.937500	12.062500
6.937500	12.187500
6.937500	12.312500
6.937500	12.437500
6.937500	12.562500
6.937500	12.687500
6.937500	12.812500
6.937500	12.937500
6.937500	13.062500
6.937500	13.187500
6.937500	13.312500
6.937500	13.437500
6.937500	13.562500
6.937500	13.687500
6.937500	13.812500
6.937500	13.937500
7.062500	0.062500
7.062500	0.187500
7.062500	0.312500
7.062500	0.437500
7.062500	0.562500
7.062500	0.687500
7.062500	0.812500
7.062500	0.937500
7.062500	1.062500
7.062500	1.187500
7.062500	1.312500
7.062500	1.437500
7.062500	1.562500
7.062500	1.687500
7.062500	1.812500
7.062500	1.937500
7.062500	2.062500
7.062500	2.187500
7.062500	2.312500
7.062500	2.437500
7.062500	2.562500
7.062500	2.687500
7.062500	2.812500
7.062500	2.937500
7.062500	3.062500
7.062500	3.187500
7.062500	3.312500
7.062500	3.437500
7.062500	3.562500
7.062500	3.687500
7.062500	3.812500
7.062500	3.937500
7.062500	4.062500
7.062500	4.187500
7.062500	4.312500
7.062500	4.437500
7.062500	4.562500
7.062500	4.687500
7.062500	4.812500
7.062500	4.937500
7.062500	5.062500
7.062500	5.187500
7.062500	5.312500
7.062500	5.437500
7.062500	5.562500
7.062500	5.687500
7.062500	5.812500
7.062500	5.937500
7.062500	6.062500
7.062500	6.187500
7.062500	6.312500
7.062500	6.437500
7.062500	6.562500
7.062500	6.687500
7.062500	6.812500
7.062500	6.937500
7.062500	7.062500
7.062500	7.187500
7.062500	7.312500
7.062500	7.437500
7.062500	7.562500
7.062500	7.687500
7.062500	7.812500
7.062500	7.937500
7.062500	8.062500
7.062500	8.187500
7.062500	8.312500
7.062500	8.437500
7.062500	8.562500
7.062500	8.687500
7.062500	8.812500
7.062500	8.937500
7.062500	9.062500
7.062500	9.187500
7.062500	9.312500
7.062500	9.437500
7.062500	9.562500
7.062500	9.687500
7.062500	9.812500
7.062500	9.937500
7.062500	10.062500
7.062500	10.187500
7.062500	10.312500
7.062500	10.437500
7.062500	10.562500
7.062500	10.687500
7.062500	10.812500
7.062500	10.937500
7.062500	11.062500
7.062500	11.187500
7.062500	11.312500
7.062500	11.437500
7.062500	11.562500
7.062500	11.687500
7.062500	11.812500
7.062500	11.937500
7.062500	12.062500
7.062500	12.187500
7.062500	12.312500
7.062500	12.437500
7.062500	12.562500
7.062500	12.687500
7.062500	12.812500
7.062500	12.937500
7.062500	13.062500
7.062500	13.187500
7.062500	13.312500
7.062500	13.437500
7.062500	13.562500
7.062500	13.687500
7.062500	13.812500
7.062500	13.937500
7.187500	0.062500
7.187500	0.187500
7.187500	0.312500
7.187500	0.437500
7.187500	0.562500
7.187500	0.687500
7.187500	0.812500
7.187500	0.937500
7.187500	1.062500
7.187500	1.187500
7.187500	1.312500
7.187500	1.437500
7.187500	1.562500
7.187500	1.687500
7.187500	1.812500
7.187500	1.937500
7.187500	2.062500
7.187500	2.187500
7.187500	2.312500
7.187500	2.437500
7.187500	2.562500
7.187500	2.687500
7.187500	2.812500
7.187500	2.937500
7.187500	3.062500
7.187500	3.187500
7.187500	3.312500
7.187500	3.437500
7.187500	3.562500
7.187500	3.687500
7.187500	3.812500
7.187500	3.937500
7.187500	4.062500
7.187500	4.187500
7.187500	4.312500
7.187500	4.437500
7.187500	4.562500
7.187500	4.687500
7.187500	4.812500
7.187500	4.937500
7.187500	5.062500
7.187500	5.187500
7.187500	5.312500
7.187500	5.437500
7.187500	5.562500
7.187500	5.687500
7.187500	5.812500
7.187500	5.937500
7.187500	6.062500
7.187500	6.187500
7.187500	6.312500
7.187500	6.437500
7.187500	6.562500
7.187500	6.687500
7.187500	6.812500
7.187500	6.937500
7.187500	7.062500
7.187500	7.187500
7.187500	7.312500
7.187500	7.437500
7.187500	7.562500
7.187500	7.687500
7.187500	7.812500
7.187500	7.937500
7.187500	8.062500
7.187500	8.187500
7.187500	8.312500
7.187500	8.437500
7.187500	8.562500
7.187500	8.687500
7.187500	8.812500
7.187500	8.937500
7.187500	9.062500
7.187500	9.187500
7.187500	9.312500
7.187500	9.437500
7.187500	9.562500
7.187500	9.687500
7.187500	9.812500
7.187500	9.937500
7.187500	10.062500
7.187500	10.187500
7.187500	10.312500
7.187500	10.437500
7.187500	10.562500
7.187500	10.687500
7.187500	10.812500
7.187500	10.937500
7.187500	11.062500
7.187500	11.187500
7.187500	11.312500
7.187500	11.437500
7.187500	11.562500
7.187500	11.687500
7.187500	11.812500
7.187500	11.937500
7.187500	12.062500
7.187500	12.187500
7.187500	12.312500
7.187500	12.437500
7.187500	12.562500
7.187500	12.687500
7.187500	12.812500
7.187500	12.937500
7.187500	13.062500
7.187500	13.187500
7.187500	13.312500
7.187500	13.437500
7.187500	13.562500
7.187500	13.687500
7.187500	13.812500
7.187500	13.937500
7.312500	0.062500
7.312500	0.187500
7.312500	0.312500
7.312500	0.437500
7.312500	0.562500
7.312500	0.687500
7.312500	0.812500
7.312500	0.937500
7.312500	1.062500
7.312500	1.187500
7.312500	1.312500
7.312500	1.437500
7.312500	1.562500
7.312500	1.687500
7.312500	1.812500
7.312500	1.937500
7.312500	2.062500
7.312500	2.187500
7.312500	2.312500
7.312500	2.437500
7.312500	2.562500
7.312500	2.687500
7.312500	2.812500
7.312500	2.937500
7.312500	3.062500
7.312500	3.187500
7.312500	3.312500
7.312500	3.437500
7.312500	3.562500
7.312500	3.687500
7.312500	3.812500
7.312500	3.937500
7.312500	4.062500
7.312500	4.187500
7.312500	4.312500
7.312500	4.437500
7.312500	4.562500
7.312500	4.687500
7.312500	4.812500
7.312500	4.937500
7.312500	5.062500
7.312500	5.187500
7.312500	5.312500
7.312500	5.437500
7.312500	5.562500
7.312500	5.687500
7.312500	5.812500
7.312500	5.937500
7.312500	6.062500
7.312500	6.187500
7.312500	6.312500
7.312500	6.437500
7.312500	6.562500
7.312500	6.687500
7.312500	6.812500
7.312500	6.937500
7.312500	7.062500
7.312500	7.187500
7.312500	7.312500
7.312500	7.437500
7.312500	7.562500
7.312500	7.687500
7.312500	7.812500
7.312500	7.937500
7.312500	8.062500
7.312500	8.187500
7.312500	8.312500
7.312500	8.437500
7.312500	8.562500
7.312500	8.687500
7.312500	8.812500
7.312500	8.937500
7.312500	9.062500
7.312500	9.187500
7.312500	9.312500
7.312500	9.437500
7.312500	9.562500
7.312500	9.687500
7.312500	9.812500
7.312500	9.937500
7.312500	10.062500
7.312500	10.187500
7.312500	10.312500
7.312500	10.437500
7.312500	10.562500
7.312500	10.687500
7.312500	10.812500
7.312500	10.937500
7.312500	11.062500
7.312500	11.187500
7.312500	11.312500
7.312500	11.437500
7.312500	11.562500
7.312500	11.687500
7.312500	11.812500
7.312500	11.937500
7.312500	12.062500
7.312500	12.187500
7.312500	12.312500
7.312500	12.437500
7.312500	12.562500
7.312500	12.687500
7.312500	12.812500
7.312500	12.937500
7.312500	13.062500
7.312500	13.187500
7.312500	13.312500
7.312500	13.437500
7.312500	13.562500
7.312500	13.687500
7.312500	13.812500
7.312500	13.937500
7.437500	0.062500
7.437500	0.187500
7.437500	0.312500
7.437500	0.437500
7.437500	0.562500
7.437500	0.687500
7.437500	0.812500
7.437500	0.937500
7.437500	1.062500
7.437500	1.187500
7.437500	1.312500
7.437500	1.437500
7.437500	1.562500
7.437500	1.687500
7.437500	1.812500
7.437500	1.937500
7.437500	2.062500
7.437500	2.187500
7.437500	2.312500
7.437500	2.437500
7.437500	2.562500
7.437500	2.687500
7.437500	2.812500
7.437500	2.937500
7.437500	3.062500
7.437500	3.187500
7.437500	3.312500
7.437500	3.437500
7.437500	3.562500
7.437500	3.687500
7.437500	3.812500
7.437500	3.937500
7.437500	4.062500
7.437500	4.187500
7.437500	4.312500
7.437500	4.437500
7.437500	4.562500
7.437500	4.687500
7.437500	4.812500
7.437500	4.937500
7.437500	5.062500
7.437500	5.187500
7.437500	5.312500
7.437500	5.437500
7.437500	5.562500
7.437500	5.687500
7.437500	5.812500
7.437500	5.937500
7.437500	6.062500
7.437500	6.187500
7.437500	6.312500
7.437500	6.437500
7.437500	6.562500
7.437500	6.687500
7.437500	6.812500
7.437500	6.937500
7.437500	7.062500
7.437500	7.187500
7.437500	7.312500
7.437500	7.437500
7.437500	7.562500
7.437500	7.687500
7.437500	7.812500
7.437500	7.937500
7.437500	8.062500
7.437500	8.187500
7.437500	8.312500
7.437500	8.437500
7.437500	8.562500
7.437500	8.687500
7.437500	8.812500
7.437500	8.937500
7.437500	9.062500
7.437500	9.187500
7.437500	9.312500
7.437500	9.437500
7.437500	9.562500
7.437500	9.687500
7.437500	9.812500
7.437500	9.937500
7.437500	10.062500
7.437500	10.187500
7.437500	10.312500
7.437500	10.437500
7.437500	10.562500
7.437500	10.687500
7.437500	10.812500
7.437500	10.937500
7.437500	11.062500
7.437500	11.187500
7.437500	11.312500
7.437500	11.437500
7.437500	11.562500
7.437500	11.687500
7.437500	11.812500
7.437500	11.937500
7.437500	12.062500
7.437500	12.187500
7.437500	12.312500
7.437500	12.437500
7.437500	12.562500
7.437500	12.687500
7.437500	12.812500
7.437500	12.937500
7.437500	13.062500
7.437500	13.187500
7.437500	13.312500
7.437500	13.437500
7.437500	13.562500
7.437500	13.687500
7.437500	13.812500
7.437500	13.937500
7.562500	0.062500
7.562500	0.187500
7.562500	0.312500
7.562500	0.437500
7.562500	0.562500
7.562500	0.687500
7.562500	0.812500
7.562500	0.937500
7.562500	1.062500
7.562500	1.187500
7.562500	1.312500
7.562500	1.437500
7.562500	1.562500
7.562500	1.687500
7.562500	1.812500
7.562500	1.937500
7.562500	2.062500
7.562500	2.187500
7.562500	2.312500
7.562500	2.437500
7.562500	2.562500
7.562500	2.687500
7.562500	2.812500
7.562500	2.937500
7.562500	3.062500
7.562500	3.187500
7.562500	3.312500
7.562500	3.437500
7.562500	3.562500
7.562500	3.687500
7.562500	3.812500
7.562500	3.937500
7.562500	4.062500
7.562500	4.187500
7.562500	4.312500
7.562500	4.437500
7.562500	4.562500
7.562500	4.687500
7.562500	4.812500
7.562500	4.937500
7.562500	5.062500
7.562500	5.187500
7.562500	5.312500
7.562500	5.437500
7.562500	5.562500
7.562500	5.687500
7.562500	5.812500
7.562500	5.937500
7.562500	6.062500
7.562500	6.187500
7.562500	6.312500
7.562500	6.437500
7.562500	6.562500
7.562500	6.687500
7.562500	6.812500
7.562500	6.937500
7.562500	7.062500
7.562500	7.187500
7.562500	7.312500
7.562500	7.437500
7.562500	7.562500
7.562500	7.687500
7.562500	7.812500
7.562500	7.937500
7.562500	8.062500
7.562500	8.187500
7.562500	8.312500
7.562500	8.437500
7.562500	8.562500
7.562500	8.687500
7.562500	8.812500
7.562500	8.937500
7.562500	9.062500
7.562500	9.187500
7.562500	9.312500
7.562500	9.437500
7.562500	9.562500
7.562500	9.687500
7.562500	9.812500
7.562500	9.937500
7.562500	10.062500
7.562500	10.187500
7.562500	10.312500
7.562500	10.437500
7.562500	10.562500
7.562500	10.687500
7.562500	10.812500
7.562500	10.937500
7.562500	11.062500
7.562500	11.187500
7.562500	11.312500
7.562500	11.437500
7.562500	11.562500
7.562500	11.687500
7.562500	11.812500
7.562500	11.937500
7.562500	12.062500
7.562500	12.187500
7.562500	12.312500
7.562500	12.437500
7.562500	12.562500
7.562500	12.687500
7.562500	12.812500
7.562500	12.937500
7.562500	13.062500
7.562500	13.187500
7.562500	13.312500
7.562500	13.437500
7.562500	13.562500
7.562500	13.687500
7.562500	13.812500
7.562500	13.937500
7.687500	0.062500
7.687500	0.187500
7.687500	0.312500
7.687500	0.437500
7.687500	0.562500
7.687500	0.687500
7.687500	0.812500
7.687500	0.937500
7.687500	1.062500
7.687500	1.187500
7.687500	1.312500
7.687500	1.437500
7.687500	1.562500
7.687500	1.687500
7.687500	1.812500
7.687500	1.937500
7.687500	2.062500
7.687500	2.187500
7.687500	2.312500
7.687500	2.437500
7.687500	2.562500
7.687500	2.687500
7.687500	2.812500
7.687500	2.937500
7.687500	3.062500
7.687500	3.187500
7.687500	3.312500
7.687500	3.437500
7.687500	3.562500
7.687500	3.687500
7.687500	3.812500
7.687500	3.937500
7.687500	4.062500
7.687500	4.187500
7.687500	4.312500
7.687500	4.437500
7.687500	4.562500
7.687500	4.687500
7.687500	4.812500
7.687500	4.937500
7.687500	5.062500
7.687500	5.187500
7.687500	5.312500
7.687500	5.437500
7.687500	5.562500
7.687500	5.687500
7.687500	5.812500
7.687500	5.937500
7.687500	6.062500
7.687500	6.187500
7.687500	6.312500
7.687500	6.437500
7.687500	6.562500
7.687500	6.687500
7.687500	6.812500
7.687500	6.937500
7.687500	7.062500
7.687500	7.187500
7.687500	7.312500
7.687500	7.437500
7.687500	7.562500
7.687500	7.687500
7.687500	7.812500
7.687500	7.937500
7.687500	8.062500
7.687500	8.187500
7.687500	8.312500
7.687500	8.437500
7.687500	8.562500
7.687500	8.687500
7.687500	8.812500
7.687500	8.937500
7.687500	9.062500
7.687500	9.187500
7.687500	9.312500
7.687500	9.437500
7.687500	9.562500
7.687500	9.687500
7.687500	9.812500
7.687500	9.937500
7.687500	10.062500
7.687500	10.187500
7.687500	10.312500
7.687500	10.437500
7.687500	10.562500
7.687500	10.687500
7.687500	10.812500
7.687500	10.937500
7.687500	11.062500
7.687500	11.187500
7.687500	11.312500
7.687500	11.437500
7.687500	11.562500
7.687500	11.687500
7.687500	11.812500
7.687500	11.937500
7.687500	12.062500
7.687500	12.187500
7.687500	12.312500
7.687500	12.437500
7.687500	12.562500
7.687500	12.687500
7.687500	12.812500
7.687500	12.937500
7.687500	13.062500
7.687500	13.187500
7.687500	13.312500
7.687500	13.437500
7.687500	13.562500
7.687500	13.687500
7.687500	13.812500
7.687500	13.937500
7.812500	0.062500
7.812500	0.187500
7.812500	0.312500
7.812500	0.437500
7.812500	0.562500
7.812500	0.687500
7.812500	0.812500
7.812500	0.937500
7.812500	1.062500
7.812500	1.187500
7.812500	1.312500
7.812500	1.437500
7.812500	1.562500
7.812500	1.687500
7.812500	1.812500
7.812500	1.937500
7.812500	2.062500
7.812500	2.187500
7.812500	2.312500
7.812500	2.437500
7.812500	2.562500
7.812500	2.687500
7.812500	2.812500
7.812500	2.937500
7.812500	3.062500
7.812500	3.187500
7.812500	3.312500
7.812500	3.437500
7.812500	3.562500
7.812500	3.687500
7.812500	3.812500
7.812500	3.937500
7.812500	4.062500
7.812500	4.187500
7.812500	4.312500
7.812500	4.437500
7.812500	4.562500
7.812500	4.687500
7.812500	4.812500
7.812500	4.937500
7.812500	5.062500
7.812500	5.187500
7.812500	5.312500
7.812500	5.437500
7.812500	5.562500
7.812500	5.687500
7.812500	5.812500
7.812500	5.937500
7.812500	6.062500
7.812500	6.187500
7.812500	6.312500
7.812500	6.437500
7.812500	6.562500
7.812500	6.687500
7.812500	6.812500
7.812500	6.937500
7.812500	7.062500
7.812500	7.187500
7.812500	7.312500
7.812500	7.437500
7.812500	7.562500
7.812500	7.687500
7.812500	7.812500
7.812500	7.937500
7.812500	8.062500
7.812500	8.187500
7.812500	8.312500
7.812500	8.437500
7.812500	8.562500
7.812500	8.687500
7.812500	8.812500
7.812500	8.937500
7.812500	9.062500
7.812500	9.187500
7.812500	9.312500
7.812500	9.437500
7.812500	9.562500
7.812500	9.687500
7.812500	9.812500
7.812500	9.937500
7.812500	10.062500
7.812500	10.187500
7.812500	10.312500
7.812500	10.437500
7.812500	10.562500
7.812500	10.687500
7.812500	10.812500
7.812500	10.937500
7.812500	11.062500
7.812500	11.187500
7.812500	11.312500
7.812500	11.437500
7.812500	11.562500
7.812500	11.687500
7.812500	11.812500
7.812500	11.937500
7.812500	12.062500
7.812500	12.187500
7.812500	12.312500
7.812500	12.437500
7.812500	12.562500
7.812500	12.687500
7.812500	12.812500
7.812500	12.937500
7.812500	13.062500
7.812500	13.187500
7.812500	13.312500
7.812500	13.437500
7.812500	13.562500
7.812500	13.687500
7.812500	13.812500
7.812500	13.937500
7.937500	0.062500
7.937500	0.187500
7.937500	0.312500
7.937500	0.437500
7.937500	0.562500
7.937500	0.687500
7.937500	0.812500
7.937500	0.937500
7.937500	1.062500
7.937500	1.187500
7.937500	1.312500
7.937500	1.437500
7.937500	1.562500
7.937500	1.687500
7.937500	1.812500
7.937500	1.937500
7.937500	2.062500
7.937500	2.187500
7.937500	2.312500
7.937500	2.437500
7.937500	2.562500
7.937500	2.687500
7.937500	2.812500
7.937500	2.937500
7.937500	3.062500
7.937500	3.187500
7.937500	3.312500
7.937500	3.437500
7.937500	3.562500
7.937500	3.687500
7.937500	3.812500
7.937500	3.937500
7.937500	4.062500
7.937500	4.187500
7.937500	4.312500
7.937500	4.437500
7.937500	4.562500
7.937500	4.687500
7.937500	4.812500
7.937500	4.937500
7.937500	5.062500
7.937500	5.187500
7.937500	5.312500
7.937500	5.437500
7.937500	5.562500
7.937500	5.687500
7.937500	5.812500
7.937500	5.937500
7.937500	6.062500
7.937500	6.187500
7.937500	6.312500
7.937500	6.437500
7.937500	6.562500
7.937500	6.687500
7.937500	6.812500
7.937500	6.937500
7.937500	7.062500
7.937500	7.187500
7.937500	7.312500
7.937500	7.437500
7.937500	7.562500
7.937500	7.687500
7.937500	7.812500
7.937500	7.937500
7.937500	8.062500
7.937500	8.187500
7.937500	8.312500
7.937500	8.437500
7.937500	8.562500
7.937500	8.687500
7.937500	8.812500
7.937500	8.937500
7.937500	9.062500
7.937500	9.187500
7.937500	9.312500
7.937500	9.437500
7.937500	9.562500
7.937500	9.687500
7.937500	9.812500
7.937500	9.937500
7.937500	10.062500
7.937500	10.187500
7.937500	10.312500
7.937500	10.437500
7.937500	10.562500
7.937500	10.687500
7.937500	10.812500
7.937500	10.937500
7.937500	11.062500
7.937500	11.187500
7.937500	11.312500
7.937500	11.437500
7.937500	11.562500
7.937500	11.687500
7.937500	11.812500
7.937500	11.937500
7.937500	12.062500
7.937500	12.187500
7.937500	12.312500
7.937500	12.437500
7.937500	12.562500
7.937500	12.687500
7.937500	12.812500
7.937500	12.937500
7.937500	13.062500
7.937500	13.187500
7.937500	13.312500
7.937500	13.437500
7.937500	13.562500
7.937500	13.687500
7.937500	13.812500
7.937500	13.937500
8.062500	0.062500
8.062500	0.187500
8.062500	0.312500
8.062500	0.437500
8.062500	0.562500
8.062500	0.687500
8.062500	0.812500
8.062500	0.937500
8.062500	1.062500
8.062500	1.187500
8.062500	1.312500
8.062500	1.437500
8.062500	1.562500
8.062500	1.687500
8.062500	1.812500
8.062500	1.937500
8.062500	2.062500
8.062500	2.187500
8.062500	2.312500
8.062500	2.437500
8.062500	2.562500
8.062500	2.687500
8.062500	2.812500
8.062500	2.937500
8.062500	3.062500
8.062500	3.187500
8.062500	3.312500
8.062500	3.437500
8.062500	3.562500
8.062500	3.687500
8.062500	3.812500
8.062500	3.937500
8.062500	4.062500
8.062500	4.187500
8.062500	4.312500
8.062500	4.437500
8.062500	4.562500
8.062500	4.687500
8.062500	4.812500
8.062500	4.937500
8.062500	5.062500
8.062500	5.187500
8.062500	5.312500
8.062500	5.437500
8.062500	5.562500
8.062500	5.687500
8.062500	5.812500
8.062500	5.937500
8.062500	6.062500
8.062500	6.187500
8.062500	6.312500
8.062500	6.437500
8.062500	6.562500
8.062500	6.687500
8.062500	6.812500
8.062500	6.937500
8.062500	7.062500
8.062500	7.187500
8.062500	7.312500
8.062500	7.437500
8.062500	7.562500
8.062500	7.687500
8.062500	7.812500
8.062500	7.937500
8.062500	8.062500
8.062500	8.187500
8.062500	8.312500
8.062500	8.437500
8.062500	8.562500
8.062500	8.687500
8.062500	8.812500
8.062500	8.937500
8.062500	9.062500
8.062500	9.187500
8.062500	9.312500
8.062500	9.437500
8.062500	9.562500
8.062500	9.687500
8.062500	9.812500
8.062500	9.937500
8.062500	10.062500
8.062500	10.187500
8.062500	10.312500
8.062500	10.437500
8.062500	10.562500
8.062500	10.687500
8.062500	10.812500
8.062500	10.937500
8.062500	11.062500
8.062500	11.187500
8.062500	11.312500
8.062500	11.437500
8.062500	11.562500
8.062500	11.687500
8.062500	11.812500
8.062500	11.937500
8.062500	12.062500
8.062500	12.187500
8.062500	12.312500
8.062500	12.437500
8.062500	12.562500
8.062500	12.687500
8.062500	12.812500
8.062500	12.937500
8.062500	13.062500
8.062500	13.187500
8.062500	13.312500
8.062500	13.437500
8.062500	13.562500
8.062500	13.687500
8.062500	13.812500
8.062500	13.937500
8.187500	0.062500
8.187500	0.187500
8.187500	0.312500
8.187500	0.437500
8.187500	0.562500
8.187500	0.687500
8.187500	0.812500
8.187500	0.937500
8.187500	1.062500
8.187500	1.187500
8.187500	1.312500
8.187500	1.437500
8.187500	1.562500
8.187500	1.687500
8.187500	1.812500
8.187500	1.937500
8.187500	2.062500
8.187500	2.187500
8.187500	2.312500
8.187500	2.437500
8.187500	2.562500
8.187500	2.687500
8.187500	2.812500
8.187500	2.937500
8.187500	3.062500
8.187500	3.187500
8.187500	3.312500
8.187500	3.437500
8.187500	3.562500
8.187500	3.687500
8.187500	3.812500
8.187500	3.937500
8.187500	4.062500
8.187500	4.187500
8.187500	4.312500
8.187500	4.437500
8.187500	4.562500
8.187500	4.687500
8.187500	4.812500
8.187500	4.937500
8.187500	5.062500
8.187500	5.187500
8.187500	5.312500
8.187500	5.437500
8.187500	5.562500
8.187500	5.687500
8.187500	5.812500
8.187500	5.937500
8.187500	6.062500
8.187500	6.187500
8.187500	6.312500
8.187500	6.437500
8.187500	6.562500
8.187500	6.687500
8.187500	6.812500
8.187500	6.937500
8.187500	7.062500
8.187500	7.187500
8.187500	7.312500
8.187500	7.437500
8.187500	7.562500
8.187500	7.687500
8.187500	7.812500
8.187500	7.937500
8.187500	8.062500
8.187500	8.187500
8.187500	8.312500
8.187500	8.437500
8.187500	8.562500
8.187500	8.687500
8.187500	8.812500
8.187500	8.937500
8.187500	9.062500
8.187500	9.187500
8.187500	9.312500
8.187500	9.437500
8.187500	9.562500
8.187500	9.687500
8.187500	9.812500
8.187500	9.937500
8.187500	10.062500
8.187500	10.187500
8.187500	10.312500
8.187500	10.437500
8.187500	10.562500
8.187500	10.687500
8.187500	10.812500
8.187500	10.937500
8.187500	11.062500
8.187500	11.187500
8.187500	11.312500
8.187500	11.437500
8.187500	11.562500
8.187500	11.687500
8.187500	11.812500
8.187500	11.937500
8.187500	12.062500
8.187500	12.187500
8.187500	12.312500
8.187500	12.437500
8.187500	12.562500
8.187500	12.687500
8.187500	12.812500
8.187500	12.937500
8.187500	13.062500
8.187500	13.187500
8.187500	13.312500
8.187500	13.437500
8.187500	13.562500
8.187500	13.687500
8.187500	13.812500
8.187500	13.937500
8.312500	0.062500
8.312500	0.187500
8.312500	0.312500
8.312500	0.437500
8.312500	0.562500
8.312500	0.687500
8.312500	0.812500
8.312500	0.937500
8.312500	1.062500
8.312500	1.187500
8.312500	1.312500
8.312500	1.437500
8.312500	1.562500
8.312500	1.687500
8.312500	1.812500
8.312500	1.937500
8.312500	2.062500
8.312500	2.187500
8.312500	2.312500
8.312500	2.437500
8.312500	2.562500
8.312500	2.687500
8.312500	2.812500
8.312500	2.937500
8.312500	3.062500
8.312500	3.187500
8.312500	3.312500
8.312500	3.437500
8.312500	3.562500
8.312500	3.687500
8.312500	3.812500
8.312500	3.937500
8.312500	4.062500
8.312500	4.187500
8.312500	4.312500
8.312500	4.437500
8.312500	4.562500
8.312500	4.687500
8.312500	4.812500
8.312500	4.937500
8.312500	5.062500
8.312500	5.187500
8.312500	5.312500
8.312500	5.437500
8.312500	5.562500
8.312500	5.687500
8.312500	5.812500
8.312500	5.937500
8.312500	6.062500
8.312500	6.187500
8.312500	6.312500
8.312500	6.437500
8.312500	6.562500
8.312500	6.687500
8.312500	6.812500
8.312500	6.937500
8.312500	7.062500
8.312500	7.187500
8.312500	7.312500
8.312500	7.437500
8.312500	7.562500
8.312500	7.687500
8.312500	7.812500
8.312500	7.937500
8.312500	8.062500
8.312500	8.187500
8.312500	8.312500
8.312500	8.437500
8.312500	8.562500
8.312500	8.687500
8.312500	8.812500
8.312500	8.937500
8.312500	9.062500
8.312500	9.187500
8.312500	9.312500
8.312500	9.437500
8.312500	9.562500
8.312500	9.687500
8.312500	9.812500
8.312500	9.937500
8.312500	10.062500
8.312500	10.187500
8.312500	10.312500
8.312500	10.437500
8.312500	10.562500
8.312500	10.687500
8.312500	10.812500
8.312500	10.937500
8.312500	11.062500
8.312500	11.187500
8.312500	11.312500
8.312500	11.437500
8.312500	11.562500
8.312500	11.687500
8.312500	11.812500
8.312500	11.937500
8.312500	12.062500
8.312500	12.187500
8.312500	12.312500
8.312500	12.437500
8.312500	12.562500
8.312500	12.687500
8.312500	12.812500
8.312500	12.937500
8.312500	13.062500
8.312500	13.187500
8.312500	13.312500
8.312500	13.437500
8.312500	13.562500
8.312500	13.687500
8.312500	13.812500
8.312500	13.937500
8.437500	0.062500
8.437500	0.187500
8.437500	0.312500
8.437500	0.437500
8.437500	0.562500
8.437500	0.687500
8.437500	0.812500
8.437500	0.937500
8.437500	1.062500
8.437500	1.187500
8.437500	1.312500
8.437500	1.437500
8.437500	1.562500
8.437500	1.687500
8.437500	1.812500
8.437500	1.937500
8.437500	2.062500
8.437500	2.187500
8.437500	2.312500
8.437500	2.437500
8.437500	2.562500
8.437500	2.687500
8.437500	2.812500
8.437500	2.937500
8.437500	3.062500
8.437500	3.187500
8.437500	3.312500
8.437500	3.437500
8.437500	3.562500
8.437500	3.687500
8.437500	3.812500
8.437500	3.937500
8.437500	4.062500
8.437500	4.187500
8.437500	4.312500
8.437500	4.437500
8.437500	4.562500
8.437500	4.687500
8.437500	4.812500
8.437500	4.937500
8.437500	5.062500
8.437500	5.187500
8.437500	5.312500
8.437500	5.437500
8.437500	5.562500
8.437500	5.687500
8.437500	5.812500
8.437500	5.937500
8.437500	6.062500
8.437500	6.187500
8.437500	6.312500
8.437500	6.437500
8.437500	6.562500
8.437500	6.687500
8.437500	6.812500
8.437500	6.937500
8.437500	7.062500
8.437500	7.187500
8.437500	7.312500
8.437500	7.437500
8.437500	7.562500
8.437500	7.687500
8.437500	7.812500
8.437500	7.937500
8.437500	8.062500
8.437500	8.187500
8.437500	8.312500
8.437500	8.437500
8.437500	8.562500
8.437500	8.687500
8.437500	8.812500
8.437500	8.937500
8.437500	9.062500
8.437500	9.187500
8.437500	9.312500
8.437500	9.437500
8.437500	9.562500
8.437500	9.687500
8.437500	9.812500
8.437500	9.937500
8.437500	10.062500
8.437500	10.187500
8.437500	10.312500
8.437500	10.437500
8.437500	10.562500
8.437500	10.687500
8.437500	10.812500
8.437500	10.937500
8.437500	11.062500
8.437500	11.187500
8.437500	11.312500
8.437500	11.437500
8.437500	11.562500
8.437500	11.687500
8.437500	11.812500
8.437500	11.937500
8.437500	12.062500
8.437500	12.187500
8.437500	12.312500
8.437500	12.437500
8.437500	12.562500
8.437500	12.687500
8.437500	12.812500
8.437500	12.937500
8.437500	13.062500
8.437500	13.187500
8.437500	13.312500
8.437500	13.437500
8.437500	13.562500
8.437500	13.687500
8.437500	13.812500
8.437500	13.937500
8.562500	0.062500
8.562500	0.187500
8.562500	0.312500
8.562500	0.437500
8.562500	0.562500
8.562500	0.687500
8.562500	0.812500
8.562500	0.937500
8.562500	1.062500
8.562500	1.187500
8.562500	1.312500
8.562500	1.437500
8.562500	1.562500
8.562500	1.687500
8.562500	1.812500
8.562500	1.937500
8.562500	2.062500
8.562500	2.187500
8.562500	2.312500
8.562500	2.437500
8.562500	2.562500
8.562500	2.687500
8.562500	2.812500
8.562500	2.937500
8.562500	3.062500
8.562500	3.187500
8.562500	3.312500
8.562500	3.437500
8.562500	3.562500
8.562500	3.687500
8.562500	3.812500
8.562500	3.937500
8.562500	4.062500
8.562500	4.187500
8.562500	4.312500
8.562500	4.437500
8.562500	4.562500
8.562500	4.687500
8.562500	4.812500
8.562500	4.937500
8.562500	5.062500
8.562500	5.187500
8.562500	5.312500
8.562500	5.437500
8.562500	5.562500
8.562500	5.687500
8.562500	5.812500
8.562500	5.937500
8.562500	6.062500
8.562500	6.187500
8.562500	6.312500
8.562500	6.437500
8.562500	6.562500
8.562500	6.687500
8.562500	6.812500
8.562500	6.937500
8.562500	7.062500
8.562500	7.187500
8.562500	7.312500
8.562500	7.437500
8.562500	7.562500
8.562500	7.687500
8.562500	7.812500
8.562500	7.937500
8.562500	8.062500
8.562500	8.187500
8.562500	8.312500
8.562500	8.437500
8.562500	8.562500
8.562500	8.687500
8.562500	8.812500
8.562500	8.937500
8.562500	9.062500
8.562500	9.187500
8.562500	9.312500
8.562500	9.437500
8.562500	9.562500
8.562500	9.687500
8.562500	9.812500
8.562500	9.937500
8.562500	10.062500
8.562500	10.187500
8.562500	10.312500
8.562500	10.437500
8.562500	10.562500
8.562500	10.687500
8.562500	10.812500
8.562500	10.937500
8.562500	11.062500
8.562500	11.187500
8.562500	11.312500
8.562500	11.437500
8.562500	11.562500
8.562500	11.687500
8.562500	11.812500
8.562500	11.937500
8.562500	12.062500
8.562500	12.187500
8.562500	12.312500
8.562500	12.437500
8.562500	12.562500
8.562500	12.687500
8.562500	12.812500
8.562500	12.937500
8.562500	13.062500
8.562500	13.187500
8.562500	13.312500
8.562500	13.437500
8.562500	13.562500
8.562500	13.687500
8.562500	13.812500
8.562500	13.937500
8.687500	0.062500
8.687500	0.187500
8.687500	0.312500
8.687500	0.437500
8.687500	0.562500
8.687500	0.687500
8.687500	0.812500
8.687500	0.937500
8.687500	1.062500
8.687500	1.187500
8.687500	1.312500
8.687500	1.437500
8.687500	1.562500
8.687500	1.687500
8.687500	1.812500
8.687500	1.937500
8.687500	2.062500
8.687500	2.187500
8.687500	2.312500
8.687500	2.437500
8.687500	2.562500
8.687500	2.687500
8.687500	2.812500
8.687500	2.937500
8.687500	3.062500
8.687500	3.187500
8.687500	3.312500
8.687500	3.437500
8.687500	3.562500
8.687500	3.687500
8.687500	3.812500
8.687500	3.937500
8.687500	4.062500
8.687500	4.187500
8.687500	4.312500
8.687500	4.437500
8.687500	4.562500
8.687500	4.687500
8.687500	4.812500
8.687500	4.937500
8.687500	5.062500
8.687500	5.187500
8.687500	5.312500
8.687500	5.437500
8.687500	5.562500
8.687500	5.687500
8.687500	5.812500
8.687500	5.937500
8.687500	6.062500
8.687500	6.187500
8.687500	6.312500
8.687500	6.437500
8.687500	6.562500
8.687500	6.687500
8.687500	6.812500
8.687500	6.937500
8.687500	7.062500
8.687500	7.187500
8.687500	7.312500
8.687500	7.437500
8.687500	7.562500
8.687500	7.687500
8.687500	7.812500
8.687500	7.937500
8.687500	8.062500
8.687500	8.187500
8.687500	8.312500
8.687500	8.437500
8.687500	8.562500
8.687500	8.687500
8.687500	8.812500
8.687500	8.937500
8.687500	9.062500
8.687500	9.187500
8.687500	9.312500
8.687500	9.437500
8.687500	9.562500
8.687500	9.687500
8.687500	9.812500
8.687500	9.937500
8.687500	10.062500
8.687500	10.187500
8.687500	10.312500
8.687500	10.437500
8.687500	10.562500
8.687500	10.687500
8.687500	10.812500
8.687500	10.937500
8.687500	11.062500
8.687500	11.187500
8.687500	11.312500
8.687500	11.437500
8.687500	11.562500
8.687500	11.687500
8.687500	11.812500
8.687500	11.937500
8.687500	12.062500
8.687500	12.187500
8.687500	12.312500
8.687500	12.437500
8.687500	12.562500
8.687500	12.687500
8.687500	12.812500
8.687500	12.937500
8.687500	13.062500
8.687500	13.187500
8.687500	13.312500
8.687500	13.437500
8.687500	13.562500
8.687500	13.687500
8.687500	13.812500
8.687500	13.937500
8.812500	0.062500
8.812500	0.187500
8.812500	0.312500
8.812500	0.437500
8.812500	0.562500
8.812500	0.687500
8.812500	0.812500
8.812500	0.937500
8.812500	1.062500
8.812500	1.187500
8.812500	1.312500
8.812500	1.437500
8.812500	1.562500
8.812500	1.687500
8.812500	1.812500
8.812500	1.937500
8.812500	2.062500
8.812500	2.187500
8.812500	2.312500
8.812500	2.437500
8.812500	2.562500
8.812500	2.687500
8.812500	2.812500
8.812500	2.937500
8.812500	3.062500
8.812500	3.187500
8.812500	3.312500
8.812500	3.437500
8.812500	3.562500
8.812500	3.687500
8.812500	3.812500
8.812500	3.937500
8.812500	4.062500
8.812500	4.187500
8.812500	4.312500
8.812500	4.437500
8.812500	4.562500
8.812500	4.687500
8.812500	4.812500
8.812500	4.937500
8.812500	5.062500
8.812500	5.187500
8.812500	5.312500
8.812500	5.437500
8.812500	5.562500
8.812500	5.687500
8.812500	5.812500
8.812500	5.937500
8.812500	6.062500
8.812500	6.187500
8.812500	6.312500
8.812500	6.437500
8.812500	6.562500
8.812500	6.687500
8.812500	6.812500
8.812500	6.937500
8.812500	7.062500
8.812500	7.187500
8.812500	7.312500
8.812500	7.437500
8.812500	7.562500
8.812500	7.687500
8.812500	7.812500
8.812500	7.937500
8.812500	8.062500
8.812500	8.187500
8.812500	8.312500
8.812500	8.437500
8.812500	8.562500
8.812500	8.687500
8.812500	8.812500
8.812500	8.937500
8.812500	9.062500
8.812500	9.187500
8.812500	9.312500
8.812500	9.437500
8.812500	9.562500
8.812500	9.687500
8.812500	9.812500
8.812500	9.937500
8.812500	10.062500
8.812500	10.187500
8.812500	10.312500
8.812500	10.437500
8.812500	10.562500
8.812500	10.687500
8.812500	10.812500
8.812500	10.937500
8.812500	11.062500
8.812500	11.187500
8.812500	11.312500
8.812500	11.437500
8.812500	11.562500
8.812500	11.687500
8.812500	11.812500
8.812500	11.937500
8.812500	12.062500
8.812500	12.187500
8.812500	12.312500
8.812500	12.437500
8.812500	12.562500
8.812500	12.687500
8.812500	12.812500
8.812500	12.937500
8.812500	13.062500
8.812500	13.187500
8.812500	13.312500
8.812500	13.437500
8.812500	13.562500
8.812500	13.687500
8.812500	13.812500
8.812500	13.937500
8.937500	0.062500
8.937500	0.187500
8.937500	0.312500
8.937500	0.437500
8.937500	0.562500
8.937500	0.687500
8.937500	0.812500
8.937500	0.937500
8.937500	1.062500
8.937500	1.187500
8.937500	1.312500
8.937500	1.437500
8.937500	1.562500
8.937500	1.687500
8.937500	1.812500
8.937500	1.937500
8.937500	2.062500
8.937500	2.187500
8.937500	2.312500
8.937500	2.437500
8.937500	2.562500
8.937500	2.687500
8.937500	2.812500
8.937500	2.937500
8.937500	3.062500
8.937500	3.187500
8.937500	3.312500
8.937500	3.437500
8.937500	3.562500
8.937500	3.687500
8.937500	3.812500
8.937500	3.937500
8.937500	4.062500
8.937500	4.187500
8.937500	4.312500
8.937500	4.437500
8.937500	4.562500
8.937500	4.687500
8.937500	4.812500
8.937500	4.937500
8.937500	5.062500
8.937500	5.187500
8.937500	5.312500
8.937500	5.437500
8.937500	5.562500
8.937500	5.687500
8.937500	5.812500
8.937500	5.937500
8.937500	6.062500
8.937500	6.187500
8.937500	6.312500
8.937500	6.437500
8.937500	6.562500
8.937500	6.687500
8.937500	6.812500
8.937500	6.937500
8.937500	7.062500
8.937500	7.187500
8.937500	7.312500
8.937500	7.437500
8.937500	7.562500
8.937500	7.687500
8.937500	7.812500
8.937500	7.937500
8.937500	8.062500
8.937500	8.187500
8.937500	8.312500
8.937500	8.437500
8.937500	8.562500
8.937500	8.687500
8.937500	8.812500
8.937500	8.937500
8.937500	9.062500
8.937500	9.187500
8.937500	9.312500
8.937500	9.437500
8.937500	9.562500
8.937500	9.687500
8.937500	9.812500
8.937500	9.937500
8.937500	10.062500
8.937500	10.187500
8.937500	10.312500
8.937500	10.437500
8.937500	10.562500
8.937500	10.687500
8.937500	10.812500
8.937500	10.937500
8.937500	11.062500
8.937500	11.187500
8.937500	11.312500
8.937500	11.437500
8.937500	11.562500
8.937500	11.687500
8.937500	11.812500
8.937500	11.937500
8.937500	12.062500
8.937500	12.187500
8.937500	12.312500
8.937500	12.437500
8.937500	12.562500
8.937500	12.687500
8.937500	12.812500
8.937500	12.937500
8.937500	13.062500
8.937500	13.187500
8.937500	13.312500
8.937500	13.437500
8.937500	13.562500
8.937500	13.687500
8.937500	13.812500
8.937500	13.937500
9.062500	0.062500
9.062500	0.187500
9.062500	0.312500
9.062500	0.437500
9.062500	0.562500
9.062500	0.687500
9.062500	0.812500
9.062500	0.937500
9.062500	1.062500
9.062500	1.187500
9.062500	1.312500
9.062500	1.437500
9.062500	1.562500
9.062500	1.687500
9.062500	1.812500
9.062500	1.937500
9.062500	2.062500
9.062500	2.187500
9.062500	2.312500
9.062500	2.437500
9.062500	2.562500
9.062500	2.687500
9.062500	2.812500
9.062500	2.937500
9.062500	3.062500
9.062500	3.187500
9.062500	3.312500
9.062500	3.437500
9.062500	3.562500
9.062500	3.687500
9.062500	3.812500
9.062500	3.937500
9.062500	4.062500
9.062500	4.187500
9.062500	4.312500
9.062500	4.437500
9.062500	4.562500
9.062500	4.687500
9.062500	4.812500
9.062500	4.937500
9.062500	5.062500
9.062500	5.187500
9.062500	5.312500
9.062500	5.437500
9.062500	5.562500
9.062500	5.687500
9.062500	5.812500
9.062500	5.937500
9.062500	6.062500
9.062500	6.187500
9.062500	6.312500
9.062500	6.437500
9.062500	6.562500
9.062500	6.687500
9.062500	6.812500
9.062500	6.937500
9.062500	7.062500
9.062500	7.187500
9.062500	7.312500
9.062500	7.437500
9.062500	7.562500
9.062500	7.687500
9.062500	7.812500
9.062500	7.937500
9.062500	8.062500
9.062500	8.187500
9.062500	8.312500
9.062500	8.437500
9.062500	8.562500
9.062500	8.687500
9.062500	8.812500
9.062500	8.937500
9.062500	9.062500
9.062500	9.187500
9.062500	9.312500
9.062500	9.437500
9.062500	9.562500
9.062500	9.687500
9.062500	9.812500
9.062500	9.937500
9.062500	10.062500
9.062500	10.187500
9.062500	10.312500
9.062500	10.437500
9.062500	10.562500
9.062500	10.687500
9.062500	10.812500
9.062500	10.937500
9.062500	11.062500
9.062500	11.187500
9.062500	11.312500
9.062500	11.437500
9.062500	11.562500
9.062500	11.687500
9.062500	11.812500
9.062500	11.937500
9.062500	12.062500
9.062500	12.187500
9.062500	12.312500
9.062500	12.437500
9.062500	12.562500
9.062500	12.687500
9.062500	12.812500
9.062500	12.937500
9.062500	13.062500
9.062500	13.187500
9.062500	13.312500
9.062500	13.437500
9.062500	13.562500
9.062500	13.687500
9.062500	13.812500
9.062500	13.937500
9.187500	0.062500
9.187500	0.187500
9.187500	0.312500
9.187500	0.437500
9.187500	0.562500
9.187500	0.687500
9.187500	0.812500
9.187500	0.937500
9.187500	1.062500
9.187500	1.187500
9.187500	1.312500
9.187500	1.437500
9.187500	1.562500
9.187500	1.687500
9.187500	1.812500
9.187500	1.937500
9.187500	2.062500
9.187500	2.187500
9.187500	2.312500
9.187500	2.437500
9.187500	2.562500
9.187500	2.687500
9.187500	2.812500
9.187500	2.937500
9.187500	3.062500
9.187500	3.187500
9.187500	3.312500
9.187500	3.437500
9.187500	3.562500
9.187500	3.687500
9.187500	3.812500
9.187500	3.937500
9.187500	4.062500
9.187500	4.187500
9.187500	4.312500
9.187500	4.437500
9.187500	4.562500
9.187500	4.687500
9.187500	4.812500
9.187500	4.937500
9.187500	5.062500
9.187500	5.187500
9.187500	5.312500
9.187500	5.437500
9.187500	5.562500
9.187500	5.687500
9.187500	5.812500
9.187500	5.937500
9.187500	6.062500
9.187500	6.187500
9.187500	6.312500
9.187500	6.437500
9.187500	6.562500
9.187500	6.687500
9.187500	6.812500
9.187500	6.937500
9.187500	7.062500
9.187500	7.187500
9.187500	7.312500
9.187500	7.437500
9.187500	7.562500
9.187500	7.687500
9.187500	7.812500
9.187500	7.937500
9.187500	8.062500
9.187500	8.187500
9.187500	8.312500
9.187500	8.437500
9.187500	8.562500
9.187500	8.687500
9.187500	8.812500
9.187500	8.937500
9.187500	9.062500
9.187500	9.187500
9.187500	9.312500
9.187500	9.437500
9.187500	9.562500
9.187500	9.687500
9.187500	9.812500
9.187500	9.937500
9.187500	10.062500
9.187500	10.187500
9.187500	10.312500
9.187500	10.437500
9.187500	10.562500
9.187500	10.687500
9.187500	10.812500
9.187500	10.937500
9.187500	11.062500
9.187500	11.187500
9.187500	11.312500
9.187500	11.437500
9.187500	11.562500
9.187500	11.687500
9.187500	11.812500
9.187500	11.937500
9.187500	12.062500
9.187500	12.187500
9.187500	12.312500
9.187500	12.437500
9.187500	12.562500
9.187500	12.687500
9.187500	12.812500
9.187500	12.937500
9.187500	13.062500
9.187500	13.187500
9.187500	13.312500
9.187500	13.437500
9.187500	13.562500
9.187500	13.687500
9.187500	13.812500
9.187500	13.937500
9.312500	0.062500
9.312500	0.187500
9.312500	0.312500
9.312500	0.437500
9.312500	0.562500
9.312500	0.687500
9.312500	0.812500
9.312500	0.937500
9.312500	1.062500
9.312500	1.187500
9.312500	1.312500
9.312500	1.437500
9.312500	1.562500
9.312500	1.687500
9.312500	1.812500
9.312500	1.937500
9.312500	2.062500
9.312500	2.187500
9.312500	2.312500
9.312500	2.437500
9.312500	2.562500
9.312500	2.687500
9.312500	2.812500
9.312500	2.937500
9.312500	3.062500
9.312500	3.187500
9.312500	3.312500
9.312500	3.437500
9.312500	3.562500
9.312500	3.687500
9.312500	3.812500
9.312500	3.937500
9.312500	4.062500
9.312500	4.187500
9.312500	4.312500
9.312500	4.437500
9.312500	4.562500
9.312500	4.687500
9.312500	4.812500
9.312500	4.937500
9.312500	5.062500
9.312500	5.187500
9.312500	5.312500
9.312500	5.437500
9.312500	5.562500
9.312500	5.687500
9.312500	5.812500
9.312500	5.937500
9.312500	6.062500
9.312500	6.187500
9.312500	6.312500
9.312500	6.437500
9.312500	6.562500
9.312500	6.687500
9.312500	6.812500
9.312500	6.937500
9.312500	7.062500
9.312500	7.187500
9.312500	7.312500
9.312500	7.437500
9.312500	7.562500
9.312500	7.687500
9.312500	7.812500
9.312500	7.937500
9.312500	8.062500
9.312500	8.187500
9.312500	8.312500
9.312500	8.437500
9.312500	8.562500
9.312500	8.687500
9.312500	8.812500
9.312500	8.937500
9.312500	9.062500
9.312500	9.187500
9.312500	9.312500
9.312500	9.437500
9.312500	9.562500
9.312500	9.687500
9.312500	9.812500
9.312500	9.937500
9.312500	10.062500
9.312500	10.187500
9.312500	10.312500
9.312500	10.437500
9.312500	10.562500
9.312500	10.687500
9.312500	10.812500
9.312500	10.937500
9.312500	11.062500
9.312500	11.187500
9.312500	11.312500
9.312500	11.437500
9.312500	11.562500
9.312500	11.687500
9.312500	11.812500
9.312500	11.937500
9.312500	12.062500
9.312500	12.187500
9.312500	12.312500
9.312500	12.437500
9.312500	12.562500
9.312500	12.687500
9.312500	12.812500
9.312500	12.937500
9.312500	13.062500
9.312500	13.187500
9.312500	13.312500
9.312500	13.437500
9.312500	13.562500
9.312500	13.687500
9.312500	13.812500
9.312500	13.937500
9.437500	0.062500
9.437500	0.187500
9.437500	0.312500
9.437500	0.437500
9.437500	0.562500
9.437500	0.687500
9.437500	0.812500
9.437500	0.937500
9.437500	1.062500
9.437500	1.187500
9.437500	1.312500
9.437500	1.437500
9.437500	1.562500
9.437500	1.687500
9.437500	1.812500
9.437500	1.937500
9.437500	2.062500
9.437500	2.187500
9.437500	2.312500
9.437500	2.437500
9.437500	2.562500
9.437500	2.687500
9.437500	2.812500
9.437500	2.937500
9.437500	3.062500
9.437500	3.187500
9.437500	3.312500
9.437500	3.437500
9.437500	3.562500
9.437500	3.687500
9.437500	3.812500
9.437500	3.937500
9.437500	4.062500
9.437500	4.187500
9.437500	4.312500
9.437500	4.437500
9.437500	4.562500
9.437500	4.687500
9.437500	4.812500
9.437500	4.937500
9.437500	5.062500
9.437500	5.187500
9.437500	5.312500
9.437500	5.437500
9.437500	5.562500
9.437500	5.687500
9.437500	5.812500
9.437500	5.937500
9.437500	6.062500
9.437500	6.187500
9.437500	6.312500
9.437500	6.437500
9.437500	6.562500
9.437500	6.687500
9.437500	6.812500
9.437500	6.937500
9.437500	7.062500
9.437500	7.187500
9.437500	7.312500
9.437500	7.437500
9.437500	7.562500
9.437500	7.687500
9.437500	7.812500
9.437500	7.937500
9.437500	8.062500
9.437500	8.187500
9.437500	8.312500
9.437500	8.437500
9.437500	8.562500
9.437500	8.687500
9.437500	8.812500
9.437500	8.937500
9.437500	9.062500
9.437500	9.187500
9.437500	9.312500
9.437500	9.437500
9.437500	9.562500
9.437500	9.687500
9.437500	9.812500
9.437500	9.937500
9.437500	10.062500
9.437500	10.187500
9.437500	10.312500
9.437500	10.437500
9.437500	10.562500
9.437500	10.687500
9.437500	10.812500
9.437500	10.937500
9.437500	11.062500
9.437500	11.187500
9.437500	11.312500
9.437500	11.437500
9.437500	11.562500
9.437500	11.687500
9.437500	11.812500
9.437500	11.937500
9.437500	12.062500
9.437500	12.187500
9.437500	12.312500
9.437500	12.437500
9.437500	12.562500
9.437500	12.687500
9.437500	12.812500
9.437500	12.937500
9.437500	13.062500
9.437500	13.187500
9.437500	13.312500
9.437500	13.437500
9.437500	13.562500
9.437500	13.687500
9.437500	13.812500
9.437500	13.937500
9.562500	0.062500
9.562500	0.187500
9.562500	0.312500
9.562500	0.437500
9.562500	0.562500
9.562500	0.687500
9.562500	0.812500
9.562500	0.937500
9.562500	1.062500
9.562500	1.187500
9.562500	1.312500
9.562500	1.437500
9.562500	1.562500
9.562500	1.687500
9.562500	1.812500
9.562500	1.937500
9.562500	2.062500
9.562500	2.187500
9.562500	2.312500
9.562500	2.437500
9.562500	2.562500
9.562500	2.687500
9.562500	2.812500
9.562500	2.937500
9.562500	3.062500
9.562500	3.187500
9.562500	3.312500
9.562500	3.437500
9.562500	3.562500
9.562500	3.687500
9.562500	3.812500
9.562500	3.937500
9.562500	4.062500
9.562500	4.187500
9.562500	4.312500
9.562500	4.437500
9.562500	4.562500
9.562500	4.687500
9.562500	4.812500
9.562500	4.937500
9.562500	5.062500
9.562500	5.187500
9.562500	5.312500
9.562500	5.437500
9.562500	5.562500
9.562500	5.687500
9.562500	5.812500
9.562500	5.937500
9.562500	6.062500
9.562500	6.187500
9.562500	6.312500
9.562500	6.437500
9.562500	6.562500
9.562500	6.687500
9.562500	6.812500
9.562500	6.937500
9.562500	7.062500
9.562500	7.187500
9.562500	7.312500
9.562500	7.437500
9.562500	7.562500
9.562500	7.687500
9.562500	7.812500
9.562500	7.937500
9.562500	8.062500
9.562500	8.187500
9.562500	8.312500
9.562500	8.437500
9.562500	8.562500
9.562500	8.687500
9.562500	8.812500
9.562500	8.937500
9.562500	9.062500
9.562500	9.187500
9.562500	9.312500
9.562500	9.437500
9.562500	9.562500
9.562500	9.687500
9.562500	9.812500
9.562500	9.937500
9.562500	10.062500
9.562500	10.187500
9.562500	10.312500
9.562500	10.437500
9.562500	10.562500
9.562500	10.687500
9.562500	10.812500
9.562500	10.937500
9.562500	11.062500
9.562500	11.187500
9.562500	11.312500
9.562500	11.437500
9.562500	11.562500
9.562500	11.687500
9.562500	11.812500
9.562500	11.937500
9.562500	12.062500
9.562500	12.187500
9.562500	12.312500
9.562500	12.437500
9.562500	12.562500
9.562500	12.687500
9.562500	12.812500
9.562500	12.937500
9.562500	13.062500
9.562500	13.187500
9.562500	13.312500
9.562500	13.437500
9.562500	13.562500
9.562500	13.687500
9.562500	13.812500
9.562500	13.937500
9.687500	0.062500
9.687500	0.187500
9.687500	0.312500
9.687500	0.437500
9.687500	0.562500
9.687500	0.687500
9.687500	0.812500
9.687500	0.937500
9.687500	1.062500
9.687500	1.187500
9.687500	1.312500
9.687500	1.437500
9.687500	1.562500
9.687500	1.687500
9.687500	1.812500
9.687500	1.937500
9.687500	2.062500
9.687500	2.187500
9.687500	2.312500
9.687500	2.437500
9.687500	2.562500
9.687500	2.687500
9.687500	2.812500
9.687500	2.937500
9.687500	3.062500
9.687500	3.187500
9.687500	3.312500
9.687500	3.437500
9.687500	3.562500
9.687500	3.687500
9.687500	3.812500
9.687500	3.937500
9.687500	4.062500
9.687500	4.187500
9.687500	4.312500
9.687500	4.437500
9.687500	4.562500
9.687500	4.687500
9.687500	4.812500
9.687500	4.937500
9.687500	5.062500
9.687500	5.187500
9.687500	5.312500
9.687500	5.437500
9.687500	5.562500
9.687500	5.687500
9.687500	5.812500
9.687500	5.937500
9.687500	6.062500
9.687500	6.187500
9.687500	6.312500
9.687500	6.437500
9.687500	6.562500
9.687500	6.687500
9.687500	6.812500
9.687500	6.937500
9.687500	7.062500
9.687500	7.187500
9.687500	7.312500
9.687500	7.437500
9.687500	7.562500
9.687500	7.687500
9.687500	7.812500
9.687500	7.937500
9.687500	8.062500
9.687500	8.187500
9.687500	8.312500
9.687500	8.437500
9.687500	8.562500
9.687500	8.687500
9.687500	8.812500
9.687500	8.937500
9.687500	9.062500
9.687500	9.187500
9.687500	9.312500
9.687500	9.437500
9.687500	9.562500
9.687500	9.687500
9.687500	9.812500
9.687500	9.937500
9.687500	10.062500
9.687500	10.187500
9.687500	10.312500
9.687500	10.437500
9.687500	10.562500
9.687500	10.687500
9.687500	10.812500
9.687500	10.937500
9.687500	11.062500
9.687500	11.187500
9.687500	11.312500
9.687500	11.437500
9.687500	11.562500
9.687500	11.687500
9.687500	11.812500
9.687500	11.937500
9.687500	12.062500
9.687500	12.187500
9.687500	12.312500
9.687500	12.437500
9.687500	12.562500
9.687500	12.687500
9.687500	12.812500
9.687500	12.937500
9.687500	13.062500
9.687500	13.187500
9.687500	13.312500
9.687500	13.437500
9.687500	13.562500
9.687500	13.687500
9.687500	13.812500
9.687500	13.937500
9.812500	0.062500
9.812500	0.187500
9.812500	0.312500
9.812500	0.437500
9.812500	0.562500
9.812500	0.687500
9.812500	0.812500
9.812500	0.937500
9.812500	1.062500
9.812500	1.187500
9.812500	1.312500
9.812500	1.437500
9.812500	1.562500
9.812500	1.687500
9.812500	1.812500
9.812500	1.937500
9.812500	2.062500
9.812500	2.187500
9.812500	2.312500
9.812500	2.437500
9.812500	2.562500
9.812500	2.687500
9.812500	2.812500
9.812500	2.937500
9.812500	3.062500
9.812500	3.187500
9.812500	3.312500
9.812500	3.437500
9.812500	3.562500
9.812500	3.687500
9.812500	3.812500
9.812500	3.937500
9.812500	4.062500
9.812500	4.187500
9.812500	4.312500
9.812500	4.437500
9.812500	4.562500
9.812500	4.687500
9.812500	4.812500
9.812500	4.937500
9.812500	5.062500
9.812500	5.187500
9.812500	5.312500
9.812500	5.437500
9.812500	5.562500
9.812500	5.687500
9.812500	5.812500
9.812500	5.937500
9.812500	6.062500
9.812500	6.187500
9.812500	6.312500
9.812500	6.437500
9.812500	6.562500
9.812500	6.687500
9.812500	6.812500
9.812500	6.937500
9.812500	7.062500
9.812500	7.187500
9.812500	7.312500
9.812500	7.437500
9.812500	7.562500
9.812500	7.687500
9.812500	7.812500
9.812500	7.937500
9.812500	8.062500
9.812500	8.187500
9.812500	8.312500
9.812500	8.437500
9.812500	8.562500
9.812500	8.687500
9.812500	8.812500
9.812500	8.937500
9.812500	9.062500
9.812500	9.187500
9.812500	9.312500
9.812500	9.437500
9.812500	9.562500
9.812500	9.687500
9.812500	9.812500
9.812500	9.937500
9.812500	10.062500
9.812500	10.187500
9.812500	10.312500
9.812500	10.437500
9.812500	10.562500
9.812500	10.687500
9.812500	10.812500
9.812500	10.937500
9.812500	11.062500
9.812500	11.187500
9.812500	11.312500
9.812500	11.437500
9.812500	11.562500
9.812500	11.687500
9.812500	11.812500
9.812500	11.937500
9.812500	12.062500
9.812500	12.187500
9.812500	12.312500
9.812500	12.437500
9.812500	12.562500
9.812500	12.687500
9.812500	12.812500
9.812500	12.937500
9.812500	13.062500
9.812500	13.187500
9.812500	13.312500
9.812500	13.437500
9.812500	13.562500
9.812500	13.687500
9.812500	13.812500
9.812500	13.937500
9.937500	0.062500
9.937500	0.187500
9.937500	0.312500
9.937500	0.437500
9.937500	0.562500
9.937500	0.687500
9.937500	0.812500
9.937500	0.937500
9.937500	1.062500
9.937500	1.187500
9.937500	1.312500
9.937500	1.437500
9.937500	1.562500
9.937500	1.687500
9.937500	1.812500
9.937500	1.937500
9.937500	2.062500
9.937500	2.187500
9.937500	2.312500
9.937500	2.437500
9.937500	2.562500
9.937500	2.687500
9.937500	2.812500
9.937500	2.937500
9.937500	3.062500
9.937500	3.187500
9.937500	3.312500
9.937500	3.437500
9.937500	3.562500
9.937500	3.687500
9.937500	3.812500
9.937500	3.937500
9.937500	4.062500
9.937500	4.187500
9.937500	4.312500
9.937500	4.437500
9.937500	4.562500
9.937500	4.687500
9.937500	4.812500
9.937500	4.937500
9.937500	5.062500
9.937500	5.187500
9.937500	5.312500
9.937500	5.437500
9.937500	5.562500
9.937500	5.687500
9.937500	5.812500
9.937500	5.937500
9.937500	6.062500
9.937500	6.187500
9.937500	6.312500
9.937500	6.437500
9.937500	6.562500
9.937500	6.687500
9.937500	6.812500
9.937500	6.937500
9.937500	7.062500
9.937500	7.187500
9.937500	7.312500
9.937500	7.437500
9.937500	7.562500
9.937500	7.687500
9.937500	7.812500
9.937500	7.937500
9.937500	8.062500
9.937500	8.187500
9.937500	8.312500
9.937500	8.437500
9.937500	8.562500
9.937500	8.687500
9.937500	8.812500
9.937500	8.937500
9.937500	9.062500
9.937500	9.187500
9.937500	9.312500
9.937500	9.437500
9.937500	9.562500
9.937500	9.687500
9.937500	9.812500
9.937500	9.937500
9.937500	10.062500
9.937500	10.187500
9.937500	10.312500
9.937500	10.437500
9.937500	10.562500
9.937500	10.687500
9.937500	10.812500
9.937500	10.937500
9.937500	11.062500
9.937500	11.187500
9.937500	11.312500
9.937500	11.437500
9.937500	11.562500
9.937500	11.687500
9.937500	11.812500
9.937500	11.937500
9.937500	12.062500
9.937500	12.187500
9.937500	12.312500
9.937500	12.437500
9.937500	12.562500
9.937500	12.687500
9.937500	12.812500
9.937500	12.937500
9.937500	13.062500
9.937500	13.187500
9.937500	13.312500
9.937500	13.437500
9.937500	13.562500
9.937500	13.687500
9.937500	13.812500
9.937500	13.937500
10.062500	0.062500
10.062500	0.187500
10.062500	0.312500
10.062500	0.437500
10.062500	0.562500
10.062500	0.687500
10.062500	0.812500
10.062500	0.937500
10.062500	1.062500
10.062500	1.187500
10.062500	1.312500
10.062500	1.437500
10.062500	1.562500
10.062500	1.687500
10.062500	1.812500
10.062500	1.937500
10.062500	2.062500
10.062500	2.187500
10.062500	2.312500
10.062500	2.437500
10.062500	2.562500
10.062500	2.687500
10.062500	2.812500
10.062500	2.937500
10.062500	3.062500
10.062500	3.187500
10.062500	3.312500
10.062500	3.437500
10.062500	3.562500
10.062500	3.687500
10.062500	3.812500
10.062500	3.937500
10.062500	4.062500
10.062500	4.187500
10.062500	4.312500
10.062500	4.437500
10.062500	4.562500
10.062500	4.687500
10.062500	4.812500
10.062500	4.937500
10.062500	5.062500
10.062500	5.187500
10.062500	5.312500
10.062500	5.437500
10.062500	5.562500
10.062500	5.687500
10.062500	5.812500
10.062500	5.937500
10.062500	6.062500
10.062500	6.187500
10.062500	6.312500
10.062500	6.437500
10.062500	6.562500
10.062500	6.687500
10.062500	6.812500
10.062500	6.937500
10.062500	7.062500
10.062500	7.187500
10.062500	7.312500
10.062500	7.437500
10.062500	7.562500
10.062500	7.687500
10.062500	7.812500
10.062500	7.937500
10.062500	8.062500
10.062500	8.187500
10.062500	8.312500
10.062500	8.437500
10.062500	8.562500
10.062500	8.687500
10.062500	8.812500
10.062500	8.937500
10.062500	9.062500
10.062500	9.187500
10.062500	9.312500
10.062500	9.437500
10.062500	9.562500
10.062500	9.687500
10.062500	9.812500
10.062500	9.937500
10.062500	10.062500
10.062500	10.187500
10.062500	10.312500
10.062500	10.437500
10.062500	10.562500
10.062500	10.687500
10.062500	10.812500
10.062500	10.937500
10.062500	11.062500
10.062500	11.187500
10.062500	11.312500
10.062500	11.437500
10.062500	11.562500
10.062500	11.687500
10.062500	11.812500
10.062500	11.937500
10.062500	12.062500
10.062500	12.187500
10.062500	12.312500
10.062500	12.437500
10.062500	12.562500
10.062500	12.687500
10.062500	12.812500
10.062500	12.937500
10.062500	13.062500
10.062500	13.187500
10.062500	13.312500
10.062500	13.437500
10.062500	13.562500
10.062500	13.687500
10.062500	13.812500
10.062500	13.937500
10.187500	0.062500
10.187500	0.187500
10.187500	0.312500
10.187500	0.437500
10.187500	0.562500
10.187500	0.687500
10.187500	0.812500
10.187500	0.937500
10.187500	1.062500
10.187500	1.187500
10.187500	1.312500
10.187500	1.437500
10.187500	1.562500
10.187500	1.687500
10.187500	1.812500
10.187500	1.937500
10.187500	2.062500
10.187500	2.187500
10.187500	2.312500
10.187500	2.437500
10.187500	2.562500
10.187500	2.687500
10.187500	2.812500
10.187500	2.937500
10.187500	3.062500
10.187500	3.187500
10.187500	3.312500
10.187500	3.437500
10.187500	3.562500
10.187500	3.687500
10.187500	3.812500
10.187500	3.937500
10.187500	4.062500
10.187500	4.187500
10.187500	4.312500
10.187500	4.437500
10.187500	4.562500
10.187500	4.687500
10.187500	4.812500
10.187500	4.937500
10.187500	5.062500
10.187500	5.187500
10.187500	5.312500
10.187500	5.437500
10.187500	5.562500
10.187500	5.687500
10.187500	5.812500
10.187500	5.937500
10.187500	6.062500
10.187500	6.187500
10.187500	6.312500
10.187500	6.437500
10.187500	6.562500
10.187500	6.687500
10.187500	6.812500
10.187500	6.937500
10.187500	7.062500
10.187500	7.187500
10.187500	7.312500
10.187500	7.437500
10.187500	7.562500
10.187500	7.687500
10.187500	7.812500
10.187500	7.937500
10.187500	8.062500
10.187500	8.187500
10.187500	8.312500
10.187500	8.437500
10.187500	8.562500
10.187500	8.687500
10.187500	8.812500
10.187500	8.937500
10.187500	9.062500
10.187500	9.187500
10.187500	9.312500
10.187500	9.437500
10.187500	9.562500
10.187500	9.687500
10.187500	9.812500
10.187500	9.937500
10.187500	10.062500
10.187500	10.187500
10.187500	10.312500
10.187500	10.437500
10.187500	10.562500
10.187500	10.687500
10.187500	10.812500
10.187500	10.937500
10.187500	11.062500
10.187500	11.187500
10.187500	11.312500
10.187500	11.437500
10.187500	11.562500
10.187500	11.687500
10.187500	11.812500
10.187500	11.937500
10.187500	12.062500
10.187500	12.187500
10.187500	12.312500
10.187500	12.437500
10.187500	12.562500
10.187500	12.687500
10.187500	12.812500
10.187500	12.937500
10.187500	13.062500
10.187500	13.187500
10.187500	13.312500
10.187500	13.437500
10.187500	13.562500
10.187500	13.687500
10.187500	13.812500
10.312500	0.062500
10.312500	0.187500
10.312500	0.312500
10.312500	0.437500
10.312500	0.562500
10.312500	0.687500
10.312500	0.812500
10.312500	0.937500
10.312500	1.062500
10.312500	1.187500
10.312500	1.312500
10.312500	1.437500
10.312500	1.562500
10.312500	1.687500
10.312500	1.812500
10.312500	1.937500
10.312500	2.062500
10.312500	2.187500
10.312500	2.312500
10.312500	2.437500
10.312500	2.562500
10.312500	2.687500
10.312500	2.812500
10.312500	2.937500
10.312500	3.062500
10.312500	3.187500
10.312500	3.312500
10.312500	3.437500
10.312500	3.562500
10.312500	3.687500
10.312500	3.812500
10.312500	3.937500
10.312500	4.062500
10.312500	4.187500
10.312500	4.312500
10.312500	4.437500
10.312500	4.562500
10.312500	4.687500
10.312500	4.812500
10.312500	4.937500
10.312500	5.062500
10.312500	5.187500
10.312500	5.312500
10.312500	5.437500
10.312500	5.562500
10.312500	5.687500
10.312500	5.812500
10.312500	5.937500
10.312500	6.062500
10.312500	6.187500
10.312500	6.312500
10.312500	6.437500
10.312500	6.562500
10.312500	6.687500
10.312500	6.812500
10.312500	6.937500
10.312500	7.062500
10.312500	7.187500
10.312500	7.312500
10.312500	7.437500
10.312500	7.562500
10.312500	7.687500
10.312500	7.812500
10.312500	7.937500
10.312500	8.062500
10.312500	8.187500
10.312500	8.312500
10.312500	8.437500
10.312500	8.562500
10.312500	8.687500
10.312500	8.812500
10.312500	8.937500
10.312500	9.062500
10.312500	9.187500
10.312500	9.312500
10.312500	9.437500
10.312500	9.562500
10.312500	9.687500
10.312500	9.812500
10.312500	9.937500
10.312500	10.062500
10.312500	10.187500
10.312500	10.312500
10.312500	10.437500
10.312500	10.562500
10.312500	10.687500
10.312500	10.812500
10.312500	10.937500
10.312500	11.062500
10.312500	11.187500
10.312500	11.312500
10.312500	11.437500
10.312500	11.562500
10.312500	11.687500
10.312500	11.812500
10.312500	11.937500
10.312500	12.062500
10.312500	12.187500
10.312500	12.312500
10.312500	12.437500
10.312500	12.562500
10.312500	12.687500
10.312500	12.812500
10.312500	12.937500
10.312500	13.062500
10.312500	13.187500
10.312500	13.312500
10.312500	13.437500
10.312500	13.562500
10.312500	13.687500
10.437500	0.062500
10.437500	0.187500
10.437500	0.312500
10.437500	0.437500
10.437500	0.562500
10.437500	0.687500
10.437500	0.812500
10.437500	0.937500
10.437500	1.062500
10.437500	1.187500
10.437500	1.312500
10.437500	1.437500
10.437500	1.562500
10.437500	1.687500
10.437500	1.812500
10.437500	1.937500
10.437500	2.062500
10.437500	2.187500
10.437500	2.312500
10.437500	2.437500
10.437500	2.562500
10.437500	2.687500
10.437500	2.812500
10.437500	2.937500
10.437500	3.062500
10.437500	3.187500
10.437500	3.312500
10.437500	3.437500
10.437500	3.562500
10.437500	3.687500
10.437500	3.812500
10.437500	3.937500
10.437500	4.062500
10.437500	4.187500
10.437500	4.312500
10.437500	4.437500
10.437500	4.562500
10.437500	4.687500
10.437500	4.812500
10.437500	4.937500
10.437500	5.062500
10.437500	5.187500
10.437500	5.312500
10.437500	5.437500
10.437500	5.562500
10.437500	5.687500
10.437500	5.812500
10.437500	5.937500
10.437500	6.062500
10.437500	6.187500
10.437500	6.312500
10.437500	6.437500
10.437500	6.562500
10.437500	6.687500
10.437500	6.812500
10.437500	6.937500
10.437500	7.062500
10.437500	7.187500
10.437500	7.312500
10.437500	7.437500
10.437500	7.562500
10.437500	7.687500
10.437500	7.812500
10.437500	7.937500
10.437500	8.062500
10.437500	8.187500
10.437500	8.312500
10.437500	8.437500
10.437500	8.562500
10.437500	8.687500
10.437500	8.812500
10.437500	8.937500
10.437500	9.062500
10.437500	9.187500
10.437500	9.312500
10.437500	9.437500
10.437500	9.562500
10.437500	9.687500
10.437500	9.812500
10.437500	9.937500
10.437500	10.062500
10.437500	10.187500
10.437500	10.312500
10.437500	10.437500
10.437500	10.562500
10.437500	10.687500
10.437500	10.812500
10.437500	10.937500
10.437500	11.062500
10.437500	11.187500
10.437500	11.312500
10.437500	11.437500
10.437500	11.562500
10.437500	11.687500
10.437500	11.812500
10.437500	11.937500
10.437500	12.062500
10.437500	12.187500
10.437500	12.312500
10.437500	12.437500
10.437500	12.562500
10.437500	12.687500
10.437500	12.812500
10.437500	12.937500
10.437500	13.062500
10.437500	13.187500
10.437500	13.312500
10.437500	13.437500
10.437500	13.562500
10.562500	0.062500
10.562500	0.187500
10.562500	0.312500
10.562500	0.437500
10.562500	0.562500
10.562500	0.687500
10.562500	0.812500
10.562500	0.937500
10.562500	1.062500
10.562500	1.187500
10.562500	1.312500
10.562500	1.437500
10.562500	1.562500
10.562500	1.687500
10.562500	1.812500
10.562500	1.937500
10.562500	2.062500
10.562500	2.187500
10.562500	2.312500
10.562500	2.437500
10.562500	2.562500
10.562500	2.687500
10.562500	2.812500
10.562500	2.937500
10.562500	3.062500
10.562500	3.187500
10.562500	3.312500
10.562500	3.437500
10.562500	3.562500
10.562500	3.687500
10.562500	3.812500
10.562500	3.937500
10.562500	4.062500
10.562500	4.187500
10.562500	4.312500
10.562500	4.437500
10.562500	4.562500
10.562500	4.687500
10.562500	4.812500
10.562500	4.937500
10.562500	5.062500
10.562500	5.187500
10.562500	5.312500
10.562500	5.437500
10.562500	5.562500
10.562500	5.687500
10.562500	5.812500
10.562500	5.937500
10.562500	6.062500
10.562500	6.187500
10.562500	6.312500
10.562500	6.437500
10.562500	6.562500
10.562500	6.687500
10.562500	6.812500
10.562500	6.937500
10.562500	7.062500
10.562500	7.187500
10.562500	7.312500
10.562500	7.437500
10.562500	7.562500
10.562500	7.687500
10.562500	7.812500
10.562500	7.937500
10.562500	8.062500
10.562500	8.187500
10.562500	8.312500
10.562500	8.437500
10.562500	8.562500
10.562500	8.687500
10.562500	8.812500
10.562500	8.937500
10.562500	9.062500
10.562500	9.187500
10.562500	9.312500
10.562500	9.437500
10.562500	9.562500
10.562500	9.687500
10.562500	9.812500
10.562500	9.937500
10.562500	10.062500
10.562500	10.187500
10.562500	10.312500
10.562500	10.437500
10.562500	10.562500
10.562500	10.687500
10.562500	10.812500
10.562500	10.937500
10.562500	11.062500
10.562500	11.187500
10.562500	11.312500
10.562500	11.437500
10.562500	11.562500
10.562500	11.687500
10.562500	11.812500
10.562500	11.937500
10.562500	12.062500
10.562500	12.187500
10.562500	12.312500
10.562500	12.437500
10.562500	12.562500
10.562500	12.687500
10.562500	12.812500
10.562500	12.937500
10.562500	13.062500
10.562500	13.187500
10.562500	13.312500
10.562500	13.437500
10.687500	0.062500
10.687500	0.187500
10.687500	0.312500
10.687500	0.437500
10.687500	0.562500
10.687500	0.687500
10.687500	0.812500
10.687500	0.937500
10.687500	1.062500
10.687500	1.187500
10.687500	1.312500
10.687500	1.437500
10.687500	1.562500
10.687500	1.687500
10.687500	1.812500
10.687500	1.937500
10.687500	2.062500
10.687500	2.187500
10.687500	2.312500
10.687500	2.437500
10.687500	2.562500
10.687500	2.687500
10.687500	2.812500
10.687500	2.937500
10.687500	3.062500
10.687500	3.187500
10.687500	3.312500
10.687500	3.437500
10.687500	3.562500
10.687500	3.687500
10.687500	3.812500
10.687500	3.937500
10.687500	4.062500
10.687500	4.187500
10.687500	4.312500
10.687500	4.437500
10.687500	4.562500
10.687500	4.687500
10.687500	4.812500
10.687500	4.937500
10.687500	5.062500
10.687500	5.187500
10.687500	5.312500
10.687500	5.437500
10.687500	5.562500
10.687500	5.687500
10.687500	5.812500
10.687500	5.937500
10.687500	6.062500
10.687500	6.187500
10.687500	6.312500
10.687500	6.437500
10.687500	6.562500
10.687500	6.687500
10.687500	6.812500
10.687500	6.937500
10.687500	7.062500
10.687500	7.187500
10.687500	7.312500
10.687500	7.437500
10.687500	7.562500
10.687500	7.687500
10.687500	7.812500
10.687500	7.937500
10.687500	8.062500
10.687500	8.187500
10.687500	8.312500
10.687500	8.437500
10.687500	8.562500
10.687500	8.687500
10.687500	8.812500
10.687500	8.937500
10.687500	9.062500
10.687500	9.187500
10.687500	9.312500
10.687500	9.437500
10.687500	9.562500
10.687500	9.687500
10.687500	9.812500
10.687500	9.937500
10.687500	10.062500
10.687500	10.187500
10.687500	10.312500
10.687500	10.437500
10.687500	10.562500
10.687500	10.687500
10.687500	10.812500
10.687500	10.937500
10.687500	11.062500
10.687500	11.187500
10.687500	11.312500
10.687500	11.437500
10.687500	11.562500
10.687500	11.687500
10.687500	11.812500
10.687500	11.937500
10.687500	12.062500
10.687500	12.187500
10.687500	12.312500
10.687500	12.437500
10.687500	12.562500
10.687500	12.687500
10.687500	12.812500
10.687500	12.937500
10.687500	13.062500
10.687500	13.187500
10.687500	13.312500
10.812500	0.062500
10.812500	0.187500
10.812500	0.312500
10.812500	0.437500
10.812500	0.562500
10.812500	0.687500
10.812500	0.812500
10.812500	0.937500
10.812500	1.062500
10.812500	1.187500
10.812500	1.312500
10.812500	1.437500
10.812500	1.562500
10.812500	1.687500
10.812500	1.812500
10.812500	1.937500
10.812500	2.062500
10.812500	2.187500
10.812500	2.312500
10.812500	2.437500
10.812500	2.562500
10.812500	2.687500
10.812500	2.812500
10.812500	2.937500
10.812500	3.062500
10.812500	3.187500
10.812500	3.312500
10.812500	3.437500
10.812500	3.562500
10.812500	3.687500
10.812500	3.812500
10.812500	3.937500
10.812500	4.062500
10.812500	4.187500
10.812500	4.312500
10.812500	4.437500
10.812500	4.562500
10.812500	4.687500
10.812500	4.812500
10.812500	4.937500
10.812500	5.062500
10.812500	5.187500
10.812500	5.312500
10.812500	5.437500
10.812500	5.562500
10.812500	5.687500
10.812500	5.812500
10.812500	5.937500
10.812500	6.062500
10.812500	6.187500
10.812500	6.312500
10.812500	6.437500
10.812500	6.562500
10.812500	6.687500
10.812500	6.812500
10.812500	6.937500
10.812500	7.062500
10.812500	7.187500
10.812500	7.312500
10.812500	7.437500
10.812500	7.562500
10.812500	7.687500
10.812500	7.812500
10.812500	7.937500
10.812500	8.062500
10.812500	8.187500
10.812500	8.312500
10.812500	8.437500
10.812500	8.562500
10.812500	8.687500
10.812500	8.812500
10.812500	8.937500
10.812500	9.062500
10.812500	9.187500
10.812500	9.312500
10.812500	9.437500
10.812500	9.562500
10.812500	9.687500
10.812500	9.812500
10.812500	9.937500
10.812500	10.062500
10.812500	10.187500
10.812500	10.312500
10.812500	10.437500
10.812500	10.562500
10.812500	10.687500
10.812500	10.812500
10.812500	10.937500
10.812500	11.062500
10.812500	11.187500
10.812500	11.312500
10.812500	11.437500
10.812500	11.562500
10.812500	11.687500
10.812500	11.812500
10.812500	11.937500
10.812500	12.062500
10.812500	12.187500
10.812500	12.312500
10.812500	12.437500
10.812500	12.562500
10.812500	12.687500
10.812500	12.812500
10.812500	12.937500
10.812500	13.062500
10.812500	13.187500
10.937500	0.062500
10.937500	0.187500
10.937500	0.312500
10.937500	0.437500
10.937500	0.562500
10.937500	0.687500
10.937500	0.812500
10.937500	0.937500
10.937500	1.062500
10.937500	1.187500
10.937500	1.312500
10.937500	1.437500
10.937500	1.562500
10.937500	1.687500
10.937500	1.812500
10.937500	1.937500
10.937500	2.062500
10.937500	2.187500
10.937500	2.312500
10.937500	2.437500
10.937500	2.562500
10.937500	2.687500
10.937500	2.812500
10.937500	2.937500
10.937500	3.062500
10.937500	3.187500
10.937500	3.312500
10.937500	3.437500
10.937500	3.562500
10.937500	3.687500
10.937500	3.812500
10.937500	3.937500
10.937500	4.062500
10.937500	4.187500
10.937500	4.312500
10.937500	4.437500
10.937500	4.562500
10.937500	4.687500
10.937500	4.812500
10.937500	4.937500
10.937500	5.062500
10.937500	5.187500
10.937500	5.312500
10.937500	5.437500
10.937500	5.562500
10.937500	5.687500
10.937500	5.812500
10.937500	5.937500
10.937500	6.062500
10.937500	6.187500
10.937500	6.312500
10.937500	6.437500
10.937500	6.562500
10.937500	6.687500
10.937500	6.812500
10.937500	6.937500
10.937500	7.062500
10.937500	7.187500
10.937500	7.312500
10.937500	7.437500
10.937500	7.562500
10.937500	7.687500
10.937500	7.812500
10.937500	7.937500
10.937500	8.062500
10.937500	8.187500
10.937500	8.312500
10.937500	8.437500
10.937500	8.562500
10.937500	8.687500
10.937500	8.812500
10.937500	8.937500
10.937500	9.062500
10.937500	9.187500
10.937500	9.312500
10.937500	9.437500
10.937500	9.562500
10.937500	9.687500
10.937500	9.812500
10.937500	9.937500
10.937500	10.062500
10.937500	10.187500
10.937500	10.312500
10.937500	10.437500
10.937500	10.562500
10.937500	10.687500
10.937500	10.812500
10.937500	10.937500
10.937500	11.062500
10.937500	11.187500
10.937500	11.312500
10.937500	11.437500
10.937500	11.562500
10.937500	11.687500
10.937500	11.812500
10.937500	11.937500
10.937500	12.062500
10.937500	12.187500
10.937500	12.312500
10.937500	12.437500
10.937500	12.562500
10.937500	12.687500
10.937500	12.812500
10.937500	12.937500
10.937500	13.062500
11.062500	0.062500
11.062500	0.187500
11.062500	0.312500
11.062500	0.437500
11.062500	0.562500
11.062500	0.687500
11.062500	0.812500
11.062500	0.937500
11.062500	1.062500
11.062500	1.187500
11.062500	1.312500
11.062500	1.437500
11.062500	1.562500
11.062500	1.687500
11.062500	1.812500
11.062500	1.937500
11.062500	2.062500
11.062500	2.187500
11.062500	2.312500
11.062500	2.437500
11.062500	2.562500
11.062500	2.687500
11.062500	2.812500
11.062500	2.937500
11.062500	3.062500
11.062500	3.187500
11.062500	3.312500
11.062500	3.437500
11.062500	3.562500
11.062500	3.687500
11.062500	3.812500
11.062500	3.937500
11.062500	4.062500
11.062500	4.187500
11.062500	4.312500
11.062500	4.437500
11.062500	4.562500
11.062500	4.687500
11.062500	4.812500
11.062500	4.937500
11.062500	5.062500
11.062500	5.187500
11.062500	5.312500
11.062500	5.437500
11.062500	5.562500
11.062500	5.687500
11.062500	5.812500
11.062500	5.937500
11.062500	6.062500
11.062500	6.187500
11.062500	6.312500
11.062500	6.437500
11.062500	6.562500
11.062500	6.687500
11.062500	6.812500
11.062500	6.937500
11.062500	7.062500
11.062500	7.187500
11.062500	7.312500
11.062500	7.437500
11.062500	7.562500
11.062500	7.687500
11.062500	7.812500
11.062500	7.937500
11.062500	8.062500
11.062500	8.187500
11.062500	8.312500
11.062500	8.437500
11.062500	8.562500
11.062500	8.687500
11.062500	8.812500
11.062500	8.937500
11.062500	9.062500
11.062500	9.187500
11.062500	9.312500
11.062500	9.437500
11.062500	9.562500
11.062500	9.687500
11.062500	9.812500
11.062500	9.937500
11.062500	10.062500
11.062500	10.187500
11.062500	10.312500
11.062500	10.437500
11.062500	10.562500
11.062500	10.687500
11.062500	10.812500
11.062500	10.937500
11.062500	11.062500
11.062500	11.187500
11.062500	11.312500
11.062500	11.437500
11.062500	11.562500
11.062500	11.687500
11.062500	11.812500
11.062500	11.937500
11.062500	12.062500
11.062500	12.187500
11.062500	12.312500
11.062500	12.437500
11.062500	12.562500
11.062500	12.687500
11.062500	12.812500
11.062500	12.937500
11.187500	0.062500
11.187500	0.187500
11.187500	0.312500
11.187500	0.437500
11.187500	0.562500
11.187500	0.687500
11.187500	0.812500
11.187500	0.937500
11.187500	1.062500
11.187500	1.187500
11.187500	1.312500
11.187500	1.437500
11.187500	1.562500
11.187500	1.687500
11.187500	1.812500
11.187500	1.937500
11.187500	2.062500
11.187500	2.187500
11.187500	2.312500
11.187500	2.437500
11.187500	2.562500
11.187500	2.687500
11.187500	2.812500
11.187500	2.937500
11.187500	3.062500
11.187500	3.187500
11.187500	3.312500
11.187500	3.437500
11.187500	3.562500
11.187500	3.687500
11.187500	3.812500
11.187500	3.937500
11.187500	4.062500
11.187500	4.187500
11.187500	4.312500
11.187500	4.437500
11.187500	4.562500
11.187500	4.687500
11.187500	4.812500
11.187500	4.937500
11.187500	5.062500
11.187500	5.187500
11.187500	5.312500
11.187500	5.437500
11.187500	5.562500
11.187500	5.687500
11.187500	5.812500
11.187500	5.937500
11.187500	6.062500
11.187500	6.187500
11.187500	6.312500
11.187500	6.437500
11.187500	6.562500
11.187500	6.687500
11.187500	6.812500
11.187500	6.937500
11.187500	7.062500
11.187500	7.187500
11.187500	7.312500
11.187500	7.437500
11.187500	7.562500
11.187500	7.687500
11.187500	7.812500
11.187500	7.937500
11.187500	8.062500
11.187500	8.187500
11.187500	8.312500
11.187500	8.437500
11.187500	8.562500
11.187500	8.687500
11.187500	8.812500
11.187500	8.937500
11.187500	9.062500
11.187500	9.187500
11.187500	9.312500
11.187500	9.437500
11.187500	9.562500
11.187500	9.687500
11.187500	9.812500
11.187500	9.937500
11.187500	10.062500
11.187500	10.187500
11.187500	10.312500
11.187500	10.437500
11.187500	10.562500
11.187500	10.687500
11.187500	10.812500
11.187500	10.937500
11.187500	11.062500
11.187500	11.187500
11.187500	11.312500
11.187500	11.437500
11.187500	11.562500
11.187500	11.687500
11.187500	11.812500
11.187500	11.937500
11.187500	12.062500
11.187500	12.187500
11.187500	12.312500
11.187500	12.437500
11.187500	12.562500
11.187500	12.687500
11.187500	12.812500
11.312500	0.062500
11.312500	0.187500
11.312500	0.312500
11.312500	0.437500
11.312500	0.562500
11.312500	0.687500
11.312500	0.812500
11.312500	0.937500
11.312500	1.062500
11.312500	1.187500
11.312500	1.312500
11.312500	1.437500
11.312500	1.562500
11.312500	1.687500
11.312500	1.812500
11.312500	1.937500
11.312500	2.062500
11.312500	2.187500
11.312500	2.312500
11.312500	2.437500
11.312500	2.562500
11.312500	2.687500
11.312500	2.812500
11.312500	2.937500
11.312500	3.062500
11.312500	3.187500
11.312500	3.312500
11.312500	3.437500
11.312500	3.562500
11.312500	3.687500
11.312500	3.812500
11.312500	3.937500
11.312500	4.062500
11.312500	4.187500
11.312500	4.312500
11.312500	4.437500
11.312500	4.562500
11.312500	4.687500
11.312500	4.812500
11.312500	4.937500
11.312500	5.062500
11.312500	5.187500
11.312500	5.312500
11.312500	5.437500
11.312500	5.562500
11.312500	5.687500
11.312500	5.812500
11.312500	5.937500
11.312500	6.062500
11.312500	6.187500
11.312500	6.312500
11.312500	6.437500
11.312500	6.562500
11.312500	6.687500
11.312500	6.812500
11.312500	6.937500
11.312500	7.062500
11.312500	7.187500
11.312500	7.312500
11.312500	7.437500
11.312500	7.562500
11.312500	7.687500
11.312500	7.812500
11.312500	7.937500
11.312500	8.062500
11.312500	8.187500
11.312500	8.312500
11.312500	8.437500
11.312500	8.562500
11.312500	8.687500
11.312500	8.812500
11.312500	8.937500
11.312500	9.062500
11.312500	9.187500
11.312500	9.312500
11.312500	9.437500
11.312500	9.562500
11.312500	9.687500
11.312500	9.812500
11.312500	9.937500
11.312500	10.062500
11.312500	10.187500
11.312500	10.312500
11.312500	10.437500
11.312500	10.562500
11.312500	10.687500
11.312500	10.812500
11.312500	10.937500
11.312500	11.062500
11.312500	11.187500
11.312500	11.312500
11.312500	11.437500
11.312500	11.562500
11.312500	11.687500
11.312500	11.812500
11.312500	11.937500
11.312500	12.062500
11.312500	12.187500
11.312500	12.312500
11.312500	12.437500
11.312500	12.562500
11.312500	12.687500
11.437500	0.062500
11.437500	0.187500
11.437500	0.312500
11.437500	0.437500
11.437500	0.562500
11.437500	0.687500
11.437500	0.812500
11.437500	0.937500
11.437500	1.062500
11.437500	1.187500
11.437500	1.312500
11.437500	1.437500
11.437500	1.562500
11.437500	1.687500
11.437500	1.812500
11.437500	1.937500
11.437500	2.062500
11.437500	2.187500
11.437500	2.312500
11.437500	2.437500
11.437500	2.562500
11.437500	2.687500
11.437500	2.812500
11.437500	2.937500
11.437500	3.062500
11.437500	3.187500
11.437500	3.312500
11.437500	3.437500
11.437500	3.562500
11.437500	3.687500
11.437500	3.812500
11.437500	3.937500
11.437500	4.062500
11.437500	4.187500
11.437500	4.312500
11.437500	4.437500
11.437500	4.562500
11.437500	4.687500
11.437500	4.812500
11.437500	4.937500
11.437500	5.062500
11.437500	5.187500
11.437500	5.312500
11.437500	5.437500
11.437500	5.562500
11.437500	5.687500
11.437500	5.812500
11.437500	5.937500
11.437500	6.062500
11.437500	6.187500
11.437500	6.312500
11.437500	6.437500
11.437500	6.562500
11.437500	6.687500
11.437500	6.812500
11.437500	6.937500
11.437500	7.062500
11.437500	7.187500
11.437500	7.312500
11.437500	7.437500
11.437500	7.562500
11.437500	7.687500
11.437500	7.812500
11.437500	7.937500
11.437500	8.062500
11.437500	8.187500
11.437500	8.312500
11.437500	8.437500
11.437500	8.562500
11.437500	8.687500
11.437500	8.812500
11.437500	8.937500
11.437500	9.062500
11.437500	9.187500
11.437500	9.312500
11.437500	9.437500
11.437500	9.562500
11.437500	9.687500
11.437500	9.812500
11.437500	9.937500
11.437500	10.062500
11.437500	10.187500
11.437500	10.312500
11.437500	10.437500
11.437500	10.562500
11.437500	10.687500
11.437500	10.812500
11.437500	10.937500
11.437500	11.062500
11.437500	11.187500
11.437500	11.312500
11.437500	11.437500
11.437500	11.562500
11.437500	11.687500
11.437500	11.812500
11.437500	11.937500
11.437500	12.062500
11.437500	12.187500
11.437500	12.312500
11.437500	12.437500
11.437500	12.562500
11.562500	0.062500
11.562500	0.187500
11.562500	0.312500
11.562500	0.437500
11.562500	0.562500
11.562500	0.687500
11.562500	0.812500
11.562500	0.937500
11.562500	1.062500
11.562500	1.187500
11.562500	1.312500
11.562500	1.437500
11.562500	1.562500
11.562500	1.687500
11.562500	1.812500
11.562500	1.937500
11.562500	2.062500
11.562500	2.187500
11.562500	2.312500
11.562500	2.437500
11.562500	2.562500
11.562500	2.687500
11.562500	2.812500
11.562500	2.937500
11.562500	3.062500
11.562500	3.187500
11.562500	3.312500
11.562500	3.437500
11.562500	3.562500
11.562500	3.687500
11.562500	3.812500
11.562500	3.937500
11.562500	4.062500
11.562500	4.187500
11.562500	4.312500
11.562500	4.437500
11.562500	4.562500
11.562500	4.687500
11.562500	4.812500
11.562500	4.937500
11.562500	5.062500
11.562500	5.187500
11.562500	5.312500
11.562500	5.437500
11.562500	5.562500
11.562500	5.687500
11.562500	5.812500
11.562500	5.937500
11.562500	6.062500
11.562500	6.187500
11.562500	6.312500
11.562500	6.437500
11.562500	6.562500
11.562500	6.687500
11.562500	6.812500
11.562500	6.937500
11.562500	7.062500
11.562500	7.187500
11.562500	7.312500
11.562500	7.437500
11.562500	7.562500
11.562500	7.687500
11.562500	7.812500
11.562500	7.937500
11.562500	8.062500
11.562500	8.187500
11.562500	8.312500
11.562500	8.437500
11.562500	8.562500
11.562500	8.687500
11.562500	8.812500
11.562500	8.937500
11.562500	9.062500
11.562500	9.187500
11.562500	9.312500
11.562500	9.437500
11.562500	9.562500
11.562500	9.687500
11.562500	9.812500
11.562500	9.937500
11.562500	10.062500
11.562500	10.187500
11.562500	10.312500
11.562500	10.437500
11.562500	10.562500
11.562500	10.687500
11.562500	10.812500
11.562500	10.937500
11.562500	11.062500
11.562500	11.187500
11.562500	11.312500
11.562500	11.437500
11.562500	11.562500
11.562500	11.687500
11.562500	11.812500
11.562500	11.937500
11.562500	12.062500
11.562500	12.187500
11.562500	12.312500
11.562500	12.437500
11.687500	0.062500
11.687500	0.187500
11.687500	0.312500
11.687500	0.437500
11.687500	0.562500
11.687500	0.687500
11.687500	0.812500
11.687500	0.937500
11.687500	1.062500
11.687500	1.187500
11.687500	1.312500
11.687500	1.437500
11.687500	1.562500
11.687500	1.687500
11.687500	1.812500
11.687500	1.937500
11.687500	2.062500
11.687500	2.187500
11.687500	2.312500
11.687500	2.437500
11.687500	2.562500
11.687500	2.687500
11.687500	2.812500
11.687500	2.937500
11.687500	3.062500
11.687500	3.187500
11.687500	3.312500
11.687500	3.437500
11.687500	3.562500
11.687500	3.687500
11.687500	3.812500
11.687500	3.937500
11.687500	4.062500
11.687500	4.187500
11.687500	4.312500
11.687500	4.437500
11.687500	4.562500
11.687500	4.687500
11.687500	4.812500
11.687500	4.937500
11.687500	5.062500
11.687500	5.187500
11.687500	5.312500
11.687500	5.437500
11.687500	5.562500
11.687500	5.687500
11.687500	5.812500
11.687500	5.937500
11.687500	6.062500
11.687500	6.187500
11.687500	6.312500
11.687500	6.437500
11.687500	6.562500
11.687500	6.687500
11.687500	6.812500
11.687500	6.937500
11.687500	7.062500
11.687500	7.187500
11.687500	7.312500
11.687500	7.437500
11.687500	7.562500
11.687500	7.687500
11.687500	7.812500
11.687500	7.937500
11.687500	8.062500
11.687500	8.187500
11.687500	8.312500
11.687500	8.437500
11.687500	8.562500
11.687500	8.687500
11.687500	8.812500
11.687500	8.937500
11.687500	9.062500
11.687500	9.187500
11.687500	9.312500
11.687500	9.437500
11.687500	9.562500
11.687500	9.687500
11.687500	9.812500
11.687500	9.937500
11.687500	10.062500
11.687500	10.187500
11.687500	10.312500
11.687500	10.437500
11.687500	10.562500
11.687500	10.687500
11.687500	10.812500
11.687500	10.937500
11.687500	11.062500
11.687500	11.187500
11.687500	11.312500
11.687500	11.437500
11.687500	11.562500
11.687500	11.687500
11.687500	11.812500
11.687500	11.937500
11.687500	12.062500
11.687500	12.187500
11.687500	12.312500
11.812500	0.062500
11.812500	0.187500
11.812500	0.312500
11.812500	0.437500
11.812500	0.562500
11.812500	0.687500
11.812500	0.812500
11.812500	0.937500
11.812500	1.062500
11.812500	1.187500
11.812500	1.312500
11.812500	1.437500
11.812500	1.562500
11.812500	1.687500
11.812500	1.812500
11.812500	1.937500
11.812500	2.062500
11.812500	2.187500
11.812500	2.312500
11.812500	2.437500
11.812500	2.562500
11.812500	2.687500
11.812500	2.812500
11.812500	2.937500
11.812500	3.062500
11.812500	3.187500
11.812500	3.312500
11.812500	3.437500
11.812500	3.562500
11.812500	3.687500
11.812500	3.812500
11.812500	3.937500
11.812500	4.062500
11.812500	4.187500
11.812500	4.312500
11.812500	4.437500
11.812500	4.562500
11.812500	4.687500
11.812500	4.812500
11.812500	4.937500
11.812500	5.062500
11.812500	5.187500
11.812500	5.312500
11.812500	5.437500
11.812500	5.562500
11.812500	5.687500
11.812500	5.812500
11.812500	5.937500
11.812500	6.062500
11.812500	6.187500
11.812500	6.312500
11.812500	6.437500
11.812500	6.562500
11.812500	6.687500
11.812500	6.812500
11.812500	6.937500
11.812500	7.062500
11.812500	7.187500
11.812500	7.312500
11.812500	7.437500
11.812500	7.562500
11.812500	7.687500
11.812500	7.812500
11.812500	7.937500
11.812500	8.062500
11.812500	8.187500
11.812500	8.312500
11.812500	8.437500
11.812500	8.562500
11.812500	8.687500
11.812500	8.812500
11.812500	8.937500
11.812500	9.062500
11.812500	9.187500
11.812500	9.312500
11.812500	9.437500
11.812500	9.562500
11.812500	9.687500
11.812500	9.812500
11.812500	9.937500
11.812500	10.062500
11.812500	10.187500
11.812500	10.312500
11.812500	10.437500
11.812500	10.562500
11.812500	10.687500
11.812500	10.812500
11.812500	10.937500
11.812500	11.062500
11.812500	11.187500
11.812500	11.312500
11.812500	11.437500
11.812500	11.562500
11.812500	11.687500
11.812500	11.812500
11.812500	11.937500
11.812500	12.062500
11.812500	12.187500
11.937500	0.062500
11.937500	0.187500
11.937500	0.312500
11.937500	0.437500
11.937500	0.562500
11.937500	0.687500
11.937500	0.812500
11.937500	0.937500
11.937500	1.062500
11.937500	1.187500
11.937500	1.312500
11.937500	1.437500
11.937500	1.562500
11.937500	1.687500
11.937500	1.812500
11.937500	1.937500
11.937500	2.062500
11.937500	2.187500
11.937500	2.312500
11.937500	2.437500
11.937500	2.562500
11.937500	2.687500
11.937500	2.812500
11.937500	2.937500
11.937500	3.062500
11.937500	3.187500
11.937500	3.312500
11.937500	3.437500
11.937500	3.562500
11.937500	3.687500
11.937500	3.812500
11.937500	3.937500
11.937500	4.062500
11.937500	4.187500
11.937500	4.312500
11.937500	4.437500
11.937500	4.562500
11.937500	4.687500
11.937500	4.812500
11.937500	4.937500
11.937500	5.062500
11.937500	5.187500
11.937500	5.312500
11.937500	5.437500
11.937500	5.562500
11.937500	5.687500
11.937500	5.812500
11.937500	5.937500
11.937500	6.062500
11.937500	6.187500
11.937500	6.312500
11.937500	6.437500
11.937500	6.562500
11.937500	6.687500
11.937500	6.812500
11.937500	6.937500
11.937500	7.062500
11.937500	7.187500
11.937500	7.312500
11.937500	7.437500
11.937500	7.562500
11.937500	7.687500
11.937500	7.812500
11.937500	7.937500
11.937500	8.062500
11.937500	8.187500
11.937500	8.312500
11.937500	8.437500
11.937500	8.562500
11.937500	8.687500
11.937500	8.812500
11.937500	8.937500
11.937500	9.062500
11.937500	9.187500
11.937500	9.312500
11.937500	9.437500
11.937500	9.562500
11.937500	9.687500
11.937500	9.812500
11.937500	9.937500
11.937500	10.062500
11.937500	10.187500
11.937500	10.312500
11.937500	10.437500
11.937500	10.562500
11.937500	10.687500
11.937500	10.812500
11.937500	10.937500
11.937500	11.062500
11.937500	11.187500
11.937500	11.312500
11.937500	11.437500
11.937500	11.562500
11.937500	11.687500
11.937500	11.812500
11.937500	11.937500
11.937500	12.062500
12.062500	0.062500
12.062500	0.187500
12.062500	0.312500
12.062500	0.437500
12.062500	0.562500
12.062500	0.687500
12.062500	0.812500
12.062500	0.937500
12.062500	1.062500
12.062500	1.187500
12.062500	1.312500
12.062500	1.437500
12.062500	1.562500
12.062500	1.687500
12.062500	1.812500
12.062500	1.937500
12.062500	2.062500
12.062500	2.187500
12.062500	2.312500
12.062500	2.437500
12.062500	2.562500
12.062500	2.687500
12.062500	2.812500
12.062500	2.937500
12.062500	3.062500
12.062500	3.187500
12.062500	3.312500
12.062500	3.437500
12.062500	3.562500
12.062500	3.687500
12.062500	3.812500
12.062500	3.937500
12.062500	4.062500
12.062500	4.187500
12.062500	4.312500
12.062500	4.437500
12.062500	4.562500
12.062500	4.687500
12.062500	4.812500
12.062500	4.937500
12.062500	5.062500
12.062500	5.187500
12.062500	5.312500
12.062500	5.437500
12.062500	5.562500
12.062500	5.687500
12.062500	5.812500
12.062500	5.937500
12.062500	6.062500
12.062500	6.187500
12.062500	6.312500
12.062500	6.437500
12.062500	6.562500
12.062500	6.687500
12.062500	6.812500
12.062500	6.937500
12.062500	7.062500
12.062500	7.187500
12.062500	7.312500
12.062500	7.437500
12.062500	7.562500
12.062500	7.687500
12.062500	7.812500
12.062500	7.937500
12.062500	8.062500
12.062500	8.187500
12.062500	8.312500
12.062500	8.437500
12.062500	8.562500
12.062500	8.687500
12.062500	8.812500
12.062500	8.937500
12.062500	9.062500
12.062500	9.187500
12.062500	9.312500
12.062500	9.437500
12.062500	9.562500
12.062500	9.687500
12.062500	9.812500
12.062500	9.937500
12.062500	10.062500
12.062500	10.187500
12.062500	10.312500
12.062500	10.437500
12.062500	10.562500
12.062500	10.687500
12.062500	10.812500
12.062500	10.937500
12.062500	11.062500
12.062500	11.187500
12.062500	11.312500
12.062500	11.437500
12.062500	11.562500
12.062500	11.687500
12.062500	11.812500
12.062500	11.937500
12.187500	0.062500
12.187500	0.187500
12.187500	0.312500
12.187500	0.437500
12.187500	0.562500
12.187500	0.687500
12.187500	0.812500
12.187500	0.937500
12.187500	1.062500
12.187500	1.187500
12.187500	1.312500
12.187500	1.437500
12.187500	1.562500
12.187500	1.687500
12.187500	1.812500
12.187500	1.937500
12.187500	2.062500
12.187500	2.187500
12.187500	2.312500
12.187500	2.437500
12.187500	2.562500
12.187500	2.687500
12.187500	2.812500
12.187500	2.937500
12.187500	3.062500
12.187500	3.187500
12.187500	3.312500
12.187500	3.437500
12.187500	3.562500
12.187500	3.687500
12.187500	3.812500
12.187500	3.937500
12.187500	4.062500
12.187500	4.187500
12.187500	4.312500
12.187500	4.437500
12.187500	4.562500
12.187500	4.687500
12.187500	4.812500
12.187500	4.937500
12.187500	5.062500
12.187500	5.187500
12.187500	5.312500
12.187500	5.437500
12.187500	5.562500
12.187500	5.687500
12.187500	5.812500
12.187500	5.937500
12.187500	6.062500
12.187500	6.187500
12.187500	6.312500
12.187500	6.437500
12.187500	6.562500
12.187500	6.687500
12.187500	6.812500
12.187500	6.937500
12.187500	7.062500
12.187500	7.187500
12.187500	7.312500
12.187500	7.437500
12.187500	7.562500
12.187500	7.687500
12.187500	7.812500
12.187500	7.937500
12.187500	8.062500
12.187500	8.187500
12.187500	8.312500
12.187500	8.437500
12.187500	8.562500
12.187500	8.687500
12.187500	8.812500
12.187500	8.937500
12.187500	9.062500
12.187500	9.187500
12.187500	9.312500
12.187500	9.437500
12.187500	9.562500
12.187500	9.687500
12.187500	9.812500
12.187500	9.937500
12.187500	10.062500
12.187500	10.187500
12.187500	10.312500
12.187500	10.437500
12.187500	10.562500
12.187500	10.687500
12.187500	10.812500
12.187500	10.937500
12.187500	11.062500
12.187500	11.187500
12.187500	11.312500
12.187500	11.437500
12.187500	11.562500
12.187500	11.687500
12.187500	11.812500
12.312500	0.062500
12.312500	0.187500
12.312500	0.312500
12.312500	0.437500
12.312500	0.562500
12.312500	0.687500
12.312500	0.812500
12.312500	0.937500
12.312500	1.062500
12.312500	1.187500
12.312500	1.312500
12.312500	1.437500
12.312500	1.562500
12.312500	1.687500
12.312500	1.812500
12.312500	1.937500
12.312500	2.062500
12.312500	2.187500
12.312500	2.312500
12.312500	2.437500
12.312500	2.562500
12.312500	2.687500
12.312500	2.812500
12.312500	2.937500
12.312500	3.062500
12.312500	3.187500
12.312500	3.312500
12.312500	3.437500
12.312500	3.562500
12.312500	3.687500
12.312500	3.812500
12.312500	3.937500
12.312500	4.062500
12.312500	4.187500
12.312500	4.312500
12.312500	4.437500
12.312500	4.562500
12.312500	4.687500
12.312500	4.812500
12.312500	4.937500
12.312500	5.062500
12.312500	5.187500
12.312500	5.312500
12.312500	5.437500
12.312500	5.562500
12.312500	5.687500
12.312500	5.812500
12.312500	5.937500
12.312500	6.062500
12.312500	6.187500
12.312500	6.312500
12.312500	6.437500
12.312500	6.562500
12.312500	6.687500
12.312500	6.812500
12.312500	6.937500
12.312500	7.062500
12.312500	7.187500
12.312500	7.312500
12.312500	7.437500
12.312500	7.562500
12.312500	7.687500
12.312500	7.812500
12.312500	7.937500
12.312500	8.062500
12.312500	8.187500
12.312500	8.312500
12.312500	8.437500
12.312500	8.562500
12.312500	8.687500
12.312500	8.812500
12.312500	8.937500
12.312500	9.062500
12.312500	9.187500
12.312500	9.312500
12.312500	9.437500
12.312500	9.562500
12.312500	9.687500
12.312500	9.812500
12.312500	9.937500
12.312500	10.062500
12.312500	10.187500
12.312500	10.312500
12.312500	10.437500
12.312500	10.562500
12.312500	10.687500
12.312500	10.812500
12.312500	10.937500
12.312500	11.062500
12.312500	11.187500
12.312500	11.312500
12.312500	11.437500
12.312500	11.562500
12.312500	11.687500
12.437500	0.062500
12.437500	0.187500
12.437500	0.312500
12.437500	0.437500
12.437500	0.562500
12.437500	0.687500
12.437500	0.812500
12.437500	0.937500
12.437500	1.062500
12.437500	1.187500
12.437500	1.312500
12.437500	1.437500
12.437500	1.562500
12.437500	1.687500
12.437500	1.812500
12.437500	1.937500
12.437500	2.062500
12.437500	2.187500
12.437500	2.312500
12.437500	2.437500
12.437500	2.562500
12.437500	2.687500
12.437500	2.812500
12.437500	2.937500
12.437500	3.062500
12.437500	3.187500
12.437500	3.312500
12.437500	3.437500
12.437500	3.562500
12.437500	3.687500
12.437500	3.812500
12.437500	3.937500
12.437500	4.062500
12.437500	4.187500
12.437500	4.312500
12.437500	4.437500
12.437500	4.562500
12.437500	4.687500
12.437500	4.812500
12.437500	4.937500
12.437500	5.062500
12.437500	5.187500
12.437500	5.312500
12.437500	5.437500
12.437500	5.562500
12.437500	5.687500
12.437500	5.812500
12.437500	5.937500
12.437500	6.062500
12.437500	6.187500
12.437500	6.312500
12.437500	6.437500
12.437500	6.562500
12.437500	6.687500
12.437500	6.812500
12.437500	6.937500
12.437500	7.062500
12.437500	7.187500
12.437500	7.312500
12.437500	7.437500
12.437500	7.562500
12.437500	7.687500
12.437500	7.812500
12.437500	7.937500
12.437500	8.062500
12.437500	8.187500
12.437500	8.312500
12.437500	8.437500
12.437500	8.562500
12.437500	8.687500
12.437500	8.812500
12.437500	8.937500
12.437500	9.062500
12.437500	9.187500
12.437500	9.312500
12.437500	9.437500
12.437500	9.562500
12.437500	9.687500
12.437500	9.812500
12.437500	9.937500
12.437500	10.062500
12.437500	10.187500
12.437500	10.312500
12.437500	10.437500
12.437500	10.562500
12.437500	10.687500
12.437500	10.812500
12.437500	10.937500
12.437500	11.062500
12.437500	11.187500
12.437500	11.312500
12.437500	11.437500
12.437500	11.562500
12.562500	0.062500
12.562500	0.187500
12.562500	0.312500
12.562500	0.437500
12.562500	0.562500
12.562500	0.687500
12.562500	0.812500
12.562500	0.937500
12.562500	1.062500
12.562500	1.187500
12.562500	1.312500
12.562500	1.437500
12.562500	1.562500
12.562500	1.687500
12.562500	1.812500
12.562500	1.937500
12.562500	2.062500
12.562500	2.187500
12.562500	2.312500
12.562500	2.437500
12.562500	2.562500
12.562500	2.687500
12.562500	2.812500
12.562500	2.937500
12.562500	3.062500
12.562500	3.187500
12.562500	3.312500
12.562500	3.437500
12.562500	3.562500
12.562500	3.687500
12.562500	3.812500
12.562500	3.937500
12.562500	4.062500
12.562500	4.187500
12.562500	4.312500
12.562500	4.437500
12.562500	4.562500
12.562500	4.687500
12.562500	4.812500
12.562500	4.937500
12.562500	5.062500
12.562500	5.187500
12.562500	5.312500
12.562500	5.437500
12.562500	5.562500
12.562500	5.687500
12.562500	5.812500
12.562500	5.937500
12.562500	6.062500
12.562500	6.187500
12.562500	6.312500
12.562500	6.437500
12.562500	6.562500
12.562500	6.687500
12.562500	6.812500
12.562500	6.937500
12.562500	7.062500
12.562500	7.187500
12.562500	7.312500
12.562500	7.437500
12.562500	7.562500
12.562500	7.687500
12.562500	7.812500
12.562500	7.937500
12.562500	8.062500
12.562500	8.187500
12.562500	8.312500
12.562500	8.437500
12.562500	8.562500
12.562500	8.687500
12.562500	8.812500
12.562500	8.937500
12.562500	9.062500
12.562500	9.187500
12.562500	9.312500
12.562500	9.437500
12.562500	9.562500
12.562500	9.687500
12.562500	9.812500
12.562500	9.937500
12.562500	10.062500
12.562500	10.187500
12.562500	10.312500
12.562500	10.437500
12.562500	10.562500
12.562500	10.687500
12.562500	10.812500
12.562500	10.937500
12.562500	11.062500
12.562500	11.187500
12.562500	11.312500
12.562500	11.437500
12.687500	0.062500
12.687500	0.187500
12.687500	0.312500
12.687500	0.437500
12.687500	0.562500
12.687500	0.687500
12.687500	0.812500
12.687500	0.937500
12.687500	1.062500
12.687500	1.187500
12.687500	1.312500
12.687500	1.437500
12.687500	1.562500
12.687500	1.687500
12.687500	1.812500
12.687500	1.937500
12.687500	2.062500
12.687500	2.187500
12.687500	2.312500
12.687500	2.437500
12.687500	2.562500
12.687500	2.687500
12.687500	2.812500
12.687500	2.937500
12.687500	3.062500
12.687500	3.187500
12.687500	3.312500
12.687500	3.437500
12.687500	3.562500
12.687500	3.687500
12.687500	3.812500
12.687500	3.937500
12.687500	4.062500
12.687500	4.187500
12.687500	4.312500
12.687500	4.437500
12.687500	4.562500
12.687500	4.687500
12.687500	4.812500
12.687500	4.937500
12.687500	5.062500
12.687500	5.187500
12.687500	5.312500
12.687500	5.437500
12.687500	5.562500
12.687500	5.687500
12.687500	5.812500
12.687500	5.937500
12.687500	6.062500
12.687500	6.187500
12.687500	6.312500
12.687500	6.437500
12.687500	6.562500
12.687500	6.687500
12.687500	6.812500
12.687500	6.937500
12.687500	7.062500
12.687500	7.187500
12.687500	7.312500
12.687500	7.437500
12.687500	7.562500
12.687500	7.687500
12.687500	7.812500
12.687500	7.937500
12.687500	8.062500
12.687500	8.187500
12.687500	8.312500
12.687500	8.437500
12.687500	8.562500
12.687500	8.687500
12.687500	8.812500
12.687500	8.937500
12.687500	9.062500
12.687500	9.187500
12.687500	9.312500
12.687500	9.437500
12.687500	9.562500
12.687500	9.687500
12.687500	9.812500
12.687500	9.937500
12.687500	10.062500
12.687500	10.187500
12.687500	10.312500
12.687500	10.437500
12.687500	10.562500
12.687500	10.687500
12.687500	10.812500
12.687500	10.937500
12.687500	11.062500
12.687500	11.187500
12.687500	11.312500
12.812500	0.062500
12.812500	0.187500
12.812500	0.312500
12.812500	0.437500
12.812500	0.562500
12.812500	0.687500
12.812500	0.812500
12.812500	0.937500
12.812500	1.062500
12.812500	1.187500
12.812500	1.312500
12.812500	1.437500
12.812500	1.562500
12.812500	1.687500
12.812500	1.812500
12.812500	1.937500
12.812500	2.062500
12.812500	2.187500
12.812500	2.312500
12.812500	2.437500
12.812500	2.562500
12.812500	2.687500
12.812500	2.812500
12.812500	2.937500
12.812500	3.062500
12.812500	3.187500
12.812500	3.312500
12.812500	3.437500
12.812500	3.562500
12.812500	3.687500
12.812500	3.812500
12.812500	3.937500
12.812500	4.062500
12.812500	4.187500
12.812500	4.312500
12.812500	4.437500
12.812500	4.562500
12.812500	4.687500
12.812500	4.812500
12.812500	4.937500
12.812500	5.062500
12.812500	5.187500
12.812500	5.312500
12.812500	5.437500
12.812500	5.562500
12.812500	5.687500
12.812500	5.812500
12.812500	5.937500
12.812500	6.062500
12.812500	6.187500
12.812500	6.312500
12.812500	6.437500
12.812500	6.562500
12.812500	6.687500
12.812500	6.812500
12.812500	6.937500
12.812500	7.062500
12.812500	7.187500
12.812500	7.312500
12.812500	7.437500
12.812500	7.562500
12.812500	7.687500
12.812500	7.812500
12.812500	7.937500
12.812500	8.062500
12.812500	8.187500
12.812500	8.312500
12.812500	8.437500
12.812500	8.562500
12.812500	8.687500
12.812500	8.812500
12.812500	8.937500
12.812500	9.062500
12.812500	9.187500
12.812500	9.312500
12.812500	9.437500
12.812500	9.562500
12.812500	9.687500
12.812500	9.812500
12.812500	9.937500
12.812500	10.062500
12.812500	10.187500
12.812500	10.312500
12.812500	10.437500
12.812500	10.562500
12.812500	10.687500
12.812500	10.812500
12.812500	10.937500
12.812500	11.062500
12.812500	11.187500
12.937500	0.062500
12.937500	0.187500
12.937500	0.312500
12.937500	0.437500
12.937500	0.562500
12.937500	0.687500
12.937500	0.812500
12.937500	0.937500
12.937500	1.062500
12.937500	1.187500
12.937500	1.312500
12.937500	1.437500
12.937500	1.562500
12.937500	1.687500
12.937500	1.812500
12.937500	1.937500
12.937500	2.062500
12.937500	2.187500
12.937500	2.312500
12.937500	2.437500
12.937500	2.562500
12.937500	2.687500
12.937500	2.812500
12.937500	2.937500
12.937500	3.062500
12.937500	3.187500
12.937500	3.312500
12.937500	3.437500
12.937500	3.562500
12.937500	3.687500
12.937500	3.812500
12.937500	3.937500
12.937500	4.062500
12.937500	4.187500
12.937500	4.312500
12.937500	4.437500
12.937500	4.562500
12.937500	4.687500
12.937500	4.812500
12.937500	4.937500
12.937500	5.062500
12.937500	5.187500
12.937500	5.312500
12.937500	5.437500
12.937500	5.562500
12.937500	5.687500
12.937500	5.812500
12.937500	5.937500
12.937500	6.062500
12.937500	6.187500
12.937500	6.312500
12.937500	6.437500
12.937500	6.562500
12.937500	6.687500
12.937500	6.812500
12.937500	6.937500
12.937500	7.062500
12.937500	7.187500
12.937500	7.312500
12.937500	7.437500
12.937500	7.562500
12.937500	7.687500
12.937500	7.812500
12.937500	7.937500
12.937500	8.062500
12.937500	8.187500
12.937500	8.312500
12.937500	8.437500
12.937500	8.562500
12.937500	8.687500
12.937500	8.812500
12.937500	8.937500
12.937500	9.062500
12.937500	9.187500
12.937500	9.312500
12.937500	9.437500
12.937500	9.562500
12.937500	9.687500
12.937500	9.812500
12.937500	9.937500
12.937500	10.062500
12.937500	10.187500
12.937500	10.312500
12.937500	10.437500
12.937500	10.562500
12.937500	10.687500
12.937500	10.812500
12.937500	10.937500
12.937500	11.062500
13.062500	0.062500
13.062500	0.187500
13.062500	0.312500
13.062500	0.437500
13.062500	0.562500
13.062500	0.687500
13.062500	0.812500
13.062500	0.937500
13.062500	1.062500
13.062500	1.187500
13.062500	1.312500
13.062500	1.437500
13.062500	1.562500
13.062500	1.687500
13.062500	1.812500
13.062500	1.937500
13.062500	2.062500
13.062500	2.187500
13.062500	2.312500
13.062500	2.437500
13.062500	2.562500
13.062500	2.687500
13.062500	2.812500
13.062500	2.937500
13.062500	3.062500
13.062500	3.187500
13.062500	3.312500
13.062500	3.437500
13.062500	3.562500
13.062500	3.687500
13.062500	3.812500
13.062500	3.937500
13.062500	4.062500
13.062500	4.187500
13.062500	4.312500
13.062500	4.437500
13.062500	4.562500
13.062500	4.687500
13.062500	4.812500
13.062500	4.937500
13.062500	5.062500
13.062500	5.187500
13.062500	5.312500
13.062500	5.437500
13.062500	5.562500
13.062500	5.687500
13.062500	5.812500
13.062500	5.937500
13.062500	6.062500
13.062500	6.187500
13.062500	6.312500
13.062500	6.437500
13.062500	6.562500
13.062500	6.687500
13.062500	6.812500
13.062500	6.937500
13.062500	7.062500
13.062500	7.187500
13.062500	7.312500
13.062500	7.437500
13.062500	7.562500
13.062500	7.687500
13.062500	7.812500
13.062500	7.937500
13.062500	8.062500
13.062500	8.187500
13.062500	8.312500
13.062500	8.437500
13.062500	8.562500
13.062500	8.687500
13.062500	8.812500
13.062500	8.937500
13.062500	9.062500
13.062500	9.187500
13.062500	9.312500
13.062500	9.437500
13.062500	9.562500
13.062500	9.687500
13.062500	9.812500
13.062500	9.937500
13.062500	10.062500
13.062500	10.187500
13.062500	10.312500
13.062500	10.437500
13.062500	10.562500
13.062500	10.687500
13.062500	10.812500
13.062500	10.937500
13.187500	0.062500
13.187500	0.187500
13.187500	0.312500
13.187500	0.437500
13.187500	0.562500
13.187500	0.687500
13.187500	0.812500
13.187500	0.937500
13.187500	1.062500
13.187500	1.187500
13.187500	1.312500
13.187500	1.437500
13.187500	1.562500
13.187500	1.687500
13.187500	1.812500
13.187500	1.937500
13.187500	2.062500
13.187500	2.187500
13.187500	2.312500
13.187500	2.437500
13.187500	2.562500
13.187500	2.687500
13.187500	2.812500
13.187500	2.937500
13.187500	3.062500
13.187500	3.187500
13.187500	3.312500
13.187500	3.437500
13.187500	3.562500
13.187500	3.687500
13.187500	3.812500
13.187500	3.937500
13.187500	4.062500
13.187500	4.187500
13.187500	4.312500
13.187500	4.437500
13.187500	4.562500
13.187500	4.687500
13.187500	4.812500
13.187500	4.937500
13.187500	5.062500
13.187500	5.187500
13.187500	5.312500
13.187500	5.437500
13.187500	5.562500
13.187500	5.687500
13.187500	5.812500
13.187500	5.937500
13.187500	6.062500
13.187500	6.187500
13.187500	6.312500
13.187500	6.437500
13.187500	6.562500
13.187500	6.687500
13.187500	6.812500
13.187500	6.937500
13.187500	7.062500
13.187500	7.187500
13.187500	7.312500
13.187500	7.437500
13.187500	7.562500
13.187500	7.687500
13.187500	7.812500
13.187500	7.937500
13.187500	8.062500
13.187500	8.187500
13.187500	8.312500
13.187500	8.437500
13.187500	8.562500
13.187500	8.687500
13.187500	8.812500
13.187500	8.937500
13.187500	9.062500
13.187500	9.187500
13.187500	9.312500
13.187500	9.437500
13.187500	9.562500
13.187500	9.687500
13.187500	9.812500
13.187500	9.937500
13.187500	10.062500
13.187500	10.187500
13.187500	10.312500
13.187500	10.437500
13.187500	10.562500
13.187500	10.687500
13.187500	10.812500
13.312500	0.062500
13.312500	0.187500
13.312500	0.312500
13.312500	0.437500
13.312500	0.562500
13.312500	0.687500
13.312500	0.812500
13.312500	0.937500
13.312500	1.062500
13.312500	1.187500
13.312500	1.312500
13.312500	1.437500
13.312500	1.562500
13.312500	1.687500
13.312500	1.812500
13.312500	1.937500
13.312500	2.062500
13.312500	2.187500
13.312500	2.312500
13.312500	2.437500
13.312500	2.562500
13.312500	2.687500
13.312500	2.812500
13.312500	2.937500
13.312500	3.062500
13.312500	3.187500
13.312500	3.312500
13.312500	3.437500
13.312500	3.562500
13.312500	3.687500
13.312500	3.812500
13.312500	3.937500
13.312500	4.062500
13.312500	4.187500
13.312500	4.312500
13.312500	4.437500
13.312500	4.562500
13.312500	4.687500
13.312500	4.812500
13.312500	4.937500
13.312500	5.062500
13.312500	5.187500
13.312500	5.312500
13.312500	5.437500
13.312500	5.562500
13.312500	5.687500
13.312500	5.812500
13.312500	5.937500
13.312500	6.062500
13.312500	6.187500
13.312500	6.312500
13.312500	6.437500
13.312500	6.562500
13.312500	6.687500
13.312500	6.812500
13.312500	6.937500
13.312500	7.062500
13.312500	7.187500
13.312500	7.312500
13.312500	7.437500
13.312500	7.562500
13.312500	7.687500
13.312500	7.812500
13.312500	7.937500
13.312500	8.062500
13.312500	8.187500
13.312500	8.312500
13.312500	8.437500
13.312500	8.562500
13.312500	8.687500
13.312500	8.812500
13.312500	8.937500
13.312500	9.062500
13.312500	9.187500
13.312500	9.312500
13.312500	9.437500
13.312500	9.562500
13.312500	9.687500
13.312500	9.812500
13.312500	9.937500
13.312500	10.062500
13.312500	10.187500
13.312500	10.312500
13.312500	10.437500
13.312500	10.562500
13.312500	10.687500
13.437500	0.062500
13.437500	0.187500
13.437500	0.312500
13.437500	0.437500
13.437500	0.562500
13.437500	0.687500
13.437500	0.812500
13.437500	0.937500
13.437500	1.062500
13.437500	1.187500
13.437500	1.312500
13.437500	1.437500
13.437500	1.562500
13.437500	1.687500
13.437500	1.812500
13.437500	1.937500
13.437500	2.062500
13.437500	2.187500
13.437500	2.312500
13.437500	2.437500
13.437500	2.562500
13.437500	2.687500
13.437500	2.812500
13.437500	2.937500
13.437500	3.062500
13.437500	3.187500
13.437500	3.312500
13.437500	3.437500
13.437500	3.562500
13.437500	3.687500
13.437500	3.812500
13.437500	3.937500
13.437500	4.062500
13.437500	4.187500
13.437500	4.312500
13.437500	4.437500
13.437500	4.562500
13.437500	4.687500
13.437500	4.812500
13.437500	4.937500
13.437500	5.062500
13.437500	5.187500
13.437500	5.312500
13.437500	5.437500
13.437500	5.562500
13.437500	5.687500
13.437500	5.812500
13.437500	5.937500
13.437500	6.062500
13.437500	6.187500
13.437500	6.312500
13.437500	6.437500
13.437500	6.562500
13.437500	6.687500
13.437500	6.812500
13.437500	6.937500
13.437500	7.062500
13.437500	7.187500
13.437500	7.312500
13.437500	7.437500
13.437500	7.562500
13.437500	7.687500
13.437500	7.812500
13.437500	7.937500
13.437500	8.062500
13.437500	8.187500
13.437500	8.312500
13.437500	8.437500
13.437500	8.562500
13.437500	8.687500
13.437500	8.812500
13.437500	8.937500
13.437500	9.062500
13.437500	9.187500
13.437500	9.312500
13.437500	9.437500
13.437500	9.562500
13.437500	9.687500
13.437500	9.812500
13.437500	9.937500
13.437500	10.062500
13.437500	10.187500
13.437500	10.312500
13.437500	10.437500
13.437500	10.562500
13.562500	0.062500
13.562500	0.187500
13.562500	0.312500
13.562500	0.437500
13.562500	0.562500
13.562500	0.687500
13.562500	0.812500
13.562500	0.937500
13.562500	1.062500
13.562500	1.187500
13.562500	1.312500
13.562500	1.437500
13.562500	1.562500
13.562500	1.687500
13.562500	1.812500
13.562500	1.937500
13.562500	2.062500
13.562500	2.187500
13.562500	2.312500
13.562500	2.437500
13.562500	2.562500
13.562500	2.687500
13.562500	2.812500
13.562500	2.937500
13.562500	3.062500
13.562500	3.187500
13.562500	3.312500
13.562500	3.437500
13.562500	3.562500
13.562500	3.687500
13.562500	3.812500
13.562500	3.937500
13.562500	4.062500
13.562500	4.187500
13.562500	4.312500
13.562500	4.437500
13.562500	4.562500
13.562500	4.687500
13.562500	4.812500
13.562500	4.937500
13.562500	5.062500
13.562500	5.187500
13.562500	5.312500
13.562500	5.437500
13.562500	5.562500
13.562500	5.687500
13.562500	5.812500
13.562500	5.937500
13.562500	6.062500
13.562500	6.187500
13.562500	6.312500
13.562500	6.437500
13.562500	6.562500
13.562500	6.687500
13.562500	6.812500
13.562500	6.937500
13.562500	7.062500
13.562500	7.187500
13.562500	7.312500
13.562500	7.437500
13.562500	7.562500
13.562500	7.687500
13.562500	7.812500
13.562500	7.937500
13.562500	8.062500
13.562500	8.187500
13.562500	8.312500
13.562500	8.437500
13.562500	8.562500
13.562500	8.687500
13.562500	8.812500
13.562500	8.937500
13.562500	9.062500
13.562500	9.187500
13.562500	9.312500
13.562500	9.437500
13.562500	9.562500
13.562500	9.687500
13.562500	9.812500
13.562500	9.937500
13.562500	10.062500
13.562500	10.187500
13.562500	10.312500
13.562500	10.437500
13.687500	0.062500
13.687500	0.187500
13.687500	0.312500
13.687500	0.437500
13.687500	0.562500
13.687500	0.687500
13.687500	0.812500
13.687500	0.937500
13.687500	1.062500
13.687500	1.187500
13.687500	1.312500
13.687500	1.437500
13.687500	1.562500
13.687500	1.687500
13.687500	1.812500
13.687500	1.937500
13.687500	2.062500
13.687500	2.187500
13.687500	2.312500
13.687500	2.437500
13.687500	2.562500
13.687500	2.687500
13.687500	2.812500
13.687500	2.937500
13.687500	3.062500
13.687500	3.187500
13.687500	3.312500
13.687500	3.437500
13.687500	3.562500
13.687500	3.687500
13.687500	3.812500
13.687500	3.937500
13.687500	4.062500
13.687500	4.187500
13.687500	4.312500
13.687500	4.437500
13.687500	4.562500
13.687500	4.687500
13.687500	4.812500
13.687500	4.937500
13.687500	5.062500
13.687500	5.187500
13.687500	5.312500
13.687500	5.437500
13.687500	5.562500
13.687500	5.687500
13.687500	5.812500
13.687500	5.937500
13.687500	6.062500
13.687500	6.187500
13.687500	6.312500
13.687500	6.437500
13.687500	6.562500
13.687500	6.687500
13.687500	6.812500
13.687500	6.937500
13.687500	7.062500
13.687500	7.187500
13.687500	7.312500
13.687500	7.437500
13.687500	7.562500
13.687500	7.687500
13.687500	7.812500
13.687500	7.937500
13.687500	8.062500
13.687500	8.187500
13.687500	8.312500
13.687500	8.437500
13.687500	8.562500
13.687500	8.687500
13.687500	8.812500
13.687500	8.937500
13.687500	9.062500
13.687500	9.187500
13.687500	9.312500
13.687500	9.437500
13.687500	9.562500
13.687500	9.687500
13.687500	9.812500
13.687500	9.937500
13.687500	10.062500
13.687500	10.187500
13.687500	10.312500
13.812500	0.062500
13.812500	0.187500
13.812500	0.312500
13.812500	0.437500
13.812500	0.562500
13.812500	0.687500
13.812500	0.812500
13.812500	0.937500
13.812500	1.062500
13.812500	1.187500
13.812500	1.312500
13.812500	1.437500
13.812500	1.562500
13.812500	1.687500
13.812500	1.812500
13.812500	1.937500
13.812500	2.062500
13.812500	2.187500
13.812500	2.312500
13.812500	2.437500
13.812500	2.562500
13.812500	2.687500
13.812500	2.812500
13.812500	2.937500
13.812500	3.062500
13.812500	3.187500
13.812500	3.312500
13.812500	3.437500
13.812500	3.562500
13.812500	3.687500
13.812500	3.812500
13.812500	3.937500
13.812500	4.062500
13.812500	4.187500
13.812500	4.312500
13.812500	4.437500
13.812500	4.562500
13.812500	4.687500
13.812500	4.812500
13.812500	4.937500
13.812500	5.062500
13.812500	5.187500
13.812500	5.312500
13.812500	5.437500
13.812500	5.562500
13.812500	5.687500
13.812500	5.812500
13.812500	5.937500
13.812500	6.062500
13.812500	6.187500
13.812500	6.312500
13.812500	6.437500
13.812500	6.562500
13.812500	6.687500
13.812500	6.812500
13.812500	6.937500
13.812500	7.062500
13.812500	7.187500
13.812500	7.312500
13.812500	7.437500
13.812500	7.562500
13.812500	7.687500
13.812500	7.812500
13.812500	7.937500
13.812500	8.062500
13.812500	8.187500
13.812500	8.312500
13.812500	8.437500
13.812500	8.562500
13.812500	8.687500
13.812500	8.812500
13.812500	8.937500
13.812500	9.062500
13.812500	9.187500
13.812500	9.312500
13.812500	9.437500
13.812500	9.562500
13.812500	9.687500
13.812500	9.812500
13.812500	9.937500
13.812500	10.062500
13.812500	10.187500
13.937500	0.062500
13.937500	0.187500
13.937500	0.312500
13.937500	0.437500
13.937500	0.562500
13.937500	0.687500
13.937500	0.812500
13.937500	0.937500
13.937500	1.062500
13.937500	1.187500
13.937500	1.312500
13.937500	1.437500
13.937500	1.562500
13.937500	1.687500
13.937500	1.812500
13.937500	1.937500
13.937500	2.062500
13.937500	2.187500
13.937500	2.312500
13.937500	2.437500
13.937500	2.562500
13.937500	2.687500
13.937500	2.812500
13.937500	2.937500
13.937500	3.062500
13.937500	3.187500
13.937500	3.312500
13.937500	3.437500
13.937500	3.562500
13.937500	3.687500
13.937500	3.812500
13.937500	3.937500
13.937500	4.062500
13.937500	4.187500
13.937500	4.312500
13.937500	4.437500
13.937500	4.562500
13.937500	4.687500
13.937500	4.812500
13.937500	4.937500
13.937500	5.062500
13.937500	5.187500
13.937500	5.312500
13.937500	5.437500
13.937500	5.562500
13.937500	5.687500
13.937500	5.812500
13.937500	5.937500
13.937500	6.062500
13.937500	6.187500
13.937500	6.312500
13.937500	6.437500
13.937500	6.562500
13.937500	6.687500
13.937500	6.812500
13.937500	6.937500
13.937500	7.062500
13.937500	7.187500
13.937500	7.312500
13.937500	7.437500
13.937500	7.562500
13.937500	7.687500
13.937500	7.812500
13.937500	7.937500
13.937500	8.062500
13.937500	8.187500
13.937500	8.312500
13.937500	8.437500
13.937500	8.562500
13.937500	8.687500
13.937500	8.812500
13.937500	8.937500
13.937500	9.062500
13.937500	9.187500
13.937500	9.312500
13.937500	9.437500
13.937500	9.562500
13.937500	9.687500
13.937500	9.812500
13.937500	9.937500
13.937500	10.062500
14.062500	0.062500
14.062500	0.187500
14.062500	0.312500
14.062500	0.437500
14.062500	0.562500
14.062500	0.687500
14.062500	0.812500
14.062500	0.937500
14.062500	1.062500
14.062500	1.187500
14.062500	1.312500
14.062500	1.437500
14.062500	1.562500
14.062500	1.687500
14.062500	1.812500
14.062500	1.937500
14.062500	2.062500
14.062500	2.187500
14.062500	2.312500
14.062500	2.437500
14.062500	2.562500
14.062500	2.687500
14.062500	2.812500
14.062500	2.937500
14.062500	3.062500
14.062500	3.187500
14.062500	3.312500
14.062500	3.437500
14.062500	3.562500
14.062500	3.687500
14.062500	3.812500
14.062500	3.937500
14.062500	4.062500
14.062500	4.187500
14.062500	4.312500
14.062500	4.437500
14.062500	4.562500
14.062500	4.687500
14.062500	4.812500
14.062500	4.937500
14.062500	5.062500
14.062500	5.187500
14.062500	5.312500
14.062500	5.437500
14.062500	5.562500
14.062500	5.687500
14.062500	5.812500
14.062500	5.937500
14.062500	6.062500
14.062500	6.187500
14.062500	6.312500
14.062500	6.437500
14.062500	6.562500
14.062500	6.687500
14.062500	6.812500
14.062500	6.937500
14.062500	7.062500
14.062500	7.187500
14.062500	7.312500
14.062500	7.437500
14.062500	7.562500
14.062500	7.687500
14.062500	7.812500
14.062500	7.937500
14.062500	8.062500
14.062500	8.187500
14.062500	8.312500
14.062500	8.437500
14.062500	8.562500
14.062500	8.687500
14.062500	8.812500
14.062500	8.937500
14.062500	9.062500
14.062500	9.187500
14.062500	9.312500
14.062500	9.437500
14.062500	9.562500
14.062500	9.687500
14.062500	9.812500
14.062500	9.937500
14.187500	0.062500
14.187500	0.187500
14.187500	0.312500
14.187500	0.437500
14.187500	0.562500
14.187500	0.687500
14.187500	0.812500
14.187500	0.937500
14.187500	1.062500
14.187500	1.187500
14.187500	1.312500
14.187500	1.437500
14.187500	1.562500
14.187500	1.687500
14.187500	1.812500
14.187500	1.937500
14.187500	2.062500
14.187500	2.187500
14.187500	2.312500
14.187500	2.437500
14.187500	2.562500
14.187500	2.687500
14.187500	2.812500
14.187500	2.937500
14.187500	3.062500
14.187500	3.187500
14.187500	3.312500
14.187500	3.437500
14.187500	3.562500
14.187500	3.687500
14.187500	3.812500
14.187500	3.937500
14.187500	4.062500
14.187500	4.187500
14.187500	4.312500
14.187500	4.437500
14.187500	4.562500
14.187500	4.687500
14.187500	4.812500
14.187500	4.937500
14.187500	5.062500
14.187500	5.187500
14.187500	5.312500
14.187500	5.437500
14.187500	5.562500
14.187500	5.687500
14.187500	5.812500
14.187500	5.937500
14.187500	6.062500
14.187500	6.187500
14.187500	6.312500
14.187500	6.437500
14.187500	6.562500
14.187500	6.687500
14.187500	6.812500
14.187500	6.937500
14.187500	7.062500
14.187500	7.187500
14.187500	7.312500
14.187500	7.437500
14.187500	7.562500
14.187500	7.687500
14.187500	7.812500
14.187500	7.937500
14.187500	8.062500
14.187500	8.187500
14.187500	8.312500
14.187500	8.437500
14.187500	8.562500
14.187500	8.687500
14.187500	8.812500
14.187500	8.937500
14.187500	9.062500
14.187500	9.187500
14.187500	9.312500
14.187500	9.437500
14.187500	9.562500
14.187500	9.687500
14.187500	9.812500
14.312500	0.062500
14.312500	0.187500
14.312500	0.312500
14.312500	0.437500
14.312500	0.562500
14.312500	0.687500
14.312500	0.812500
14.312500	0.937500
14.312500	1.062500
14.312500	1.187500
14.312500	1.312500
14.312500	1.437500
14.312500	1.562500
14.312500	1.687500
14.312500	1.812500
14.312500	1.937500
14.312500	2.062500
14.312500	2.187500
14.312500	2.312500
14.312500	2.437500
14.312500	2.562500
14.312500	2.687500
14.312500	2.812500
14.312500	2.937500
14.312500	3.062500
14.312500	3.187500
14.312500	3.312500
14.312500	3.437500
14.312500	3.562500
14.312500	3.687500
14.312500	3.812500
14.312500	3.937500
14.312500	4.062500
14.312500	4.187500
14.312500	4.312500
14.312500	4.437500
14.312500	4.562500
14.312500	4.687500
14.312500	4.812500
14.312500	4.937500
14.312500	5.062500
14.312500	5.187500
14.312500	5.312500
14.312500	5.437500
14.312500	5.562500
14.312500	5.687500
14.312500	5.812500
14.312500	5.937500
14.312500	6.062500
14.312500	6.187500
14.312500	6.312500
14.312500	6.437500
14.312500	6.562500
14.312500	6.687500
14.312500	6.812500
14.312500	6.937500
14.312500	7.062500
14.312500	7.187500
14.312500	7.312500
14.312500	7.437500
14.312500	7.562500
14.312500	7.687500
14.312500	7.812500
14.312500	7.937500
14.312500	8.062500
14.312500	8.187500
14.312500	8.312500
14.312500	8.437500
14.312500	8.562500
14.312500	8.687500
14.312500	8.812500
14.312500	8.937500
14.312500	9.062500
14.312500	9.187500
14.312500	9.312500
14.312500	9.437500
14.312500	9.562500
14.312500	9.687500
14.437500	0.062500
14.437500	0.187500
14.437500	0.312500
14.437500	0.437500
14.437500	0.562500
14.437500	0.687500
14.437500	0.812500
14.437500	0.937500
14.437500	1.062500
14.437500	1.187500
14.437500	1.312500
14.437500	1.437500
14.437500	1.562500
14.437500	1.687500
14.437500	1.812500
14.437500	1.937500
14.437500	2.062500
14.437500	2.187500
14.437500	2.312500
14.437500	2.437500
14.437500	2.562500
14.437500	2.687500
14.437500	2.812500
14.437500	2.937500
14.437500	3.062500
14.437500	3.187500
14.437500	3.312500
14.437500	3.437500
14.437500	3.562500
14.437500	3.687500
14.437500	3.812500
14.437500	3.937500
14.437500	4.062500
14.437500	4.187500
14.437500	4.312500
14.437500	4.437500
14.437500	4.562500
14.437500	4.687500
14.437500	4.812500
14.437500	4.937500
14.437500	5.062500
14.437500	5.187500
14.437500	5.312500
14.437500	5.437500
14.437500	5.562500
14.437500	5.687500
14.437500	5.812500
14.437500	5.937500
14.437500	6.062500
14.437500	6.187500
14.437500	6.312500
14.437500	6.437500
14.437500	6.562500
14.437500	6.687500
14.437500	6.812500
14.437500	6.937500
14.437500	7.062500
14.437500	7.187500
14.437500	7.312500
14.437500	7.437500
14.437500	7.562500
14.437500	7.687500
14.437500	7.812500
14.437500	7.937500
14.437500	8.062500
14.437500	8.187500
14.437500	8.312500
14.437500	8.437500
14.437500	8.562500
14.437500	8.687500
14.437500	8.812500
14.437500	8.937500
14.437500	9.062500
14.437500	9.187500
14.437500	9.312500
14.437500	9.437500
14.437500	9.562500
14.562500	0.062500
14.562500	0.187500
14.562500	0.312500
14.562500	0.437500
14.562500	0.562500
14.562500	0.687500
14.562500	0.812500
14.562500	0.937500
14.562500	1.062500
14.562500	1.187500
14.562500	1.312500
14.562500	1.437500
14.562500	1.562500
14.562500	1.687500
14.562500	1.812500
14.562500	1.937500
14.562500	2.062500
14.562500	2.187500
14.562500	2.312500
14.562500	2.437500
14.562500	2.562500
14.562500	2.687500
14.562500	2.812500
14.562500	2.937500
14.562500	3.062500
14.562500	3.187500
14.562500	3.312500
14.562500	3.437500
14.562500	3.562500
14.562500	3.687500
14.562500	3.812500
14.562500	3.937500
14.562500	4.062500
14.562500	4.187500
14.562500	4.312500
14.562500	4.437500
14.562500	4.562500
14.562500	4.687500
14.562500	4.812500
14.562500	4.937500
14.562500	5.062500
14.562500	5.187500
14.562500	5.312500
14.562500	5.437500
14.562500	5.562500
14.562500	5.687500
14.562500	5.812500
14.562500	5.937500
14.562500	6.062500
14.562500	6.187500
14.562500	6.312500
14.562500	6.437500
14.562500	6.562500
14.562500	6.687500
14.562500	6.812500
14.562500	6.937500
14.562500	7.062500
14.562500	7.187500
14.562500	7.312500
14.562500	7.437500
14.562500	7.562500
14.562500	7.687500
14.562500	7.812500
14.562500	7.937500
14.562500	8.062500
14.562500	8.187500
14.562500	8.312500
14.562500	8.437500
14.562500	8.562500
14.562500	8.687500
14.562500	8.812500
14.562500	8.937500
14.562500	9.062500
14.562500	9.187500
14.562500	9.312500
14.562500	9.437500
14.687500	0.062500
14.687500	0.187500
14.687500	0.312500
14.687500	0.437500
14.687500	0.562500
14.687500	0.687500
14.687500	0.812500
14.687500	0.937500
14.687500	1.062500
14.687500	1.187500
14.687500	1.312500
14.687500	1.437500
14.687500	1.562500
14.687500	1.687500
14.687500	1.812500
14.687500	1.937500
14.687500	2.062500
14.687500	2.187500
14.687500	2.312500
14.687500	2.437500
14.687500	2.562500
14.687500	2.687500
14.687500	2.812500
14.687500	2.937500
14.687500	3.062500
14.687500	3.187500
14.687500	3.312500
14.687500	3.437500
14.687500	3.562500
14.687500	3.687500
14.687500	3.812500
14.687500	3.937500
14.687500	4.062500
14.687500	4.187500
14.687500	4.312500
14.687500	4.437500
14.687500	4.562500
14.687500	4.687500
14.687500	4.812500
14.687500	4.937500
14.687500	5.062500
14.687500	5.187500
14.687500	5.312500
14.687500	5.437500
14.687500	5.562500
14.687500	5.687500
14.687500	5.812500
14.687500	5.937500
14.687500	6.062500
14.687500	6.187500
14.687500	6.312500
14.687500	6.437500
14.687500	6.562500
14.687500	6.687500
14.687500	6.812500
14.687500	6.937500
14.687500	7.062500
14.687500	7.187500
14.687500	7.312500
14.687500	7.437500
14.687500	7.562500
14.687500	7.687500
14.687500	7.812500
14.687500	7.937500
14.687500	8.062500
14.687500	8.187500
14.687500	8.312500
14.687500	8.437500
14.687500	8.562500
14.687500	8.687500
14.687500	8.812500
14.687500	8.937500
14.687500	9.062500
14.687500	9.187500
14.687500	9.312500
14.812500	0.062500
14.812500	0.187500
14.812500	0.312500
14.812500	0.437500
14.812500	0.562500
14.812500	0.687500
14.812500	0.812500
14.812500	0.937500
14.812500	1.062500
14.812500	1.187500
14.812500	1.312500
14.812500	1.437500
14.812500	1.562500
14.812500	1.687500
14.812500	1.812500
14.812500	1.937500
14.812500	2.062500
14.812500	2.187500
14.812500	2.312500
14.812500	2.437500
14.812500	2.562500
14.812500	2.687500
14.812500	2.812500
14.812500	2.937500
14.812500	3.062500
14.812500	3.187500
14.812500	3.312500
14.812500	3.437500
14.812500	3.562500
14.812500	3.687500
14.812500	3.812500
14.812500	3.937500
14.812500	4.062500
14.812500	4.187500
14.812500	4.312500
14.812500	4.437500
14.812500	4.562500
14.812500	4.687500
14.812500	4.812500
14.812500	4.937500
14.812500	5.062500
14.812500	5.187500
14.812500	5.312500
14.812500	5.437500
14.812500	5.562500
14.812500	5.687500
14.812500	5.812500
14.812500	5.937500
14.812500	6.062500
14.812500	6.187500
14.812500	6.312500
14.812500	6.437500
14.812500	6.562500
14.812500	6.687500
14.812500	6.812500
14.812500	6.937500
14.812500	7.062500
14.812500	7.187500
14.812500	7.312500
14.812500	7.437500
14.812500	7.562500
14.812500	7.687500
14.812500	7.812500
14.812500	7.937500
14.812500	8.062500
14.812500	8.187500
14.812500	8.312500
14.812500	8.437500
14.812500	8.562500
14.812500	8.687500
14.812500	8.812500
14.812500	8.937500
14.812500	9.062500
14.812500	9.187500
14.937500	0.062500
14.937500	0.187500
14.937500	0.312500
14.937500	0.437500
14.937500	0.562500
14.937500	0.687500
14.937500	0.812500
14.937500	0.937500
14.937500	1.062500
14.937500	1.187500
14.937500	1.312500
14.937500	1.437500
14.937500	1.562500
14.937500	1.687500
14.937500	1.812500
14.937500	1.937500
14.937500	2.062500
14.937500	2.187500
14.937500	2.312500
14.937500	2.437500
14.937500	2.562500
14.937500	2.687500
14.937500	2.812500
14.937500	2.937500
14.937500	3.062500
14.937500	3.187500
14.937500	3.312500
14.937500	3.437500
14.937500	3.562500
14.937500	3.687500
14.937500	3.812500
14.937500	3.937500
14.937500	4.062500
14.937500	4.187500
14.937500	4.312500
14.937500	4.437500
14.937500	4.562500
14.937500	4.687500
14.937500	4.812500
14.937500	4.937500
14.937500	5.062500
14.937500	5.187500
14.937500	5.312500
14.937500	5.437500
14.937500	5.562500
14.937500	5.687500
14.937500	5.812500
14.937500	5.937500
14.937500	6.062500
14.937500	6.187500
14.937500	6.312500
14.937500	6.437500
14.937500	6.562500
14.937500	6.687500
14.937500	6.812500
14.937500	6.937500
14.937500	7.062500
14.937500	7.187500
14.937500	7.312500
14.937500	7.437500
14.937500	7.562500
14.937500	7.687500
14.937500	7.812500
14.937500	7.937500
14.937500	8.062500
14.937500	8.187500
14.937500	8.312500
14.937500	8.437500
14.937500	8.562500
14.937500	8.687500
14.937500	8.812500
14.937500	8.937500
14.937500	9.062500
15.062500	0.062500
15.062500	0.187500
15.062500	0.312500
15.062500	0.437500
15.062500	0.562500
15.062500	0.687500
15.062500	0.812500
15.062500	0.937500
15.062500	1.062500
15.062500	1.187500
15.062500	1.312500
15.062500	1.437500
15.062500	1.562500
15.062500	1.687500
15.062500	1.812500
15.062500	1.937500
15.062500	2.062500
15.062500	2.187500
15.062500	2.312500
15.062500	2.437500
15.062500	2.562500
15.062500	2.687500
15.062500	2.812500
15.062500	2.937500
15.062500	3.062500
15.062500	3.187500
15.062500	3.312500
15.062500	3.437500
15.062500	3.562500
15.062500	3.687500
15.062500	3.812500
15.062500	3.937500
15.062500	4.062500
15.062500	4.187500
15.062500	4.312500
15.062500	4.437500
15.062500	4.562500
15.062500	4.687500
15.062500	4.812500
15.062500	4.937500
15.062500	5.062500
15.062500	5.187500
15.062500	5.312500
15.062500	5.437500
15.062500	5.562500
15.062500	5.687500
15.062500	5.812500
15.062500	5.937500
15.062500	6.062500
15.062500	6.187500
15.062500	6.312500
15.062500	6.437500
15.062500	6.562500
15.062500	6.687500
15.062500	6.812500
15.062500	6.937500
15.062500	7.062500
15.062500	7.187500
15.062500	7.312500
15.062500	7.437500
15.062500	7.562500
15.062500	7.687500
15.062500	7.812500
15.062500	7.937500
15.062500	8.062500
15.062500	8.187500
15.062500	8.312500
15.062500	8.437500
15.062500	8.562500
15.062500	8.687500
15.062500	8.812500
15.062500	8.937500
15.187500	0.062500
15.187500	0.187500
15.187500	0.312500
15.187500	0.437500
15.187500	0.562500
15.187500	0.687500
15.187500	0.812500
15.187500	0.937500
15.187500	1.062500
15.187500	1.187500
15.187500	1.312500
15.187500	1.437500
15.187500	1.562500
15.187500	1.687500
15.187500	1.812500
15.187500	1.937500
15.187500	2.062500
15.187500	2.187500
15.187500	2.312500
15.187500	2.437500
15.187500	2.562500
15.187500	2.687500
15.187500	2.812500
15.187500	2.937500
15.187500	3.062500
15.187500	3.187500
15.187500	3.312500
15.187500	3.437500
15.187500	3.562500
15.187500	3.687500
15.187500	3.812500
15.187500	3.937500
15.187500	4.062500
15.187500	4.187500
15.187500	4.312500
15.187500	4.437500
15.187500	4.562500
15.187500	4.687500
15.187500	4.812500
15.187500	4.937500
15.187500	5.062500
15.187500	5.187500
15.187500	5.312500
15.187500	5.437500
15.187500	5.562500
15.187500	5.687500
15.187500	5.812500
15.187500	5.937500
15.187500	6.062500
15.187500	6.187500
15.187500	6.312500
15.187500	6.437500
15.187500	6.562500
15.187500	6.687500
15.187500	6.812500
15.187500	6.937500
15.187500	7.062500
15.187500	7.187500
15.187500	7.312500
15.187500	7.437500
15.187500	7.562500
15.187500	7.687500
15.187500	7.812500
15.187500	7.937500
15.187500	8.062500
15.187500	8.187500
15.187500	8.312500
15.187500	8.437500
15.187500	8.562500
15.187500	8.687500
15.187500	8.812500
15.312500	0.062500
15.312500	0.187500
15.312500	0.312500
15.312500	0.437500
15.312500	0.562500
15.312500	0.687500
15.312500	0.812500
15.312500	0.937500
15.312500	1.062500
15.312500	1.187500
15.312500	1.312500
15.312500	1.437500
15.312500	1.562500
15.312500	1.687500
15.312500	1.812500
15.312500	1.937500
15.312500	2.062500
15.312500	2.187500
15.312500	2.312500
15.312500	2.437500
15.312500	2.562500
15.312500	2.687500
15.312500	2.812500
15.312500	2.937500
15.312500	3.062500
15.312500	3.187500
15.312500	3.312500
15.312500	3.437500
15.312500	3.562500
15.312500	3.687500
15.312500	3.812500
15.312500	3.937500
15.312500	4.062500
15.312500	4.187500
15.312500	4.312500
15.312500	4.437500
15.312500	4.562500
15.312500	4.687500
15.312500	4.812500
15.312500	4.937500
15.312500	5.062500
15.312500	5.187500
15.312500	5.312500
15.312500	5.437500
15.312500	5.562500
15.312500	5.687500
15.312500	5.812500
15.312500	5.937500
15.312500	6.062500
15.312500	6.187500
15.312500	6.312500
15.312500	6.437500
15.312500	6.562500
15.312500	6.687500
15.312500	6.812500
15.312500	6.937500
15.312500	7.062500
15.312500	7.187500
15.312500	7.312500
15.312500	7.437500
15.312500	7.562500
15.312500	7.687500
15.312500	7.812500
15.312500	7.937500
15.312500	8.062500
15.312500	8.187500
15.312500	8.312500
15.312500	8.437500
15.312500	8.562500
15.312500	8.687500
15.437500	0.062500
15.437500	0.187500
15.437500	0.312500
15.437500	0.437500
15.437500	0.562500
15.437500	0.687500
15.437500	0.812500
15.437500	0.937500
15.437500	1.062500
15.437500	1.187500
15.437500	1.312500
15.437500	1.437500
15.437500	1.562500
15.437500	1.687500
15.437500	1.812500
15.437500	1.937500
15.437500	2.062500
15.437500	2.187500
15.437500	2.312500
15.437500	2.437500
15.437500	2.562500
15.437500	2.687500
15.437500	2.812500
15.437500	2.937500
15.437500	3.062500
15.437500	3.187500
15.437500	3.312500
15.437500	3.437500
15.437500	3.562500
15.437500	3.687500
15.437500	3.812500
15.437500	3.937500
15.437500	4.062500
15.437500	4.187500
15.437500	4.312500
15.437500	4.437500
15.437500	4.562500
15.437500	4.687500
15.437500	4.812500
15.437500	4.937500
15.437500	5.062500
15.437500	5.187500
15.437500	5.312500
15.437500	5.437500
15.437500	5.562500
15.437500	5.687500
15.437500	5.812500
15.437500	5.937500
15.437500	6.062500
15.437500	6.187500
15.437500	6.312500
15.437500	6.437500
15.437500	6.562500
15.437500	6.687500
15.437500	6.812500
15.437500	6.937500
15.437500	7.062500
15.437500	7.187500
15.437500	7.312500
15.437500	7.437500
15.437500	7.562500
15.437500	7.687500
15.437500	7.812500
15.437500	7.937500
15.437500	8.062500
15.437500	8.187500
15.437500	8.312500
15.437500	8.437500
15.437500	8.562500
15.562500	0.062500
15.562500	0.187500
15.562500	0.312500
15.562500	0.437500
15.562500	0.562500
15.562500	0.687500
15.562500	0.812500
15.562500	0.937500
15.562500	1.062500
15.562500	1.187500
15.562500	1.312500
15.562500	1.437500
15.562500	1.562500
15.562500	1.687500
15.562500	1.812500
15.562500	1.937500
15.562500	2.062500
15.562500	2.187500
15.562500	2.312500
15.562500	2.437500
15.562500	2.562500
15.562500	2.687500
15.562500	2.812500
15.562500	2.937500
15.562500	3.062500
15.562500	3.187500
15.562500	3.312500
15.562500	3.437500
15.562500	3.562500
15.562500	3.687500
15.562500	3.812500
15.562500	3.937500
15.562500	4.062500
15.562500	4.187500
15.562500	4.312500
15.562500	4.437500
15.562500	4.562500
15.562500	4.687500
15.562500	4.812500
15.562500	4.937500
15.562500	5.062500
15.562500	5.187500
15.562500	5.312500
15.562500	5.437500
15.562500	5.562500
15.562500	5.687500
15.562500	5.812500
15.562500	5.937500
15.562500	6.062500
15.562500	6.187500
15.562500	6.312500
15.562500	6.437500
15.562500	6.562500
15.562500	6.687500
15.562500	6.812500
15.562500	6.937500
15.562500	7.062500
15.562500	7.187500
15.562500	7.312500
15.562500	7.437500
15.562500	7.562500
15.562500	7.687500
15.562500	7.812500
15.562500	7.937500
15.562500	8.062500
15.562500	8.187500
15.562500	8.312500
15.562500	8.437500
15.687500	0.062500
15.687500	0.187500
15.687500	0.312500
15.687500	0.437500
15.687500	0.562500
15.687500	0.687500
15.687500	0.812500
15.687500	0.937500
15.687500	1.062500
15.687500	1.187500
15.687500	1.312500
15.687500	1.437500
15.687500	1.562500
15.687500	1.687500
15.687500	1.812500
15.687500	1.937500
15.687500	2.062500
15.687500	2.187500
15.687500	2.312500
15.687500	2.437500
15.687500	2.562500
15.687500	2.687500
15.687500	2.812500
15.687500	2.937500
15.687500	3.062500
15.687500	3.187500
15.687500	3.312500
15.687500	3.437500
15.687500	3.562500
15.687500	3.687500
15.687500	3.812500
15.687500	3.937500
15.687500	4.062500
15.687500	4.187500
15.687500	4.312500
15.687500	4.437500
15.687500	4.562500
15.687500	4.687500
15.687500	4.812500
15.687500	4.937500
15.687500	5.062500
15.687500	5.187500
15.687500	5.312500
15.687500	5.437500
15.687500	5.562500
15.687500	5.687500
15.687500	5.812500
15.687500	5.937500
15.687500	6.062500
15.687500	6.187500
15.687500	6.312500
15.687500	6.437500
15.687500	6.562500
15.687500	6.687500
15.687500	6.812500
15.687500	6.937500
15.687500	7.062500
15.687500	7.187500
15.687500	7.312500
15.687500	7.437500
15.687500	7.562500
15.687500	7.687500
15.687500	7.812500
15.687500	7.937500
15.687500	8.062500
15.687500	8.187500
15.687500	8.312500
15.812500	0.062500
15.812500	0.187500
15.812500	0.312500
15.812500	0.437500
15.812500	0.562500
15.812500	0.687500
15.812500	0.812500
15.812500	0.937500
15.812500	1.062500
15.812500	1.187500
15.812500	1.312500
15.812500	1.437500
15.812500	1.562500
15.812500	1.687500
15.812500	1.812500
15.812500	1.937500
15.812500	2.062500
15.812500	2.187500
15.812500	2.312500
15.812500	2.437500
15.812500	2.562500
15.812500	2.687500
15.812500	2.812500
15.812500	2.937500
15.812500	3.062500
15.812500	3.187500
15.812500	3.312500
15.812500	3.437500
15.812500	3.562500
15.812500	3.687500
15.812500	3.812500
15.812500	3.937500
15.812500	4.062500
15.812500	4.187500
15.812500	4.312500
15.812500	4.437500
15.812500	4.562500
15.812500	4.687500
15.812500	4.812500
15.812500	4.937500
15.812500	5.062500
15.812500	5.187500
15.812500	5.312500
15.812500	5.437500
15.812500	5.562500
15.812500	5.687500
15.812500	5.812500
15.812500	5.937500
15.812500	6.062500
15.812500	6.187500
15.812500	6.312500
15.812500	6.437500
15.812500	6.562500
15.812500	6.687500
15.812500	6.812500
15.812500	6.937500
15.812500	7.062500
15.812500	7.187500
15.812500	7.312500
15.812500	7.437500
15.812500	7.562500
15.812500	7.687500
15.812500	7.812500
15.812500	7.937500
15.812500	8.062500
15.812500	8.187500
15.937500	0.062500
15.937500	0.187500
15.937500	0.312500
15.937500	0.437500
15.937500	0.562500
15.937500	0.687500
15.937500	0.812500
15.937500	0.937500
15.937500	1.062500
15.937500	1.187500
15.937500	1.312500
15.937500	1.437500
15.937500	1.562500
15.937500	1.687500
15.937500	1.812500
15.937500	1.937500
15.937500	2.062500
15.937500	2.187500
15.937500	2.312500
15.937500	2.437500
15.937500	2.562500
15.937500	2.687500
15.937500	2.812500
15.937500	2.937500
15.937500	3.062500
15.937500	3.187500
15.937500	3.312500
15.937500	3.437500
15.937500	3.562500
15.937500	3.687500
15.937500	3.812500
15.937500	3.937500
15.937500	4.062500
15.937500	4.187500
15.937500	4.312500
15.937500	4.437500
15.937500	4.562500
15.937500	4.687500
15.937500	4.812500
15.937500	4.937500
15.937500	5.062500
15.937500	5.187500
15.937500	5.312500
15.937500	5.437500
15.937500	5.562500
15.937500	5.687500
15.937500	5.812500
15.937500	5.937500
15.937500	6.062500
15.937500	6.187500
15.937500	6.312500
15.937500	6.437500
15.937500	6.562500
15.937500	6.687500
15.937500	6.812500
15.937500	6.937500
15.937500	7.062500
15.937500	7.187500
15.937500	7.312500
15.937500	7.437500
15.937500	7.562500
15.937500	7.687500
15.937500	7.812500
15.937500	7.937500
15.937500	8.062500
16.062500	0.062500
16.062500	0.187500
16.062500	0.312500
16.062500	0.437500
16.062500	0.562500
16.062500	0.687500
16.062500	0.812500
16.062500	0.937500
16.062500	1.062500
16.062500	1.187500
16.062500	1.312500
16.062500	1.437500
16.062500	1.562500
16.062500	1.687500
16.062500	1.812500
16.062500	1.937500
16.062500	2.062500
16.062500	2.187500
16.062500	2.312500
16.062500	2.437500
16.062500	2.562500
16.062500	2.687500
16.062500	2.812500
16.062500	2.937500
16.062500	3.062500
16.062500	3.187500
16.062500	3.312500
16.062500	3.437500
16.062500	3.562500
16.062500	3.687500
16.062500	3.812500
16.062500	3.937500
16.062500	4.062500
16.062500	4.187500
16.062500	4.312500
16.062500	4.437500
16.062500	4.562500
16.062500	4.687500
16.062500	4.812500
16.062500	4.937500
16.062500	5.062500
16.062500	5.187500
16.062500	5.312500
16.062500	5.437500
16.062500	5.562500
16.062500	5.687500
16.062500	5.812500
16.062500	5.937500
16.062500	6.062500
16.062500	6.187500
16.062500	6.312500
16.062500	6.437500
16.062500	6.562500
16.062500	6.687500
16.062500	6.812500
16.062500	6.937500
16.062500	7.062500
16.062500	7.187500
16.062500	7.312500
16.062500	7.437500
16.062500	7.562500
16.062500	7.687500
16.062500	7.812500
16.062500	7.937500
16.187500	0.062500
16.187500	0.187500
16.187500	0.312500
16.187500	0.437500
16.187500	0.562500
16.187500	0.687500
16.187500	0.812500
16.187500	0.937500
16.187500	1.062500
16.187500	1.187500
16.187500	1.312500
16.187500	1.437500
16.187500	1.562500
16.187500	1.687500
16.187500	1.812500
16.187500	1.937500
16.187500	2.062500
16.187500	2.187500
16.187500	2.312500
16.187500	2.437500
16.187500	2.562500
16.187500	2.687500
16.187500	2.812500
16.187500	2.937500
16.187500	3.062500
16.187500	3.187500
16.187500	3.312500
16.187500	3.437500
16.187500	3.562500
16.187500	3.687500
16.187500	3.812500
16.187500	3.937500
16.187500	4.062500
16.187500	4.187500
16.187500	4.312500
16.187500	4.437500
16.187500	4.562500
16.187500	4.687500
16.187500	4.812500
16.187500	4.937500
16.187500	5.062500
16.187500	5.187500
16.187500	5.312500
16.187500	5.437500
16.187500	5.562500
16.187500	5.687500
16.187500	5.812500
16.187500	5.937500
16.187500	6.062500
16.187500	6.187500
16.187500	6.312500
16.187500	6.437500
16.187500	6.562500
16.187500	6.687500
16.187500	6.812500
16.187500	6.937500
16.187500	7.062500
16.187500	7.187500
16.187500	7.312500
16.187500	7.437500
16.187500	7.562500
16.187500	7.687500
16.187500	7.812500
16.312500	0.062500
16.312500	0.187500
16.312500	0.312500
16.312500	0.437500
16.312500	0.562500
16.312500	0.687500
16.312500	0.812500
16.312500	0.937500
16.312500	1.062500
16.312500	1.187500
16.312500	1.312500
16.312500	1.437500
16.312500	1.562500
16.312500	1.687500
16.312500	1.812500
16.312500	1.937500
16.312500	2.062500
16.312500	2.187500
16.312500	2.312500
16.312500	2.437500
16.312500	2.562500
16.312500	2.687500
16.312500	2.812500
16.312500	2.937500
16.312500	3.062500
16.312500	3.187500
16.312500	3.312500
16.312500	3.437500
16.312500	3.562500
16.312500	3.687500
16.312500	3.812500
16.312500	3.937500
16.312500	4.062500
16.312500	4.187500
16.312500	4.312500
16.312500	4.437500
16.312500	4.562500
16.312500	4.687500
16.312500	4.812500
16.312500	4.937500
16.312500	5.062500
16.312500	5.187500
16.312500	5.312500
16.312500	5.437500
16.312500	5.562500
16.312500	5.687500
16.312500	5.812500
16.312500	5.937500
16.312500	6.062500
16.312500	6.187500
16.312500	6.312500
16.312500	6.437500
16.312500	6.562500
16.312500	6.687500
16.312500	6.812500
16.312500	6.937500
16.312500	7.062500
16.312500	7.187500
16.312500	7.312500
16.312500	7.437500
16.312500	7.562500
16.312500	7.687500
16.437500	0.062500
16.437500	0.187500
16.437500	0.312500
16.437500	0.437500
16.437500	0.562500
16.437500	0.687500
16.437500	0.812500
16.437500	0.937500
16.437500	1.062500
16.437500	1.187500
16.437500	1.312500
16.437500	1.437500
16.437500	1.562500
16.437500	1.687500
16.437500	1.812500
16.437500	1.937500
16.437500	2.062500
16.437500	2.187500
16.437500	2.312500
16.437500	2.437500
16.437500	2.562500
16.437500	2.687500
16.437500	2.812500
16.437500	2.937500
16.437500	3.062500
16.437500	3.187500
16.437500	3.312500
16.437500	3.437500
16.437500	3.562500
16.437500	3.687500
16.437500	3.812500
16.437500	3.937500
16.437500	4.062500
16.437500	4.187500
16.437500	4.312500
16.437500	4.437500
16.437500	4.562500
16.437500	4.687500
16.437500	4.812500
16.437500	4.937500
16.437500	5.062500
16.437500	5.187500
16.437500	5.312500
16.437500	5.437500
16.437500	5.562500
16.437500	5.687500
16.437500	5.812500
16.437500	5.937500
16.437500	6.062500
16.437500	6.187500
16.437500	6.312500
16.437500	6.437500
16.437500	6.562500
16.437500	6.687500
16.437500	6.812500
16.437500	6.937500
16.437500	7.062500
16.437500	7.187500
16.437500	7.312500
16.437500	7.437500
16.437500	7.562500
16.562500	0.062500
16.562500	0.187500
16.562500	0.312500
16.562500	0.437500
16.562500	0.562500
16.562500	0.687500
16.562500	0.812500
16.562500	0.937500
16.562500	1.062500
16.562500	1.187500
16.562500	1.312500
16.562500	1.437500
16.562500	1.562500
16.562500	1.687500
16.562500	1.812500
16.562500	1.937500
16.562500	2.062500
16.562500	2.187500
16.562500	2.312500
16.562500	2.437500
16.562500	2.562500
16.562500	2.687500
16.562500	2.812500
16.562500	2.937500
16.562500	3.062500
16.562500	3.187500
16.562500	3.312500
16.562500	3.437500
16.562500	3.562500
16.562500	3.687500
16.562500	3.812500
16.562500	3.937500
16.562500	4.062500
16.562500	4.187500
16.562500	4.312500
16.562500	4.437500
16.562500	4.562500
16.562500	4.687500
16.562500	4.812500
16.562500	4.937500
16.562500	5.062500
16.562500	5.187500
16.562500	5.312500
16.562500	5.437500
16.562500	5.562500
16.562500	5.687500
16.562500	5.812500
16.562500	5.937500
16.562500	6.062500
16.562500	6.187500
16.562500	6.312500
16.562500	6.437500
16.562500	6.562500
16.562500	6.687500
16.562500	6.812500
16.562500	6.937500
16.562500	7.062500
16.562500	7.187500
16.562500	7.312500
16.562500	7.437500
16.687500	0.062500
16.687500	0.187500
16.687500	0.312500
16.687500	0.437500
16.687500	0.562500
16.687500	0.687500
16.687500	0.812500
16.687500	0.937500
16.687500	1.062500
16.687500	1.187500
16.687500	1.312500
16.687500	1.437500
16.687500	1.562500
16.687500	1.687500
16.687500	1.812500
16.687500	1.937500
16.687500	2.062500
16.687500	2.187500
16.687500	2.312500
16.687500	2.437500
16.687500	2.562500
16.687500	2.687500
16.687500	2.812500
16.687500	2.937500
16.687500	3.062500
16.687500	3.187500
16.687500	3.312500
16.687500	3.437500
16.687500	3.562500
16.687500	3.687500
16.687500	3.812500
16.687500	3.937500
16.687500	4.062500
16.687500	4.187500
16.687500	4.312500
16.687500	4.437500
16.687500	4.562500
16.687500	4.687500
16.687500	4.812500
16.687500	4.937500
16.687500	5.062500
16.687500	5.187500
16.687500	5.312500
16.687500	5.437500
16.687500	5.562500
16.687500	5.687500
16.687500	5.812500
16.687500	5.937500
16.687500	6.062500
16.687500	6.187500
16.687500	6.312500
16.687500	6.437500
16.687500	6.562500
16.687500	6.687500
16.687500	6.812500
16.687500	6.937500
16.687500	7.062500
16.687500	7.187500
16.687500	7.312500
16.812500	0.062500
16.812500	0.187500
16.812500	0.312500
16.812500	0.437500
16.812500	0.562500
16.812500	0.687500
16.812500	0.812500
16.812500	0.937500
16.812500	1.062500
16.812500	1.187500
16.812500	1.312500
16.812500	1.437500
16.812500	1.562500
16.812500	1.687500
16.812500	1.812500
16.812500	1.937500
16.812500	2.062500
16.812500	2.187500
16.812500	2.312500
16.812500	2.437500
16.812500	2.562500
16.812500	2.687500
16.812500	2.812500
16.812500	2.937500
16.812500	3.062500
16.812500	3.187500
16.812500	3.312500
16.812500	3.437500
16.812500	3.562500
16.812500	3.687500
16.812500	3.812500
16.812500	3.937500
16.812500	4.062500
16.812500	4.187500
16.812500	4.312500
16.812500	4.437500
16.812500	4.562500
16.812500	4.687500
16.812500	4.812500
16.812500	4.937500
16.812500	5.062500
16.812500	5.187500
16.812500	5.312500
16.812500	5.437500
16.812500	5.562500
16.812500	5.687500
16.812500	5.812500
16.812500	5.937500
16.812500	6.062500
16.812500	6.187500
16.812500	6.312500
16.812500	6.437500
16.812500	6.562500
16.812500	6.687500
16.812500	6.812500
16.812500	6.937500
16.812500	7.062500
16.812500	7.187500
16.937500	0.062500
16.937500	0.187500
16.937500	0.312500
16.937500	0.437500
16.937500	0.562500
16.937500	0.687500
16.937500	0.812500
16.937500	0.937500
16.937500	1.062500
16.937500	1.187500
16.937500	1.312500
16.937500	1.437500
16.937500	1.562500
16.937500	1.687500
16.937500	1.812500
16.937500	1.937500
16.937500	2.062500
16.937500	2.187500
16.937500	2.312500
16.937500	2.437500
16.937500	2.562500
16.937500	2.687500
16.937500	2.812500
16.937500	2.937500
16.937500	3.062500
16.937500	3.187500
16.937500	3.312500
16.937500	3.437500
16.937500	3.562500
16.937500	3.687500
16.937500	3.812500
16.937500	3.937500
16.937500	4.062500
16.937500	4.187500
16.937500	4.312500
16.937500	4.437500
16.937500	4.562500
16.937500	4.687500
16.937500	4.812500
16.937500	4.937500
16.937500	5.062500
16.937500	5.187500
16.937500	5.312500
16.937500	5.437500
16.937500	5.562500
16.937500	5.687500
16.937500	5.812500
16.937500	5.937500
16.937500	6.062500
16.937500	6.187500
16.937500	6.312500
16.937500	6.437500
16.937500	6.562500
16.937500	6.687500
16.937500	6.812500
16.937500	6.937500
16.937500	7.062500
17.062500	0.062500
17.062500	0.187500
17.062500	0.312500
17.062500	0.437500
17.062500	0.562500
17.062500	0.687500
17.062500	0.812500
17.062500	0.937500
17.062500	1.062500
17.062500	1.187500
17.062500	1.312500
17.062500	1.437500
17.062500	1.562500
17.062500	1.687500
17.062500	1.812500
17.062500	1.937500
17.062500	2.062500
17.062500	2.187500
17.062500	2.312500
17.062500	2.437500
17.062500	2.562500
17.062500	2.687500
17.062500	2.812500
17.062500	2.937500
17.062500	3.062500
17.062500	3.187500
17.062500	3.312500
17.062500	3.437500
17.062500	3.562500
17.062500	3.687500
17.062500	3.812500
17.062500	3.937500
17.062500	4.062500
17.062500	4.187500
17.062500	4.312500
17.062500	4.437500
17.062500	4.562500
17.062500	4.687500
17.062500	4.812500
17.062500	4.937500
17.062500	5.062500
17.062500	5.187500
17.062500	5.312500
17.062500	5.437500
17.062500	5.562500
17.062500	5.687500
17.062500	5.812500
17.062500	5.937500
17.062500	6.062500
17.062500	6.187500
17.062500	6.312500
17.062500	6.437500
17.062500	6.562500
17.062500	6.687500
17.062500	6.812500
17.062500	6.937500
17.187500	0.062500
17.187500	0.187500
17.187500	0.312500
17.187500	0.437500
17.187500	0.562500
17.187500	0.687500
17.187500	0.812500
17.187500	0.937500
17.187500	1.062500
17.187500	1.187500
17.187500	1.312500
17.187500	1.437500
17.187500	1.562500
17.187500	1.687500
17.187500	1.812500
17.187500	1.937500
17.187500	2.062500
17.187500	2.187500
17.187500	2.312500
17.187500	2.437500
17.187500	2.562500
17.187500	2.687500
17.187500	2.812500
17.187500	2.937500
17.187500	3.062500
17.187500	3.187500
17.187500	3.312500
17.187500	3.437500
17.187500	3.562500
17.187500	3.687500
17.187500	3.812500
17.187500	3.937500
17.187500	4.062500
17.187500	4.187500
17.187500	4.312500
17.187500	4.437500
17.187500	4.562500
17.187500	4.687500
17.187500	4.812500
17.187500	4.937500
17.187500	5.062500
17.187500	5.187500
17.187500	5.312500
17.187500	5.437500
17.187500	5.562500
17.187500	5.687500
17.187500	5.812500
17.187500	5.937500
17.187500	6.062500
17.187500	6.187500
17.187500	6.312500
17.187500	6.437500
17.187500	6.562500
17.187500	6.687500
17.187500	6.812500
17.312500	0.062500
17.312500	0.187500
17.312500	0.312500
17.312500	0.437500
17.312500	0.562500
17.312500	0.687500
17.312500	0.812500
17.312500	0.937500
17.312500	1.062500
17.312500	1.187500
17.312500	1.312500
17.312500	1.437500
17.312500	1.562500
17.312500	1.687500
17.312500	1.812500
17.312500	1.937500
17.312500	2.062500
17.312500	2.187500
17.312500	2.312500
17.312500	2.437500
17.312500	2.562500
17.312500	2.687500
17.312500	2.812500
17.312500	2.937500
17.312500	3.062500
17.312500	3.187500
17.312500	3.312500
17.312500	3.437500
17.312500	3.562500
17.312500	3.687500
17.312500	3.812500
17.312500	3.937500
17.312500	4.062500
17.312500	4.187500
17.312500	4.312500
17.312500	4.437500
17.312500	4.562500
17.312500	4.687500
17.312500	4.812500
17.312500	4.937500
17.312500	5.062500
17.312500	5.187500
17.312500	5.312500
17.312500	5.437500
17.312500	5.562500
17.312500	5.687500
17.312500	5.812500
17.312500	5.937500
17.312500	6.062500
17.312500	6.187500
17.312500	6.312500
17.312500	6.437500
17.312500	6.562500
17.312500	6.687500
17.437500	0.062500
17.437500	0.187500
17.437500	0.312500
17.437500	0.437500
17.437500	0.562500
17.437500	0.687500
17.437500	0.812500
17.437500	0.937500
17.437500	1.062500
17.437500	1.187500
17.437500	1.312500
17.437500	1.437500
17.437500	1.562500
17.437500	1.687500
17.437500	1.812500
17.437500	1.937500
17.437500	2.062500
17.437500	2.187500
17.437500	2.312500
17.437500	2.437500
17.437500	2.562500
17.437500	2.687500
17.437500	2.812500
17.437500	2.937500
17.437500	3.062500
17.437500	3.187500
17.437500	3.312500
17.437500	3.437500
17.437500	3.562500
17.437500	3.687500
17.437500	3.812500
17.437500	3.937500
17.437500	4.062500
17.437500	4.187500
17.437500	4.312500
17.437500	4.437500
17.437500	4.562500
17.437500	4.687500
17.437500	4.812500
17.437500	4.937500
17.437500	5.062500
17.437500	5.187500
17.437500	5.312500
17.437500	5.437500
17.437500	5.562500
17.437500	5.687500
17.437500	5.812500
17.437500	5.937500
17.437500	6.062500
17.437500	6.187500
17.437500	6.312500
17.437500	6.437500
17.437500	6.562500
17.562500	0.062500
17.562500	0.187500
17.562500	0.312500
17.562500	0.437500
17.562500	0.562500
17.562500	0.687500
17.562500	0.812500
17.562500	0.937500
17.562500	1.062500
17.562500	1.187500
17.562500	1.312500
17.562500	1.437500
17.562500	1.562500
17.562500	1.687500
17.562500	1.812500
17.562500	1.937500
17.562500	2.062500
17.562500	2.187500
17.562500	2.312500
17.562500	2.437500
17.562500	2.562500
17.562500	2.687500
17.562500	2.812500
17.562500	2.937500
17.562500	3.062500
17.562500	3.187500
17.562500	3.312500
17.562500	3.437500
17.562500	3.562500
17.562500	3.687500
17.562500	3.812500
17.562500	3.937500
17.562500	4.062500
17.562500	4.187500
17.562500	4.312500
17.562500	4.437500
17.562500	4.562500
17.562500	4.687500
17.562500	4.812500
17.562500	4.937500
17.562500	5.062500
17.562500	5.187500
17.562500	5.312500
17.562500	5.437500
17.562500	5.562500
17.562500	5.687500
17.562500	5.812500
17.562500	5.937500
17.562500	6.062500
17.562500	6.187500
17.562500	6.312500
17.562500	6.437500
17.687500	0.062500
17.687500	0.187500
17.687500	0.312500
17.687500	0.437500
17.687500	0.562500
17.687500	0.687500
17.687500	0.812500
17.687500	0.937500
17.687500	1.062500
17.687500	1.187500
17.687500	1.312500
17.687500	1.437500
17.687500	1.562500
17.687500	1.687500
17.687500	1.812500
17.687500	1.937500
17.687500	2.062500
17.687500	2.187500
17.687500	2.312500
17.687500	2.437500
17.687500	2.562500
17.687500	2.687500
17.687500	2.812500
17.687500	2.937500
17.687500	3.062500
17.687500	3.187500
17.687500	3.312500
17.687500	3.437500
17.687500	3.562500
17.687500	3.687500
17.687500	3.812500
17.687500	3.937500
17.687500	4.062500
17.687500	4.187500
17.687500	4.312500
17.687500	4.437500
17.687500	4.562500
17.687500	4.687500
17.687500	4.812500
17.687500	4.937500
17.687500	5.062500
17.687500	5.187500
17.687500	5.312500
17.687500	5.437500
17.687500	5.562500
17.687500	5.687500
17.687500	5.812500
17.687500	5.937500
17.687500	6.062500
17.687500	6.187500
17.687500	6.312500
17.812500	0.062500
17.812500	0.187500
17.812500	0.312500
17.812500	0.437500
17.812500	0.562500
17.812500	0.687500
17.812500	0.812500
17.812500	0.937500
17.812500	1.062500
17.812500	1.187500
17.812500	1.312500
17.812500	1.437500
17.812500	1.562500
17.812500	1.687500
17.812500	1.812500
17.812500	1.937500
17.812500	2.062500
17.812500	2.187500
17.812500	2.312500
17.812500	2.437500
17.812500	2.562500
17.812500	2.687500
17.812500	2.812500
17.812500	2.937500
17.812500	3.062500
17.812500	3.187500
17.812500	3.312500
17.812500	3.437500
17.812500	3.562500
17.812500	3.687500
17.812500	3.812500
17.812500	3.937500
17.812500	4.062500
17.812500	4.187500
17.812500	4.312500
17.812500	4.437500
17.812500	4.562500
17.812500	4.687500
17.812500	4.812500
17.812500	4.937500
17.812500	5.062500
17.812500	5.187500
17.812500	5.312500
17.812500	5.437500
17.812500	5.562500
17.812500	5.687500
17.812500	5.812500
17.812500	5.937500
17.812500	6.062500
17.812500	6.187500
17.937500	0.062500
17.937500	0.187500
17.937500	0.312500
17.937500	0.437500
17.937500	0.562500
17.937500	0.687500
17.937500	0.812500
17.937500	0.937500
17.937500	1.062500
17.937500	1.187500
17.937500	1.312500
17.937500	1.437500
17.937500	1.562500
17.937500	1.687500
17.937500	1.812500
17.937500	1.937500
17.937500	2.062500
17.937500	2.187500
17.937500	2.312500
17.937500	2.437500
17.937500	2.562500
17.937500	2.687500
17.937500	2.812500
17.937500	2.937500
17.937500	3.062500
17.937500	3.187500
17.937500	3.312500
17.937500	3.437500
17.937500	3.562500
17.937500	3.687500
17.937500	3.812500
17.937500	3.937500
17.937500	4.062500
17.937500	4.187500
17.937500	4.312500
17.937500	4.437500
17.937500	4.562500
17.937500	4.687500
17.937500	4.812500
17.937500	4.937500
17.937500	5.062500
17.937500	5.187500
17.937500	5.312500
17.937500	5.437500
17.937500	5.562500
17.937500	5.687500
17.937500	5.812500
17.937500	5.937500
17.937500	6.062500
18.062500	0.062500
18.062500	0.187500
18.062500	0.312500
18.062500	0.437500
18.062500	0.562500
18.062500	0.687500
18.062500	0.812500
18.062500	0.937500
18.062500	1.062500
18.062500	1.187500
18.062500	1.312500
18.062500	1.437500
18.062500	1.562500
18.062500	1.687500
18.062500	1.812500
18.062500	1.937500
18.062500	2.062500
18.062500	2.187500
18.062500	2.312500
18.062500	2.437500
18.062500	2.562500
18.062500	2.687500
18.062500	2.812500
18.062500	2.937500
18.062500	3.062500
18.062500	3.187500
18.062500	3.312500
18.062500	3.437500
18.062500	3.562500
18.062500	3.687500
18.062500	3.812500
18.062500	3.937500
18.062500	4.062500
18.062500	4.187500
18.062500	4.312500
18.062500	4.437500
18.062500	4.562500
18.062500	4.687500
18.062500	4.812500
18.062500	4.937500
18.062500	5.062500
18.062500	5.187500
18.062500	5.312500
18.062500	5.437500
18.062500	5.562500
18.062500	5.687500
18.062500	5.812500
18.062500	5.937500
18.187500	0.062500
18.187500	0.187500
18.187500	0.312500
18.187500	0.437500
18.187500	0.562500
18.187500	0.687500
18.187500	0.812500
18.187500	0.937500
18.187500	1.062500
18.187500	1.187500
18.187500	1.312500
18.187500	1.437500
18.187500	1.562500
18.187500	1.687500
18.187500	1.812500
18.187500	1.937500
18.187500	2.062500
18.187500	2.187500
18.187500	2.312500
18.187500	2.437500
18.187500	2.562500
18.187500	2.687500
18.187500	2.812500
18.187500	2.937500
18.187500	3.062500
18.187500	3.187500
18.187500	3.312500
18.187500	3.437500
18.187500	3.562500
18.187500	3.687500
18.187500	3.812500
18.187500	3.937500
18.187500	4.062500
18.187500	4.187500
18.187500	4.312500
18.187500	4.437500
18.187500	4.562500
18.187500	4.687500
18.187500	4.812500
18.187500	4.937500
18.187500	5.062500
18.187500	5.187500
18.187500	5.312500
18.187500	5.437500
18.187500	5.562500
18.187500	5.687500
18.187500	5.812500
18.312500	0.062500
18.312500	0.187500
18.312500	0.312500
18.312500	0.437500
18.312500	0.562500
18.312500	0.687500
18.312500	0.812500
18.312500	0.937500
18.312500	1.062500
18.312500	1.187500
18.312500	1.312500
18.312500	1.437500
18.312500	1.562500
18.312500	1.687500
18.312500	1.812500
18.312500	1.937500
18.312500	2.062500
18.312500	2.187500
18.312500	2.312500
18.312500	2.437500
18.312500	2.562500
18.312500	2.687500
18.312500	2.812500
18.312500	2.937500
18.312500	3.062500
18.312500	3.187500
18.312500	3.312500
18.312500	3.437500
18.312500	3.562500
18.312500	3.687500
18.312500	3.812500
18.312500	3.937500
18.312500	4.062500
18.312500	4.187500
18.312500	4.312500
18.312500	4.437500
18.312500	4.562500
18.312500	4.687500
18.312500	4.812500
18.312500	4.937500
18.312500	5.062500
18.312500	5.187500
18.312500	5.312500
18.312500	5.437500
18.312500	5.562500
18.312500	5.687500
18.437500	0.062500
18.437500	0.187500
18.437500	0.312500
18.437500	0.437500
18.437500	0.562500
18.437500	0.687500
18.437500	0.812500
18.437500	0.937500
18.437500	1.062500
18.437500	1.187500
18.437500	1.312500
18.437500	1.437500
18.437500	1.562500
18.437500	1.687500
18.437500	1.812500
18.437500	1.937500
18.437500	2.062500
18.437500	2.187500
18.437500	2.312500
18.437500	2.437500
18.437500	2.562500
18.437500	2.687500
18.437500	2.812500
18.437500	2.937500
18.437500	3.062500
18.437500	3.187500
18.437500	3.312500
18.437500	3.437500
18.437500	3.562500
18.437500	3.687500
18.437500	3.812500
18.437500	3.937500
18.437500	4.062500
18.437500	4.187500
18.437500	4.312500
18.437500	4.437500
18.437500	4.562500
18.437500	4.687500
18.437500	4.812500
18.437500	4.937500
18.437500	5.062500
18.437500	5.187500
18.437500	5.312500
18.437500	5.437500
18.437500	5.562500
18.562500	0.062500
18.562500	0.187500
18.562500	0.312500
18.562500	0.437500
18.562500	0.562500
18.562500	0.687500
18.562500	0.812500
18.562500	0.937500
18.562500	1.062500
18.562500	1.187500
18.562500	1.312500
18.562500	1.437500
18.562500	1.562500
18.562500	1.687500
18.562500	1.812500
18.562500	1.937500
18.562500	2.062500
18.562500	2.187500
18.562500	2.312500
18.562500	2.437500
18.562500	2.562500
18.562500	2.687500
18.562500	2.812500
18.562500	2.937500
18.562500	3.062500
18.562500	3.187500
18.562500	3.312500
18.562500	3.437500
18.562500	3.562500
18.562500	3.687500
18.562500	3.812500
18.562500	3.937500
18.562500	4.062500
18.562500	4.187500
18.562500	4.312500
18.562500	4.437500
18.562500	4.562500
18.562500	4.687500
18.562500	4.812500
18.562500	4.937500
18.562500	5.062500
18.562500	5.187500
18.562500	5.312500
18.562500	5.437500
18.687500	0.062500
18.687500	0.187500
18.687500	0.312500
18.687500	0.437500
18.687500	0.562500
18.687500	0.687500
18.687500	0.812500
18.687500	0.937500
18.687500	1.062500
18.687500	1.187500
18.687500	1.312500
18.687500	1.437500
18.687500	1.562500
18.687500	1.687500
18.687500	1.812500
18.687500	1.937500
18.687500	2.062500
18.687500	2.187500
18.687500	2.312500
18.687500	2.437500
18.687500	2.562500
18.687500	2.687500
18.687500	2.812500
18.687500	2.937500
18.687500	3.062500
18.687500	3.187500
18.687500	3.312500
18.687500	3.437500
18.687500	3.562500
18.687500	3.687500
18.687500	3.812500
18.687500	3.937500
18.687500	4.062500
18.687500	4.187500
18.687500	4.312500
18.687500	4.437500
18.687500	4.562500
18.687500	4.687500
18.687500	4.812500
18.687500	4.937500
18.687500	5.062500
18.687500	5.187500
18.687500	5.312500
18.812500	0.062500
18.812500	0.187500
18.812500	0.312500
18.812500	0.437500
18.812500	0.562500
18.812500	0.687500
18.812500	0.812500
18.812500	0.937500
18.812500	1.062500
18.812500	1.187500
18.812500	1.312500
18.812500	1.437500
18.812500	1.562500
18.812500	1.687500
18.812500	1.812500
18.812500	1.937500
18.812500	2.062500
18.812500	2.187500
18.812500	2.312500
18.812500	2.437500
18.812500	2.562500
18.812500	2.687500
18.812500	2.812500
18.812500	2.937500
18.812500	3.062500
18.812500	3.187500
18.812500	3.312500
18.812500	3.437500
18.812500	3.562500
18.812500	3.687500
18.812500	3.812500
18.812500	3.937500
18.812500	4.062500
18.812500	4.187500
18.812500	4.312500
18.812500	4.437500
18.812500	4.562500
18.812500	4.687500
18.812500	4.812500
18.812500	4.937500
18.812500	5.062500
18.812500	5.187500
18.937500	0.062500
18.937500	0.187500
18.937500	0.312500
18.937500	0.437500
18.937500	0.562500
18.937500	0.687500
18.937500	0.812500
18.937500	0.937500
18.937500	1.062500
18.937500	1.187500
18.937500	1.312500
18.937500	1.437500
18.937500	1.562500
18.937500	1.687500
18.937500	1.812500
18.937500	1.937500
18.937500	2.062500
18.937500	2.187500
18.937500	2.312500
18.937500	2.437500
18.937500	2.562500
18.937500	2.687500
18.937500	2.812500
18.937500	2.937500
18.937500	3.062500
18.937500	3.187500
18.937500	3.312500
18.937500	3.437500
18.937500	3.562500
18.937500	3.687500
18.937500	3.812500
18.937500	3.937500
18.937500	4.062500
18.937500	4.187500
18.937500	4.312500
18.937500	4.437500
18.937500	4.562500
18.937500	4.687500
18.937500	4.812500
18.937500	4.937500
18.937500	5.062500
19.062500	0.062500
19.062500	0.187500
19.062500	0.312500
19.062500	0.437500
19.062500	0.562500
19.062500	0.687500
19.062500	0.812500
19.062500	0.937500
19.062500	1.062500
19.062500	1.187500
19.062500	1.312500
19.062500	1.437500
19.062500	1.562500
19.062500	1.687500
19.062500	1.812500
19.062500	1.937500
19.062500	2.062500
19.062500	2.187500
19.062500	2.312500
19.062500	2.437500
19.062500	2.562500
19.062500	2.687500
19.062500	2.812500
19.062500	2.937500
19.062500	3.062500
19.062500	3.187500
19.062500	3.312500
19.062500	3.437500
19.062500	3.562500
19.062500	3.687500
19.062500	3.812500
19.062500	3.937500
19.062500	4.062500
19.062500	4.187500
19.062500	4.312500
19.062500	4.437500
19.062500	4.562500
19.062500	4.687500
19.062500	4.812500
19.062500	4.937500
19.187500	0.062500
19.187500	0.187500
19.187500	0.312500
19.187500	0.437500
19.187500	0.562500
19.187500	0.687500
19.187500	0.812500
19.187500	0.937500
19.187500	1.062500
19.187500	1.187500
19.187500	1.312500
19.187500	1.437500
19.187500	1.562500
19.187500	1.687500
19.187500	1.812500
19.187500	1.937500
19.187500	2.062500
19.187500	2.187500
19.187500	2.312500
19.187500	2.437500
19.187500	2.562500
19.187500	2.687500
19.187500	2.812500
19.187500	2.937500
19.187500	3.062500
19.187500	3.187500
19.187500	3.312500
19.187500	3.437500
19.187500	3.562500
19.187500	3.687500
19.187500	3.812500
19.187500	3.937500
19.187500	4.062500
19.187500	4.187500
19.187500	4.312500
19.187500	4.437500
19.187500	4.562500
19.187500	4.687500
19.187500	4.812500
19.312500	0.062500
19.312500	0.187500
19.312500	0.312500
19.312500	0.437500
19.312500	0.562500
19.312500	0.687500
19.312500	0.812500
19.312500	0.937500
19.312500	1.062500
19.312500	1.187500
19.312500	1.312500
19.312500	1.437500
19.312500	1.562500
19.312500	1.687500
19.312500	1.812500
19.312500	1.937500
19.312500	2.062500
19.312500	2.187500
19.312500	2.312500
19.312500	2.437500
19.312500	2.562500
19.312500	2.687500
19.312500	2.812500
19.312500	2.937500
19.312500	3.062500
19.312500	3.187500
19.312500	3.312500
19.312500	3.437500
19.312500	3.562500
19.312500	3.687500
19.312500	3.812500
19.312500	3.937500
19.312500	4.062500
19.312500	4.187500
19.312500	4.312500
19.312500	4.437500
19.312500	4.562500
19.312500	4.687500
19.437500	0.062500
19.437500	0.187500
19.437500	0.312500
19.437500	0.437500
19.437500	0.562500
19.437500	0.687500
19.437500	0.812500
19.437500	0.937500
19.437500	1.062500
19.437500	1.187500
19.437500	1.312500
19.437500	1.437500
19.437500	1.562500
19.437500	1.687500
19.437500	1.812500
19.437500	1.937500
19.437500	2.062500
19.437500	2.187500
19.437500	2.312500
19.437500	2.437500
19.437500	2.562500
19.437500	2.687500
19.437500	2.812500
19.437500	2.937500
19.437500	3.062500
19.437500	3.187500
19.437500	3.312500
19.437500	3.437500
19.437500	3.562500
19.437500	3.687500
19.437500	3.812500
19.437500	3.937500
19.437500	4.062500
19.437500	4.187500
19.437500	4.312500
19.437500	4.437500
19.437500	4.562500
19.562500	0.062500
19.562500	0.187500
19.562500	0.312500
19.562500	0.437500
19.562500	0.562500
19.562500	0.687500
19.562500	0.812500
19.562500	0.937500
19.562500	1.062500
19.562500	1.187500
19.562500	1.312500
19.562500	1.437500
19.562500	1.562500
19.562500	1.687500
19.562500	1.812500
19.562500	1.937500
19.562500	2.062500
19.562500	2.187500
19.562500	2.312500
19.562500	2.437500
19.562500	2.562500
19.562500	2.687500
19.562500	2.812500
19.562500	2.937500
19.562500	3.062500
19.562500	3.187500
19.562500	3.312500
19.562500	3.437500
19.562500	3.562500
19.562500	3.687500
19.562500	3.812500
19.562500	3.937500
19.562500	4.062500
19.562500	4.187500
19.562500	4.312500
19.562500	4.437500
19.687500	0.062500
19.687500	0.187500
19.687500	0.312500
19.687500	0.437500
19.687500	0.562500
19.687500	0.687500
19.687500	0.812500
19.687500	0.937500
19.687500	1.062500
19.687500	1.187500
19.687500	1.312500
19.687500	1.437500
19.687500	1.562500
19.687500	1.687500
19.687500	1.812500
19.687500	1.937500
19.687500	2.062500
19.687500	2.187500
19.687500	2.312500
19.687500	2.437500
19.687500	2.562500
19.687500	2.687500
19.687500	2.812500
19.687500	2.937500
19.687500	3.062500
19.687500	3.187500
19.687500	3.312500
19.687500	3.437500
19.687500	3.562500
19.687500	3.687500
19.687500	3.812500
19.687500	3.937500
19.687500	4.062500
19.687500	4.187500
19.687500	4.312500
19.812500	0.062500
19.812500	0.187500
19.812500	0.312500
19.812500	0.437500
19.812500	0.562500
19.812500	0.687500
19.812500	0.812500
19.812500	0.937500
19.812500	1.062500
19.812500	1.187500
19.812500	1.312500
19.812500	1.437500
19.812500	1.562500
19.812500	1.687500
19.812500	1.812500
19.812500	1.937500
19.812500	2.062500
19.812500	2.187500
19.812500	2.312500
19.812500	2.437500
19.812500	2.562500
19.812500	2.687500
19.812500	2.812500
19.812500	2.937500
19.812500	3.062500
19.812500	3.187500
19.812500	3.312500
19.812500	3.437500
19.812500	3.562500
19.812500	3.687500
19.812500	3.812500
19.812500	3.937500
19.812500	4.062500
19.812500	4.187500
19.937500	0.062500
19.937500	0.187500
19.937500	0.312500
19.937500	0.437500
19.937500	0.562500
19.937500	0.687500
19.937500	0.812500
19.937500	0.937500
19.937500	1.062500
19.937500	1.187500
19.937500	1.312500
19.937500	1.437500
19.937500	1.562500
19.937500	1.687500
19.937500	1.812500
19.937500	1.937500
19.937500	2.062500
19.937500	2.187500
19.937500	2.312500
19.937500	2.437500
19.937500	2.562500
19.937500	2.687500
19.937500	2.812500
19.937500	2.937500
19.937500	3.062500
19.937500	3.187500
19.937500	3.312500
19.937500	3.437500
19.937500	3.562500
19.937500	3.687500
19.937500	3.812500
19.937500	3.937500
19.937500	4.062500
20.062500	0.062500
20.062500	0.187500
20.062500	0.312500
20.062500	0.437500
20.062500	0.562500
20.062500	0.687500
20.062500	0.812500
20.062500	0.937500
20.062500	1.062500
20.062500	1.187500
20.062500	1.312500
20.062500	1.437500
20.062500	1.562500
20.062500	1.687500
20.062500	1.812500
20.062500	1.937500
20.062500	2.062500
20.062500	2.187500
20.062500	2.312500
20.062500	2.437500
20.062500	2.562500
20.062500	2.687500
20.062500	2.812500
20.062500	2.937500
20.062500	3.062500
20.062500	3.187500
20.062500	3.312500
20.062500	3.437500
20.062500	3.562500
20.062500	3.687500
20.062500	3.812500
20.062500	3.937500
20.187500	0.062500
20.187500	0.187500
20.187500	0.312500
20.187500	0.437500
20.187500	0.562500
20.187500	0.687500
20.187500	0.812500
20.187500	0.937500
20.187500	1.062500
20.187500	1.187500
20.187500	1.312500
20.187500	1.437500
20.187500	1.562500
20.187500	1.687500
20.187500	1.812500
20.187500	1.937500
20.187500	2.062500
20.187500	2.187500
20.187500	2.312500
20.187500	2.437500
20.187500	2.562500
20.187500	2.687500
20.187500	2.812500
20.187500	2.937500
20.187500	3.062500
20.187500	3.187500
20.187500	3.312500
20.187500	3.437500
20.187500	3.562500
20.187500	3.687500
20.187500	3.812500
20.187500	3.937500
20.312500	0.062500
20.312500	0.187500
20.312500	0.312500
20.312500	0.437500
20.312500	0.562500
20.312500	0.687500
20.312500	0.812500
20.312500	0.937500
20.312500	1.062500
20.312500	1.187500
20.312500	1.312500
20.312500	1.437500
20.312500	1.562500
20.312500	1.687500
20.312500	1.812500
20.312500	1.937500
20.312500	2.062500
20.312500	2.187500
20.312500	2.312500
20.312500	2.437500
20.312500	2.562500
20.312500	2.687500
20.312500	2.812500
20.312500	2.937500
20.312500	3.062500
20.312500	3.187500
20.312500	3.312500
20.312500	3.437500
20.312500	3.562500
20.312500	3.687500
20.312500	3.812500
20.312500	3.937500
20.437500	0.062500
20.437500	0.187500
20.437500	0.312500
20.437500	0.437500
20.437500	0.562500
20.437500	0.687500
20.437500	0.812500
20.437500	0.937500
20.437500	1.062500
20.437500	1.187500
20.437500	1.312500
20.437500	1.437500
20.437500	1.562500
20.437500	1.687500
20.437500	1.812500
20.437500	1.937500
20.437500	2.062500
20.437500	2.187500
20.437500	2.312500
20.437500	2.437500
20.437500	2.562500
20.437500	2.687500
20.437500	2.812500
20.437500	2.937500
20.437500	3.062500
20.437500	3.187500
20.437500	3.312500
20.437500	3.437500
20.437500	3.562500
20.437500	3.687500
20.437500	3.812500
20.437500	3.937500
20.562500	0.062500
20.562500	0.187500
20.562500	0.312500
20.562500	0.437500
20.562500	0.562500
20.562500	0.687500
20.562500	0.812500
20.562500	0.937500
20.562500	1.062500
20.562500	1.187500
20.562500	1.312500
20.562500	1.437500
20.562500	1.562500
20.562500	1.687500
20.562500	1.812500
20.562500	1.937500
20.562500	2.062500
20.562500	2.187500
20.562500	2.312500
20.562500	2.437500
20.562500	2.562500
20.562500	2.687500
20.562500	2.812500
20.562500	2.937500
20.562500	3.062500
20.562500	3.187500
20.562500	3.312500
20.562500	3.437500
20.562500	3.562500
20.562500	3.687500
20.562500	3.812500
20.562500	3.937500
20.687500	0.062500
20.687500	0.187500
20.687500	0.312500
20.687500	0.437500
20.687500	0.562500
20.687500	0.687500
20.687500	0.812500
20.687500	0.937500
20.687500	1.062500
20.687500	1.187500
20.687500	1.312500
20.687500	1.437500
20.687500	1.562500
20.687500	1.687500
20.687500	1.812500
20.687500	1.937500
20.687500	2.062500
20.687500	2.187500
20.687500	2.312500
20.687500	2.437500
20.687500	2.562500
20.687500	2.687500
20.687500	2.812500
20.687500	2.937500
20.687500	3.062500
20.687500	3.187500
20.687500	3.312500
20.687500	3.437500
20.687500	3.562500
20.687500	3.687500
20.687500	3.812500
20.687500	3.937500
20.812500	0.062500
20.812500	0.187500
20.812500	0.312500
20.812500	0.437500
20.812500	0.562500
20.812500	0.687500
20.812500	0.812500
20.812500	0.937500
20.812500	1.062500
20.812500	1.187500
20.812500	1.312500
20.812500	1.437500
20.812500	1.562500
20.812500	1.687500
20.812500	1.812500
20.812500	1.937500
20.812500	2.062500
20.812500	2.187500
20.812500	2.312500
20.812500	2.437500
20.812500	2.562500
20.812500	2.687500
20.812500	2.812500
20.812500	2.937500
20.812500	3.062500
20.812500	3.187500
20.812500	3.312500
20.812500	3.437500
20.812500	3.562500
20.812500	3.687500
20.812500	3.812500
20.812500	3.937500
20.937500	0.062500
20.937500	0.187500
20.937500	0.312500
20.937500	0.437500
20.937500	0.562500
20.937500	0.687500
20.937500	0.812500
20.937500	0.937500
20.937500	1.062500
20.937500	1.187500
20.937500	1.312500
20.937500	1.437500
20.937500	1.562500
20.937500	1.687500
20.937500	1.812500
20.937500	1.937500
20.937500	2.062500
20.937500	2.187500
20.937500	2.312500
20.937500	2.437500
20.937500	2.562500
20.937500	2.687500
20.937500	2.812500
20.937500	2.937500
20.937500	3.062500
20.937500	3.187500
20.937500	3.312500
20.937500	3.437500
20.937500	3.562500
20.937500	3.687500
20.937500	3.812500
20.937500	3.937500
21.062500	0.062500
21.062500	0.187500
21.062500	0.312500
21.062500	0.437500
21.062500	0.562500
21.062500	0.687500
21.062500	0.812500
21.062500	0.937500
21.062500	1.062500
21.062500	1.187500
21.062500	1.312500
21.062500	1.437500
21.062500	1.562500
21.062500	1.687500
21.062500	1.812500
21.062500	1.937500
21.062500	2.062500
21.062500	2.187500
21.062500	2.312500
21.062500	2.437500
21.062500	2.562500
21.062500	2.687500
21.062500	2.812500
21.062500	2.937500
21.062500	3.062500
21.062500	3.187500
21.062500	3.312500
21.062500	3.437500
21.062500	3.562500
21.062500	3.687500
21.062500	3.812500
21.062500	3.937500
21.187500	0.062500
21.187500	0.187500
21.187500	0.312500
21.187500	0.437500
21.187500	0.562500
21.187500	0.687500
21.187500	0.812500
21.187500	0.937500
21.187500	1.062500
21.187500	1.187500
21.187500	1.312500
21.187500	1.437500
21.187500	1.562500
21.187500	1.687500
21.187500	1.812500
21.187500	1.937500
21.187500	2.062500
21.187500	2.187500
21.187500	2.312500
21.187500	2.437500
21.187500	2.562500
21.187500	2.687500
21.187500	2.812500
21.187500	2.937500
21.187500	3.062500
21.187500	3.187500
21.187500	3.312500
21.187500	3.437500
21.187500	3.562500
21.187500	3.687500
21.187500	3.812500
21.187500	3.937500
21.312500	0.062500
21.312500	0.187500
21.312500	0.312500
21.312500	0.437500
21.312500	0.562500
21.312500	0.687500
21.312500	0.812500
21.312500	0.937500
21.312500	1.062500
21.312500	1.187500
21.312500	1.312500
21.312500	1.437500
21.312500	1.562500
21.312500	1.687500
21.312500	1.812500
21.312500	1.937500
21.312500	2.062500
21.312500	2.187500
21.312500	2.312500
21.312500	2.437500
21.312500	2.562500
21.312500	2.687500
21.312500	2.812500
21.312500	2.937500
21.312500	3.062500
21.312500	3.187500
21.312500	3.312500
21.312500	3.437500
21.312500	3.562500
21.312500	3.687500
21.312500	3.812500
21.312500	3.937500
21.437500	0.062500
21.437500	0.187500
21.437500	0.312500
21.437500	0.437500
21.437500	0.562500
21.437500	0.687500
21.437500	0.812500
21.437500	0.937500
21.437500	1.062500
21.437500	1.187500
21.437500	1.312500
21.437500	1.437500
21.437500	1.562500
21.437500	1.687500
21.437500	1.812500
21.437500	1.937500
21.437500	2.062500
21.437500	2.187500
21.437500	2.312500
21.437500	2.437500
21.437500	2.562500
21.437500	2.687500
21.437500	2.812500
21.437500	2.937500
21.437500	3.062500
21.437500	3.187500
21.437500	3.312500
21.437500	3.437500
21.437500	3.562500
21.437500	3.687500
21.437500	3.812500
21.437500	3.937500
21.562500	0.062500
21.562500	0.187500
21.562500	0.312500
21.562500	0.437500
21.562500	0.562500
21.562500	0.687500
21.562500	0.812500
21.562500	0.937500
21.562500	1.062500
21.562500	1.187500
21.562500	1.312500
21.562500	1.437500
21.562500	1.562500
21.562500	1.687500
21.562500	1.812500
21.562500	1.937500
21.562500	2.062500
21.562500	2.187500
21.562500	2.312500
21.562500	2.437500
21.562500	2.562500
21.562500	2.687500
21.562500	2.812500
21.562500	2.937500
21.562500	3.062500
21.562500	3.187500
21.562500	3.312500
21.562500	3.437500
21.562500	3.562500
21.562500	3.687500
21.562500	3.812500
21.562500	3.937500
21.687500	0.062500
21.687500	0.187500
21.687500	0.312500
21.687500	0.437500
21.687500	0.562500
21.687500	0.687500
21.687500	0.812500
21.687500	0.937500
21.687500	1.062500
21.687500	1.187500
21.687500	1.312500
21.687500	1.437500
21.687500	1.562500
21.687500	1.687500
21.687500	1.812500
21.687500	1.937500
21.687500	2.062500
21.687500	2.187500
21.687500	2.312500
21.687500	2.437500
21.687500	2.562500
21.687500	2.687500
21.687500	2.812500
21.687500	2.937500
21.687500	3.062500
21.687500	3.187500
21.687500	3.312500
21.687500	3.437500
21.687500	3.562500
21.687500	3.687500
21.687500	3.812500
21.687500	3.937500
21.812500	0.062500
21.812500	0.187500
21.812500	0.312500
21.812500	0.437500
21.812500	0.562500
21.812500	0.687500
21.812500	0.812500
21.812500	0.937500
21.812500	1.062500
21.812500	1.187500
21.812500	1.312500
21.812500	1.437500
21.812500	1.562500
21.812500	1.687500
21.812500	1.812500
21.812500	1.937500
21.812500	2.062500
21.812500	2.187500
21.812500	2.312500
21.812500	2.437500
21.812500	2.562500
21.812500	2.687500
21.812500	2.812500
21.812500	2.937500
21.812500	3.062500
21.812500	3.187500
21.812500	3.312500
21.812500	3.437500
21.812500	3.562500
21.812500	3.687500
21.812500	3.812500
21.812500	3.937500
21.937500	0.062500
21.937500	0.187500
21.937500	0.312500
21.937500	0.437500
21.937500	0.562500
21.937500	0.687500
21.937500	0.812500
21.937500	0.937500
21.937500	1.062500
21.937500	1.187500
21.937500	1.312500
21.937500	1.437500
21.937500	1.562500
21.937500	1.687500
21.937500	1.812500
21.937500	1.937500
21.937500	2.062500
21.937500	2.187500
21.937500	2.312500
21.937500	2.437500
21.937500	2.562500
21.937500	2.687500
21.937500	2.812500
21.937500	2.937500
21.937500	3.062500
21.937500	3.187500
21.937500	3.312500
21.937500	3.437500
21.937500	3.562500
21.937500	3.687500
21.937500	3.812500
21.937500	3.937500
22.062500	0.062500
22.062500	0.187500
22.062500	0.312500
22.062500	0.437500
22.062500	0.562500
22.062500	0.687500
22.062500	0.812500
22.062500	0.937500
22.062500	1.062500
22.062500	1.187500
22.062500	1.312500
22.062500	1.437500
22.062500	1.562500
22.062500	1.687500
22.062500	1.812500
22.062500	1.937500
22.062500	2.062500
22.062500	2.187500
22.062500	2.312500
22.062500	2.437500
22.062500	2.562500
22.062500	2.687500
22.062500	2.812500
22.062500	2.937500
22.062500	3.062500
22.062500	3.187500
22.062500	3.312500
22.062500	3.437500
22.062500	3.562500
22.062500	3.687500
22.062500	3.812500
22.062500	3.937500
22.187500	0.062500
22.187500	0.187500
22.187500	0.312500
22.187500	0.437500
22.187500	0.562500
22.187500	0.687500
22.187500	0.812500
22.187500	0.937500
22.187500	1.062500
22.187500	1.187500
22.187500	1.312500
22.187500	1.437500
22.187500	1.562500
22.187500	1.687500
22.187500	1.812500
22.187500	1.937500
22.187500	2.062500
22.187500	2.187500
22.187500	2.312500
22.187500	2.437500
22.187500	2.562500
22.187500	2.687500
22.187500	2.812500
22.187500	2.937500
22.187500	3.062500
22.187500	3.187500
22.187500	3.312500
22.187500	3.437500
22.187500	3.562500
22.187500	3.687500
22.187500	3.812500
22.187500	3.937500
22.312500	0.062500
22.312500	0.187500
22.312500	0.312500
22.312500	0.437500
22.312500	0.562500
22.312500	0.687500
22.312500	0.812500
22.312500	0.937500
22.312500	1.062500
22.312500	1.187500
22.312500	1.312500
22.312500	1.437500
22.312500	1.562500
22.312500	1.687500
22.312500	1.812500
22.312500	1.937500
22.312500	2.062500
22.312500	2.187500
22.312500	2.312500
22.312500	2.437500
22.312500	2.562500
22.312500	2.687500
22.312500	2.812500
22.312500	2.937500
22.312500	3.062500
22.312500	3.187500
22.312500	3.312500
22.312500	3.437500
22.312500	3.562500
22.312500	3.687500
22.312500	3.812500
22.312500	3.937500
22.437500	0.062500
22.437500	0.187500
22.437500	0.312500
22.437500	0.437500
22.437500	0.562500
22.437500	0.687500
22.437500	0.812500
22.437500	0.937500
22.437500	1.062500
22.437500	1.187500
22.437500	1.312500
22.437500	1.437500
22.437500	1.562500
22.437500	1.687500
22.437500	1.812500
22.437500	1.937500
22.437500	2.062500
22.437500	2.187500
22.437500	2.312500
22.437500	2.437500
22.437500	2.562500
22.437500	2.687500
22.437500	2.812500
22.437500	2.937500
22.437500	3.062500
22.437500	3.187500
22.437500	3.312500
22.437500	3.437500
22.437500	3.562500
22.437500	3.687500
22.437500	3.812500
22.437500	3.937500
22.562500	0.062500
22.562500	0.187500
22.562500	0.312500
22.562500	0.437500
22.562500	0.562500
22.562500	0.687500
22.562500	0.812500
22.562500	0.937500
22.562500	1.062500
22.562500	1.187500
22.562500	1.312500
22.562500	1.437500
22.562500	1.562500
22.562500	1.687500
22.562500	1.812500
22.562500	1.937500
22.562500	2.062500
22.562500	2.187500
22.562500	2.312500
22.562500	2.437500
22.562500	2.562500
22.562500	2.687500
22.562500	2.812500
22.562500	2.937500
22.562500	3.062500
22.562500	3.187500
22.562500	3.312500
22.562500	3.437500
22.562500	3.562500
22.562500	3.687500
22.562500	3.812500
22.562500	3.937500
22.687500	0.062500
22.687500	0.187500
22.687500	0.312500
22.687500	0.437500
22.687500	0.562500
22.687500	0.687500
22.687500	0.812500
22.687500	0.937500
22.687500	1.062500
22.687500	1.187500
22.687500	1.312500
22.687500	1.437500
22.687500	1.562500
22.687500	1.687500
22.687500	1.812500
22.687500	1.937500
22.687500	2.062500
22.687500	2.187500
22.687500	2.312500
22.687500	2.437500
22.687500	2.562500
22.687500	2.687500
22.687500	2.812500
22.687500	2.937500
22.687500	3.062500
22.687500	3.187500
22.687500	3.312500
22.687500	3.437500
22.687500	3.562500
22.687500	3.687500
22.687500	3.812500
22.687500	3.937500
22.812500	0.062500
22.812500	0.187500
22.812500	0.312500
22.812500	0.437500
22.812500	0.562500
22.812500	0.687500
22.812500	0.812500
22.812500	0.937500
22.812500	1.062500
22.812500	1.187500
22.812500	1.312500
22.812500	1.437500
22.812500	1.562500
22.812500	1.687500
22.812500	1.812500
22.812500	1.937500
22.812500	2.062500
22.812500	2.187500
22.812500	2.312500
22.812500	2.437500
22.812500	2.562500
22.812500	2.687500
22.812500	2.812500
22.812500	2.937500
22.812500	3.062500
22.812500	3.187500
22.812500	3.312500
22.812500	3.437500
22.812500	3.562500
22.812500	3.687500
22.812500	3.812500
22.812500	3.937500
22.937500	0.062500
22.937500	0.187500
22.937500	0.312500
22.937500	0.437500
22.937500	0.562500
22.937500	0.687500
22.937500	0.812500
22.937500	0.937500
22.937500	1.062500
22.937500	1.187500
22.937500	1.312500
22.937500	1.437500
22.937500	1.562500
22.937500	1.687500
22.937500	1.812500
22.937500	1.937500
22.937500	2.062500
22.937500	2.187500
22.937500	2.312500
22.937500	2.437500
22.937500	2.562500
22.937500	2.687500
22.937500	2.812500
22.937500	2.937500
22.937500	3.062500
22.937500	3.187500
22.937500	3.312500
22.937500	3.437500
22.937500	3.562500
22.937500	3.687500
22.937500	3.812500
22.937500	3.937500
23.062500	0.062500
23.062500	0.187500
23.062500	0.312500
23.062500	0.437500
23.062500	0.562500
23.062500	0.687500
23.062500	0.812500
23.062500	0.937500
23.062500	1.062500
23.062500	1.187500
23.062500	1.312500
23.062500	1.437500
23.062500	1.562500
23.062500	1.687500
23.062500	1.812500
23.062500	1.937500
23.062500	2.062500
23.062500	2.187500
23.062500	2.312500
23.062500	2.437500
23.062500	2.562500
23.062500	2.687500
23.062500	2.812500
23.062500	2.937500
23.062500	3.062500
23.062500	3.187500
23.062500	3.312500
23.062500	3.437500
23.062500	3.562500
23.062500	3.687500
23.062500	3.812500
23.062500	3.937500
23.187500	0.062500
23.187500	0.187500
23.187500	0.312500
23.187500	0.437500
23.187500	0.562500
23.187500	0.687500
23.187500	0.812500
23.187500	0.937500
23.187500	1.062500
23.187500	1.187500
23.187500	1.312500
23.187500	1.437500
23.187500	1.562500
23.187500	1.687500
23.187500	1.812500
23.187500	1.937500
23.187500	2.062500
23.187500	2.187500
23.187500	2.312500
23.187500	2.437500
23.187500	2.562500
23.187500	2.687500
23.187500	2.812500
23.187500	2.937500
23.187500	3.062500
23.187500	3.187500
23.187500	3.312500
23.187500	3.437500
23.187500	3.562500
23.187500	3.687500
23.187500	3.812500
23.187500	3.937500
23.312500	0.062500
23.312500	0.187500
23.312500	0.312500
23.312500	0.437500
23.312500	0.562500
23.312500	0.687500
23.312500	0.812500
23.312500	0.937500
23.312500	1.062500
23.312500	1.187500
23.312500	1.312500
23.312500	1.437500
23.312500	1.562500
23.312500	1.687500
23.312500	1.812500
23.312500	1.937500
23.312500	2.062500
23.312500	2.187500
23.312500	2.312500
23.312500	2.437500
23.312500	2.562500
23.312500	2.687500
23.312500	2.812500
23.312500	2.937500
23.312500	3.062500
23.312500	3.187500
23.312500	3.312500
23.312500	3.437500
23.312500	3.562500
23.312500	3.687500
23.312500	3.812500
23.312500	3.937500
23.437500	0.062500
23.437500	0.187500
23.437500	0.312500
23.437500	0.437500
23.437500	0.562500
23.437500	0.687500
23.437500	0.812500
23.437500	0.937500
23.437500	1.062500
23.437500	1.187500
23.437500	1.312500
23.437500	1.437500
23.437500	1.562500
23.437500	1.687500
23.437500	1.812500
23.437500	1.937500
23.437500	2.062500
23.437500	2.187500
23.437500	2.312500
23.437500	2.437500
23.437500	2.562500
23.437500	2.687500
23.437500	2.812500
23.437500	2.937500
23.437500	3.062500
23.437500	3.187500
23.437500	3.312500
23.437500	3.437500
23.437500	3.562500
23.437500	3.687500
23.437500	3.812500
23.437500	3.937500
23.562500	0.062500
23.562500	0.187500
23.562500	0.312500
23.562500	0.437500
23.562500	0.562500
23.562500	0.687500
23.562500	0.812500
23.562500	0.937500
23.562500	1.062500
23.562500	1.187500
23.562500	1.312500
23.562500	1.437500
23.562500	1.562500
23.562500	1.687500
23.562500	1.812500
23.562500	1.937500
23.562500	2.062500
23.562500	2.187500
23.562500	2.312500
23.562500	2.437500
23.562500	2.562500
23.562500	2.687500
23.562500	2.812500
23.562500	2.937500
23.562500	3.062500
23.562500	3.187500
23.562500	3.312500
23.562500	3.437500
23.562500	3.562500
23.562500	3.687500
23.562500	3.812500
23.562500	3.937500
23.687500	0.062500
23.687500	0.187500
23.687500	0.312500
23.687500	0.437500
23.687500	0.562500
23.687500	0.687500
23.687500	0.812500
23.687500	0.937500
23.687500	1.062500
23.687500	1.187500
23.687500	1.312500
23.687500	1.437500
23.687500	1.562500
23.687500	1.687500
23.687500	1.812500
23.687500	1.937500
23.687500	2.062500
23.687500	2.187500
23.687500	2.312500
23.687500	2.437500
23.687500	2.562500
23.687500	2.687500
23.687500	2.812500
23.687500	2.937500
23.687500	3.062500
23.687500	3.187500
23.687500	3.312500
23.687500	3.437500
23.687500	3.562500
23.687500	3.687500
23.687500	3.812500
23.687500	3.937500
23.812500	0.062500
23.812500	0.187500
23.812500	0.312500
23.812500	0.437500
23.812500	0.562500
23.812500	0.687500
23.812500	0.812500
23.812500	0.937500
23.812500	1.062500
23.812500	1.187500
23.812500	1.312500
23.812500	1.437500
23.812500	1.562500
23.812500	1.687500
23.812500	1.812500
23.812500	1.937500
23.812500	2.062500
23.812500	2.187500
23.812500	2.312500
23.812500	2.437500
23.812500	2.562500
23.812500	2.687500
23.812500	2.812500
23.812500	2.937500
23.812500	3.062500
23.812500	3.187500
23.812500	3.312500
23.812500	3.437500
23.812500	3.562500
23.812500	3.687500
23.812500	3.812500
23.812500	3.937500
23.937500	0.062500
23.937500	0.187500
23.937500	0.312500
23.937500	0.437500
23.937500	0.562500
23.937500	0.687500
23.937500	0.812500
23.937500	0.937500
23.937500	1.062500
23.937500	1.187500
23.937500	1.312500
23.937500	1.437500
23.937500	1.562500
23.937500	1.687500
23.937500	1.812500
23.937500	1.937500
23.937500	2.062500
23.937500	2.187500
23.937500	2.312500
23.937500	2.437500
23.937500	2.562500
23.937500	2.687500
23.937500	2.812500
23.937500	2.937500
23.937500	3.062500
23.937500	3.187500
23.937500	3.312500
23.937500	3.437500
23.937500	3.562500
23.937500	3.687500
23.937500	3.812500
23.937500	3.937500
24.062500	0.062500
24.062500	0.187500
24.062500	0.312500
24.062500	0.437500
24.062500	0.562500
24.062500	0.687500
24.062500	0.812500
24.062500	0.937500
24.062500	1.062500
24.062500	1.187500
24.062500	1.312500
24.062500	1.437500
24.062500	1.562500
24.062500	1.687500
24.062500	1.812500
24.062500	1.937500
24.062500	2.062500
24.062500	2.187500
24.062500	2.312500
24.062500	2.437500
24.062500	2.562500
24.062500	2.687500
24.062500	2.812500
24.062500	2.937500
24.062500	3.062500
24.062500	3.187500
24.062500	3.312500
24.062500	3.437500
24.062500	3.562500
24.062500	3.687500
24.062500	3.812500
24.062500	3.937500
24.187500	0.062500
24.187500	0.187500
24.187500	0.312500
24.187500	0.437500
24.187500	0.562500
24.187500	0.687500
24.187500	0.812500
24.187500	0.937500
24.187500	1.062500
24.187500	1.187500
24.187500	1.312500
24.187500	1.437500
24.187500	1.562500
24.187500	1.687500
24.187500	1.812500
24.187500	1.937500
24.187500	2.062500
24.187500	2.187500
24.187500	2.312500
24.187500	2.437500
24.187500	2.562500
24.187500	2.687500
24.187500	2.812500
24.187500	2.937500
24.187500	3.062500
24.187500	3.187500
24.187500	3.312500
24.187500	3.437500
24.187500	3.562500
24.187500	3.687500
24.187500	3.812500
24.187500	3.937500
24.312500	0.062500
24.312500	0.187500
24.312500	0.312500
24.312500	0.437500
24.312500	0.562500
24.312500	0.687500
24.312500	0.812500
24.312500	0.937500
24.312500	1.062500
24.312500	1.187500
24.312500	1.312500
24.312500	1.437500
24.312500	1.562500
24.312500	1.687500
24.312500	1.812500
24.312500	1.937500
24.312500	2.062500
24.312500	2.187500
24.312500	2.312500
24.312500	2.437500
24.312500	2.562500
24.312500	2.687500
24.312500	2.812500
24.312500	2.937500
24.312500	3.062500
24.312500	3.187500
24.312500	3.312500
24.312500	3.437500
24.312500	3.562500
24.312500	3.687500
24.312500	3.812500
24.312500	3.937500
24.437500	0.062500
24.437500	0.187500
24.437500	0.312500
24.437500	0.437500
24.437500	0.562500
24.437500	0.687500
24.437500	0.812500
24.437500	0.937500
24.437500	1.062500
24.437500	1.187500
24.437500	1.312500
24.437500	1.437500
24.437500	1.562500
24.437500	1.687500
24.437500	1.812500
24.437500	1.937500
24.437500	2.062500
24.437500	2.187500
24.437500	2.312500
24.437500	2.437500
24.437500	2.562500
24.437500	2.687500
24.437500	2.812500
24.437500	2.937500
24.437500	3.062500
24.437500	3.187500
24.437500	3.312500
24.437500	3.437500
24.437500	3.562500
24.437500	3.687500
24.437500	3.812500
24.437500	3.937500
24.562500	0.062500
24.562500	0.187500
24.562500	0.312500
24.562500	0.437500
24.562500	0.562500
24.562500	0.687500
24.562500	0.812500
24.562500	0.937500
24.562500	1.062500
24.562500	1.187500
24.562500	1.312500
24.562500	1.437500
24.562500	1.562500
24.562500	1.687500
24.562500	1.812500
24.562500	1.937500
24.562500	2.062500
24.562500	2.187500
24.562500	2.312500
24.562500	2.437500
24.562500	2.562500
24.562500	2.687500
24.562500	2.812500
24.562500	2.937500
24.562500	3.062500
24.562500	3.187500
24.562500	3.312500
24.562500	3.437500
24.562500	3.562500
24.562500	3.687500
24.562500	3.812500
24.562500	3.937500
24.687500	0.062500
24.687500	0.187500
24.687500	0.312500
24.687500	0.437500
24.687500	0.562500
24.687500	0.687500
24.687500	0.812500
24.687500	0.937500
24.687500	1.062500
24.687500	1.187500
24.687500	1.312500
24.687500	1.437500
24.687500	1.562500
24.687500	1.687500
24.687500	1.812500
24.687500	1.937500
24.687500	2.062500
24.687500	2.187500
24.687500	2.312500
24.687500	2.437500
24.687500	2.562500
24.687500	2.687500
24.687500	2.812500
24.687500	2.937500
24.687500	3.062500
24.687500	3.187500
24.687500	3.312500
24.687500	3.437500
24.687500	3.562500
24.687500	3.687500
24.687500	3.812500
24.687500	3.937500
24.812500	0.062500
24.812500	0.187500
24.812500	0.312500
24.812500	0.437500
24.812500	0.562500
24.812500	0.687500
24.812500	0.812500
24.812500	0.937500
24.812500	1.062500
24.812500	1.187500
24.812500	1.312500
24.812500	1.437500
24.812500	1.562500
24.812500	1.687500
24.812500	1.812500
24.812500	1.937500
24.812500	2.062500
24.812500	2.187500
24.812500	2.312500
24.812500	2.437500
24.812500	2.562500
24.812500	2.687500
24.812500	2.812500
24.812500	2.937500
24.812500	3.062500
24.812500	3.187500
24.812500	3.312500
24.812500	3.437500
24.812500	3.562500
24.812500	3.687500
24.812500	3.812500
24.812500	3.937500
24.937500	0.062500
24.937500	0.187500
24.937500	0.312500
24.937500	0.437500
24.937500	0.562500
24.937500	0.687500
24.937500	0.812500
24.937500	0.937500
24.937500	1.062500
24.937500	1.187500
24.937500	1.312500
24.937500	1.437500
24.937500	1.562500
24.937500	1.687500
24.937500	1.812500
24.937500	1.937500
24.937500	2.062500
24.937500	2.187500
24.937500	2.312500
24.937500	2.437500
24.937500	2.562500
24.937500	2.687500
24.937500	2.812500
24.937500	2.937500
24.937500	3.062500
24.937500	3.187500
24.937500	3.312500
24.937500	3.437500
24.937500	3.562500
24.937500	3.687500
24.937500	3.812500
24.937500	3.937500
25.062500	0.062500
25.062500	0.187500
25.062500	0.312500
25.062500	0.437500
25.062500	0.562500
25.062500	0.687500
25.062500	0.812500
25.062500	0.937500
25.062500	1.062500
25.062500	1.187500
25.062500	1.312500
25.062500	1.437500
25.062500	1.562500
25.062500	1.687500
25.062500	1.812500
25.062500	1.937500
25.062500	2.062500
25.062500	2.187500
25.062500	2.312500
25.062500	2.437500
25.062500	2.562500
25.062500	2.687500
25.062500	2.812500
25.062500	2.937500
25.062500	3.062500
25.062500	3.187500
25.062500	3.312500
25.062500	3.437500
25.062500	3.562500
25.062500	3.687500
25.062500	3.812500
25.062500	3.937500
25.187500	0.062500
25.187500	0.187500
25.187500	0.312500
25.187500	0.437500
25.187500	0.562500
25.187500	0.687500
25.187500	0.812500
25.187500	0.937500
25.187500	1.062500
25.187500	1.187500
25.187500	1.312500
25.187500	1.437500
25.187500	1.562500
25.187500	1.687500
25.187500	1.812500
25.187500	1.937500
25.187500	2.062500
25.187500	2.187500
25.187500	2.312500
25.187500	2.437500
25.187500	2.562500
25.187500	2.687500
25.187500	2.812500
25.187500	2.937500
25.187500	3.062500
25.187500	3.187500
25.187500	3.312500
25.187500	3.437500
25.187500	3.562500
25.187500	3.687500
25.187500	3.812500
25.187500	3.937500
25.312500	0.062500
25.312500	0.187500
25.312500	0.312500
25.312500	0.437500
25.312500	0.562500
25.312500	0.687500
25.312500	0.812500
25.312500	0.937500
25.312500	1.062500
25.312500	1.187500
25.312500	1.312500
25.312500	1.437500
25.312500	1.562500
25.312500	1.687500
25.312500	1.812500
25.312500	1.937500
25.312500	2.062500
25.312500	2.187500
25.312500	2.312500
25.312500	2.437500
25.312500	2.562500
25.312500	2.687500
25.312500	2.812500
25.312500	2.937500
25.312500	3.062500
25.312500	3.187500
25.312500	3.312500
25.312500	3.437500
25.312500	3.562500
25.312500	3.687500
25.312500	3.812500
25.312500	3.937500
25.437500	0.062500
25.437500	0.187500
25.437500	0.312500
25.437500	0.437500
25.437500	0.562500
25.437500	0.687500
25.437500	0.812500
25.437500	0.937500
25.437500	1.062500
25.437500	1.187500
25.437500	1.312500
25.437500	1.437500
25.437500	1.562500
25.437500	1.687500
25.437500	1.812500
25.437500	1.937500
25.437500	2.062500
25.437500	2.187500
25.437500	2.312500
25.437500	2.437500
25.437500	2.562500
25.437500	2.687500
25.437500	2.812500
25.437500	2.937500
25.437500	3.062500
25.437500	3.187500
25.437500	3.312500
25.437500	3.437500
25.437500	3.562500
25.437500	3.687500
25.437500	3.812500
25.437500	3.937500
25.562500	0.062500
25.562500	0.187500
25.562500	0.312500
25.562500	0.437500
25.562500	0.562500
25.562500	0.687500
25.562500	0.812500
25.562500	0.937500
25.562500	1.062500
25.562500	1.187500
25.562500	1.312500
25.562500	1.437500
25.562500	1.562500
25.562500	1.687500
25.562500	1.812500
25.562500	1.937500
25.562500	2.062500
25.562500	2.187500
25.562500	2.312500
25.562500	2.437500
25.562500	2.562500
25.562500	2.687500
25.562500	2.812500
25.562500	2.937500
25.562500	3.062500
25.562500	3.187500
25.562500	3.312500
25.562500	3.437500
25.562500	3.562500
25.562500	3.687500
25.562500	3.812500
25.562500	3.937500
25.687500	0.062500
25.687500	0.187500
25.687500	0.312500
25.687500	0.437500
25.687500	0.562500
25.687500	0.687500
25.687500	0.812500
25.687500	0.937500
25.687500	1.062500
25.687500	1.187500
25.687500	1.312500
25.687500	1.437500
25.687500	1.562500
25.687500	1.687500
25.687500	1.812500
25.687500	1.937500
25.687500	2.062500
25.687500	2.187500
25.687500	2.312500
25.687500	2.437500
25.687500	2.562500
25.687500	2.687500
25.687500	2.812500
25.687500	2.937500
25.687500	3.062500
25.687500	3.187500
25.687500	3.312500
25.687500	3.437500
25.687500	3.562500
25.687500	3.687500
25.687500	3.812500
25.687500	3.937500
25.812500	0.062500
25.812500	0.187500
25.812500	0.312500
25.812500	0.437500
25.812500	0.562500
25.812500	0.687500
25.812500	0.812500
25.812500	0.937500
25.812500	1.062500
25.812500	1.187500
25.812500	1.312500
25.812500	1.437500
25.812500	1.562500
25.812500	1.687500
25.812500	1.812500
25.812500	1.937500
25.812500	2.062500
25.812500	2.187500
25.812500	2.312500
25.812500	2.437500
25.812500	2.562500
25.812500	2.687500
25.812500	2.812500
25.812500	2.937500
25.812500	3.062500
25.812500	3.187500
25.812500	3.312500
25.812500	3.437500
25.812500	3.562500
25.812500	3.687500
25.812500	3.812500
25.812500	3.937500
25.937500	0.062500
25.937500	0.187500
25.937500	0.312500
25.937500	0.437500
25.937500	0.562500
25.937500	0.687500
25.937500	0.812500
25.937500	0.937500
25.937500	1.062500
25.937500	1.187500
25.937500	1.312500
25.937500	1.437500
25.937500	1.562500
25.937500	1.687500
25.937500	1.812500
25.937500	1.937500
25.937500	2.062500
25.937500	2.187500
25.937500	2.312500
25.937500	2.437500
25.937500	2.562500
25.937500	2.687500
25.937500	2.812500
25.937500	2.937500
25.937500	3.062500
25.937500	3.187500
25.937500	3.312500
25.937500	3.437500
25.937500	3.562500
25.937500	3.687500
25.937500	3.812500
25.937500	3.937500
26.062500	0.062500
26.062500	0.187500
26.062500	0.312500
26.062500	0.437500
26.062500	0.562500
26.062500	0.687500
26.062500	0.812500
26.062500	0.937500
26.062500	1.062500
26.062500	1.187500
26.062500	1.312500
26.062500	1.437500
26.062500	1.562500
26.062500	1.687500
26.062500	1.812500
26.062500	1.937500
26.062500	2.062500
26.062500	2.187500
26.062500	2.312500
26.062500	2.437500
26.062500	2.562500
26.062500	2.687500
26.062500	2.812500
26.062500	2.937500
26.062500	3.062500
26.062500	3.187500
26.062500	3.312500
26.062500	3.437500
26.062500	3.562500
26.062500	3.687500
26.062500	3.812500
26.062500	3.937500
26.187500	0.062500
26.187500	0.187500
26.187500	0.312500
26.187500	0.437500
26.187500	0.562500
26.187500	0.687500
26.187500	0.812500
26.187500	0.937500
26.187500	1.062500
26.187500	1.187500
26.187500	1.312500
26.187500	1.437500
26.187500	1.562500
26.187500	1.687500
26.187500	1.812500
26.187500	1.937500
26.187500	2.062500
26.187500	2.187500
26.187500	2.312500
26.187500	2.437500
26.187500	2.562500
26.187500	2.687500
26.187500	2.812500
26.187500	2.937500
26.187500	3.062500
26.187500	3.187500
26.187500	3.312500
26.187500	3.437500
26.187500	3.562500
26.187500	3.687500
26.187500	3.812500
26.187500	3.937500
26.312500	0.062500
26.312500	0.187500
26.312500	0.312500
26.312500	0.437500
26.312500	0.562500
26.312500	0.687500
26.312500	0.812500
26.312500	0.937500
26.312500	1.062500
26.312500	1.187500
26.312500	1.312500
26.312500	1.437500
26.312500	1.562500
26.312500	1.687500
26.312500	1.812500
26.312500	1.937500
26.312500	2.062500
26.312500	2.187500
26.312500	2.312500
26.312500	2.437500
26.312500	2.562500
26.312500	2.687500
26.312500	2.812500
26.312500	2.937500
26.312500	3.062500
26.312500	3.187500
26.312500	3.312500
26.312500	3.437500
26.312500	3.562500
26.312500	3.687500
26.312500	3.812500
26.312500	3.937500
26.437500	0.062500
26.437500	0.187500
26.437500	0.312500
26.437500	0.437500
26.437500	0.562500
26.437500	0.687500
26.437500	0.812500
26.437500	0.937500
26.437500	1.062500
26.437500	1.187500
26.437500	1.312500
26.437500	1.437500
26.437500	1.562500
26.437500	1.687500
26.437500	1.812500
26.437500	1.937500
26.437500	2.062500
26.437500	2.187500
26.437500	2.312500
26.437500	2.437500
26.437500	2.562500
26.437500	2.687500
26.437500	2.812500
26.437500	2.937500
26.437500	3.062500
26.437500	3.187500
26.437500	3.312500
26.437500	3.437500
26.437500	3.562500
26.437500	3.687500
26.437500	3.812500
26.437500	3.937500
26.562500	0.062500
26.562500	0.187500
26.562500	0.312500
26.562500	0.437500
26.562500	0.562500
26.562500	0.687500
26.562500	0.812500
26.562500	0.937500
26.562500	1.062500
26.562500	1.187500
26.562500	1.312500
26.562500	1.437500
26.562500	1.562500
26.562500	1.687500
26.562500	1.812500
26.562500	1.937500
26.562500	2.062500
26.562500	2.187500
26.562500	2.312500
26.562500	2.437500
26.562500	2.562500
26.562500	2.687500
26.562500	2.812500
26.562500	2.937500
26.562500	3.062500
26.562500	3.187500
26.562500	3.312500
26.562500	3.437500
26.562500	3.562500
26.562500	3.687500
26.562500	3.812500
26.562500	3.937500
26.687500	0.062500
26.687500	0.187500
26.687500	0.312500
26.687500	0.437500
26.687500	0.562500
26.687500	0.687500
26.687500	0.812500
26.687500	0.937500
26.687500	1.062500
26.687500	1.187500
26.687500	1.312500
26.687500	1.437500
26.687500	1.562500
26.687500	1.687500
26.687500	1.812500
26.687500	1.937500
26.687500	2.062500
26.687500	2.187500
26.687500	2.312500
26.687500	2.437500
26.687500	2.562500
26.687500	2.687500
26.687500	2.812500
26.687500	2.937500
26.687500	3.062500
26.687500	3.187500
26.687500	3.312500
26.687500	3.437500
26.687500	3.562500
26.687500	3.687500
26.687500	3.812500
26.687500	3.937500
26.812500	0.062500
26.812500	0.187500
26.812500	0.312500
26.812500	0.437500
26.812500	0.562500
26.812500	0.687500
26.812500	0.812500
26.812500	0.937500
26.812500	1.062500
26.812500	1.187500
26.812500	1.312500
26.812500	1.437500
26.812500	1.562500
26.812500	1.687500
26.812500	1.812500
26.812500	1.937500
26.812500	2.062500
26.812500	2.187500
26.812500	2.312500
26.812500	2.437500
26.812500	2.562500
26.812500	2.687500
26.812500	2.812500
26.812500	2.937500
26.812500	3.062500
26.812500	3.187500
26.812500	3.312500
26.812500	3.437500
26.812500	3.562500
26.812500	3.687500
26.812500	3.812500
26.812500	3.937500
26.937500	0.062500
26.937500	0.187500
26.937500	0.312500
26.937500	0.437500
26.937500	0.562500
26.937500	0.687500
26.937500	0.812500
26.937500	0.937500
26.937500	1.062500
26.937500	1.187500
26.937500	1.312500
26.937500	1.437500
26.937500	1.562500
26.937500	1.687500
26.937500	1.812500
26.937500	1.937500
26.937500	2.062500
26.937500	2.187500
26.937500	2.312500
26.937500	2.437500
26.937500	2.562500
26.937500	2.687500
26.937500	2.812500
26.937500	2.937500
26.937500	3.062500
26.937500	3.187500
26.937500	3.312500
26.937500	3.437500
26.937500	3.562500
26.937500	3.687500
26.937500	3.812500
26.937500	3.937500
27.062500	0.062500
27.062500	0.187500
27.062500	0.312500
27.062500	0.437500
27.062500	0.562500
27.062500	0.687500
27.062500	0.812500
27.062500	0.937500
27.062500	1.062500
27.062500	1.187500
27.062500	1.312500
27.062500	1.437500
27.062500	1.562500
27.062500	1.687500
27.062500	1.812500
27.062500	1.937500
27.062500	2.062500
27.062500	2.187500
27.062500	2.312500
27.062500	2.437500
27.062500	2.562500
27.062500	2.687500
27.062500	2.812500
27.062500	2.937500
27.062500	3.062500
27.062500	3.187500
27.062500	3.312500
27.062500	3.437500
27.062500	3.562500
27.062500	3.687500
27.062500	3.812500
27.062500	3.937500
27.187500	0.062500
27.187500	0.187500
27.187500	0.312500
27.187500	0.437500
27.187500	0.562500
27.187500	0.687500
27.187500	0.812500
27.187500	0.937500
27.187500	1.062500
27.187500	1.187500
27.187500	1.312500
27.187500	1.437500
27.187500	1.562500
27.187500	1.687500
27.187500	1.812500
27.187500	1.937500
27.187500	2.062500
27.187500	2.187500
27.187500	2.312500
27.187500	2.437500
27.187500	2.562500
27.187500	2.687500
27.187500	2.812500
27.187500	2.937500
27.187500	3.062500
27.187500	3.187500
27.187500	3.312500
27.187500	3.437500
27.187500	3.562500
27.187500	3.687500
27.187500	3.812500
27.187500	3.937500
27.312500	0.062500
27.312500	0.187500
27.312500	0.312500
27.312500	0.437500
27.312500	0.562500
27.312500	0.687500
27.312500	0.812500
27.312500	0.937500
27.312500	1.062500
27.312500	1.187500
27.312500	1.312500
27.312500	1.437500
27.312500	1.562500
27.312500	1.687500
27.312500	1.812500
27.312500	1.937500
27.312500	2.062500
27.312500	2.187500
27.312500	2.312500
27.312500	2.437500
27.312500	2.562500
27.312500	2.687500
27.312500	2.812500
27.312500	2.937500
27.312500	3.062500
27.312500	3.187500
27.312500	3.312500
27.312500	3.437500
27.312500	3.562500
27.312500	3.687500
27.312500	3.812500
27.312500	3.937500
27.437500	0.062500
27.437500	0.187500
27.437500	0.312500
27.437500	0.437500
27.437500	0.562500
27.437500	0.687500
27.437500	0.812500
27.437500	0.937500
27.437500	1.062500
27.437500	1.187500
27.437500	1.312500
27.437500	1.437500
27.437500	1.562500
27.437500	1.687500
27.437500	1.812500
27.437500	1.937500
27.437500	2.062500
27.437500	2.187500
27.437500	2.312500
27.437500	2.437500
27.437500	2.562500
27.437500	2.687500
27.437500	2.812500
27.437500	2.937500
27.437500	3.062500
27.437500	3.187500
27.437500	3.312500
27.437500	3.437500
27.437500	3.562500
27.437500	3.687500
27.437500	3.812500
27.437500	3.937500
27.562500	0.062500
27.562500	0.187500
27.562500	0.312500
27.562500	0.437500
27.562500	0.562500
27.562500	0.687500
27.562500	0.812500
27.562500	0.937500
27.562500	1.062500
27.562500	1.187500
27.562500	1.312500
27.562500	1.437500
27.562500	1.562500
27.562500	1.687500
27.562500	1.812500
27.562500	1.937500
27.562500	2.062500
27.562500	2.187500
27.562500	2.312500
27.562500	2.437500
27.562500	2.562500
27.562500	2.687500
27.562500	2.812500
27.562500	2.937500
27.562500	3.062500
27.562500	3.187500
27.562500	3.312500
27.562500	3.437500
27.562500	3.562500
27.562500	3.687500
27.562500	3.812500
27.562500	3.937500
27.687500	0.062500
27.687500	0.187500
27.687500	0.312500
27.687500	0.437500
27.687500	0.562500
27.687500	0.687500
27.687500	0.812500
27.687500	0.937500
27.687500	1.062500
27.687500	1.187500
27.687500	1.312500
27.687500	1.437500
27.687500	1.562500
27.687500	1.687500
27.687500	1.812500
27.687500	1.937500
27.687500	2.062500
27.687500	2.187500
27.687500	2.312500
27.687500	2.437500
27.687500	2.562500
27.687500	2.687500
27.687500	2.812500
27.687500	2.937500
27.687500	3.062500
27.687500	3.187500
27.687500	3.312500
27.687500	3.437500
27.687500	3.562500
27.687500	3.687500
27.687500	3.812500
27.687500	3.937500
27.812500	0.062500
27.812500	0.187500
27.812500	0.312500
27.812500	0.437500
27.812500	0.562500
27.812500	0.687500
27.812500	0.812500
27.812500	0.937500
27.812500	1.062500
27.812500	1.187500
27.812500	1.312500
27.812500	1.437500
27.812500	1.562500
27.812500	1.687500
27.812500	1.812500
27.812500	1.937500
27.812500	2.062500
27.812500	2.187500
27.812500	2.312500
27.812500	2.437500
27.812500	2.562500
27.812500	2.687500
27.812500	2.812500
27.812500	2.937500
27.812500	3.062500
27.812500	3.187500
27.812500	3.312500
27.812500	3.437500
27.812500	3.562500
27.812500	3.687500
27.812500	3.812500
27.812500	3.937500
27.937500	0.062500
27.937500	0.187500
27.937500	0.312500
27.937500	0.437500
27.937500	0.562500
27.937500	0.687500
27.937500	0.812500
27.937500	0.937500
27.937500	1.062500
27.937500	1.187500
27.937500	1.312500
27.937500	1.437500
27.937500	1.562500
27.937500	1.687500
27.937500	1.812500
27.937500	1.937500
27.937500	2.062500
27.937500	2.187500
27.937500	2.312500
27.937500	2.437500
27.937500	2.562500
27.937500	2.687500
27.937500	2.812500
27.937500	2.937500
27.937500	3.062500
27.937500	3.187500
27.937500	3.312500
27.937500	3.437500
27.937500	3.562500
27.937500	3.687500
27.937500	3.812500
27.937500	3.937500
28.062500	0.062500
28.062500	0.187500
28.062500	0.312500
28.062500	0.437500
28.062500	0.562500
28.062500	0.687500
28.062500	0.812500
28.062500	0.937500
28.062500	1.062500
28.062500	1.187500
28.062500	1.312500
28.062500	1.437500
28.062500	1.562500
28.062500	1.687500
28.062500	1.812500
28.062500	1.937500
28.062500	2.062500
28.062500	2.187500
28.062500	2.312500
28.062500	2.437500
28.062500	2.562500
28.062500	2.687500
28.062500	2.812500
28.062500	2.937500
28.062500	3.062500
28.062500	3.187500
28.062500	3.312500
28.062500	3.437500
28.062500	3.562500
28.062500	3.687500
28.062500	3.812500
28.062500	3.937500
28.187500	0.062500
28.187500	0.187500
28.187500	0.312500
28.187500	0.437500
28.187500	0.562500
28.187500	0.687500
28.187500	0.812500
28.187500	0.937500
28.187500	1.062500
28.187500	1.187500
28.187500	1.312500
28.187500	1.437500
28.187500	1.562500
28.187500	1.687500
28.187500	1.812500
28.187500	1.937500
28.187500	2.062500
28.187500	2.187500
28.187500	2.312500
28.187500	2.437500
28.187500	2.562500
28.187500	2.687500
28.187500	2.812500
28.187500	2.937500
28.187500	3.062500
28.187500	3.187500
28.187500	3.312500
28.187500	3.437500
28.187500	3.562500
28.187500	3.687500
28.187500	3.812500
28.187500	3.937500
28.312500	0.062500
28.312500	0.187500
28.312500	0.312500
28.312500	0.437500
28.312500	0.562500
28.312500	0.687500
28.312500	0.812500
28.312500	0.937500
28.312500	1.062500
28.312500	1.187500
28.312500	1.312500
28.312500	1.437500
28.312500	1.562500
28.312500	1.687500
28.312500	1.812500
28.312500	1.937500
28.312500	2.062500
28.312500	2.187500
28.312500	2.312500
28.312500	2.437500
28.312500	2.562500
28.312500	2.687500
28.312500	2.812500
28.312500	2.937500
28.312500	3.062500
28.312500	3.187500
28.312500	3.312500
28.312500	3.437500
28.312500	3.562500
28.312500	3.687500
28.312500	3.812500
28.312500	3.937500
28.437500	0.062500
28.437500	0.187500
28.437500	0.312500
28.437500	0.437500
28.437500	0.562500
28.437500	0.687500
28.437500	0.812500
28.437500	0.937500
28.437500	1.062500
28.437500	1.187500
28.437500	1.312500
28.437500	1.437500
28.437500	1.562500
28.437500	1.687500
28.437500	1.812500
28.437500	1.937500
28.437500	2.062500
28.437500	2.187500
28.437500	2.312500
28.437500	2.437500
28.437500	2.562500
28.437500	2.687500
28.437500	2.812500
28.437500	2.937500
28.437500	3.062500
28.437500	3.187500
28.437500	3.312500
28.437500	3.437500
28.437500	3.562500
28.437500	3.687500
28.437500	3.812500
28.437500	3.937500
28.562500	0.062500
28.562500	0.187500
28.562500	0.312500
28.562500	0.437500
28.562500	0.562500
28.562500	0.687500
28.562500	0.812500
28.562500	0.937500
28.562500	1.062500
28.562500	1.187500
28.562500	1.312500
28.562500	1.437500
28.562500	1.562500
28.562500	1.687500
28.562500	1.812500
28.562500	1.937500
28.562500	2.062500
28.562500	2.187500
28.562500	2.312500
28.562500	2.437500
28.562500	2.562500
28.562500	2.687500
28.562500	2.812500
28.562500	2.937500
28.562500	3.062500
28.562500	3.187500
28.562500	3.312500
28.562500	3.437500
28.562500	3.562500
28.562500	3.687500
28.562500	3.812500
28.562500	3.937500
28.687500	0.062500
28.687500	0.187500
28.687500	0.312500
28.687500	0.437500
28.687500	0.562500
28.687500	0.687500
28.687500	0.812500
28.687500	0.937500
28.687500	1.062500
28.687500	1.187500
28.687500	1.312500
28.687500	1.437500
28.687500	1.562500
28.687500	1.687500
28.687500	1.812500
28.687500	1.937500
28.687500	2.062500
28.687500	2.187500
28.687500	2.312500
28.687500	2.437500
28.687500	2.562500
28.687500	2.687500
28.687500	2.812500
28.687500	2.937500
28.687500	3.062500
28.687500	3.187500
28.687500	3.312500
28.687500	3.437500
28.687500	3.562500
28.687500	3.687500
28.687500	3.812500
28.687500	3.937500
28.812500	0.062500
28.812500	0.187500
28.812500	0.312500
28.812500	0.437500
28.812500	0.562500
28.812500	0.687500
28.812500	0.812500
28.812500	0.937500
28.812500	1.062500
28.812500	1.187500
28.812500	1.312500
28.812500	1.437500
28.812500	1.562500
28.812500	1.687500
28.812500	1.812500
28.812500	1.937500
28.812500	2.062500
28.812500	2.187500
28.812500	2.312500
28.812500	2.437500
28.812500	2.562500
28.812500	2.687500
28.812500	2.812500
28.812500	2.937500
28.812500	3.062500
28.812500	3.187500
28.812500	3.312500
28.812500	3.437500
28.812500	3.562500
28.812500	3.687500
28.812500	3.812500
28.812500	3.937500
28.937500	0.062500
28.937500	0.187500
28.937500	0.312500
28.937500	0.437500
28.937500	0.562500
28.937500	0.687500
28.937500	0.812500
28.937500	0.937500
28.937500	1.062500
28.937500	1.187500
28.937500	1.312500
28.937500	1.437500
28.937500	1.562500
28.937500	1.687500
28.937500	1.812500
28.937500	1.937500
28.937500	2.062500
28.937500	2.187500
28.937500	2.312500
28.937500	2.437500
28.937500	2.562500
28.937500	2.687500
28.937500	2.812500
28.937500	2.937500
28.937500	3.062500
28.937500	3.187500
28.937500	3.312500
28.937500	3.437500
28.937500	3.562500
28.937500	3.687500
28.937500	3.812500
28.937500	3.937500
29.062500	0.062500
29.062500	0.187500
29.062500	0.312500
29.062500	0.437500
29.062500	0.562500
29.062500	0.687500
29.062500	0.812500
29.062500	0.937500
29.062500	1.062500
29.062500	1.187500
29.062500	1.312500
29.062500	1.437500
29.062500	1.562500
29.062500	1.687500
29.062500	1.812500
29.062500	1.937500
29.062500	2.062500
29.062500	2.187500
29.062500	2.312500
29.062500	2.437500
29.062500	2.562500
29.062500	2.687500
29.062500	2.812500
29.062500	2.937500
29.062500	3.062500
29.062500	3.187500
29.062500	3.312500
29.062500	3.437500
29.062500	3.562500
29.062500	3.687500
29.062500	3.812500
29.062500	3.937500
29.187500	0.062500
29.187500	0.187500
29.187500	0.312500
29.187500	0.437500
29.187500	0.562500
29.187500	0.687500
29.187500	0.812500
29.187500	0.937500
29.187500	1.062500
29.187500	1.187500
29.187500	1.312500
29.187500	1.437500
29.187500	1.562500
29.187500	1.687500
29.187500	1.812500
29.187500	1.937500
29.187500	2.062500
29.187500	2.187500
29.187500	2.312500
29.187500	2.437500
29.187500	2.562500
29.187500	2.687500
29.187500	2.812500
29.187500	2.937500
29.187500	3.062500
29.187500	3.187500
29.187500	3.312500
29.187500	3.437500
29.187500	3.562500
29.187500	3.687500
29.187500	3.812500
29.187500	3.937500
29.312500	0.062500
29.312500	0.187500
29.312500	0.312500
29.312500	0.437500
29.312500	0.562500
29.312500	0.687500
29.312500	0.812500
29.312500	0.937500
29.312500	1.062500
29.312500	1.187500
29.312500	1.312500
29.312500	1.437500
29.312500	1.562500
29.312500	1.687500
29.312500	1.812500
29.312500	1.937500
29.312500	2.062500
29.312500	2.187500
29.312500	2.312500
29.312500	2.437500
29.312500	2.562500
29.312500	2.687500
29.312500	2.812500
29.312500	2.937500
29.312500	3.062500
29.312500	3.187500
29.312500	3.312500
29.312500	3.437500
29.312500	3.562500
29.312500	3.687500
29.312500	3.812500
29.312500	3.937500
29.437500	0.062500
29.437500	0.187500
29.437500	0.312500
29.437500	0.437500
29.437500	0.562500
29.437500	0.687500
29.437500	0.812500
29.437500	0.937500
29.437500	1.062500
29.437500	1.187500
29.437500	1.312500
29.437500	1.437500
29.437500	1.562500
29.437500	1.687500
29.437500	1.812500
29.437500	1.937500
29.437500	2.062500
29.437500	2.187500
29.437500	2.312500
29.437500	2.437500
29.437500	2.562500
29.437500	2.687500
29.437500	2.812500
29.437500	2.937500
29.437500	3.062500
29.437500	3.187500
29.437500	3.312500
29.437500	3.437500
29.437500	3.562500
29.437500	3.687500
29.437500	3.812500
29.437500	3.937500
29.562500	0.062500
29.562500	0.187500
29.562500	0.312500
29.562500	0.437500
29.562500	0.562500
29.562500	0.687500
29.562500	0.812500
29.562500	0.937500
29.562500	1.062500
29.562500	1.187500
29.562500	1.312500
29.562500	1.437500
29.562500	1.562500
29.562500	1.687500
29.562500	1.812500
29.562500	1.937500
29.562500	2.062500
29.562500	2.187500
29.562500	2.312500
29.562500	2.437500
29.562500	2.562500
29.562500	2.687500
29.562500	2.812500
29.562500	2.937500
29.562500	3.062500
29.562500	3.187500
29.562500	3.312500
29.562500	3.437500
29.562500	3.562500
29.562500	3.687500
29.562500	3.812500
29.562500	3.937500
29.687500	0.062500
29.687500	0.187500
29.687500	0.312500
29.687500	0.437500
29.687500	0.562500
29.687500	0.687500
29.687500	0.812500
29.687500	0.937500
29.687500	1.062500
29.687500	1.187500
29.687500	1.312500
29.687500	1.437500
29.687500	1.562500
29.687500	1.687500
29.687500	1.812500
29.687500	1.937500
29.687500	2.062500
29.687500	2.187500
29.687500	2.312500
29.687500	2.437500
29.687500	2.562500
29.687500	2.687500
29.687500	2.812500
29.687500	2.937500
29.687500	3.062500
29.687500	3.187500
29.687500	3.312500
29.687500	3.437500
29.687500	3.562500
29.687500	3.687500
29.687500	3.812500
29.687500	3.937500
29.812500	0.062500
29.812500	0.187500
29.812500	0.312500
29.812500	0.437500
29.812500	0.562500
29.812500	0.687500
29.812500	0.812500
29.812500	0.937500
29.812500	1.062500
29.812500	1.187500
29.812500	1.312500
29.812500	1.437500
29.812500	1.562500
29.812500	1.687500
29.812500	1.812500
29.812500	1.937500
29.812500	2.062500
29.812500	2.187500
29.812500	2.312500
29.812500	2.437500
29.812500	2.562500
29.812500	2.687500
29.812500	2.812500
29.812500	2.937500
29.812500	3.062500
29.812500	3.187500
29.812500	3.312500
29.812500	3.437500
29.812500	3.562500
29.812500	3.687500
29.812500	3.812500
29.812500	3.937500
29.937500	0.062500
29.937500	0.187500
29.937500	0.312500
29.937500	0.437500
29.937500	0.562500
29.937500	0.687500
29.937500	0.812500
29.937500	0.937500
29.937500	1.062500
29.937500	1.187500
29.937500	1.312500
29.937500	1.437500
29.937500	1.562500
29.937500	1.687500
29.937500	1.812500
29.937500	1.937500
29.937500	2.062500
29.937500	2.187500
29.937500	2.312500
29.937500	2.437500
29.937500	2.562500
29.937500	2.687500
29.937500	2.812500
29.937500	2.937500
29.937500	3.062500
29.937500	3.187500
29.937500	3.312500
29.937500	3.437500
29.937500	3.562500
29.937500	3.687500
29.937500	3.812500
29.937500	3.937500
